incident_id,year,industry_sector,action_Malware,action_Hacking,action_Social,action_Physical,action_Misuse,action_Error,action_Environmental,action_Unknown,actor_External,actor_Internal,actor_Partner,actor_Unknown,pattern_Privilege_Misuse,pattern_Miscellaneous_Errors,pattern_Lost_and_Stolen_Assets,pattern_Basic_Web_Application_Attacks,pattern_System_Intrusion,pattern_Social_Engineering,pattern_Denial_of_Service,pattern_Everything_Else,data_disclosure_No,data_disclosure_Potentially,data_disclosure_Unknown,data_disclosure_Yes,is_2023_moveit_event
0001AA7F-C601-424A-B2B8-BE6C9F5164E7,2010,92,0,0,0,0,1,0,0,0,0,1,0,0,1,0,0,0,0,0,0,0,0,0,0,1,0
0eb22d90-8e87-11ec-a600-657ec2694f8f,2020,54,0,0,0,0,0,1,0,0,0,1,0,0,0,1,0,0,0,0,0,0,0,0,0,1,0
0008DADB-E83D-4278-A19A-CEE01610CF43,2014,62,0,0,0,1,0,0,0,0,1,0,0,0,0,0,1,0,0,0,0,0,0,1,0,0,0
000D403E-2DC9-4EA7-9294-BD3938D1C3C7,2014,62,0,0,0,0,0,1,0,0,0,0,1,0,0,0,1,0,0,0,0,0,0,1,0,0,0
0012CC25-9167-40D8-8FE3-3D0DFD8FB6BB,2012,05,0,1,0,0,0,0,0,0,1,0,0,0,0,0,0,1,0,0,0,0,0,0,0,1,0
00163384-B4D7-46D5-9E6F-543DFB00F598,2014,92,0,0,0,0,0,1,0,0,0,1,0,0,0,1,0,0,0,0,0,0,0,0,0,1,0
9eda6e80-de98-11e7-9424-7b935f12be98,2017,62,0,1,0,0,0,0,0,0,1,0,0,0,0,0,0,1,0,0,0,0,0,0,0,1,0
00224226-4A39-435C-BFFD-672B5D61C7C1,2013,22,0,1,0,0,0,0,0,0,1,0,0,0,0,0,0,1,0,0,0,0,0,0,0,1,0
002599D4-A872-433B-9980-BD9F257B283F,2011,81,0,0,0,1,0,0,0,0,1,0,0,0,0,0,1,0,0,0,0,0,0,1,0,0,0
da0b05e0-ad29-11e8-9e5a-c1f99505e93a,2018,92,0,0,0,1,1,0,0,0,1,0,1,0,0,0,1,0,0,0,0,0,0,0,0,1,0
39B1FCE8-E94B-49DD-98AF-8B8E75F52F96,2016,92,0,1,0,0,0,0,0,0,1,0,0,0,0,0,0,1,0,0,0,0,0,0,0,1,0
0036051E-171D-4F39-9EED-55C526B24E63,2012,92,0,0,0,0,0,1,0,0,0,1,0,0,0,1,0,0,0,0,0,0,0,0,1,0,0
E12ACA81-EFCF-4096-8D2D-4D54E9898077,2023,61,1,1,0,0,0,0,0,0,1,0,0,0,0,0,0,0,1,0,0,0,0,0,0,1,1
d2f15020-8c28-11e7-944b-11adeb58a7b0,2017,62,0,0,0,1,0,0,0,0,0,1,0,0,0,0,1,0,0,0,0,0,0,0,0,1,0
003F5B6A-CA75-4694-AA76-FE9498FF0C3E,2012,92,0,0,0,0,1,0,0,0,0,1,0,0,1,0,0,0,0,0,0,0,0,0,0,1,0
f711e1f0-a38d-11e7-a67b-81fbdaca3f85,2017,62,0,0,0,0,0,1,0,0,0,1,0,0,0,1,0,0,0,0,0,0,0,1,0,0,0
004BC977-E210-4AF8-8778-572E168A7B9E,2014,52,0,0,0,0,0,1,0,0,0,1,0,0,0,0,1,0,0,0,0,0,0,1,0,0,0
005C42A3-3FE8-47B5-866B-AFBB5E3F5B95,2010,52,0,0,0,0,0,1,0,0,0,1,0,0,0,1,0,0,0,0,0,0,0,1,0,0,0
7FBE1079-2038-4742-AD27-9F247E00D4D7,2016,92,0,0,1,0,1,0,0,0,1,1,0,0,1,0,0,0,0,1,0,0,0,0,0,1,0
F1CD56BA-3C76-4F21-B738-4E806BE33542,2023,61,1,1,0,0,0,0,0,0,1,0,0,0,0,0,0,0,1,0,0,0,0,0,0,1,1
0096EF99-D9CB-4869-9F3D-F4E0D84F419B,2010,62,0,0,0,1,0,0,0,0,1,0,0,0,0,0,1,0,0,0,0,0,0,1,0,0,0
C40D9A65-15CA-4F96-8AD7-16580C90A4E1,2015,61,1,1,1,0,0,0,0,0,1,0,0,0,0,0,0,0,0,1,0,0,0,0,0,1,0
EF688855-F892-41A7-8C00-F8B86546C9D8,2016,52,0,0,0,1,0,0,0,0,1,0,0,0,0,0,1,0,0,0,0,0,0,1,0,0,0
00C84D6A-CDB8-4A5B-A1A6-0D75A65274D7,2014,62,0,0,0,1,0,0,0,0,1,0,0,0,0,0,1,0,0,0,0,0,0,0,0,1,0
8FBEA369-41C5-408B-895F-5F4E5D27965C,2016,44,0,0,0,0,1,0,0,0,0,1,0,0,1,0,0,0,0,0,0,0,0,0,0,1,0
91830E0B-8896-413F-A921-84915E52B122,2023,61,1,1,0,0,0,0,0,0,1,0,0,0,0,0,0,0,1,0,0,0,0,0,0,1,1
00CC39F6-D2E0-4FF4-9383-AE3E28922015,2012,00,0,1,0,0,0,0,0,0,1,0,0,0,0,0,0,1,0,0,0,0,0,0,0,1,0
fb184ba0-e0c4-11ef-bb83-fdfe95aef2b7,2024,72,0,1,1,0,0,0,0,0,1,0,0,0,0,0,0,0,0,1,0,0,0,0,0,1,0
00D1A6FE-C334-4305-936E-86AC47128473,2012,92,0,0,0,0,0,1,0,0,0,1,0,0,0,1,0,0,0,0,0,0,0,0,0,1,0
0FB4F810-23B6-49AD-8951-6F574EF88954,2015,61,0,0,0,0,0,1,0,0,0,0,0,1,0,1,0,0,0,0,0,0,1,0,0,0,0
00DCB3AD-AF4C-4AC1-8A6E-682DB697C727,2011,62,0,0,0,1,0,0,0,0,1,0,0,0,0,0,1,0,0,0,0,0,0,1,0,0,0
00E3DF41-F36C-4D4A-A95A-CF5E3163459A,2013,62,0,0,0,1,0,0,0,0,1,0,0,0,0,0,1,0,0,0,0,0,0,1,0,0,0
BFBA8F6C-5C4D-4930-B6EE-6695308E5F4F,2023,61,1,1,0,0,0,0,0,0,1,0,0,0,0,0,0,0,1,0,0,0,0,0,0,1,1
20cfe670-0c8d-11eb-ac0d-91a70ee1d655,2019,00,1,0,0,0,0,0,0,0,1,0,0,0,0,0,0,0,1,0,0,0,0,1,0,0,0
9CA132C5-CA27-4D20-ACD9-F8EAFE1E3067,2015,61,0,0,0,0,0,1,0,0,0,1,0,0,0,1,0,0,0,0,0,0,0,0,0,1,0
00EB741C-0DFD-453E-9AC2-B00E512897DA,2013,62,0,0,0,1,0,0,0,0,1,0,0,0,0,0,1,0,0,0,0,0,0,1,0,0,0
00EC558C-0CB9-4574-9187-9A483335EF84,2012,33,0,1,0,0,0,0,0,0,1,0,0,0,0,0,0,1,0,0,0,0,0,0,0,1,0
00EF0132-EE8B-4DD2-8DBF-624D2633F598,2011,52,0,0,0,0,0,1,0,0,0,0,1,0,0,1,0,0,0,0,0,0,0,1,0,0,0
5ed1e620-e458-11e9-a93a-d3a3d34c5869,2019,51,0,0,0,0,0,1,0,0,0,1,0,0,0,1,0,0,0,0,0,0,0,0,0,1,0
44293100-d2f9-11e8-9b3a-b50b161886e9,2018,72,1,1,0,0,0,0,0,0,1,0,0,0,0,0,0,0,1,0,0,0,0,0,0,1,0
91AD4F00-E0E6-456D-A187-611D9A555E14,2016,44,0,0,0,1,0,0,0,0,1,0,0,0,0,0,0,0,0,0,0,1,0,1,0,0,0
adb23ac0-a063-11ef-859f-c58fde63a385,2024,56,0,0,0,0,0,1,0,0,0,1,0,0,0,1,0,0,0,0,0,0,0,0,0,1,0
522DB66D-6686-4207-9F62-AC66F22491BC,2023,61,1,1,0,0,0,0,0,0,1,0,0,0,0,0,0,0,1,0,0,0,0,0,0,1,1
010B6206-1B95-4EE5-90B6-B439C5714AF6,2012,92,0,0,0,0,0,1,0,0,0,1,0,0,0,1,0,0,0,0,0,0,0,0,0,1,0
010DF8F5-3FAC-4C67-B220-A814CCE64D2F,2010,92,0,0,0,0,1,0,0,0,0,1,0,0,1,0,0,0,0,0,0,0,0,0,0,1,0
fd886d40-45bf-11ed-9a6c-911ade1670b5,2021,62,1,1,0,0,0,0,0,1,1,0,0,0,0,0,0,0,1,0,0,0,0,0,0,1,0
011B835F-8DC0-4EAC-BA14-52156C75A1F4,2010,62,0,0,0,1,0,0,0,0,1,0,0,0,0,0,1,0,0,0,0,0,0,1,0,0,0
4d331ca0-0b73-11e8-827c-bba53cbad290,2016,48,0,1,0,0,0,0,0,0,1,0,0,0,0,0,0,1,0,0,0,0,0,0,0,1,0
011E42B7-DF7F-4D2E-BB85-24A0DD159C64,2009,33,1,1,1,0,0,0,0,0,1,0,0,0,0,0,0,0,0,1,0,0,0,0,0,1,0
B30DCFAC-623F-4819-B969-76CE6B172EE8,2023,61,1,1,0,0,0,0,0,0,1,0,0,0,0,0,0,0,1,0,0,0,0,0,0,1,1
DAC41C84-EB7C-4EEA-ADCF-49B1AAEEA7B7,2023,61,1,1,0,0,0,0,0,0,1,0,0,0,0,0,0,0,1,0,0,0,0,0,0,1,1
012E4242-E4BD-4B44-9C3C-DC4DBBD190E6,2012,61,0,1,0,0,0,0,0,0,1,0,0,0,0,0,0,0,0,0,0,1,0,1,0,0,0
0135822E-3438-4DCD-BA27-99D252E8DBD6,2015,92,0,1,0,0,0,0,0,0,1,0,0,0,0,0,0,1,0,0,0,0,1,0,0,0,0
01415D4B-2CAF-4EFC-AC36-55681DF6F338,2007,52,0,0,0,0,1,0,0,0,0,1,0,0,1,0,0,0,0,0,0,0,0,0,0,1,0
0143B312-F58E-4BA0-B20D-4D048F4AC9A4,2012,62,0,0,0,0,0,1,0,0,0,1,0,0,0,1,0,0,0,0,0,0,0,0,0,1,0
01444861-9D3E-4207-839D-F3B7D1AB4A89,2013,62,0,0,0,0,0,1,0,0,0,1,0,0,0,1,0,0,0,0,0,0,0,0,0,1,0
513d84c0-8e55-11e7-a8ae-d30cdd9499d2,2017,62,0,0,0,1,0,0,0,0,1,0,0,1,0,0,1,0,0,0,0,0,0,1,0,0,0
014876A1-AC39-452B-91CC-C714C3F1D79D,2012,92,0,0,0,1,0,0,0,0,1,0,0,0,0,0,1,0,0,0,0,0,0,1,0,0,0
21d207e0-246d-11eb-b042-01be07ea3379,2019,51,0,0,0,0,1,0,0,0,1,0,0,0,1,0,0,0,0,0,0,0,0,0,0,1,0
c0e45760-11bb-11ed-8840-3b46b22bfe48,2019,62,0,0,0,1,0,0,0,0,1,0,0,0,0,0,1,0,0,0,0,0,0,1,0,0,0
97b72df0-2819-11eb-8365-4f57e2156a07,2018,23,0,1,1,0,0,0,0,0,1,0,0,0,0,0,0,0,0,1,0,0,0,0,0,1,0
016E5701-2427-494B-BD06-F9CE8E909F61,2013,54,0,1,0,0,0,0,0,0,1,0,0,0,0,0,0,0,1,0,0,0,0,0,0,1,0
016F24DF-547E-43B0-BBC7-2F44885F8537,2015,81,0,0,0,0,0,0,0,1,1,0,0,0,0,0,0,0,0,0,0,1,0,0,0,1,0
01718628-20DC-42F7-9F87-64DA539F6336,2013,51,0,1,0,0,0,0,0,0,1,0,0,0,0,0,0,0,0,0,1,0,1,0,0,0,0
0CB8E68F-6F9D-4A32-97E3-F73B5D7C110E,2015,62,0,0,0,0,0,1,0,0,0,1,0,0,0,1,0,0,0,0,0,0,0,0,0,1,0
017C0BC1-A76F-4C08-8F38-582947D98D73,2015,72,0,0,1,0,1,0,0,0,1,1,0,0,1,0,0,0,0,1,0,0,0,0,0,1,0
017FED55-76C0-4659-A4E1-ECDA5187A92A,2013,92,0,0,0,0,0,1,0,0,0,1,0,0,0,1,0,0,0,0,0,0,0,0,0,1,0
0185D70F-AFC9-4354-8C66-0AC8DBD16D28,2012,00,0,0,1,0,1,0,0,0,0,1,0,0,1,0,0,0,0,1,0,0,0,0,0,1,0
018F00D3-5840-438D-96D9-671327AE7D9F,2012,45,0,0,0,0,0,1,0,0,0,1,0,0,0,1,0,0,0,0,0,0,0,0,0,1,0
690110DC-F57E-433C-8BDB-24F0FC4A3240,2023,61,1,1,0,0,0,0,0,0,1,0,0,0,0,0,0,0,1,0,0,0,0,0,0,1,1
019490BF-0B7D-4AE6-A76F-9CBFC552C035,2015,00,0,0,0,0,0,1,0,0,0,1,1,0,0,1,0,0,0,0,0,0,0,0,0,1,0
0199FEF0-3636-4F0F-8A7B-6082E2774DB5,2013,51,0,1,0,0,0,0,0,0,1,0,0,0,0,0,0,1,0,0,0,0,0,0,0,1,0
94FB9DA9-CBB3-443F-B273-902C0BCF3360,2016,52,0,0,0,0,1,0,0,0,1,1,0,0,1,0,0,0,0,0,0,0,0,0,0,1,0
F8900974-A013-4EFA-B07C-A5E90E59684C,2023,51,1,1,0,0,0,0,0,0,1,0,0,0,0,0,0,0,1,0,0,0,0,0,0,1,1
01B2296F-1BEE-4C8C-ADE3-5BD8CDF959D5,2014,62,0,0,0,0,1,0,0,0,0,1,0,0,1,0,0,0,0,0,0,0,0,0,0,1,0
fc6adc50-a356-11ed-bbe0-ed1bdce32b2a,2021,23,0,0,0,0,0,1,0,0,0,1,0,0,0,1,0,0,0,0,0,0,0,0,0,1,0
01BC967E-5674-4624-8361-61174C72FE31,2010,92,0,0,0,0,0,1,0,0,0,1,0,0,0,1,0,0,0,0,0,0,0,0,1,0,0
01C432FA-4671-4E79-96EA-50EA358082A6,2012,92,0,0,0,0,0,1,0,0,0,1,0,0,0,1,0,0,0,0,0,0,0,0,0,1,0
82902FE5-A498-4159-B2BC-38AC5C1A2884,2015,92,0,0,0,0,0,1,0,0,0,1,0,0,0,1,0,0,0,0,0,0,0,0,0,1,0
82AAE7E2-43DE-49C4-86F7-E530242C8B54,2024,51,0,0,0,0,1,0,0,0,0,1,0,0,1,0,0,0,0,0,0,0,0,0,0,1,0
01E748E8-23CA-43BB-9413-9D357C53997B,2013,62,0,0,0,0,1,0,0,0,1,0,0,0,1,0,0,0,0,0,0,0,0,0,0,1,0
01E81B3F-A5D4-426A-8671-0021B3B6E626,2011,62,0,0,0,0,0,0,0,1,0,0,0,1,0,0,0,0,0,0,0,1,0,1,0,0,0
FDCBB340-EFE3-4AAC-967C-5492A4AA276E,2023,61,1,1,0,0,0,0,0,0,1,0,0,0,0,0,0,0,1,0,0,0,0,0,0,1,1
02037087-0829-49A3-BAD2-99A2C5E9A3E5,2006,51,0,0,0,0,0,1,0,0,0,1,0,0,0,1,0,0,0,0,0,0,0,0,0,1,0
bdc8669f-d4ca-4116-b135-44d860cd873e,2024,51,0,1,0,0,0,0,0,1,1,0,0,0,0,0,0,0,1,0,0,0,0,0,0,1,0
021BDDC2-7CD6-42FE-B307-51051F7E6690,2012,56,0,0,0,0,0,1,0,0,0,1,0,0,0,1,0,0,0,0,0,0,0,0,0,1,0
021E91A0-7159-4675-80CF-E618C2E498FF,2009,56,0,0,0,0,1,0,0,0,0,1,0,0,1,0,0,0,0,0,0,0,0,0,0,1,0
b884eea0-ffd4-11e9-ad81-39b9e5fce51c,2019,09,1,0,0,0,0,0,0,0,1,0,0,0,0,0,0,0,1,0,0,0,1,0,0,0,0
02275CD0-F49C-4C4F-9071-C93C30F36856,2013,52,0,1,0,0,0,0,0,0,1,0,0,0,0,0,0,1,0,0,1,0,1,0,0,0,0
022CCB00-CE98-4DEF-8B89-18C5A20335F4,2012,54,0,1,0,0,0,0,0,0,1,0,0,0,0,0,0,0,0,0,0,1,0,0,0,1,0
022DD596-EED0-4728-804F-22E0B84C803C,2008,09,0,0,0,0,1,0,0,0,0,1,0,0,1,0,0,0,0,0,0,0,0,0,0,1,0
027E2AE7-B4C3-4133-A39B-3F91A32292C6,2023,61,1,1,0,0,0,0,0,0,1,0,0,0,0,0,0,0,1,0,0,0,0,0,0,1,1
c2531320-2b4a-11ea-9dc8-9fe5cd17ac1d,2019,92,1,1,0,0,0,0,0,0,1,0,0,0,0,0,0,0,1,0,0,0,1,0,0,0,0
06500EED-6B53-4657-8344-D84CC2AEB904,2023,61,1,1,0,0,0,0,0,0,1,0,0,0,0,0,0,0,1,0,0,0,0,0,0,1,1
02558E0B-13F5-4CA7-91AB-F0DCF7222A8D,2013,00,0,0,0,1,0,0,0,0,1,0,0,0,0,0,1,0,0,0,0,0,0,1,0,0,0
d202e590-5142-11ed-9bc2-d5a5778fd37b,2021,62,0,1,0,0,0,0,0,1,1,0,0,0,0,0,0,0,1,0,0,0,0,0,0,1,0
55577e50-1496-11ec-92c0-8d3c636e1e37,2017,52,0,0,0,0,0,1,0,0,0,1,0,0,0,1,0,0,0,0,0,0,0,0,0,1,0
bd2fec90-459d-11ed-9a6c-911ade1670b5,2019,51,0,1,1,0,1,0,0,0,0,0,1,0,0,0,0,0,0,1,0,0,0,0,0,1,0
098ca570-dfe2-11ef-8e7d-5bcd93832819,2023,62,0,1,0,0,0,0,0,0,1,0,0,0,0,0,0,0,1,0,0,0,0,0,0,1,0
027B8E6E-6D20-4091-9AB7-E91FDC916F3C,2013,52,0,0,0,0,0,1,0,0,0,0,1,0,0,1,1,0,0,0,0,0,0,1,0,0,0
02973E91-8604-4813-9506-089E0E053F2F,2013,00,0,1,0,0,0,0,0,0,1,0,0,0,0,0,0,1,0,0,0,0,0,0,0,1,0
5fce78c0-e35d-11e7-bf7a-0771e1cc9602,2017,62,0,0,1,0,0,0,0,0,1,0,0,0,0,0,0,0,0,1,0,0,0,0,0,1,0
8265990C-BBC0-417C-9573-E94A3BF0F887,2016,42,1,0,0,0,0,0,0,0,1,0,0,0,0,0,0,0,1,0,0,0,0,0,0,1,0
02B76CA7-52A8-4684-9C68-1F79859A95A4,2013,92,0,0,0,0,0,1,0,0,0,1,0,0,0,1,0,0,0,0,0,0,0,0,0,1,0
74700250-9747-11e8-8342-0f8f10fcd812,2017,92,0,0,0,0,0,1,0,0,0,0,1,0,0,1,1,0,0,0,0,0,0,0,0,1,0
02BC01D3-E545-4CD8-AD23-1E0148403985,2010,92,0,0,0,0,1,0,0,0,0,1,0,0,1,0,0,0,0,0,0,0,0,0,0,1,0
02BD1AF4-6473-4DCB-A586-6C267EFF993A,2011,62,0,0,0,0,1,0,0,0,0,1,0,0,1,0,0,0,0,0,0,0,0,0,0,1,0
92ED43AC-FA0D-4194-800C-886329CB149E,2023,61,1,1,0,0,0,0,0,0,1,0,0,0,0,0,0,0,1,0,0,0,0,0,0,1,1
ECAA9BFF-F7CA-4261-8E94-A89041ED9EFB,2023,61,1,1,0,0,0,0,0,0,1,0,0,0,0,0,0,0,1,0,0,0,0,0,0,1,1
D79BBDA5-D97F-4C21-9171-793118C0A94E,2003,62,0,0,1,0,1,0,0,0,0,1,0,0,1,0,0,0,0,0,0,0,0,0,0,1,0
02C9CE96-A87D-4B46-A2C3-2E823F0A84FF,2013,52,0,0,0,0,0,0,0,1,0,0,0,1,0,0,0,0,0,0,0,1,0,1,0,0,0
02CC4603-43FF-4632-8D25-E5F00976A99C,2015,56,0,1,0,0,0,0,0,0,1,0,0,0,0,0,0,0,1,0,0,0,0,0,0,1,0
02DB61B2-D23A-42CB-A13A-8D2BF784962F,2014,81,0,1,0,0,0,0,0,0,1,0,0,0,0,0,0,0,0,0,1,0,1,0,0,0,0
02DEA9F3-5F14-4983-832B-62858B8AC982,2013,52,0,0,0,0,0,0,0,1,0,0,0,1,0,0,0,0,0,0,0,1,0,0,0,1,0
02E3A940-C052-40FE-9E70-996E84F0F59E,2011,92,0,0,0,0,0,1,0,0,0,1,0,0,0,1,0,0,0,0,0,0,0,0,0,1,0
02FDBD7A-988E-44A7-B6F6-413841B34FB0,2010,62,0,0,0,1,0,0,0,0,1,0,0,0,0,0,1,0,0,0,0,0,0,1,0,0,0
02FE93E3-CB57-4C96-90DA-C17D22C6A12F,2012,62,0,0,0,1,0,0,0,0,1,0,0,0,0,0,1,0,0,0,0,0,0,1,0,0,0
03003650-9E97-4AF9-AEB6-90AF0409AB2D,2013,62,0,0,0,0,1,0,0,0,0,1,0,0,1,0,0,0,0,0,0,0,0,0,0,1,0
96F6F4B4-F2B1-4821-9891-4945C6C67270,2015,06,0,0,0,0,0,1,0,0,0,1,0,0,0,1,1,0,0,0,0,0,0,1,0,0,0
030C8356-8DE6-46BC-94B6-F4BD8535CEE6,2013,62,0,0,0,0,0,1,0,0,0,0,1,0,0,1,0,0,0,0,0,0,0,1,0,0,0
0311CF15-E5D1-43C8-9364-3A1DA1BB5292,2011,81,0,1,0,0,0,0,0,0,1,0,0,0,0,0,0,1,0,0,0,0,0,0,0,1,0
71139CE9-71AF-449E-96C9-09CA94F5181A,2023,61,1,1,0,0,0,0,0,0,1,0,0,0,0,0,0,0,1,0,0,0,0,0,0,1,1
031B28A0-E582-469E-B0D9-188B74CFA991,2013,72,0,0,0,1,0,0,0,0,0,0,0,1,0,0,0,0,0,0,0,1,0,0,0,1,0
031BA2F7-8413-4886-9FE0-D5CCB67718A9,2014,92,0,0,0,0,0,1,0,0,0,1,0,0,0,1,0,0,0,0,0,0,0,0,0,1,0
03243494-91F0-41CE-8EFC-BF9E8FD1C4C7,2007,62,0,0,0,1,0,0,0,0,1,0,0,0,0,0,1,0,0,0,0,0,0,1,0,0,0
49D3C6D8-B5FD-4E33-B9BB-94C6A03C6169,2023,61,1,1,0,0,0,0,0,0,1,0,0,0,0,0,0,0,1,0,0,0,0,0,0,1,1
B3226320-E79B-4748-8B1E-74B2B415A714,2015,62,0,0,0,0,1,0,0,0,0,1,0,0,1,0,0,0,0,0,0,0,0,0,0,1,0
032C679A-8A51-4826-B131-CB961BE4573F,2011,51,0,1,0,0,0,0,0,0,1,0,0,0,0,0,0,1,0,0,0,0,0,0,0,1,0
032C9EBE-C5A4-4BAA-B096-5C7C7855E0AA,2026,62,1,0,1,0,0,0,0,0,1,0,0,0,0,0,0,0,1,1,0,0,0,0,0,1,0
7C81D86B-62E9-42AF-AC94-888909CDAF20,2023,61,1,1,0,0,0,0,0,0,1,0,0,0,0,0,0,0,1,0,0,0,0,0,0,1,1
5721601B-A48C-48BF-91F9-F8B44A1DE07F,2015,62,0,0,0,0,1,0,0,0,0,1,0,0,1,0,0,0,0,0,0,0,0,0,0,1,0
2db61a60-c95d-11e7-a5ba-7f961e325ca3,2017,44,0,0,0,1,0,0,0,0,1,0,0,0,0,0,0,0,0,0,0,1,0,1,0,0,0
0343D549-E369-4A69-B80E-CEB4A81FDEFD,2011,92,0,0,0,0,0,1,0,0,0,1,0,0,0,1,0,0,0,0,0,0,0,0,0,1,0
035070A2-4C45-462A-8ACD-98B49BB10A25,2015,48,0,0,0,0,0,1,0,0,0,1,0,0,0,1,0,0,0,0,0,0,0,0,0,1,0
dd455940-4fc3-11ed-b425-911ebaacea9c,2022,51,0,1,0,0,0,0,0,0,1,0,0,0,0,0,0,1,1,0,0,0,0,0,0,1,0
1fba0990-e0ab-11ef-bb83-fdfe95aef2b7,2024,32,0,1,1,0,0,0,0,0,1,0,0,0,0,0,0,0,0,1,0,0,0,0,0,1,0
036335D2-78B1-4348-AFCF-ACE8203AF1CF,2012,45,0,1,0,0,0,0,0,0,1,0,0,0,0,0,0,1,0,0,0,0,0,0,0,1,0
F6C027AE-389E-4292-9B1F-836DF8CD467B,2023,05,1,1,0,0,0,0,0,0,1,0,0,0,0,0,0,0,1,0,0,0,0,0,0,1,1
037B7432-60E7-4B1D-8904-0A1D513DB382,2012,51,0,1,0,0,0,0,0,0,1,0,0,0,0,0,0,0,1,0,0,0,0,0,1,0,0
0385F25B-DDEF-4838-AAA4-8539F6462DBE,2013,56,0,0,0,0,0,1,0,0,0,1,0,0,0,1,0,0,0,0,0,0,1,0,0,0,0
2a78a570-9b0d-11e8-afb8-29dacb44caa2,2018,62,0,0,0,0,0,1,0,0,0,1,0,0,0,1,0,0,0,0,0,0,0,1,0,0,0
039A534F-A945-4181-B9DB-3838893BE14E,2014,62,0,0,0,1,0,0,0,0,1,0,0,0,0,0,1,0,0,0,0,0,0,1,0,0,0
039CB0B2-F6CD-4B72-9A0A-AD0E7A7D7F20,2013,92,0,0,0,0,0,1,0,0,0,0,1,0,0,1,0,0,0,0,0,0,0,0,0,1,0
b7413570-ee3a-11eb-a0c0-efc7cda0e23f,2019,45,1,1,0,0,0,0,0,0,1,0,0,0,0,0,0,0,1,0,0,0,0,0,0,1,0
03A13012-9A09-4160-B446-3771EA3E76FB,2013,54,0,1,0,0,0,0,0,0,1,0,0,0,0,0,0,0,0,0,0,1,0,1,0,0,0
5075a9c0-9997-11e8-bb21-7f662dc72866,2018,00,0,0,0,0,0,1,0,0,1,0,0,0,0,1,0,0,0,0,0,0,0,0,0,1,0
03A6168E-7A55-4000-8033-169112A744EA,2013,92,0,1,0,0,0,0,0,0,1,0,0,0,0,0,0,1,0,0,0,0,1,0,0,0,0
03A640FC-2988-4224-863F-857BC412E624,2012,62,0,0,0,1,0,0,0,0,1,0,0,0,0,0,1,0,0,0,0,0,0,1,0,0,0
16659,2020,62,0,0,0,0,1,0,0,0,0,1,0,0,1,0,0,0,0,0,0,0,0,0,0,1,0
37A8FDF0-7D05-4A05-846A-A4FAD558E2F0,2016,52,0,0,0,0,0,1,0,0,1,1,0,0,0,1,0,0,0,0,0,0,0,0,0,1,0
d61100e0-a06e-11ef-859f-c58fde63a385,2023,00,1,1,0,0,0,0,0,0,1,0,0,0,0,0,0,0,1,0,0,0,0,0,0,1,0
03B93032-4056-4E98-81D5-7E10FFB47FD1,2013,92,0,0,0,1,0,0,0,0,0,0,0,1,0,0,1,0,0,0,0,0,0,0,0,1,0
03B94103-B239-4093-80CB-AC9430E6CE8F,2010,62,0,0,0,1,0,0,0,0,1,0,0,0,0,0,1,0,0,0,0,0,0,1,0,0,0
A1661EB6-8712-4A22-AB8D-913E736A7A29,2023,61,1,1,0,0,0,0,0,0,1,0,0,0,0,0,0,0,1,0,0,0,0,0,0,1,1
03BEF0EF-0925-4711-8859-1EC0131397F3,2011,62,0,0,0,0,0,0,0,1,0,0,0,1,0,0,0,0,0,0,0,1,0,1,0,0,0
122ba830-e0b8-11ef-bb83-fdfe95aef2b7,2023,62,0,1,0,0,0,0,0,0,1,0,0,0,0,0,0,0,0,0,0,1,0,0,0,1,0
E4DA3B7F-BBCE-2345-D777-2B0674A318D5,2025,48,0,1,0,0,0,0,0,0,1,0,0,0,0,0,0,1,0,0,0,0,0,0,0,1,0
EF526FB6-F778-4798-A73A-171F32E8F3CB,2023,61,1,1,0,0,0,0,0,0,1,0,0,0,0,0,0,0,1,0,0,0,0,0,0,1,1
F92873E2-5A01-4656-912F-545EC2A0CF5F,2015,62,0,0,0,0,0,1,0,0,0,0,1,0,0,1,0,0,0,0,0,0,0,0,0,1,0
1AFC55DA-F781-4E3B-B8FE-DF0CEB402A56,2005,51,0,0,0,0,1,0,0,0,0,0,1,0,1,0,0,0,0,0,0,0,0,0,0,1,0
00ff9960-40d7-11ec-b81c-33d442e55df8,2020,44,0,0,0,1,0,0,0,0,1,0,0,0,0,0,0,0,0,0,0,1,0,0,0,1,0
7CD364CA-58C7-4FAF-B56A-6E96581DD472,2015,54,0,0,0,1,0,0,0,0,1,0,0,0,0,0,1,0,0,0,0,0,0,1,0,0,0
03E9CA75-28A0-43FE-936B-DABC775D0D8B,2008,62,0,0,0,0,1,0,0,0,0,1,0,0,1,0,0,0,0,0,0,0,0,0,0,1,0
03EA3D0E-E90A-475D-9832-A3C2C369936A,2013,52,0,0,0,0,1,0,0,0,0,1,0,0,1,0,0,0,0,0,0,0,0,0,0,1,0
03ED87DE-E1D8-48E3-9C4E-7FD575E58295,2012,62,0,0,0,1,0,0,0,0,1,0,0,0,0,0,1,0,0,0,0,0,0,1,0,0,0
3d709d80-143a-11e9-9b0e-db2459a65ffe,2018,61,0,0,1,0,0,0,0,0,1,0,0,0,0,0,0,0,0,1,0,0,0,0,0,1,0
03F46DCA-9817-4F4D-8E37-D33761B02651,2013,31,1,1,0,0,0,0,0,0,1,0,0,0,0,0,0,0,1,0,0,0,0,1,0,0,0
13a57c40-8e8f-11e8-8003-e3ff5269fee2,2018,81,1,0,1,0,0,0,0,0,1,0,0,0,0,0,0,0,0,1,0,0,0,0,0,1,0
0404DE5A-E7C0-495A-8827-05BA5FA8DBA1,2014,92,0,0,0,0,0,1,0,0,0,1,0,0,0,1,0,0,0,0,0,0,0,0,0,1,0
040A2937-FB99-45E0-B9A5-D35A34EA2143,2014,92,0,0,0,0,0,1,0,0,0,1,0,0,0,1,0,0,0,0,0,0,0,0,0,1,0
836704A6-479C-47D3-8427-7B7AE941C662,2016,48,0,0,0,0,0,1,0,0,0,1,0,0,0,1,0,0,0,0,0,0,0,0,0,1,0
0418FC68-9D79-4D42-8E9E-4CEB9ECBCBEA,2026,62,0,1,0,0,0,0,0,0,1,0,0,0,0,0,0,0,0,0,0,1,0,0,0,1,0
2d4f2510-7c57-11e7-8ec0-e369e9638092,2017,62,1,0,0,0,0,0,0,0,1,0,0,0,0,0,0,0,1,0,0,0,0,1,0,0,0
2D81ABE1-6004-4C40-9634-A53F0A5ED3BD,2023,61,1,1,0,0,0,0,0,0,1,0,0,0,0,0,0,0,1,0,0,0,0,0,0,1,1
041EDDA8-680A-42CF-AED0-15723AB5CCBC,2015,51,0,1,0,0,0,0,0,0,1,0,0,0,0,0,0,1,0,0,0,0,0,0,0,1,0
22d1a2d0-2397-11eb-a2fc-cdee479fbead,2020,45,0,0,0,0,0,0,0,1,1,0,0,0,0,0,0,0,0,0,0,1,0,0,0,1,0
042C4B15-413A-496C-822E-E857BBC253E8,2012,00,0,0,0,0,0,1,0,0,0,0,1,0,0,1,0,0,0,0,0,0,0,0,0,1,0
fb529910-a357-11ed-bbe0-ed1bdce32b2a,2022,33,0,0,0,0,0,1,0,0,0,1,0,0,0,1,0,0,0,0,0,0,0,0,0,1,0
18086BDC-29DD-46F7-8A05-A372C392CA95,2015,92,0,0,0,0,0,1,0,0,0,1,0,0,0,1,0,0,0,0,0,0,0,0,0,1,0
7ef61b00-ad5a-11e8-9e5a-c1f99505e93a,2015,62,0,0,0,0,0,1,0,0,0,1,0,0,0,1,0,0,0,0,0,0,0,0,0,1,0
043C37EB-930B-4902-90AC-8C9AD3973A79,2013,92,0,0,0,0,0,1,0,0,0,1,0,0,0,1,0,0,0,0,0,0,0,0,0,1,0
043ED164-6730-459A-B7D9-D6CBF4C37754,2012,92,0,0,0,0,1,0,0,0,0,1,0,0,1,0,0,0,0,0,0,0,0,0,0,1,0
0442278A-925C-4C6B-913C-324E11BFB454,2012,52,0,1,0,0,0,0,0,0,1,0,0,0,0,0,0,1,0,0,0,0,0,0,0,1,0
04490A97-BE49-4880-A1BE-63069237ABD6,2013,00,0,1,0,0,0,0,0,0,1,0,0,0,0,0,0,1,0,0,0,0,0,1,0,0,0
044D3092-668E-40F5-A923-92F9BD928332,2011,52,0,0,0,0,0,1,0,0,0,0,1,0,0,1,0,0,0,0,0,0,0,0,0,1,0
04583D77-90C0-42C2-B0B8-E034AC1C2F67,2012,54,0,0,0,1,0,0,0,0,1,0,0,0,0,0,1,0,0,0,0,0,0,1,0,0,0
045B7E23-5876-4DD1-A332-769286B20F27,2012,05,0,1,0,0,0,0,0,0,1,0,0,0,0,0,0,1,0,0,0,0,0,0,0,1,0
045FF4EE-B45F-4520-B24A-2058CDE39116,2013,51,0,1,0,0,0,0,0,0,1,0,0,0,0,0,0,1,0,0,0,0,0,0,0,1,0
0468A98A-CDBD-47B2-899F-4BEFA6776808,2010,44,0,0,0,0,0,1,0,0,0,0,1,0,0,0,1,0,0,0,0,0,0,1,0,0,0
04762B87-8100-4D71-9270-ED44B84170EB,2013,00,0,1,0,0,0,0,0,0,1,0,0,0,0,0,0,1,0,0,0,0,1,0,0,0,0
0479EB69-D1BA-40D1-BD58-A32291839A2F,2014,92,0,0,0,0,0,1,0,0,0,1,0,0,0,1,0,0,0,0,0,0,0,0,0,1,0
EA87D038-14FE-4404-A114-87C1278E0862,2015,62,1,0,0,0,0,0,0,0,1,0,1,0,0,0,0,0,1,0,0,0,0,1,0,0,0
d6266220-be6a-11e7-ada5-4196de8cadbf,2017,44,0,0,0,1,0,0,0,0,1,0,0,0,0,0,0,0,0,0,0,1,1,0,0,0,0
0489AA96-3810-4F15-9BA2-FBF20598FFBA,2010,92,0,0,0,0,0,1,0,0,0,1,0,0,0,1,0,0,0,0,0,0,0,0,0,1,0
04916A4B-3FD1-4C7B-91F5-4162E69A82DA,2013,62,0,0,0,1,0,0,0,0,1,0,0,0,0,0,1,0,0,0,0,0,0,1,0,0,0
F77F05C3-62C6-4A68-AE01-6C0F48D46F10,2011,62,0,0,0,0,1,0,0,0,0,1,0,0,1,0,0,0,0,0,0,0,0,0,0,1,0
9B81BD6B-A784-4FDB-8A1F-80D6EB150F7F,2015,62,0,0,0,1,0,0,0,0,1,0,0,0,0,0,1,0,0,0,0,0,0,0,0,1,0
04B28520-BA5F-4946-AE90-08777772EBEB,2012,33,0,0,0,1,0,0,0,0,1,0,0,0,0,0,1,0,0,0,0,0,0,1,0,0,0
CC7657F7-2192-412D-99D9-F1BE6E0991F1,2011,06,0,0,1,0,1,0,0,0,1,1,0,0,1,0,0,0,0,0,0,0,0,0,0,1,0
04C215C8-4166-47E1-9EEA-259D05AD37AD,2012,62,0,0,0,1,0,0,0,0,1,0,0,0,0,0,1,0,0,0,0,0,0,1,0,0,0
04C7A582-954B-486C-A8B9-49A244142485,2013,81,0,1,0,0,0,0,0,0,1,0,0,0,0,0,0,1,0,0,0,0,1,0,0,0,0
04C930EE-9C0B-4E0F-8074-3AA47E2E1D95,2013,42,0,1,0,0,0,0,0,0,1,0,0,0,0,0,0,1,0,0,0,0,0,0,0,1,0
607d5130-c9f8-11eb-8af5-ed6b4a3c0fb5,2021,72,0,0,0,1,1,0,0,0,0,1,0,0,1,0,0,0,0,0,0,0,0,0,0,1,0
04CD66E6-7279-46BC-ABD7-08E05B0949B4,2007,52,0,0,0,0,1,0,0,0,0,1,0,0,1,0,0,0,0,0,0,0,0,0,0,1,0
b846db90-e7c0-11ea-8ff0-e3594c873b30,2020,00,0,0,0,0,0,1,0,0,0,1,0,0,0,1,0,0,0,0,0,0,0,0,0,1,0
c947a200-d57e-11e7-af4f-6b5d4514198e,2016,44,0,0,0,0,0,1,0,0,0,1,0,0,0,1,0,0,0,0,0,0,0,0,0,1,0
9BBEE166-123E-4B7C-B3E6-35CDC29A4F2A,2016,52,0,0,0,0,1,0,0,0,0,1,0,0,1,0,0,0,0,0,0,0,0,0,0,1,0
D0618380-C302-4F1B-B4BF-D1D1899720F3,2023,61,1,1,0,0,0,0,0,0,1,0,0,0,0,0,0,0,1,0,0,0,0,0,0,1,1
04ECD136-3B46-4C9F-804C-ECB22CCB0033,2010,92,0,0,0,0,0,1,0,0,0,1,0,0,0,1,0,0,0,0,0,0,0,0,1,0,0
f1dfe4a0-9047-11e8-8b32-9bc4732308c2,2015,33,0,0,1,0,0,0,0,0,1,0,0,0,0,0,0,0,0,1,0,0,1,0,0,0,0
04F872FE-BAB1-4D31-84DA-BBCCA50FFF78,2007,00,0,0,1,0,1,0,0,0,1,1,0,0,1,0,0,0,0,0,0,0,0,0,0,1,0
36FCFB1A-F9CB-4C03-8159-FE8838F70183,2023,61,1,1,0,0,0,0,0,0,1,0,0,0,0,0,0,0,1,0,0,0,0,0,0,1,1
de74d1c0-b077-11f0-8414-4f6a150c9ef6,2024,54,1,1,0,0,0,0,0,0,1,0,0,0,0,0,0,0,1,0,0,0,0,0,0,1,0
0522392F-DDB4-4976-B3F5-2D6E48F3B8C6,2010,00,0,0,0,0,0,1,0,0,0,0,1,0,0,1,0,0,0,0,0,0,0,0,0,1,0
05291685-2980-48B9-9C99-8C03F9E56035,2014,92,0,0,0,0,0,1,0,0,0,1,0,0,0,1,0,0,0,0,0,0,0,0,0,1,0
919fde00-e37d-11e7-8742-2bc46bd10713,2015,62,0,0,0,0,0,1,0,0,0,1,0,0,0,1,0,0,0,0,0,0,0,0,0,1,0
05449222-6D97-4F2F-9D69-D7C883B6CDC3,2014,00,0,1,0,0,0,0,0,0,1,0,0,0,0,0,0,1,0,0,0,0,1,0,0,0,0
35686FFA-7E43-43EF-AC97-3E0214C2D79F,2016,52,0,1,0,1,0,0,0,0,1,0,0,0,0,0,0,0,1,0,0,0,0,0,0,1,0
822f04f0-0491-11ea-ad43-7952870528d4,2019,62,1,0,0,0,0,0,0,0,1,0,0,0,0,0,0,0,1,0,0,0,1,0,0,0,0
05638263-849F-4E8D-9074-05314DAB7F40,2012,00,1,1,1,0,0,0,0,0,1,0,0,0,0,0,0,0,0,1,0,0,0,0,0,1,0
05667A65-7F93-470C-BE44-B07DECBC8A48,2013,81,0,1,0,0,0,0,0,0,1,0,0,0,0,0,0,1,0,0,0,0,0,0,0,1,0
0568BB2C-A0D2-4188-91DB-75A24EC3C4A2,2014,44,0,0,0,1,0,0,0,0,1,0,0,0,0,0,1,0,0,0,0,0,0,1,0,0,0
056FB58B-0C7A-4BEF-B444-736132FB5B14,2013,92,0,0,0,0,1,0,0,0,0,1,0,0,1,0,0,0,0,0,0,0,0,0,0,1,0
057D4B76-8BEE-4BE1-B81B-3C9D795D386F,2010,62,0,0,0,1,0,0,0,0,1,0,0,0,0,0,1,0,0,0,0,0,0,1,0,0,0
057F49AC-11F1-4BEB-9006-F71229AD1F32,2012,62,0,0,0,1,0,0,0,0,1,0,0,0,0,0,1,0,0,0,0,0,0,1,0,0,0
0584179A-92DC-418F-88B4-49C8CF6A127F,2015,51,0,1,0,0,0,0,0,0,1,0,0,0,0,0,0,1,0,0,0,0,0,0,0,1,0
C51CE410-C124-A10E-0DB5-E4B97FC2AF39,2025,62,0,1,0,0,0,0,0,0,1,0,0,0,0,0,0,1,0,0,0,0,0,0,0,1,0
058F2F26-43D1-4B74-B280-5E456FD11D24,2013,00,0,1,0,0,0,0,0,0,1,0,0,0,0,0,0,0,0,0,1,0,1,0,0,0,0
05902E48-26E8-482A-BA13-B74423DE38F3,2011,52,0,1,0,0,0,0,0,0,1,0,0,0,0,0,0,0,0,0,0,1,0,0,0,1,0
05919830-028D-4BF3-A061-1B7DDDED4BF8,2013,32,0,1,0,0,0,0,0,0,1,0,0,0,0,0,0,1,0,0,0,0,1,0,0,0,0
0591A940-E8E2-4CB1-ACA7-72E80B553B8B,2011,92,0,0,0,0,0,1,0,0,0,1,0,0,0,1,0,0,0,0,0,0,0,0,0,1,0
57F57373-DE98-45FD-9B54-FB50F2B88D53,2015,32,0,0,1,0,0,0,0,0,1,0,0,0,0,0,0,0,0,1,0,0,0,0,0,1,0
ff72eef0-0848-11e8-8ccf-e3865b9fabe5,2017,52,0,1,0,0,0,0,0,0,1,0,0,0,0,0,0,0,0,0,0,1,0,0,0,1,0
05981727-F9FB-4337-A70F-8F2D1A3F5209,2010,92,0,0,0,0,0,1,0,0,0,1,0,0,0,1,0,0,0,0,0,0,0,0,1,0,0
BBE90679-5E5A-43FD-B19C-0CEA3D7D0F37,2016,62,1,0,1,0,0,0,0,0,1,0,0,0,0,0,0,0,0,1,0,0,0,1,0,0,0
059DFC0C-3D83-48D0-980A-8E9536090C45,2011,92,0,0,0,0,1,0,0,0,0,1,0,0,1,0,0,0,0,0,0,0,0,0,0,1,0
05A40554-4D38-4C88-8F7F-BEF62E0375C6,2010,62,0,0,0,0,0,1,0,0,0,0,1,0,0,0,1,0,0,0,0,0,0,1,0,0,0
2819B8BC-A519-490C-8424-D2E2DEAF67FB,2023,61,1,1,0,0,0,0,0,0,1,0,0,0,0,0,0,0,1,0,0,0,0,0,0,1,1
05B7D079-7E0F-4916-8B8B-035BDC65C96A,2014,62,0,0,0,0,0,1,0,0,0,1,0,0,0,1,0,0,0,0,0,0,0,0,0,1,0
05BF1789-4192-42A8-9BF7-108F2C791DFC,2013,61,0,0,0,0,1,0,0,0,0,1,0,0,1,0,0,0,0,0,0,0,0,0,0,1,0
05C349C4-BE1F-430A-841A-272CD26EC974,2014,54,0,0,0,0,0,1,0,0,0,1,0,0,0,1,0,0,0,0,0,0,0,0,0,1,0
05C402E9-0167-4644-9C2E-31F640D5BD73,2012,00,0,1,0,0,0,0,0,0,1,0,0,0,0,0,0,0,0,0,0,1,0,0,0,1,0
05CFF863-9618-41D5-A500-40B3F290D243,2012,00,0,1,0,0,0,0,0,0,1,0,0,0,0,0,0,1,0,0,0,0,0,0,0,1,0
E86C8294-6940-4FD3-83F1-F799890D263A,2016,92,0,0,0,0,1,0,0,0,0,1,0,0,1,0,0,0,0,0,0,0,0,1,0,0,0
81387C67-42B7-4E2E-A01B-60255981839C,2013,92,0,0,0,0,0,1,0,0,0,1,0,0,0,1,0,0,0,0,0,0,0,1,0,0,0
F760CC08-8BD8-4620-BAF8-CBF08E9B2CE2,2023,61,1,1,0,0,0,0,0,0,1,0,0,0,0,0,0,0,1,0,0,0,0,0,0,1,1
8F14E45F-CEEA-167A-5A36-DEDD4BEA2543,2024,00,0,1,0,0,0,0,0,0,1,0,0,0,0,0,0,1,0,0,0,0,0,0,0,1,0
05D8E8E5-B90F-41B5-8CCB-64D078236177,2012,92,0,1,0,0,0,0,0,0,1,0,0,0,0,0,0,0,0,0,0,1,0,0,0,1,0
05DE5580-974B-410E-A9B4-FCB6293E6E06,2014,62,0,0,0,1,0,0,0,0,1,0,0,0,0,0,1,0,0,0,0,0,0,0,0,1,0
A9F6B87B-0D86-4FB3-B16B-BF79D76CB209,2008,62,0,0,0,0,1,0,0,0,0,1,0,0,1,0,0,0,0,0,0,0,0,0,0,1,0
05E59C0D-6CCD-4823-816A-44F680CF753E,2015,00,0,1,0,0,0,0,0,0,1,0,0,0,0,0,0,1,0,0,0,0,1,0,0,0,0
05E5ADC8-5CB2-4B74-A895-48EDB2A3C864,2012,42,0,1,0,0,0,0,0,0,1,0,0,0,0,0,0,1,0,0,0,0,0,0,0,1,0
05E8DB48-D7D4-4118-9880-B6749D7507B3,2013,81,0,1,0,0,0,0,0,0,1,0,0,0,0,0,0,0,0,0,0,1,0,0,0,1,0
13D7A1D7-105C-4C9D-A4D5-F3DBC3F9ED8D,2023,61,1,1,0,0,0,0,0,0,1,0,0,0,0,0,0,0,1,0,0,0,0,0,0,1,1
05F8D52D-BF42-43F2-A689-BE48AF81584E,2013,92,0,0,0,1,0,0,0,0,1,0,0,0,0,0,1,0,0,0,0,0,0,1,0,0,0
8cedfed0-3604-11ed-9153-3540a8e4c67f,2021,51,0,1,0,0,0,0,0,0,1,0,0,0,0,0,0,1,0,0,0,0,0,0,0,1,0
0601CD9F-A16A-4468-8D86-C7E548640374,2015,52,0,0,0,0,0,0,0,1,1,0,0,0,0,0,0,0,0,0,0,1,0,0,0,1,0
31d58050-a774-11e7-ae18-bd2df8850f54,2017,61,0,0,0,0,0,1,0,0,0,1,0,0,0,1,0,0,0,0,0,0,0,0,0,1,0
d16bb780-25c3-11eb-a3b1-07c4769263ea,2020,62,1,0,0,0,0,0,0,0,1,0,0,0,0,0,0,0,1,0,0,0,0,1,0,0,0
d29a46e0-0dd3-11ed-9141-192d7c736152,2018,52,0,0,0,1,0,0,0,0,1,0,0,0,0,0,0,0,0,0,0,1,0,0,0,1,0
2D39D06A-FCE3-4C2D-B2DA-4E221073D7F1,2023,61,1,1,0,0,0,0,0,0,1,0,0,0,0,0,0,0,1,0,0,0,0,0,0,1,1
de435710-e4a6-11e9-8cfd-bf57b38104b7,2019,62,0,0,0,0,1,0,0,0,0,1,0,0,1,0,0,0,0,0,0,0,0,0,0,1,0
72B82612-2DC6-447B-BD42-6DDFBBE2E2BD,2014,72,1,1,0,0,0,0,0,0,1,0,0,0,0,0,0,0,1,0,0,0,0,0,0,1,0
061AB120-ADAF-4B74-A6DF-426DA1CF2379,2010,62,0,0,1,1,0,0,0,0,1,0,0,0,0,0,1,0,0,0,0,0,0,1,0,0,0
23cf5870-ec41-11e7-b683-c1703914e4a4,2011,00,0,0,0,0,0,1,0,0,0,1,0,0,0,1,0,0,0,0,0,0,0,0,0,1,0
30dbfdd0-736c-11ee-8da1-4f2f8c80e63f,2023,51,0,0,0,0,0,1,0,0,0,1,0,0,0,1,0,0,0,0,0,0,0,0,0,1,0
063F033E-D5F0-4A4D-8EE6-4B9A9908812A,2013,92,0,1,0,0,0,0,0,0,1,0,0,0,0,0,0,1,0,0,0,0,1,0,0,0,0
064F5887-C2DA-4139-B3AA-D55906F8C30A,2013,51,1,1,0,0,0,0,0,0,1,0,0,0,0,0,0,0,1,0,0,0,0,0,0,1,0
0661A153-8EC2-4759-9FD6-13B3C7751C80,2011,92,0,0,0,0,0,1,0,0,0,0,1,0,0,0,1,0,0,0,0,0,0,0,0,1,0
B92EBD0F-07E6-41FE-9C2D-C07AAEBF0268,2016,92,0,1,0,0,0,0,0,0,1,0,0,0,0,0,0,0,1,0,0,0,0,0,0,1,0
50d27f10-b6f1-11ee-90dc-e38f72bce653,2023,52,0,1,1,0,0,0,0,0,1,0,0,0,0,0,0,0,0,1,0,0,0,0,0,1,0
067174D2-AA1F-4516-BED6-647C04802863,2012,51,0,0,0,0,1,0,0,0,0,0,1,0,1,0,0,0,0,0,0,0,0,0,0,1,0
4d204ed0-35d2-11ec-9ec7-15e66f657ea5,2019,62,0,0,0,0,1,0,0,0,0,1,0,0,1,0,0,0,0,0,0,0,0,0,0,1,0
95D29905-BE56-49C7-8461-6F44BF113DAA,2016,44,0,0,0,1,0,0,0,0,1,0,0,0,0,0,0,0,0,0,0,1,0,1,0,0,0
D67D8AB4-F4C1-0BF2-2AA3-53E27879133C,2025,54,0,1,0,0,0,0,0,0,1,0,0,0,0,0,0,1,0,0,0,0,0,0,0,1,0
0688C151-440A-4754-A5D9-8B4CF7527877,2010,92,0,0,0,0,0,1,0,0,0,1,0,0,0,1,0,0,0,0,0,0,0,0,1,0,0
068C2F46-4C97-48A8-9D32-005B50284C39,2010,62,0,0,0,1,0,0,0,0,1,0,0,0,0,0,1,0,0,0,0,0,0,1,0,0,0
06951413-138D-4CDC-8A66-C3FA0082FCBD,2013,92,0,0,0,0,1,0,0,0,0,1,0,0,1,0,0,0,0,0,0,0,0,0,0,1,0
069A3130-060D-4378-87FF-3DB3CD6B5EDA,2013,62,0,0,0,0,0,1,0,0,0,0,1,0,0,1,1,0,0,0,0,0,0,1,0,0,0
41191A0B-5626-41D9-8D8B-DA4217B0901D,2023,61,1,1,0,0,0,0,0,0,1,0,0,0,0,0,0,0,1,0,0,0,0,0,0,1,1
06B58D91-96BE-44F1-9AF9-9D7DF681EA47,2010,92,0,0,0,0,0,0,0,1,0,1,0,0,0,0,0,0,0,0,0,1,0,0,0,1,0
06B76E45-468B-4B6A-B1A8-6C11AF3BD562,2013,92,0,0,0,1,0,0,0,0,1,0,0,0,0,0,1,0,0,0,0,0,0,0,0,1,0
017FEA80-39F3-45E8-8EAB-936F083BC3C6,2023,61,1,1,0,0,0,0,0,0,1,0,0,0,0,0,0,0,1,0,0,0,0,0,0,1,1
8D7B9A12-21F7-4164-BC8D-DE01D9FF7E8C,2016,52,0,0,0,1,0,0,0,0,1,0,0,0,0,0,0,0,0,0,0,1,0,0,0,1,0
06C79BD5-90B5-4037-8872-24BEACE5D76B,2012,92,0,0,0,0,1,0,0,0,0,1,0,0,1,0,0,0,0,0,0,0,0,0,0,1,0
40F43FE2-011D-459B-AE40-BF24B3E167D0,2015,56,0,1,0,0,0,0,0,0,1,0,0,0,0,0,0,0,0,0,0,1,0,1,0,0,0
06CDBA93-88CE-4B7A-A4A3-C9418E2766A6,2013,61,0,0,0,0,0,1,0,0,0,1,0,0,0,1,0,0,0,0,0,0,0,0,0,1,0
06CF3C1B-5941-41EB-8EED-D549FEE8F538,2011,62,0,0,0,0,0,1,0,0,0,1,0,0,0,1,0,0,0,0,0,0,0,0,0,1,0
06D577CD-5519-45E2-BF14-8560BFBEBDDF,2013,92,0,0,0,0,0,1,0,0,0,1,0,0,0,1,0,0,0,0,0,0,0,0,0,1,0
06D9796B-8E23-48C8-8C28-0C67544BFF7A,2013,51,0,1,0,0,0,0,0,0,1,0,0,0,0,0,0,1,0,0,0,0,1,0,0,0,0
06E3B2D5-82F5-4285-A1D2-6D71E6D833D6,2013,62,0,0,0,1,0,0,0,0,1,0,0,0,0,0,1,0,0,0,0,0,0,1,0,0,0
06EA73EE-C9A1-4E53-84FA-021CD45F1591,2013,62,0,0,0,1,0,0,0,0,1,0,0,0,0,0,1,0,0,0,0,0,0,1,0,0,0
06EB01D4-6189-4A54-84DB-BDEDB6C9ED77,2010,52,0,0,0,1,0,0,0,0,0,0,0,1,0,0,1,0,0,0,0,0,0,1,0,0,0
06EB298D-2912-4980-B58C-07AC2ABD856F,2012,42,0,0,0,0,0,0,0,1,0,0,0,1,0,0,0,0,0,0,0,1,0,1,0,0,0
86414951-4D02-496A-9364-CF464B3EB59B,2016,71,0,1,1,0,0,0,0,0,1,0,0,0,0,0,0,0,0,1,0,0,0,0,0,1,0
06EEA2A7-6CCC-4EB0-AF24-133E74851E08,2012,92,0,0,0,0,0,1,0,0,0,1,0,0,0,1,0,0,0,0,0,0,0,0,0,1,0
8DF2C50F-0EB2-4A2B-B3EE-36B7F9A5FECC,2023,00,1,1,0,0,0,0,0,0,1,0,0,0,0,0,0,0,1,0,0,0,0,0,0,1,1
BF4B0C50-6523-4045-BA06-39C525EDF598,2023,61,1,1,0,0,0,0,0,0,1,0,0,0,0,0,0,0,1,0,0,0,0,0,0,1,1
07093C37-7967-460C-9497-24CD42A55E73,2013,61,0,0,0,0,1,1,0,0,1,1,0,0,1,1,0,0,0,0,0,0,0,0,0,1,0
BE2FA1D4-F253-43E6-83A9-7771C0A1C635,2023,61,1,1,0,0,0,0,0,0,1,0,0,0,0,0,0,0,1,0,0,0,0,0,0,1,1
03FE09E6-1995-4745-92C6-4B0319B93487,2023,61,1,1,0,0,0,0,0,0,1,0,0,0,0,0,0,0,1,0,0,0,0,0,0,1,1
809e2530-9b10-11e8-afb8-29dacb44caa2,2018,51,0,0,0,0,0,1,0,0,0,1,0,0,0,1,0,0,0,0,0,0,1,0,0,0,0
071DFC80-B4F5-4566-92C6-2C6CB9B826E4,2013,00,0,1,0,0,0,0,0,0,1,0,0,0,0,0,0,1,0,0,0,0,1,0,0,0,0
a0e76430-0236-11ea-ad43-7952870528d4,2019,51,0,0,0,0,0,1,0,0,0,1,0,0,0,1,0,0,0,0,0,0,0,0,0,1,0
0724DB6B-67FA-41FE-AF36-34068C01EB1F,2015,62,0,0,0,0,0,1,0,0,0,0,1,0,0,1,0,0,0,0,0,0,0,0,0,1,0
07296FDE-43C0-4772-AAD5-244B1D4C5549,2015,61,1,1,0,0,0,0,0,0,1,0,0,0,0,0,0,1,0,0,0,0,0,1,0,0,0
0734A6CA-CCF7-413F-9BCD-03D36FACDEDE,2014,62,1,0,1,0,0,0,0,0,1,0,0,0,0,0,0,0,0,1,0,0,0,0,0,1,0
0736F42D-1973-4484-9690-0B454B42907E,2013,92,0,1,0,0,0,0,0,0,1,0,0,0,0,0,0,1,0,0,0,0,1,0,0,0,0
FA773DB0-C373-4E0B-8889-A4C668ACCE79,2016,44,0,0,0,1,0,0,0,0,1,0,0,0,0,0,0,0,0,0,0,1,0,0,0,1,0
f7853b60-146f-11e9-9b0e-db2459a65ffe,2018,52,0,0,0,0,0,1,0,0,0,1,0,0,0,1,0,0,0,0,0,0,0,0,0,1,0
0750A022-E305-4DBA-BCEB-EB2BAE48902B,2011,92,0,0,0,0,0,1,0,0,0,1,0,0,0,0,1,0,0,0,0,0,0,0,0,1,0
9d0e3940-7c5c-11e7-8ec0-e369e9638092,2017,32,1,0,0,0,0,0,0,0,1,0,0,0,0,0,0,0,1,0,0,0,1,0,0,0,0
075EEACD-82AC-4312-8D8B-1C3BAAB255DA,2015,92,0,0,0,0,0,1,0,0,0,1,0,0,0,1,0,0,0,0,0,0,0,0,0,1,0
bf1186e0-0a92-11e8-827c-bba53cbad290,2017,71,0,0,0,0,0,1,0,0,0,1,0,0,0,1,0,0,0,0,0,0,0,0,0,1,0
0767FCBC-0B6B-4BDA-AF90-7B986B4F27D9,2013,06,0,0,0,0,0,1,0,0,0,1,0,0,0,1,0,0,0,0,0,0,0,0,0,1,0
07803E27-6939-4B4B-AD14-44E6A8AB8491,2014,92,0,0,0,0,0,1,0,0,0,1,0,0,0,0,1,0,0,0,0,0,0,0,0,1,0
0aa39200-0fc4-11ea-936a-1ffb751fb68b,2019,62,1,0,0,0,0,0,0,0,1,0,0,0,0,0,0,0,1,0,0,0,0,0,0,1,0
078D63FA-B949-4357-8E4D-431D5252183D,2013,92,0,1,0,0,0,0,0,0,1,0,0,0,0,0,0,0,0,0,1,0,1,0,0,0,0
A6F83D88-C44C-441E-B868-164ABBAB579E,2016,52,0,1,0,0,0,0,0,0,1,0,0,0,0,0,0,0,0,0,0,1,0,0,0,1,0
25957DD6-ECF8-40E3-A2A3-E261A3CE5420,2023,61,1,1,0,0,0,0,0,0,1,0,0,0,0,0,0,0,1,0,0,0,0,0,0,1,1
F9C3A0BC-1161-4266-9826-BB27E6DB12F5,2014,52,0,0,0,0,1,0,0,0,0,1,0,0,1,0,0,0,0,0,0,0,0,0,0,1,0
07A0736B-783E-4DEB-9962-3F189C2609CB,2011,05,0,1,0,0,0,0,0,0,1,0,0,0,0,0,0,1,0,0,0,0,0,0,0,1,0
c1126ab0-0a04-11ed-84e4-4d6a8bbe6476,2022,92,0,1,0,0,0,0,0,0,1,0,0,0,0,0,0,0,0,0,0,1,0,0,0,1,0
07A7B93B-12E5-43E3-BCBF-62DC53B85C5A,2015,56,0,0,1,0,0,0,0,0,1,0,0,0,0,0,0,0,0,1,0,0,0,0,0,1,0
07A7BCEB-DE3D-4AB7-B2ED-F811F2D577EC,2013,92,0,1,0,0,0,0,0,0,1,0,0,0,0,0,0,0,0,0,0,1,0,0,0,1,0
09F60A0D-A1DC-4A61-A29B-5C28E3F8F14A,2015,92,0,0,0,0,0,1,0,0,0,1,0,0,0,0,1,0,0,0,0,0,0,0,0,1,0
3291C337-8350-4382-862D-CDE183F87FED,2023,61,1,1,0,0,0,0,0,0,1,0,0,0,0,0,0,0,1,0,0,0,0,0,0,1,1
529849A6-D5EC-4170-B88C-8C9A12EEF086,2016,62,0,0,0,1,0,1,0,0,0,1,0,0,0,1,0,0,0,0,0,0,0,1,0,0,0
d42bf5c0-3467-11ed-b144-457a87672420,2021,92,0,1,0,0,0,0,0,0,1,0,0,0,0,0,0,1,0,0,0,0,0,0,0,1,0
07CAE06A-4817-4E89-A6D7-F4B9508426D6,2013,56,0,0,0,1,0,0,0,0,0,0,1,0,0,0,1,0,0,0,0,0,0,0,0,1,0
07CB4C1F-8487-4B19-8B7F-8EAC43DF6762,2013,92,1,0,0,0,0,0,0,0,1,0,0,0,0,0,0,0,1,0,0,0,1,0,0,0,0
99F308C2-5777-485F-9CDE-D8E64B1BD742,2016,51,0,1,0,0,0,0,0,0,1,1,1,0,0,0,0,0,1,0,0,0,1,0,0,0,0
07D10456-689C-497F-BEE3-387A999C6A2B,2015,44,0,0,0,1,0,0,0,0,1,0,0,0,0,0,0,0,0,0,0,1,0,1,0,0,0
07D9E30D-4A5B-4F1F-95DC-74FC5F3314C1,2013,92,0,0,0,0,0,1,0,0,0,1,0,0,0,0,1,0,0,0,0,0,0,0,0,1,0
D28FCB50-D5D6-46A8-AE91-F99A3739E9D5,2016,61,0,0,0,0,0,1,0,0,0,1,0,0,0,1,0,0,0,0,0,0,0,0,0,1,0
07F85073-9942-40EF-97E2-D3769D581353,2016,54,0,0,0,0,0,0,0,1,0,0,0,1,0,0,0,0,0,0,0,1,0,0,0,1,0
C989D817-D852-437D-B30B-B9ED2A05DE09,2016,81,0,0,0,0,1,0,0,0,0,1,0,0,1,0,0,0,0,0,0,0,0,0,0,1,0
78804BD3-3826-4FB9-83E2-41DAB60DC95D,2016,32,0,0,0,0,0,1,0,0,0,1,0,0,0,1,0,0,0,0,0,0,0,0,0,1,0
0809A64D-9C46-4286-A3EC-A7B0AD19B983,2012,92,0,0,0,0,0,1,0,0,0,1,0,0,0,1,0,0,0,0,0,0,0,0,0,1,0
080E98BA-AABC-4B35-9788-BCF665C4271D,2014,05,0,0,0,1,0,0,0,0,1,0,0,0,0,0,1,0,0,0,0,0,0,1,0,0,0
0810D9B6-5B6A-48AB-BF15-893EA4A5E01C,2013,00,0,0,0,1,0,0,0,0,1,0,0,0,0,0,1,0,0,0,0,0,0,1,0,0,0
7CBA77E1-4684-4F2E-9C2F-AFF06E479DD6,2012,62,0,0,0,0,1,0,0,0,0,1,0,0,1,0,0,0,0,0,0,0,0,0,0,1,0
0823A858-14D6-44A8-9ADD-3BEBAB603F10,2012,54,0,1,0,0,0,0,0,0,1,0,0,0,0,0,0,0,1,0,0,0,0,0,0,1,0
082994AF-C81C-49CB-B18C-F41A8413929A,2011,92,0,0,0,0,0,1,0,0,0,1,0,0,0,1,0,0,0,0,0,0,0,0,0,1,0
CAE61BCC-7C61-4DBC-B2EC-10899B4889F8,2023,61,1,1,0,0,0,0,0,0,1,0,0,0,0,0,0,0,1,0,0,0,0,0,0,1,1
083B0243-EDB8-49AA-B3D0-C6C0E88CE7C8,2009,52,0,0,0,1,0,0,0,0,1,0,0,0,0,0,1,0,0,0,0,0,0,1,0,0,0
083D7CE4-053A-4A83-B6B6-D3327FB61754,2012,62,0,0,0,1,0,0,0,0,1,0,0,0,0,0,1,0,0,0,0,0,0,1,0,0,0
083EDBD1-6BF4-4F01-80E4-04402650E872,2010,53,1,1,1,0,0,0,0,0,1,0,0,0,0,0,0,0,0,1,0,0,0,0,0,1,0
08433415-5E29-4AB9-854F-51461B623013,2012,61,1,0,0,0,0,0,0,0,1,0,0,0,0,0,0,0,1,0,0,0,0,0,0,1,0
0843DF74-022B-451F-8A8B-62789CBBA831,2014,92,0,0,0,0,0,1,0,0,0,1,0,0,0,1,0,0,0,0,0,0,0,0,0,1,0
6EA9AB1B-AA0E-FB9E-1909-4440C317E21B,2025,05,0,1,0,0,0,0,0,0,1,0,0,0,0,0,0,1,0,0,0,0,0,0,0,1,0
084F2A21-2108-4829-A769-C6EF6AEAA063,2010,92,0,0,0,0,0,1,0,0,0,1,0,0,0,0,1,0,0,0,0,0,0,0,0,1,0
084F33FE-B3DC-4389-9A97-2F40D7276820,2010,62,0,1,0,0,0,0,0,0,1,0,0,0,0,0,0,1,0,0,0,0,0,0,0,1,0
0854C805-E9B9-4B60-AEAF-8C2B8C2111BA,2013,61,0,0,0,1,0,0,0,0,0,0,0,1,0,0,1,0,0,0,0,0,0,1,0,0,0
0856BC5C-86E1-4E4E-ACB8-8A90391B982C,2013,62,0,0,0,0,0,1,0,0,0,1,0,0,0,1,0,0,0,0,0,0,0,0,0,1,0
9f5aa390-74a7-11eb-a956-8766d2dd0181,2020,61,0,0,0,0,0,1,0,0,0,1,0,0,0,1,0,0,0,0,0,0,0,0,0,1,0
085EE9A1-CE03-4F04-AF7D-27CDA24E8567,2015,62,0,0,0,1,0,0,0,0,1,0,0,0,0,0,1,0,0,0,0,0,0,1,0,0,0
085F342B-04EE-48C3-A4A4-B82B05420A70,2015,62,0,0,0,1,0,0,0,0,1,0,0,0,0,0,1,0,0,0,0,0,0,0,0,1,0
0864F07D-F0D0-4DB7-BFFC-0F97E30CE8FB,2012,00,0,0,0,0,0,1,0,0,0,1,0,0,0,1,0,0,0,0,0,0,0,0,0,1,0
0864FC37-72F9-4063-9CAE-860711E4F921,2012,62,0,0,0,0,1,0,0,0,0,0,1,0,1,0,0,0,0,0,0,0,0,1,0,0,0
7995e320-e2df-11e7-a8b4-b50015373b0a,2017,00,0,0,0,0,0,1,0,0,0,1,0,0,0,1,0,0,0,0,0,0,0,0,0,1,0
08718D74-C8FA-4BA3-BFBA-D7A0D24FD412,2015,92,0,0,0,0,0,1,0,0,0,1,0,0,0,1,0,0,0,0,0,0,0,0,0,1,0
0874834B-1734-4371-B9F8-AE42CB3B5186,2012,92,0,0,0,0,0,1,0,0,0,1,0,0,0,1,0,0,0,0,0,0,0,0,0,1,0
585d5280-74ac-11eb-a956-8766d2dd0181,2020,00,0,0,0,0,0,1,0,0,0,1,0,0,0,1,0,0,0,0,0,0,0,0,0,1,0
7882be30-30de-11ec-9798-915a6ecdc137,2018,71,1,0,0,0,0,0,0,0,1,0,0,0,0,0,0,0,1,0,0,0,0,1,0,0,0
0879C063-0E04-4D73-AB1E-879A511DF48F,2012,00,0,0,0,0,0,1,0,0,0,1,0,0,0,1,0,0,0,0,0,0,0,0,0,1,0
087F2417-4F7B-4E31-864C-D95C328604ED,2012,62,0,0,0,0,0,1,0,0,0,0,1,0,0,1,1,0,0,0,0,0,0,1,0,0,0
90c71650-b3c0-11e9-8244-abb132467e1d,2019,81,0,0,0,0,0,1,0,0,0,1,0,0,0,1,0,0,0,0,0,0,0,0,0,1,0
76221690-1465-11eb-ac54-3bea5c26f172,2019,00,0,1,0,0,0,0,0,0,1,0,0,0,0,0,0,0,1,0,0,0,0,0,0,1,0
6FCB3A78-A870-46D6-8B96-90E6E31C1BCD,2015,92,0,0,0,0,1,0,0,0,0,1,0,0,1,0,0,0,0,0,0,0,0,0,0,1,0
edbe9c20-7a6d-11ee-b391-931271d090d0,2021,54,0,1,0,0,0,0,0,0,1,0,0,0,0,0,0,0,1,0,0,0,0,0,0,1,0
089D303D-E0F2-4429-9A8F-5240A5BA429E,2012,00,0,0,0,0,0,1,0,0,0,1,0,0,0,0,1,0,0,0,0,0,0,1,0,0,0
08A1428A-138A-4696-BAC7-5FE6D3AF4665,2012,61,0,1,0,1,0,0,0,0,0,1,0,0,0,0,0,1,0,0,0,0,0,0,0,1,0
a007e8c0-8f62-11e8-a74f-e5450456a5bf,2018,62,0,1,0,0,0,0,0,0,1,0,0,0,0,0,0,0,1,0,0,0,0,0,0,1,0
08B8D8B6-D0DA-474C-9466-FACC055FFD57,2013,54,0,0,0,0,1,0,0,0,0,1,0,0,1,0,0,0,0,0,0,0,1,0,0,0,0
08BA778C-1581-499D-BCCB-D749C1170082,2011,62,0,0,0,0,0,1,0,0,0,1,0,0,0,1,0,0,0,0,0,0,0,0,0,1,0
08BB91E9-69B8-426E-98CF-19F5537718F4,2011,51,0,0,0,0,0,0,0,1,1,0,0,0,0,0,0,0,0,0,0,1,0,0,0,1,0
08C51D8E-5E88-4895-B3D7-064410737213,2013,92,0,1,0,0,0,0,0,0,1,0,0,0,0,0,0,1,0,0,0,0,0,0,0,1,0
08C57E01-8CC1-43E4-9195-C06F1FC9A9A9,2014,00,0,1,0,0,0,0,0,0,1,0,0,0,0,0,0,0,0,0,1,0,1,0,0,0,0
C0BD03FF-F895-45E4-AE00-13512D2DDA35,2016,92,0,0,0,0,0,1,0,0,0,1,0,0,0,1,0,0,0,0,0,0,0,0,0,1,0
08DC4E84-9DC5-4D00-944C-4456F037E3EA,2013,52,0,0,0,0,0,1,0,0,0,1,0,0,0,1,0,0,0,0,0,0,0,0,0,1,0
08E55D23-765B-436A-BB58-FFCE829C9B6D,2010,42,0,0,0,1,0,0,0,0,1,0,0,0,0,0,1,0,0,0,0,0,0,1,0,0,0
08EBB221-6308-489D-A8E8-3ED46E587697,2015,05,0,0,0,0,0,1,0,0,0,1,0,0,0,1,0,0,0,0,0,0,0,1,0,0,0
8167c4c0-e35b-11e7-bf7a-0771e1cc9602,2016,62,0,0,0,1,0,0,0,0,1,0,0,0,0,0,1,0,0,0,0,0,0,0,0,1,0
864f3510-83f8-11ee-898d-0f9c5bf59690,2022,52,0,1,0,0,0,0,0,0,1,0,0,0,0,0,0,1,0,0,0,0,0,0,0,1,0
14096790-352a-11e9-8dbb-275658e06f31,2018,00,0,0,0,0,0,1,0,0,0,1,0,0,0,1,0,0,0,0,0,0,0,0,0,1,0
090B8365-ABFC-4357-8972-C8B5F7F4CB36,2013,62,0,0,0,0,1,0,0,0,0,1,0,0,1,0,0,0,0,0,0,0,0,1,0,0,0
0916DC49-A92F-458D-9E91-9F88F268F94B,2012,92,0,0,0,0,1,0,0,0,0,1,0,0,1,0,0,0,0,0,0,0,0,0,0,1,0
F1738847-66E8-4A29-AFB8-E19D0B445B30,2013,52,0,0,0,0,1,0,0,0,0,1,0,0,1,0,0,0,0,0,0,0,1,0,0,0,0
092E167C-243E-418B-9526-5F7A1679E7EC,2015,51,0,1,0,0,0,0,0,0,1,0,0,0,0,0,0,1,0,0,0,0,0,0,0,1,0
47209780-1574-11eb-b788-65a639ed21e8,2020,51,0,0,0,0,0,1,0,0,0,1,0,0,0,1,0,0,0,0,0,0,0,0,0,1,0
09330487-EDE8-4767-BBF8-9020A08FE4DF,2013,62,0,0,0,1,0,0,0,0,1,0,0,0,0,0,1,0,0,0,0,0,0,1,0,0,0
C4CA4238-A0B9-2382-0DCC-509A6F75849B,2025,44,0,1,0,0,0,0,0,0,1,0,0,0,0,0,0,1,0,0,0,0,0,0,0,1,0
09390A4C-F45F-47D9-AED8-555A58743A34,2013,00,1,1,1,0,0,0,0,0,1,0,0,0,0,0,0,0,0,1,0,0,0,0,0,1,0
093AA315-EBB6-47DB-9533-1FFE795D5BD1,2014,53,0,1,0,0,0,0,0,0,1,0,0,0,0,0,0,0,1,0,0,0,1,0,0,0,0
11ab76e0-a359-11ed-bbe0-ed1bdce32b2a,2021,00,0,0,0,0,0,1,0,0,0,1,0,0,0,0,0,0,0,0,0,1,0,0,0,1,0
7327e020-3cd0-11ec-b63a-33c287a8ec4a,2020,52,0,0,0,0,0,0,0,1,1,0,0,0,0,0,0,0,0,0,0,1,0,0,0,1,0
9451BB9A-8350-4EE2-AD65-76984AB1F1C3,2016,92,0,1,0,0,0,0,0,0,1,0,0,0,0,0,0,1,1,0,0,0,0,1,0,0,0
4CE98BB7-06A1-4459-8A5A-CD03267B7D72,2015,54,0,0,0,0,0,1,0,0,0,1,0,0,0,1,0,0,0,0,0,0,0,0,0,1,0
096306E9-620C-4481-A59A-5AD4D9342C07,2010,92,0,0,0,0,0,1,0,0,0,1,0,0,0,1,0,0,0,0,0,0,0,0,0,1,0
0963BDE2-2BAC-44AD-AC80-66B519A3E48C,2010,62,0,0,0,1,0,0,0,0,1,0,0,0,0,0,1,0,0,0,0,0,0,1,0,0,0
09659208-0DB3-40A4-B53A-4DEC15DA2B9B,2012,52,0,0,0,1,0,0,0,0,1,0,0,0,0,0,1,0,0,0,0,0,0,1,0,0,0
096C9C70-23DF-415F-8D5E-C9A4C63C394F,2012,52,0,1,0,0,0,0,0,0,0,0,0,1,0,0,0,1,0,0,0,0,0,0,0,1,0
29B83BB3-96E2-4CCF-9382-595183898765,2016,62,0,0,0,1,0,0,0,0,1,0,0,0,0,0,1,0,0,0,0,0,0,1,0,0,0
09736D23-B152-48F9-A3ED-D55E22E7C2B6,2011,92,0,0,0,0,1,0,0,0,0,1,0,0,1,0,0,0,0,0,0,0,0,0,0,1,0
6340F148-2463-4F0F-8083-C1177CC7A464,2016,92,0,0,0,0,0,1,0,0,0,1,0,0,0,1,0,0,0,0,0,0,0,0,0,1,0
098B1311-40C2-4649-BEF7-C0FA30B19679,2014,92,0,0,0,1,0,0,0,0,1,0,0,0,0,0,1,0,0,0,0,0,0,1,0,0,0
098FBBDE-658C-4DAB-BE46-8C0F2DFC7B10,2014,62,0,0,0,1,0,0,0,0,1,0,0,0,0,0,1,0,0,0,0,0,0,1,0,0,0
09B3F34F-AA64-4955-A7EE-B21B4918713A,2011,92,0,0,0,0,0,1,0,0,0,1,0,0,0,1,0,0,0,0,0,0,0,0,0,1,0
76a31710-25cb-11ea-a520-cb05efb19081,2019,52,0,1,0,0,0,0,0,0,1,0,0,0,0,0,0,1,0,0,0,0,0,0,0,1,0
A801E9F4-659B-4263-9B13-F1F2B8B1628D,2015,92,0,0,0,0,0,1,0,0,0,1,0,0,0,1,0,0,0,0,0,0,0,0,0,1,0
09B8D46E-599A-4340-A54F-F003E716AFA5,2015,62,1,0,1,0,0,0,0,0,1,0,0,0,0,0,0,0,0,1,0,0,0,0,0,1,0
09C0F425-997C-4AC2-9580-7726250C8A2C,2013,61,0,1,0,0,0,0,0,0,1,0,0,0,0,0,0,1,0,0,0,0,1,0,0,0,0
ddca8580-c4a3-11e7-9a8b-47d1b690bc01,2017,00,0,0,0,0,0,1,0,0,0,1,0,0,0,1,1,0,0,0,0,0,0,0,0,1,0
09C28A55-E262-49C3-81DB-FD9BE3EE5170,2015,61,0,0,0,0,0,1,0,0,0,1,0,0,0,1,0,0,0,0,0,0,0,0,0,1,0
09C5D3D1-EBDC-4B78-A8D8-168A80FB4BE6,2013,92,0,0,0,0,1,0,0,0,0,1,0,0,1,0,0,0,0,0,0,0,0,0,0,1,0
79844EEF-F7FD-4CB6-AF9E-F75BC944AE07,2007,81,0,0,0,0,1,0,0,0,0,1,0,0,1,0,0,0,0,0,0,0,0,1,0,0,0
09D7BE5D-23E0-4D19-9396-40FFBB4D9BA1,2004,00,0,0,0,1,0,0,0,0,1,0,0,0,0,0,1,0,0,0,0,0,0,0,0,1,0
09DD395B-1424-4D4D-A704-159CE59134C4,2013,02,0,1,0,0,0,0,0,0,1,0,0,0,0,0,0,1,0,0,0,0,0,0,0,1,0
09DE2624-943D-4751-AD84-51A402B8E920,2013,51,0,1,0,0,0,0,0,0,1,0,0,0,0,0,0,0,0,0,1,0,1,0,0,0,0
09E06F34-1AE3-4FF3-A22E-2222C7F516D0,2010,62,0,0,0,1,0,0,0,0,1,0,0,0,0,0,1,0,0,0,0,0,0,1,0,0,0
53730EEC-29CC-4887-8E37-9F6792D55C38,2016,62,0,0,0,0,0,1,0,0,1,0,0,0,0,1,0,0,0,0,0,0,0,1,0,0,0
09EEC02C-ADE7-49E3-9C0F-4007F75059EE,2014,62,0,0,0,0,0,1,0,0,0,1,0,0,0,1,0,0,0,0,0,0,0,0,0,1,0
09F58977-1E6A-495B-B602-DE780BB234E6,2013,62,0,0,0,0,0,1,0,0,0,1,0,0,0,1,0,0,0,0,0,0,0,0,0,1,0
43A7DB3B-9DBC-4532-98C0-337E51BD1C9D,2011,62,0,0,0,0,1,0,0,0,1,1,0,0,1,0,0,0,0,0,0,0,0,0,0,1,0
0A008C34-750B-4837-809A-C28EF5765249,2009,72,0,0,0,0,1,0,0,0,0,1,0,0,1,0,0,0,0,0,0,0,0,0,0,1,0
0A043544-A409-4AF4-B523-A01058883661,2012,62,0,0,0,1,0,0,0,0,1,0,0,0,0,0,1,0,0,0,0,0,0,1,0,0,0
0A0CE1B3-35CD-4474-A133-F5945942B53E,2012,62,0,0,0,0,1,0,0,0,1,1,0,0,1,0,0,0,0,0,0,0,0,0,0,1,0
0A11E71E-0803-459C-A5EA-D5B1DD24A98F,2013,00,0,0,0,0,0,1,0,0,0,0,1,0,0,1,0,0,0,0,0,0,0,0,1,0,0
105DBFCB-CAF0-4AD8-B497-665B7A634A7D,2016,62,0,0,0,0,0,1,0,0,0,1,1,0,0,1,0,0,0,0,0,0,0,0,0,1,0
0A18D6C6-5E04-418A-B47C-B9393A888ECF,2012,61,0,0,0,0,0,1,0,0,0,1,0,0,0,1,0,0,0,0,0,0,0,0,0,1,0
0A19BE90-9137-4CC3-8F40-60190D4FEB92,2013,00,0,1,0,0,0,0,0,0,1,0,0,0,0,0,0,1,0,0,0,0,1,0,0,0,0
EBBEDD15-5E94-4385-A6AD-6F7448746974,2023,61,1,1,0,0,0,0,0,0,1,0,0,0,0,0,0,0,1,0,0,0,0,0,0,1,1
0A231566-C55D-4D36-844D-5DCB191A4280,2010,52,0,0,0,1,0,0,0,0,1,0,0,0,0,0,1,0,0,0,0,0,0,1,0,0,0
0A23FCDE-049D-4C34-BA43-2C1F3E0001F1,2012,51,0,1,0,0,0,0,0,0,1,0,0,0,0,0,0,1,0,0,0,0,0,0,0,1,0
8076e740-059a-11ea-a6b7-b9a04765ea4f,2019,00,0,0,0,0,0,1,0,0,0,1,0,0,0,1,0,0,0,0,0,0,0,0,0,1,0
0A24DA94-8FCF-41A0-9775-1677854CA413,2012,00,0,1,0,0,0,0,0,0,1,0,0,0,0,0,0,0,0,0,0,1,0,1,0,0,0
0A2DBA6B-6926-47B1-9FBE-A48E154DB67D,2013,44,0,0,0,0,0,0,0,1,0,0,0,1,0,0,0,0,0,0,0,1,0,0,0,1,0
0A30DD0B-7E11-49D1-8724-16382B8EB577,2013,52,0,0,0,0,0,1,0,0,0,0,1,0,0,1,0,0,0,0,0,0,0,0,0,1,0
5D28DEAB-F15F-4C1D-A99E-06B1DF03FDD7,2023,61,1,1,0,0,0,0,0,0,1,0,0,0,0,0,0,0,1,0,0,0,0,0,0,1,1
0A3651A5-BA02-48C3-8E5B-13CA97AC8C9E,2013,33,0,0,0,1,0,0,0,0,0,1,0,0,0,0,1,0,0,0,0,0,0,0,0,1,0
192033d0-89ef-11e8-bc39-6bf805ebd808,2016,92,0,0,0,0,1,0,0,0,0,1,0,0,1,0,0,0,0,0,0,0,0,0,0,1,0
0A483EEF-5CFF-45DC-B274-B4F82A62FF29,2013,92,0,0,0,0,0,1,0,0,0,1,0,0,0,1,0,0,0,0,0,0,0,0,1,0,0
f591ce10-2820-11eb-8365-4f57e2156a07,2019,32,0,0,0,0,1,0,0,0,0,1,0,0,1,0,0,0,0,0,0,0,0,0,0,1,0
B940E74D-5450-4B94-87AF-2AEA8F9360A3,2023,00,1,1,0,0,0,0,0,0,1,0,0,0,0,0,0,0,1,0,0,0,0,0,0,1,1
0A5B4C17-D784-40F3-A85C-E22C01A5E5A2,2014,00,0,0,0,1,0,0,0,0,1,0,0,0,0,0,0,0,0,0,0,1,0,1,0,0,0
0A5CEA40-D064-4227-825B-0FB479C9D2D3,2014,92,0,0,0,0,0,1,0,0,0,1,0,0,0,1,1,0,0,0,0,0,0,1,0,0,0
6ec63440-da33-11e7-a58f-dff506a792fb,2017,00,0,0,0,1,0,0,0,0,1,0,0,0,0,0,1,0,0,0,0,0,0,0,0,1,0
0A70DE59-21A9-442E-AAE5-F5B8299BEC8F,2023,92,1,1,0,0,0,0,0,0,1,0,0,0,0,0,0,0,1,0,0,0,0,0,0,1,1
aca41790-2518-11eb-af35-ed9bb3f10d5f,2020,62,0,0,0,0,0,1,0,0,0,1,0,0,0,1,0,0,0,0,0,0,0,0,0,1,0
0A84AFAE-344B-4891-9FEF-E706FB07E2AC,2012,54,0,0,0,0,1,0,0,0,0,1,0,0,1,0,0,0,0,0,0,0,0,0,0,1,0
d6c1c660-ca62-11e9-a165-8941f678e264,2017,61,0,1,0,0,0,0,0,0,0,1,0,0,0,0,0,0,0,0,0,1,0,0,0,1,0
0A8B56CE-5194-4BDB-8341-67FF3F30E5E3,2011,62,0,0,0,1,0,1,0,0,1,1,0,0,0,0,1,0,0,0,0,0,0,1,0,0,0
0A8C7043-1776-456D-AD0D-34552BF63C0D,2012,62,0,0,0,1,0,0,0,0,1,0,0,0,0,0,1,0,0,0,0,0,0,1,0,0,0
0A8FFED6-0418-480D-9938-55B09F638126,2014,52,0,1,0,0,0,0,0,0,1,0,0,0,0,0,0,1,0,0,1,0,1,0,0,0,0
0A92A7DA-5C2B-47EC-9253-1D31C71E0044,2011,09,0,0,0,0,0,1,0,0,0,1,0,0,0,1,0,0,0,0,0,0,0,0,0,1,0
0A9B0D29-6655-4DBD-A2DB-B0DF577F382D,2013,62,0,0,0,1,0,0,0,0,1,0,0,0,0,0,1,0,0,0,0,0,0,1,0,0,0
0A9BBBF3-BF62-47D7-B04A-41E5E1874755,2010,92,0,0,0,0,0,1,0,0,0,1,0,0,0,1,0,0,0,0,0,0,0,0,0,1,0
ED6EF0E6-404A-4B43-9E8E-701BC11F30C3,2013,62,0,0,0,0,1,0,0,0,0,1,0,0,1,0,0,0,0,0,0,0,0,0,0,1,0
3f1497f0-3929-11ed-a11a-bb811330b875,2022,52,0,1,0,0,0,0,0,0,1,0,0,0,0,0,0,1,0,0,0,0,1,0,0,0,0
8F2F1683-D97E-45BB-870F-DA440EF78452,2023,61,1,1,0,0,0,0,0,0,1,0,0,0,0,0,0,0,1,0,0,0,0,0,0,1,1
0AA6AD6A-7EB2-4BB5-B9A1-319F0C00B3F9,2013,51,0,1,0,0,0,0,0,0,1,0,0,0,0,0,0,1,0,0,0,0,0,0,0,1,0
0AAD933B-902A-437A-A288-E849BA119D4F,2010,92,0,0,0,0,0,1,0,0,0,1,0,0,0,1,0,0,0,0,0,0,0,0,1,0,0
77735fe0-8f47-11e8-a74f-e5450456a5bf,2018,62,0,1,1,0,0,0,0,0,1,0,0,0,0,0,0,0,0,1,0,0,0,0,0,1,0
0ABD8EF9-55C5-40F7-8F51-6B054D9EB0E1,2010,92,0,0,0,0,0,1,0,0,0,1,0,0,0,1,0,0,0,0,0,0,0,0,1,0,0
0AC1ECF6-7E6D-472A-8751-9547FF55D023,2013,62,0,0,0,0,1,0,0,0,0,1,0,0,1,0,0,0,0,0,0,0,0,0,0,1,0
0AD0D199-B76A-4D25-9A84-A8D0DE58F47A,2013,00,0,1,0,0,0,0,0,0,1,0,0,0,0,0,0,1,0,0,0,0,1,0,0,0,0
83CD55ED-8856-457C-8A66-561D444AB08D,2023,61,1,1,0,0,0,0,0,0,1,0,0,0,0,0,0,0,1,0,0,0,0,0,0,1,1
CE9A43C4-AF6C-4F2A-9BA5-8218B5015843,2023,44,1,1,0,0,0,0,0,0,1,0,0,0,0,0,0,0,1,0,0,0,0,0,0,1,1
a5ab5620-81e6-11e7-ace7-c5c15a923e51,2017,62,0,1,0,0,0,0,0,0,1,0,0,0,0,0,0,1,0,0,0,0,0,0,0,1,0
0AE928DD-4233-4233-BAC2-5C651C13BC97,2010,54,0,0,0,1,0,0,0,0,1,0,0,0,0,0,1,0,0,0,0,0,0,1,0,0,0
31bb7940-1c51-11ea-a7e6-812a11e02697,2014,51,0,1,0,0,0,0,0,0,1,0,0,0,0,0,0,1,0,0,0,0,0,0,0,1,0
F547C484-378E-4BA5-887C-5DAE7C0FB3CB,2016,44,0,0,0,1,0,0,0,0,1,0,0,0,0,0,0,0,0,0,0,1,0,0,0,1,0
0B0D6883-3413-4171-9611-BF0D7D24BFEA,2011,54,0,0,0,1,0,0,0,0,1,0,0,0,0,0,1,0,0,0,0,0,0,0,0,1,0
0B10F9ED-FA8A-4D88-B8C9-5DB2A9375E98,2009,61,0,0,0,1,0,0,0,0,1,0,0,0,0,0,1,0,0,0,0,0,0,1,0,0,0
50a96550-cfe5-11e9-aa40-01794b8efffe,2019,62,0,1,1,0,0,0,0,0,1,0,0,0,0,0,0,0,0,1,0,0,0,1,0,0,0
0B1CFDB9-DD55-4115-9535-565FF4BF19CF,2014,92,0,0,0,0,0,1,0,0,0,1,0,0,0,1,0,0,0,0,0,0,0,0,0,1,0
0B265D69-D744-4C2F-8F74-302B7F99FEC7,2013,62,0,0,0,0,0,1,0,0,0,1,0,0,0,1,0,0,0,0,0,0,0,0,0,1,0
0B2E623D-9AF5-48B0-A977-777223C57AD2,2011,00,0,0,0,0,0,1,0,0,0,1,0,0,0,1,0,0,0,0,0,0,0,0,0,1,0
261FEF4F-E2E8-48B6-B84F-34816A67D138,2016,81,0,1,0,0,0,0,0,0,1,0,0,0,0,0,0,1,0,0,0,0,0,0,0,1,0
0B3C0E5F-BDAF-422F-BB83-6BC7B2BBDB5A,2014,00,0,1,0,0,0,0,0,0,1,0,0,0,0,0,0,0,0,0,1,0,1,0,0,0,0
0abcae20-a3e1-11ed-8c67-f3bb261b8cc7,2022,00,1,0,0,0,0,0,0,1,1,0,0,0,0,0,0,0,1,0,0,0,0,0,0,1,0
0B4E92F5-6454-4BC7-BA5E-9F3E1C6C6B0C,2012,00,0,1,0,0,0,0,0,0,1,0,0,0,0,0,0,0,1,0,0,0,0,0,1,0,0
0448f9ea-7fa6-406f-bcaf-5d1107ac7975,2024,00,1,0,0,0,0,0,0,1,1,0,0,0,0,0,0,0,1,0,0,0,0,0,0,1,0
C19E7F7F-51AC-4841-B9FD-64E094F008FF,2023,61,1,1,0,0,0,0,0,0,1,0,0,0,0,0,0,0,1,0,0,0,0,0,0,1,1
0B5219B9-0B6D-41E7-8ECE-2886F9D4941D,2013,00,1,1,1,0,0,0,0,0,1,0,0,0,0,0,0,0,0,1,0,0,0,0,0,1,0
0B52E024-3A05-4D52-822A-B5FA409677E3,2013,00,0,0,0,1,0,0,0,0,1,0,0,0,0,0,1,0,0,0,0,0,0,1,0,0,0
9a74bad0-e474-11e7-977c-0b3846f56840,2016,62,0,0,0,1,0,0,0,0,1,0,0,0,0,0,1,0,0,0,0,0,0,1,0,0,0
3f947010-e2da-11e7-a8b4-b50015373b0a,2017,62,0,0,0,0,0,1,0,0,0,0,1,0,0,1,0,0,0,0,0,0,0,0,0,1,0
0B6BFC37-D7A7-42EC-A173-F2E950422EB0,2013,61,0,0,0,0,1,0,0,0,0,1,0,0,1,0,0,0,0,0,0,0,1,0,0,0,0
5799e650-de04-11e9-92e6-b7a271e742aa,2019,62,0,0,0,0,0,1,0,0,0,1,0,0,0,0,1,0,0,0,0,0,0,1,0,0,0
989DBF3D-A239-4D58-AE61-60FD778D90C2,2023,61,1,1,0,0,0,0,0,0,1,0,0,0,0,0,0,0,1,0,0,0,0,0,0,1,1
0B847E92-D53A-49A0-9A4A-F89355522F53,2011,92,0,0,0,0,0,1,0,0,0,1,0,0,0,0,1,0,0,0,0,0,0,0,0,1,0
0B8A6B7F-EAD5-42D9-8D72-93008EFBBCE1,2013,92,0,1,0,0,0,0,0,0,1,0,0,0,0,0,0,1,0,0,0,0,1,0,0,0,0
03C3F272-E5F1-45A2-A33C-62ACDB07710E,2015,62,0,0,0,0,0,1,0,0,0,1,0,0,0,1,0,0,0,0,0,0,0,0,0,1,0
bf6cdbe0-ccff-11e9-a052-6392f3b8c0e8,2019,54,0,0,0,0,0,1,0,0,0,1,0,0,0,1,0,0,0,0,0,0,0,0,0,1,0
0BB1A8C5-9115-46D9-9138-A28EDEA1150E,2013,05,0,1,0,0,0,0,0,0,1,0,0,0,0,0,0,1,0,0,0,0,0,0,0,1,0
0BC53B42-7F9E-43FE-853C-98B1CAF2E84F,2013,52,0,0,0,0,0,1,0,0,0,0,1,0,0,1,0,0,0,0,0,0,0,1,0,0,0
0BC9393D-B583-4F5D-BB1D-D3B686415716,2012,62,0,0,0,0,0,1,0,0,0,1,0,0,0,1,0,0,0,0,0,0,0,0,0,1,0
371E7E46-A9D9-4447-8153-BC26FCA4CDA6,2015,62,0,0,0,1,0,0,0,0,1,0,0,0,0,0,1,0,0,0,0,0,0,1,0,0,0
9764fe09-2ce9-4df1-9452-22aff9e2fa18,2024,00,0,0,0,0,0,1,0,0,0,1,0,0,0,1,0,0,0,0,0,0,0,0,0,1,0
0BE266E9-F18E-4DDC-AC1C-346090406B45,2010,62,0,0,0,0,0,1,0,0,0,1,0,0,0,1,1,0,0,0,0,0,0,1,0,0,0
a5bb5fe0-749d-11eb-b6c3-130fdd35ca3d,2019,00,0,0,0,0,1,0,0,1,1,1,0,0,1,0,0,0,0,0,0,0,0,0,0,1,0
0BF5DEE8-F4E4-4D9D-9BAE-D21A49E3AA13,2013,00,0,1,0,0,0,0,0,0,1,0,0,0,0,0,0,0,0,0,0,1,1,0,0,0,0
60E2DA37-A245-4FF4-A738-80C6004296F6,2016,92,0,1,0,0,0,0,0,0,1,0,0,0,0,0,0,1,0,0,0,0,0,0,0,1,0
0C0FCC7E-A613-4123-AC90-C3997E30756C,2014,00,0,0,0,0,0,1,0,0,0,1,0,0,0,1,0,0,0,0,0,0,0,1,0,0,0
eab2b5e0-2b50-11ea-9dc8-9fe5cd17ac1d,2019,92,1,1,0,0,0,0,0,0,1,0,0,0,0,0,0,0,1,0,0,0,1,0,0,0,0
0C10BBB7-8D71-4CA9-BCF2-64EAA4F6E035,2013,04,0,1,0,0,0,0,0,0,1,0,0,0,0,0,0,0,0,0,0,1,0,0,0,1,0
9242C268-4AB8-4B18-B3B6-316FEED63778,2016,92,1,1,1,0,0,0,0,0,1,0,0,0,0,0,0,0,1,1,0,0,1,0,0,0,0
30212d60-e910-11e9-b01d-8d8474fb7a4b,2015,49,0,0,0,1,0,0,0,0,0,1,0,0,0,0,1,0,0,0,0,0,0,0,0,1,0
0C1F9356-364B-46CE-A139-BA1B3698F79E,2012,00,0,0,0,0,1,1,0,0,0,1,0,0,0,1,1,0,0,0,0,0,0,0,0,1,0
0C297DC8-058F-4068-B555-EE1ECA45FD0B,2014,51,0,1,0,0,0,0,0,0,1,0,0,0,0,0,0,1,0,0,0,0,0,0,0,1,0
0C3AA142-B5E2-4E95-A7FA-420DF39E366E,2014,62,0,0,0,1,0,0,0,0,1,0,0,0,0,0,1,0,0,0,0,0,0,1,0,0,0
0C3D5AF2-CF59-41A6-9550-9261D4AAD55A,2013,45,1,0,0,0,0,0,0,0,1,0,0,0,0,0,0,0,1,0,0,0,0,0,0,1,0
8b688f74-50fe-4f76-8bb3-185e8cad12bd,2024,00,0,0,0,0,0,1,0,0,0,1,0,0,0,1,0,0,0,0,0,0,0,0,0,1,0
0C4C2923-7E1A-46DB-8DAC-AEB54A4A3018,2006,52,0,0,0,0,1,0,0,0,0,1,0,0,1,0,0,0,0,0,0,0,0,0,0,1,0
7F1A62F8-CC00-4304-80F3-2E46849E7D0F,2015,62,0,0,0,0,1,0,0,0,0,1,0,0,1,0,0,0,0,0,0,0,0,0,0,1,0
70EFDF2E-C9B0-8607-9795-C442636B55FB,2025,81,1,0,0,0,0,0,0,0,1,0,0,0,0,0,0,0,1,0,0,0,0,0,0,1,0
8482a830-1194-11ec-a044-77090c8577a4,2019,61,0,1,0,0,0,0,0,0,1,0,0,0,0,0,0,0,0,0,0,1,0,0,0,1,0
0C5CB6A9-535F-4399-A09D-6B764B7699E1,2013,62,0,0,0,0,1,0,0,0,0,1,0,0,1,0,0,0,0,0,0,0,0,0,0,1,0
0C5DE044-B9B4-408D-9E65-D367EED12AB2,2012,54,1,0,1,0,0,0,0,0,1,1,0,0,0,0,0,0,0,1,0,0,0,0,0,1,0
0C61E63E-E02E-4A58-BC86-19E8F3577A18,2008,55,0,0,0,0,0,1,0,0,0,1,0,0,0,0,1,0,0,0,0,0,0,1,0,0,0
B3D3C900-3126-4095-A19F-D252504ED447,2015,92,0,0,0,0,0,1,0,0,0,1,0,0,0,1,0,0,0,0,0,0,0,0,0,1,0
0C680106-00FB-4F43-B01E-67779D8664C6,2012,00,0,1,0,0,0,0,0,0,1,0,0,0,0,0,0,1,0,0,0,0,0,0,0,1,0
0C6826E8-15C3-4B87-BEE9-24AB2CACFBB4,2013,05,0,1,0,0,0,0,0,0,1,0,0,0,0,0,0,1,0,0,0,0,0,0,0,1,0
8cc49c40-0a66-11ec-9d35-0d797e3f6b54,2019,44,1,1,0,0,0,0,0,0,1,0,0,0,0,0,0,0,1,0,0,0,0,0,0,1,0
0C6D8130-A1C0-407A-99C3-939126346DC7,2011,51,0,1,0,0,0,0,0,0,1,0,0,0,0,0,0,1,0,0,0,0,0,0,0,1,0
0FC1D886-4A5A-4B7D-885B-872C3DFFCF2A,2023,61,1,1,0,0,0,0,0,0,1,0,0,0,0,0,0,0,1,0,0,0,0,0,0,1,1
0C87E58D-AF2E-4299-AB0D-8DBFA2EF280E,2013,52,0,1,0,0,0,0,0,0,1,0,0,0,0,0,0,1,0,0,0,0,0,0,0,1,0
0C8C789D-9600-4CDB-B335-B6B66B81E354,2011,62,0,0,0,0,0,1,0,0,0,1,0,0,0,0,1,0,0,0,0,0,0,1,0,0,0
A1E1CE5F-C447-43F5-9D37-217962DB1712,2023,54,1,1,0,0,0,0,0,0,1,0,0,0,0,0,0,0,1,0,0,0,0,0,0,1,1
770830EF-DDF0-4C1E-9A3C-4D500A93AD2B,2023,61,1,1,0,0,0,0,0,0,1,0,0,0,0,0,0,0,1,0,0,0,0,0,0,1,1
0C91055F-3382-4D7E-9792-558CEDD6EB73,2010,92,0,0,0,0,1,0,0,0,0,1,0,0,1,0,0,0,0,0,0,0,0,0,0,1,0
0C96B625-D1C1-4586-B482-FCAB6535DE06,2013,52,0,0,0,1,0,0,0,0,1,0,0,0,0,0,1,0,0,0,0,0,0,1,0,0,0
0C987EFE-031E-4880-BC6C-BB053877835B,2014,52,0,0,0,0,0,1,0,0,0,1,0,0,0,1,0,0,0,0,0,0,0,0,0,1,0
0C9E580D-5B63-486A-83A5-B0F9601312FA,2012,92,0,0,1,0,0,0,0,0,1,0,0,0,0,0,0,0,0,1,0,0,0,0,0,1,0
489E3F94-C19C-4593-87F3-EBF027CC82E1,2023,61,1,1,0,0,0,0,0,0,1,0,0,0,0,0,0,0,1,0,0,0,0,0,0,1,1
000ab490-a4a9-11e8-b571-7db57cad93dd,2017,61,0,0,1,0,0,0,0,0,1,0,0,0,0,0,0,0,0,1,0,0,0,0,0,1,0
0CA71B5F-957B-457C-968D-35D5274B6267,2012,92,0,0,0,0,0,1,0,0,0,1,0,0,0,1,0,0,0,0,0,0,0,0,1,0,0
57a4cc00-e356-11e7-bf7a-0771e1cc9602,2017,00,0,0,0,0,0,1,0,0,0,1,0,0,0,1,0,0,0,0,0,0,0,0,0,1,0
0CAB3086-4F4A-408F-B2C5-B71035FA0EE9,2013,92,0,0,0,0,1,0,0,0,0,1,0,0,1,0,0,0,0,0,0,0,0,0,0,1,0
0CBF8E6C-CB74-42DD-838D-C52E420556F2,2013,42,0,0,0,0,0,1,0,0,0,1,0,0,0,1,0,0,0,0,0,0,0,0,0,1,0
0CC4183F-16B4-432B-9FFD-C09368502FC1,2012,00,0,0,0,1,0,0,0,0,1,0,0,0,0,0,1,0,0,0,0,0,0,1,0,0,0
0CC51554-22AB-4C41-A3A3-AC54DB1527DB,2011,52,0,0,0,0,1,0,0,0,0,1,0,0,1,0,0,0,0,0,0,0,0,0,0,1,0
DC6D7F48-DF4F-4673-AAF9-98995207589B,2015,72,0,0,0,1,0,0,0,0,1,0,0,0,0,0,0,0,0,0,0,1,0,0,0,1,0
ED47C82F-60E0-4E4F-9BA5-BED151D7118D,2023,61,1,1,0,0,0,0,0,0,1,0,0,0,0,0,0,0,1,0,0,0,0,0,0,1,1
1b882d90-0a0f-11ed-9141-192d7c736152,2022,00,1,0,0,0,0,0,0,1,1,0,0,0,0,0,0,0,1,0,0,0,0,0,0,1,0
0CE4D1F7-FB16-43CE-8FE8-2D50B6C9C63C,2013,51,1,0,0,0,0,0,0,0,1,0,0,0,0,0,0,0,1,0,0,0,1,0,0,0,0
ce713160-a4fc-11ea-9a08-d99599f4dafe,2020,62,0,0,0,0,0,1,0,0,0,1,0,0,0,1,0,0,0,0,0,0,0,0,0,1,0
ae51e440-ca8e-11e9-9a33-13e06a29212c,2019,62,1,0,0,0,0,0,0,0,1,0,0,0,0,0,0,0,1,0,0,0,0,1,0,0,0
0CF4EE2C-8950-44DF-8896-B961AEA061FF,2013,48,0,0,0,0,0,0,0,1,1,0,0,1,0,0,0,0,0,0,0,1,0,0,0,1,0
0CFCBABE-4E91-4B9F-9B09-1F1F8E18594B,2012,92,0,0,0,0,1,0,0,0,0,1,0,0,1,0,0,0,0,0,0,0,0,0,0,1,0
0CFCF762-D997-4A0E-BD59-80D609BE15F5,2015,51,0,0,0,0,0,0,0,1,1,0,0,0,0,0,0,0,0,0,0,1,0,0,0,1,0
e5406750-2b51-11ea-9dc8-9fe5cd17ac1d,2019,92,1,1,0,0,0,0,0,0,1,0,0,0,0,0,0,0,1,0,0,0,1,0,0,0,0
f44895d0-72ca-11eb-a46e-831b23dc7360,2020,81,0,0,0,0,0,1,0,0,0,1,0,0,0,1,0,0,0,0,0,0,0,0,0,1,0
0D02E0B8-366F-49C4-9508-94462667AABA,2010,62,0,0,0,0,0,1,0,0,0,1,0,0,0,0,1,0,0,0,0,0,0,1,0,0,0
E4E44609-04C0-439F-A9FA-53143BFD9693,2023,61,1,1,0,0,0,0,0,0,1,0,0,0,0,0,0,0,1,0,0,0,0,0,0,1,1
0D13C414-E37E-4253-9746-11B677C0FD58,2012,44,0,1,0,0,0,0,0,0,1,0,0,0,0,0,0,1,0,0,0,0,0,0,0,1,0
0D17DCFC-5501-4755-A817-20E977C2309F,2012,56,0,1,0,0,0,0,0,0,1,0,0,0,0,0,0,1,0,0,0,0,0,0,0,1,0
0D26B425-B329-48B8-A83E-388DD8F4EFCA,2013,23,0,0,0,0,0,1,0,0,0,1,0,0,0,1,0,0,0,0,0,0,0,1,0,0,0
df9d4280-d3ca-11e8-a7ad-fb6ffda5da8b,2018,62,0,0,0,0,0,1,0,0,0,1,0,0,0,1,0,0,0,0,0,0,0,0,0,1,0
879AE753-FC72-424F-96B7-660C5CE646EC,2023,52,1,1,0,0,0,0,0,0,1,0,0,0,0,0,0,0,1,0,0,0,0,0,0,1,1
0D349D62-8E7C-4041-B602-D60ADF5765B1,2014,72,0,0,0,0,1,0,0,0,0,1,0,0,1,0,0,0,0,0,0,0,0,0,0,1,0
0D366928-3EFC-4ECD-BC96-A4BBE81A00C3,2013,00,1,1,1,0,0,0,0,0,1,0,0,0,0,0,0,0,0,1,0,0,0,0,0,1,0
0D385EAB-88A8-4F03-A2AC-5BA7E33BAB63,2012,92,0,0,0,0,1,0,0,0,0,1,0,0,1,0,0,0,0,0,0,0,0,0,0,1,0
FB09D174-3006-42D9-AE5D-187B797C73A2,2016,52,0,0,0,1,0,0,0,0,1,1,0,0,0,0,1,0,0,0,0,0,0,1,0,0,0
0D469ACA-C0D5-4FF2-AE95-9F91D2BD4F0D,2009,00,0,0,0,1,0,0,0,0,1,0,0,0,0,0,1,0,0,0,0,0,0,1,0,0,0
0D479C4D-E345-44BA-AC69-4D90164E5097,2014,62,0,0,0,0,0,1,0,0,0,1,0,0,0,1,0,0,0,0,0,0,0,0,0,1,0
0D491B74-A709-4605-9CE3-8ED6C5059E7F,2013,52,0,0,0,0,0,1,0,0,0,1,0,0,0,1,0,0,0,0,0,0,0,0,0,1,0
4bf65320-899b-11e7-bf1d-81579668407a,2016,00,1,0,1,0,0,0,0,0,1,0,0,0,0,0,0,0,1,0,0,0,0,0,1,0,0
11F33DDB-3458-4245-957C-F6B160CD75B0,2013,62,0,0,0,0,1,0,0,0,0,1,1,0,1,0,0,0,0,0,0,0,0,0,0,1,0
0D4D1D6F-2875-495E-998A-D294F000F2EF,2010,61,0,0,0,0,0,0,0,1,0,0,0,1,0,0,0,0,0,0,0,1,0,1,0,0,0
c447b290-0b5c-11e8-985b-1119ad21cbad,2017,61,0,0,0,1,0,0,0,0,0,0,0,1,0,0,1,0,0,0,0,0,0,1,0,0,0
0D514675-F60D-422F-BD9E-26BB452C8074,2013,44,0,1,0,0,0,0,0,0,1,0,0,0,0,0,0,1,0,0,0,0,0,0,0,1,0
94aef4f0-6beb-11e7-97f1-7f40b0b1fd66,2017,00,0,0,0,0,1,0,0,0,0,1,0,0,1,0,0,0,0,0,0,0,0,0,0,1,0
0D56B055-6D19-4D4B-9850-A29DB5B1BC37,2012,00,0,1,0,0,0,0,0,0,1,0,0,0,0,0,0,0,0,0,1,0,0,0,0,1,0
0D5E384A-4547-4E1B-BB77-37BC7FE33395,2013,62,1,0,0,0,0,0,0,0,1,0,0,0,0,0,0,0,1,0,0,0,0,1,0,0,0
00d58260-b419-11f0-83f6-c95449796b4b,2024,62,1,1,0,0,0,0,0,0,1,0,0,0,0,0,0,0,1,0,0,0,0,0,0,1,0
0D81B53F-5F5C-4AEB-98B9-367B18AD33D9,2014,00,0,1,0,0,0,0,0,0,1,0,0,0,0,0,0,0,0,0,1,0,1,0,0,0,0
df8ab6d0-8f13-11e7-aa8f-5fa9d3670494,2016,48,0,0,0,0,1,0,0,0,0,1,0,0,1,0,0,0,0,0,0,0,0,0,0,1,0
0D83B7CE-01C6-4EED-96F8-49AE12532696,2012,00,0,0,0,0,0,1,0,0,0,1,0,0,0,1,1,0,0,0,0,0,0,1,0,0,0
eea2c910-f0ea-11e9-84f1-e9d602503a96,2015,00,0,0,0,0,1,0,0,0,0,1,0,0,1,0,0,0,0,0,0,0,0,0,0,1,0
d2d4f030-7509-11ee-8da1-4f2f8c80e63f,2022,51,0,0,0,0,1,0,0,0,0,1,0,0,1,0,0,0,0,0,0,0,0,0,0,1,0
7c403af0-aa06-11e8-a274-afc3aa8c5110,2018,92,0,0,0,0,0,1,0,0,0,1,0,0,0,1,0,0,0,0,0,0,0,1,0,0,0
30A095E0-94FE-477D-851F-C808188B1294,2015,62,0,0,0,0,0,1,0,0,0,1,0,0,0,1,0,0,0,0,0,0,0,0,0,1,0
0D9FD8EC-52DE-4A41-9495-D1CB42964D41,2012,42,0,1,0,0,0,0,0,0,1,0,0,0,0,0,0,1,0,0,0,0,0,0,0,1,0
0DA10DC6-0C07-4B85-9862-8BB836CED159,2010,92,0,0,0,0,0,1,0,0,0,1,0,0,0,1,0,0,0,0,0,0,0,0,1,0,0
0DAD3057-25DB-4996-A97D-2859A78ED94F,2012,62,0,0,0,1,0,0,0,0,1,0,0,0,0,0,1,0,0,0,0,0,0,1,0,0,0
0DB3F0A1-FCDA-4468-AE7B-5090DD52BF0D,2013,54,0,1,0,0,0,0,0,0,1,0,0,0,0,0,0,1,0,0,0,0,0,0,0,1,0
0DC26EB3-1414-4D9C-BE74-B16B46203085,2014,92,0,1,0,0,0,0,0,0,1,0,0,0,0,0,0,0,0,0,1,0,1,0,0,0,0
0DC355DE-3FB0-42BA-9D19-0BE2F7CA31B6,2010,44,0,0,0,1,0,0,0,0,1,0,0,0,0,0,1,0,0,0,0,0,0,1,0,0,0
0DDA58A0-CED4-421D-817F-F07EB22C5C4B,2013,00,0,1,0,0,0,0,0,0,1,0,0,0,0,0,0,1,0,0,0,0,1,0,0,0,0
0DDE7B1B-6370-451D-B0C2-9404348FCEB6,2013,92,0,0,0,0,0,1,0,0,0,1,0,0,0,1,0,0,0,0,0,0,0,0,0,1,0
0DE25B18-6D77-423F-87CF-163326E9FA0E,2013,62,0,0,0,1,0,0,0,0,1,0,0,0,0,0,1,0,0,0,0,0,0,1,0,0,0
C24772E3-BDBB-4FD9-A19C-3A9E516EB120,2015,54,0,0,0,0,1,0,0,0,0,1,0,0,1,0,0,0,0,0,0,0,0,0,1,0,0
0DEFAE56-694B-472F-96F5-A04488B76453,2011,92,0,0,0,0,0,1,0,0,0,1,0,0,0,1,0,0,0,0,0,0,0,0,0,1,0
0DF05980-BACC-445A-BCB5-15336E0F7675,2013,00,0,0,0,0,0,1,0,0,0,1,1,0,0,1,0,0,0,0,0,0,0,1,0,0,0
56CE8DF5-D4CB-4644-8DF6-98CD1C5D4054,2015,92,0,0,0,0,0,1,0,0,0,1,0,0,0,0,1,0,0,0,0,0,0,0,0,1,0
0DF3FD25-68C5-42A9-92FE-F21D4AD5C359,2011,62,0,1,0,0,0,0,0,0,1,0,0,0,0,0,0,0,0,0,0,1,0,0,0,1,0
0DF5FC98-ADDB-48BF-8104-D20188692336,2012,00,1,1,1,0,0,0,0,0,1,0,0,0,0,0,0,0,0,1,0,0,0,0,0,1,0
01156af0-149b-11ec-92c0-8d3c636e1e37,2021,61,1,1,0,0,0,0,0,0,1,0,0,0,0,0,0,0,1,0,0,0,0,0,0,1,0
E75F8C35-53AF-41D8-889A-7682E6075A81,2023,61,1,1,0,0,0,0,0,0,1,0,0,0,0,0,0,0,1,0,0,0,0,0,0,1,1
AB855673-053F-415E-A602-747A40DD2129,2023,61,1,1,0,0,0,0,0,0,1,0,0,0,0,0,0,0,1,0,0,0,0,0,0,1,1
D8D13C08-F404-453F-B10E-A896BAF13F14,2023,61,1,1,0,0,0,0,0,0,1,0,0,0,0,0,0,0,1,0,0,0,0,0,0,1,1
dafc31a0-1648-11ec-8258-83f74c3914c9,2011,52,0,0,0,0,1,0,0,0,0,1,0,0,1,0,0,0,0,0,0,0,0,0,0,1,0
0E161E75-56D5-4F48-988D-97A9B1194DAA,2012,62,0,0,0,0,0,1,0,0,0,0,1,0,0,1,0,0,0,0,0,0,0,1,0,0,0
3C2328F1-45D9-49CB-B822-F8E5B6590769,2023,61,1,1,0,0,0,0,0,0,1,0,0,0,0,0,0,0,1,0,0,0,0,0,0,1,1
CB6E4316-949D-41F5-8C01-3EF5F2CB1DDC,2023,00,1,1,0,0,0,0,0,0,1,0,0,0,0,0,0,0,1,0,0,0,0,0,0,1,1
0E1CBE78-9EED-4D73-9779-F6B575481267,2015,09,0,0,0,1,0,0,0,0,1,0,0,0,0,0,1,0,0,0,0,0,0,1,0,0,0
0E21E3C9-7D2B-4EB7-B963-007C41FEA4AC,2011,92,0,0,0,0,0,1,0,0,0,1,0,0,0,1,0,0,0,0,0,0,0,0,0,1,0
0E234808-4D88-4EEC-AD0E-BC109B3E8D07,2012,62,0,0,0,0,0,1,0,0,0,0,1,0,0,1,0,0,0,0,0,0,0,0,0,1,0
ECCBC87E-4B5C-E2FE-2830-8FD9F2A7BAF3,2025,61,0,1,0,0,0,0,0,0,1,0,0,0,0,0,0,1,0,0,0,0,0,0,0,1,0
5A3FEF2B-B57D-4BF7-A132-41F2E6E8573D,2016,92,0,0,0,0,0,1,0,0,1,1,0,0,0,1,0,0,0,0,0,0,0,0,0,1,0
0E2A6DBE-AD85-4382-B3D2-C9876E405B8C,2014,51,0,1,1,0,0,0,0,0,1,0,0,0,0,0,0,1,1,1,1,0,1,0,0,0,0
CB5CF2CC-D496-425B-858E-0AFC8D87647D,2023,61,1,1,0,0,0,0,0,0,1,0,0,0,0,0,0,0,1,0,0,0,0,0,0,1,1
6A703FC6-972F-475F-857C-4CB39A808032,2015,62,0,0,0,0,1,0,0,0,0,1,0,0,1,0,0,0,0,0,0,0,0,0,0,1,0
0E34D0DA-F238-4398-8B1A-985D1ED6A50A,2014,92,0,0,0,0,1,0,0,0,0,1,0,0,1,0,0,0,0,0,0,0,0,0,0,1,0
0E383085-EFF4-4C41-BC85-BD74BA920000,2013,00,0,1,0,0,0,0,0,0,1,0,0,0,0,0,0,1,0,0,0,0,1,0,0,0,0
0E3A7E6B-5650-487F-BF8A-0FA590A87ED9,2012,52,1,1,1,0,0,0,0,0,1,0,0,0,0,0,0,0,1,1,0,0,0,0,0,1,0
0E3D8F11-1F0C-43A4-80A8-05A82ADC75E9,2012,92,0,0,0,0,0,1,0,0,0,1,0,0,0,1,0,0,0,0,0,0,0,0,0,1,0
82F0C204-68F3-469F-B4E3-3871BD414EFE,2016,62,0,0,0,0,1,0,0,0,0,1,0,0,1,0,0,0,0,0,0,0,0,0,0,1,0
4f3bea20-c494-11e7-9a8b-47d1b690bc01,2017,92,0,0,0,0,0,1,0,0,0,1,0,0,0,1,0,0,0,0,0,0,0,0,0,1,0
D77E07BB-E390-421C-9205-E1B4FB8094F6,2023,61,1,1,0,0,0,0,0,0,1,0,0,0,0,0,0,0,1,0,0,0,0,0,0,1,1
814EBC2E-2E58-41BD-AEE6-1DA48E4374BA,2016,44,0,0,0,1,0,0,0,0,1,0,0,0,0,0,1,0,0,0,0,0,0,0,0,1,0
0E682AC9-8AE6-4D3D-9571-6BF24A827844,2010,00,0,0,0,1,0,1,0,0,1,1,0,0,0,0,1,0,0,0,0,0,0,1,0,0,0
39CDD35C-E003-44F6-BC71-83C604D448A7,2016,62,0,0,0,1,0,0,0,0,1,0,0,1,0,0,1,0,0,0,0,0,0,1,0,0,0
0E754DFA-290A-4CEB-8A66-3DAD70251EF2,2013,92,0,0,0,1,0,0,0,0,1,0,0,0,0,0,1,0,0,0,0,0,0,1,0,0,0
dd3b7740-ba63-11e7-92c6-3b362a3baf5b,2017,44,0,0,0,1,0,0,0,0,1,0,0,0,0,0,0,0,0,0,0,1,0,1,0,0,0
3c9545a0-07db-11eb-9be5-67f56bbd8cb4,2020,45,0,0,0,0,0,1,0,0,0,1,0,0,0,1,0,0,0,0,0,0,0,0,0,1,0
0E835AE3-BD03-44DF-83F5-36530C57611E,2013,44,0,0,0,1,0,0,0,0,1,0,0,0,0,0,1,0,0,0,0,0,0,1,0,0,0
0E8BD2DA-233B-435F-AF46-14281EB04F74,2012,92,0,0,0,0,1,0,0,0,0,1,0,0,1,0,0,0,0,0,0,0,0,0,0,1,0
FC4751CD-50ED-4D9B-AC03-6E0E36AF099B,2023,61,1,1,0,0,0,0,0,0,1,0,0,0,0,0,0,0,1,0,0,0,0,0,0,1,1
CF1B43EF-FC42-4D0C-BD72-EEBF12B30B2D,2016,44,0,0,0,0,1,0,0,0,0,1,0,0,1,0,0,0,0,0,0,0,0,0,0,1,0
0E9EF3F3-73EB-4681-B67A-5FA421181C5A,2013,62,0,0,0,0,0,1,0,0,0,1,0,0,0,1,0,0,0,0,0,0,0,1,0,0,0
0E9FE939-9B53-4C5C-A326-05FCEBA529EC,2013,00,0,1,0,0,0,0,0,0,1,0,0,0,0,0,0,1,0,0,0,0,1,0,0,0,0
a08abb40-b69c-11e8-b56a-011002460f8b,2013,00,0,0,0,0,0,1,0,0,0,1,0,0,0,1,0,0,0,0,0,0,0,0,0,1,0
0EB454FD-934F-4569-9559-DD4CF8556169,2013,92,0,1,0,0,0,0,0,0,1,0,0,0,0,0,0,1,0,0,0,0,1,0,0,0,0
E500F9ED-F56C-441A-8303-15262BDCBBA1,2023,45,1,1,0,0,0,0,0,0,1,0,0,0,0,0,0,0,1,0,0,0,0,0,0,1,1
cf5b7700-1195-11ec-a044-77090c8577a4,2021,81,0,1,0,0,0,0,0,0,1,0,0,0,0,0,0,0,1,0,0,0,0,0,0,1,0
73c8eac0-9192-11e8-ad4c-017f2df1a0a0,2018,52,0,0,0,1,0,0,0,0,1,0,0,0,0,0,0,0,0,0,0,1,0,1,0,0,0
0ECBD2D0-2703-42D4-9798-FF29618FD5E2,2012,00,1,1,1,0,0,0,0,0,1,0,0,0,0,0,0,0,0,1,0,0,0,0,0,1,0
267B45F3-FE72-4B8F-9FE5-71406C8B050E,2016,81,1,0,1,0,0,0,0,0,1,0,0,0,0,0,0,0,1,0,0,0,1,0,0,0,0
0ECE501C-2EDB-4DF1-A31D-C855624374A7,2013,62,0,0,0,1,0,0,0,0,1,0,0,0,0,0,1,0,0,0,0,0,0,0,0,1,0
95138980-0997-11ec-863c-8359987c65e0,2020,54,1,1,0,0,0,0,0,0,1,0,0,0,0,0,0,0,1,0,0,0,0,0,0,1,0
0EE9BF5D-5421-49DE-AB8E-8D069DAA7226,2013,33,0,1,0,0,0,0,0,0,1,0,0,0,0,0,0,1,0,0,0,0,0,0,0,1,0
FC480C1E-2DC8-4577-ACAA-430C7A04C79F,2023,61,1,1,0,0,0,0,0,0,1,0,0,0,0,0,0,0,1,0,0,0,0,0,0,1,1
465638e0-70a5-11e7-955a-c3e87cda4766,2017,62,0,0,0,1,0,0,0,0,1,0,0,0,0,0,1,0,0,0,0,0,0,0,0,1,0
0EFD0FCC-7C3A-4D66-8F60-71579BEE5757,2012,62,0,0,0,0,1,0,0,0,0,1,0,0,1,0,0,0,0,0,0,0,0,0,0,1,0
A72314F6-A5F8-4243-B100-471A2A708D4A,2015,00,0,0,1,0,0,0,0,0,1,0,0,0,0,0,0,0,0,1,0,0,0,0,0,1,0
0F16E3BB-8BED-474F-8541-6405B4C2B86E,2012,62,0,0,0,0,0,1,0,0,0,1,0,0,0,1,0,0,0,0,0,0,0,1,0,0,0
0F176622-7F44-4A0C-BC90-09E2D88E25DD,2013,62,0,0,0,0,0,1,0,0,0,1,0,0,0,1,0,0,0,0,0,0,0,1,0,0,0
7308D09B-492F-4ACC-9226-000474F8C4A1,2015,92,0,0,0,0,0,1,0,0,0,1,0,0,0,1,0,0,0,0,0,0,0,0,0,1,0
0F1E737F-DCDA-4841-A8D9-035A27743959,2015,62,0,0,0,1,0,0,0,0,1,0,0,0,0,0,1,0,0,0,0,0,0,1,0,0,0
ab61e530-7228-11eb-a74a-79ed152e0098,2019,54,0,0,0,0,0,1,0,0,0,1,0,0,0,1,0,0,0,0,0,0,0,0,0,1,0
0F2A8478-9005-4E43-B1A2-5A06EE510169,2013,53,1,0,0,0,0,0,0,0,1,0,0,0,0,0,0,0,1,0,0,0,0,1,0,0,0
0F2EFB3B-CE7B-4618-A68E-B35699A7566F,2012,62,0,0,0,0,1,0,0,0,0,1,0,0,1,0,0,0,0,0,0,0,0,0,0,1,0
758694c0-ffd2-11e9-ad81-39b9e5fce51c,2018,51,0,0,0,0,0,1,0,0,0,0,1,0,0,1,0,0,0,0,0,0,0,0,0,1,0
F2945D3A-3747-4A5C-AF05-2E781EEAA407,2016,62,0,0,0,1,0,0,0,0,1,1,0,0,0,0,1,0,0,0,0,0,0,0,0,1,0
0F416FB2-5998-4FF1-959C-BA20E6582B7E,2010,62,0,0,0,1,0,0,0,0,1,0,0,0,0,0,1,0,0,0,0,0,0,1,0,0,0
332897cd-9142-409b-94f9-c7bc4926f805,2023,52,0,1,0,0,0,0,0,0,1,0,0,0,0,0,0,1,0,0,0,0,0,0,0,1,0
0F54132F-054E-426B-9273-55CAA5DBF1F8,2013,33,0,0,0,0,1,0,0,0,0,1,0,0,1,0,0,0,0,0,0,0,0,0,0,1,0
79dfe960-a4fd-11ea-8251-29926a6fbfb5,2020,56,1,0,1,0,0,0,0,0,1,0,0,0,0,0,0,0,1,1,0,0,0,0,0,1,0
7065a2d0-39bb-11ed-a8d9-e567d58abfd4,2022,92,0,1,0,0,0,0,0,0,1,0,0,0,0,0,0,1,0,0,0,0,1,0,0,0,0
3b8e9150-2817-11eb-8365-4f57e2156a07,2019,62,1,0,0,0,0,0,0,0,1,0,0,0,0,0,0,0,1,0,0,0,0,1,0,0,0
0F65BBE8-D047-4EC6-AFC2-E07C0CEC2D8B,2011,92,0,0,0,0,0,1,0,0,0,1,0,0,0,0,1,0,0,0,0,0,0,1,0,0,0
0F68F89E-0A20-420D-B08B-369C03F880B4,2013,45,0,0,0,0,1,0,0,0,0,1,0,0,1,0,0,0,0,0,0,0,0,0,0,1,0
0CB75F1A-30BD-40E8-865B-628863F5AF67,2015,62,0,1,0,0,0,0,0,0,1,0,0,0,0,0,0,0,1,0,0,0,0,0,0,1,0
3f28f649-68af-4991-8bfe-04c41b5bd006,2024,92,0,0,0,0,0,1,0,0,0,1,0,0,0,1,0,0,0,0,0,0,0,0,0,1,0
03DCC92B-C47D-4D73-B503-D8077DEB05B0,2023,61,1,1,0,0,0,0,0,0,1,0,0,0,0,0,0,0,1,0,0,0,0,0,0,1,1
36accf43-1e26-487e-afa5-7549d34a545a,2024,51,0,1,0,0,0,0,0,0,1,0,0,0,0,0,0,1,0,0,0,0,0,0,0,1,0
0F78A3B4-B9B7-40F3-B650-E60B1BC868AC,2014,62,0,0,0,1,0,0,0,0,1,0,0,0,0,0,1,0,0,0,0,0,0,0,0,1,0
1A1A5DE1-7456-4042-9506-918E66C24A6E,2015,51,0,0,0,0,0,1,0,0,0,1,0,0,0,1,0,0,0,0,0,0,0,0,0,1,0
0F9BC1E0-0793-41F3-A4A5-3C945ACB8840,2012,92,0,0,0,0,1,0,0,0,0,1,0,0,1,0,0,0,0,0,0,0,0,1,0,0,0
24A7EA97-2B02-45F8-8F77-77408CFA7119,2015,62,0,1,0,0,0,0,0,0,1,0,0,0,0,0,0,1,0,0,0,0,0,0,0,1,0
47aad1c0-0175-11ea-9d67-277844cc3a60,2017,61,0,0,0,0,0,1,0,0,0,1,0,0,0,1,0,0,0,0,0,0,0,0,0,1,0
5CCAB6D6-756F-4CB9-9460-CE6399A2C77B,2015,00,0,0,0,0,1,1,0,0,0,1,0,0,1,0,0,0,0,0,0,0,0,0,0,1,0
0FBC1667-BD53-402C-A8DE-1ED725619DB2,2014,54,0,1,0,0,0,0,0,0,1,0,0,0,0,0,0,0,1,0,0,0,0,0,0,1,0
072B030B-A126-B2F4-B237-4F342BE9ED44,2025,44,0,1,0,0,0,0,0,0,1,0,0,0,0,0,0,1,0,0,0,0,0,0,0,1,0
71a7c4d0-c4f6-11e9-b9c4-cb3751948e05,2019,05,0,0,0,0,0,1,0,0,0,1,0,0,0,1,0,0,0,0,0,0,0,0,0,1,0
07CC5D81-AA46-4D98-8560-FDA976B9F30C,2023,61,1,1,0,0,0,0,0,0,1,0,0,0,0,0,0,0,1,0,0,0,0,0,0,1,1
848F849B-322C-4DCB-BC89-B8963C6C6A8A,2016,00,0,0,0,0,1,0,0,0,0,1,0,0,1,0,0,0,0,0,0,0,0,0,0,1,0
0FE58E91-C3A5-44AF-80ED-94E96B04CB06,2012,61,0,1,0,0,0,0,0,0,1,0,0,0,0,0,0,1,0,0,1,0,1,0,0,0,0
92BE6D35-2CCE-4C85-9189-C3ABFBF3AD08,2016,00,0,0,0,1,1,0,0,0,0,1,0,0,1,0,0,0,0,0,0,0,0,0,0,1,0
44954D64-D89D-4D0D-A01C-4752BF34981B,2023,61,1,1,0,0,0,0,0,0,1,0,0,0,0,0,0,0,1,0,0,0,0,0,0,1,1
0E308D20-5149-4820-BBDD-72657365DE2E,2024,52,0,1,0,0,0,0,0,0,1,0,0,0,0,0,0,1,0,0,0,0,0,0,0,1,0
1003F66F-2557-4FCE-A726-4A1652D52283,2014,00,0,1,0,0,0,0,0,0,1,0,0,0,0,0,0,0,0,0,1,0,1,0,0,0,0
ADEFCB61-AF38-4372-A2F9-51D216F9F98A,2015,06,0,0,0,0,1,0,0,0,0,1,0,0,1,0,0,0,0,0,0,0,0,0,0,1,0
f66b71a0-60ad-11ef-9e46-dd4b4f37ae39,2023,92,1,0,0,0,0,0,0,1,1,0,0,0,0,0,0,0,1,0,0,0,0,0,0,1,0
1007604E-EADA-47AE-83AE-6BAF638720AE,2013,92,0,0,0,1,0,0,0,0,1,0,0,0,0,0,1,0,0,0,0,0,0,0,0,1,0
10084AC2-945E-417F-AB63-CF916A85E674,2013,72,1,1,0,0,0,0,0,0,1,0,0,0,0,0,0,0,1,0,0,0,0,0,0,1,0
10095F4C-E09F-4232-A389-CFA4BCAD86C7,2010,62,0,0,0,1,0,0,0,0,0,1,0,0,0,0,1,0,0,0,0,0,0,0,0,1,0
c8eb9960-8c17-11e8-bfaf-f7b4555dc539,2017,92,0,0,0,0,0,1,0,0,0,1,0,0,0,1,1,0,0,0,0,0,1,0,0,0,0
101278F2-8031-49FC-ABF9-0918E861F9B9,2012,00,0,0,0,0,0,1,0,0,1,1,0,0,0,0,1,0,0,0,0,0,0,1,0,0,0
101AA2D1-56A5-4F55-8EC3-438EB9062565,2013,92,0,1,0,0,0,0,0,0,1,0,0,0,0,0,0,1,0,0,0,0,1,0,0,0,0
101ED498-A0F3-4786-BC00-8F8454FA8B3B,2014,61,0,1,0,0,0,0,0,0,1,0,0,0,0,0,0,0,1,0,0,0,0,0,0,1,0
eaef4a20-9a72-11e8-b855-9f03b7750df7,2016,44,0,0,0,0,1,0,0,0,0,1,0,0,1,0,0,0,0,0,0,0,0,0,0,1,0
49632f80-d30e-11e8-9b3a-b50b161886e9,2018,51,0,1,0,0,0,0,0,0,1,0,0,0,0,0,0,1,0,0,0,0,0,0,0,1,0
102A044F-9564-4240-ADBA-7DAB7A3CA11F,2013,00,1,1,1,0,0,0,0,0,1,0,0,0,0,0,0,0,0,1,0,0,0,0,0,1,0
10343ABE-B671-4137-8D02-FFDE3ADDB7DA,2013,48,1,1,1,0,0,0,0,0,1,0,0,0,0,0,0,0,0,1,0,0,0,0,0,1,0
1037D65E-63BC-4415-9DC6-24DFBB128C73,2015,62,0,0,0,1,0,0,0,0,1,0,0,0,0,0,1,0,0,0,0,0,0,1,0,0,0
298f0be0-cd02-11e9-a052-6392f3b8c0e8,2018,05,0,1,0,0,0,0,0,0,1,0,0,0,0,0,0,1,0,0,0,0,0,0,0,1,0
104CE2CF-D39D-41EB-B073-24393FFE9E85,2006,05,0,0,0,0,0,0,0,1,1,0,0,0,0,0,0,0,0,0,0,1,0,0,0,1,0
1051333F-7BA8-4024-96DB-6B862EB67CE1,2013,72,0,1,0,0,0,0,0,0,1,0,0,0,0,0,0,0,1,0,0,0,0,0,0,1,0
10567C90-A00F-473C-A312-CCE52CE23400,2012,92,0,1,0,0,0,0,0,0,1,0,0,0,0,0,0,1,0,0,0,0,0,1,0,0,0
105E4B67-AC51-439D-9FEC-C0AC85F7DFA8,2013,62,0,0,0,1,0,0,0,0,1,0,0,0,0,0,1,0,0,0,0,0,0,0,0,1,0
1060534A-9D75-4BF1-B1CF-79AD4271FCCB,2013,61,0,0,0,0,0,1,0,0,0,1,0,0,0,1,0,0,0,0,0,0,0,0,0,1,0
1061E9DC-9CDE-4579-9B46-133F7AC65C7A,2012,52,0,1,0,0,0,0,0,0,1,0,0,0,0,0,0,0,0,0,0,1,0,0,0,1,0
10650166-6280-4477-9C8A-8669EF6EB295,2014,54,0,1,1,0,0,0,0,0,1,0,0,0,0,0,0,1,0,1,0,0,1,0,0,0,0
106B44EA-183E-4E61-9C8B-868DFA7DF838,2009,62,0,0,0,0,1,0,0,0,0,1,0,0,1,0,0,0,0,0,0,0,0,0,1,0,0
106E8369-75D3-49D3-A059-1EDA77F2F4B1,2013,09,0,0,0,0,1,0,0,0,0,1,0,0,1,0,0,0,0,0,0,0,0,0,0,1,0
d15cc8d0-a99a-11ed-aa48-c57b469b256d,2021,00,0,1,0,0,0,0,0,0,1,0,0,0,0,0,0,1,0,0,0,0,0,0,0,1,0
7e1ec950-d57b-11e7-af4f-6b5d4514198e,2016,08,0,0,1,0,0,0,0,0,1,0,0,0,0,0,0,0,0,1,0,0,0,0,0,1,0
1077349A-787F-4B3B-8C30-4CB2A68F291F,2013,72,0,1,0,0,0,0,0,0,1,0,0,0,0,0,0,0,1,0,0,0,0,0,0,1,0
107ACAE3-1E1A-4C48-9BE0-11BC237563DC,2013,00,0,0,0,1,0,0,0,0,1,0,0,0,0,0,1,0,0,0,0,0,0,1,0,0,0
108239ED-F224-44FF-B7C1-FC0A2FE79E82,2013,22,0,1,0,0,0,0,0,0,0,1,0,0,0,0,0,0,0,0,0,1,0,0,0,1,0
4f0c06c0-a501-11ea-9a08-d99599f4dafe,2020,61,0,0,0,0,0,1,0,0,0,1,0,0,0,1,0,0,0,0,0,0,0,0,0,1,0
10907CF2-6668-4188-80C3-D199D8B777CE,2013,61,0,0,0,0,0,1,0,0,0,1,0,0,0,1,0,0,0,0,0,0,0,0,0,1,0
1094E74A-7FF5-4E10-BA48-DB7059E3D5B6,2012,92,0,0,0,0,0,1,0,0,0,1,0,0,0,1,0,0,0,0,0,0,0,0,0,1,0
109CF61D-8B84-4C30-8D0F-AF5951C08459,2013,00,0,1,0,0,0,0,0,0,1,0,0,0,0,0,0,1,0,0,0,0,0,0,0,1,0
10A705AF-9742-415E-8BB4-838FD6D41BEE,2011,00,0,0,0,1,0,0,0,0,1,0,0,0,0,0,1,0,0,0,0,0,0,1,0,0,0
6ba26d40-cfe8-11e9-aa40-01794b8efffe,2019,51,1,0,0,0,0,0,0,1,1,0,0,0,0,0,0,0,1,0,0,0,1,0,0,0,0
e7293050-d965-11e7-8b17-fdfed30923dd,2016,62,0,1,0,0,0,0,0,0,1,0,0,0,0,0,0,0,0,0,0,1,0,0,0,1,0
10AEA5FC-BF17-472C-AAD9-5C919B630678,2009,00,0,0,0,0,1,0,0,0,0,1,0,0,1,0,0,0,0,0,0,0,0,0,0,1,0
10B0C36C-C3BF-48E7-BA4D-E95E97633AB3,2011,51,0,1,0,0,0,0,0,0,1,0,0,0,0,0,0,0,0,0,0,1,0,0,0,1,0
10B9F526-E803-4D8E-895F-69A1D306EEFB,2014,33,0,1,0,0,0,0,0,0,1,0,0,0,0,0,0,1,0,0,0,0,0,0,0,1,0
cc7a6720-eeb3-11e7-b683-c1703914e4a4,2016,62,0,0,0,1,0,0,0,0,1,0,0,0,0,0,1,0,0,0,0,0,0,1,0,0,0
10C7DEA9-39EB-40FD-A3B1-121B3AFA3777,2013,54,0,0,0,0,0,1,0,0,0,0,1,0,0,1,0,0,0,0,0,0,0,0,0,1,0
10D119F7-A282-4724-A5D5-D14CB7B07157,2014,72,0,1,0,0,0,0,0,0,1,0,0,0,0,0,0,1,1,0,0,0,0,0,0,1,0
10D2B2B0-9B00-49A9-8A41-76B0C6739A50,2013,52,0,0,0,0,1,0,0,0,0,1,0,0,1,0,0,0,0,0,0,0,0,0,0,1,0
10D8A632-1904-4020-BB83-AF9B25B3B500,2013,00,0,0,0,1,0,0,0,0,1,0,0,0,0,0,1,0,0,0,0,0,0,1,0,0,0
F129C970-3B04-4581-A42D-5F1432284386,2015,52,0,0,0,1,0,0,0,0,1,0,0,0,0,0,1,0,0,0,0,0,0,0,0,1,0
10EABC97-DB33-4CA5-A0E0-BF09254DDD8E,2010,81,0,0,0,1,0,0,0,0,1,0,0,0,0,0,1,0,0,0,0,0,0,1,0,0,0
10EF4DF6-0609-4B6A-9E6B-36B7E3EF510E,1998,09,0,0,0,0,1,0,0,0,0,1,0,0,1,0,0,0,0,0,0,0,0,0,0,1,0
a53fac40-0c72-11ea-bb2f-edf349509116,2005,51,0,0,0,0,1,0,0,0,0,1,0,0,1,0,0,0,0,0,0,0,0,0,0,1,0
10F2CD0B-3DC2-46BC-92B9-D449244FE9C9,2012,52,0,0,0,0,0,1,0,0,0,0,1,0,0,1,0,0,0,0,0,0,0,0,0,1,0
0619f490-ded7-11e9-843d-75ce6c835970,2015,51,0,0,0,0,1,0,0,0,0,1,0,0,1,0,0,0,0,0,0,0,0,0,0,1,0
6876AF13-A15C-4053-ACE0-F50F68EE14AA,2011,54,0,0,0,0,1,0,0,0,0,1,0,0,1,0,0,0,0,0,0,0,0,0,0,1,0
110777BE-8E74-4344-B65E-6F6ACC638A1F,2015,92,0,1,0,0,0,0,0,0,1,0,0,0,0,0,0,1,0,0,0,0,1,0,0,0,0
9e083bb0-2452-11eb-af35-ed9bb3f10d5f,2020,00,0,1,0,0,0,0,0,0,1,0,0,0,0,0,0,1,0,0,0,0,0,0,0,1,0
110C4B95-E26D-4972-8C88-596EB9BF2D56,2011,00,0,0,0,0,1,0,0,0,1,1,0,0,1,0,0,0,0,0,0,0,0,0,0,1,0
1110840D-DA8A-4E67-8E61-9E9D57D754CE,2010,62,0,0,0,1,0,0,0,0,1,0,0,0,0,0,1,0,0,0,0,0,0,1,0,0,0
f09201d0-f0dd-11e9-84f3-1937a4e658d4,2019,00,1,0,0,0,0,0,0,0,1,0,0,0,0,0,0,0,1,0,0,0,1,0,0,0,0
938e7000-1b84-11ea-aa10-8d551748dadb,2019,52,0,1,1,0,0,0,0,0,1,0,0,0,0,0,0,0,0,1,0,0,0,0,0,1,0
111FED48-FD37-4576-ACA5-3A25F2203185,2013,05,0,0,0,1,0,0,0,0,1,0,0,0,0,0,0,0,0,0,0,1,0,0,0,1,0
113894CF-3622-4EB1-B73E-FC9D1CBB958B,2014,33,0,1,0,0,0,0,0,0,1,0,0,0,0,0,0,1,0,0,0,0,1,0,0,0,0
113C8BA8-EB38-4B95-B03C-EC98B95F07C7,2015,51,0,1,0,0,0,0,0,0,1,0,0,0,0,0,0,0,1,0,0,0,0,0,0,1,0
114329B6-C17F-4736-B706-7B896188CA5A,2012,62,0,1,0,0,0,0,0,1,1,0,0,1,0,0,0,0,0,0,0,1,0,1,0,0,0
bd49b260-9d69-11e7-af90-45f1ceac3d54,2016,92,0,0,0,1,0,0,0,0,0,1,0,0,0,0,1,0,0,0,0,0,0,0,0,1,0
11544B18-1A8E-4CF2-9389-38A5DC70E45D,2010,62,0,0,0,0,0,0,0,1,0,0,0,1,0,0,0,0,0,0,0,1,0,1,0,0,0
11598E83-2398-418A-973E-2CFDF98EFE01,2013,00,0,1,0,0,0,0,0,0,1,0,0,0,0,0,0,0,0,0,1,0,1,0,0,0,0
c2ae3bc0-72ce-11eb-a674-05cfd55ad89e,2019,04,0,1,0,0,0,0,0,0,1,0,0,0,0,0,0,1,0,0,0,0,0,0,0,1,0
1166A957-5C78-41CE-81A5-859FA703BAC0,2012,92,0,0,0,0,0,1,0,0,0,1,0,0,0,1,0,0,0,0,0,0,0,0,0,1,0
11693195-77EB-4460-8FDF-4E107BB835CE,2011,61,0,1,0,0,0,0,0,0,1,0,0,0,0,0,0,1,0,0,1,0,1,0,0,0,0
48296db0-72d3-11e7-ace1-3bcdf5dc8d5d,2017,00,0,0,0,1,0,0,0,0,1,0,0,0,0,0,1,0,0,0,0,0,0,1,0,0,0
1B9291B9-20D8-4432-937F-E187F66B3A5A,2016,61,0,1,0,0,0,0,0,0,1,0,0,0,0,0,0,0,1,0,0,0,0,0,0,1,0
1171F1CA-6752-4994-A444-EA09D05C8375,2013,62,0,0,0,0,0,1,0,0,0,1,0,0,0,1,0,0,0,0,0,0,0,0,0,1,0
1174F249-26D4-446F-A55B-4AD76EE9FD87,2014,32,0,0,0,0,1,0,0,0,0,1,0,0,1,0,0,0,0,0,0,0,0,0,0,1,0
8887D25D-DAF9-477D-BE3F-CB86ACF2243D,2016,92,0,0,0,1,0,0,0,0,1,0,0,0,0,0,1,0,0,0,0,0,0,1,0,0,0
1c8aeff0-c498-11e7-9a8b-47d1b690bc01,2017,00,0,0,0,1,0,0,0,0,0,1,0,0,0,0,1,0,0,0,0,0,0,1,0,0,0
117CF68F-C3CA-426A-903D-FD1FBEBCF237,2014,00,0,1,0,0,0,0,0,0,1,0,0,0,0,0,0,1,0,0,0,0,1,0,0,0,0
A03CAA2C-5FCB-4257-87F7-104C27B87FF6,2023,61,1,1,0,0,0,0,0,0,1,0,0,0,0,0,0,0,1,0,0,0,0,0,0,1,1
D9B6B9C6-0115-4B66-A322-FA6F48FCF740,2016,62,0,0,0,1,0,1,0,0,1,1,0,0,0,0,1,0,0,0,0,0,0,1,0,0,0
1192096F-C8CA-4952-A08D-A0A78059C3D9,2014,52,0,1,0,0,0,0,0,0,1,0,0,0,0,0,0,0,0,0,0,1,0,0,0,1,0
11999F47-2C92-425C-B5CA-4B029E559810,2015,00,0,0,0,0,0,1,0,0,0,1,0,0,0,1,0,0,0,0,0,0,0,0,0,1,0
119A1FD7-869F-453B-9828-0ABEBB147EE8,2013,61,0,0,0,0,0,1,0,0,0,1,0,0,0,1,0,0,0,0,0,0,0,0,0,1,0
424B5B2B-D257-4868-9F9B-60380ED1BBEA,2023,61,1,1,0,0,0,0,0,0,1,0,0,0,0,0,0,0,1,0,0,0,0,0,0,1,1
18F60955-A4EF-40F4-8030-642903AF44F2,2015,62,0,0,0,0,1,0,0,0,0,1,0,0,1,0,0,0,0,0,0,0,0,0,0,1,0
9851c980-c24c-11e8-bf07-99bafabab839,2016,62,0,0,0,0,1,0,0,0,0,1,0,0,1,0,0,0,0,0,0,0,0,0,0,1,0
11AE760F-AABB-4DC6-85DB-76A983DF019C,2015,62,0,0,0,0,0,1,0,0,0,1,0,0,0,1,0,0,0,0,0,0,0,0,0,1,0
33b78050-6c8b-11eb-ae4f-03e1e00a9a54,2019,00,0,0,0,0,0,1,0,0,0,1,0,0,0,1,0,0,0,0,0,0,0,0,0,1,0
11B162E0-CE24-4C0E-8C69-079ACDBF683D,2011,92,0,0,0,0,0,1,0,0,0,1,0,0,0,1,0,0,0,0,0,0,0,0,0,1,0
11B2250A-6352-4367-AE83-6583940A0B62,2013,62,0,0,0,1,0,0,0,0,1,0,0,0,0,0,1,0,0,0,0,0,0,1,0,0,0
11B440A7-D2F0-43B4-865F-25D4517BBF41,2010,62,0,0,0,0,0,1,0,0,0,1,0,0,0,0,1,0,0,0,0,0,0,1,0,0,0
11BB0DBF-F2BB-46AC-9C06-237F51D05874,2013,81,0,1,1,0,0,0,0,0,1,0,0,0,0,0,0,0,0,1,0,0,0,0,0,1,0
b8a34290-e377-11e7-bf7a-0771e1cc9602,2017,62,0,0,1,0,0,0,0,0,1,0,0,0,0,0,0,0,0,1,0,0,0,0,0,1,0
11BF4C4A-27AD-48DE-8AB2-E74F6C547283,2010,92,0,0,0,0,0,1,0,0,0,1,0,0,0,0,1,0,0,0,0,0,0,0,1,0,0
D40C05F9-AD42-43AD-AFE3-9FCAEBD9AA7F,2016,62,0,1,0,0,0,0,0,0,1,0,0,0,0,0,0,0,0,0,0,1,0,1,0,0,0
cef75210-d559-11e7-bfad-07ede9e0bc7c,2014,62,0,0,0,0,0,1,0,0,0,1,0,0,0,1,0,0,0,0,0,0,0,0,0,1,0
4B997ACC-741B-43D1-8F51-11D2807EFB37,2023,52,1,1,0,0,0,0,0,0,1,0,0,0,0,0,0,0,1,0,0,0,0,0,0,1,1
a63c0cd0-2f29-11eb-be94-ff2f41197b3c,2020,54,0,1,0,0,0,0,0,0,1,0,0,0,0,0,0,1,0,0,0,0,0,0,0,1,0
a4df4420-0cc8-11eb-9ca0-972c112a0cb8,2019,48,1,1,0,0,0,0,0,0,1,0,0,0,0,0,0,0,1,0,0,0,0,0,0,1,0
11E3CB4F-B6AF-4D26-8A5D-0F04D7CE7FE8,2006,51,0,0,0,0,0,0,0,1,0,0,0,1,0,0,0,0,0,0,0,1,0,0,0,1,0
c23a1a90-d90f-11f0-82e6-074fe481ef29,2024,00,1,0,0,0,0,0,0,1,1,0,0,0,0,0,0,0,1,0,0,0,0,0,0,1,0
961FAF98-F511-4D31-8626-812A18E31A3B,2015,92,0,0,0,0,0,1,0,0,0,1,0,0,0,1,0,0,0,0,0,0,0,0,0,1,0
3E729A47-7874-4465-AB38-C7FCD847E042,2023,61,1,1,0,0,0,0,0,0,1,0,0,0,0,0,0,0,1,0,0,0,0,0,0,1,1
11F4E9DE-75C5-462E-98BF-D5FEEE7DA395,2010,92,0,0,0,0,0,1,0,0,0,1,0,0,0,1,0,0,0,0,0,0,0,0,1,0,0
1866145A-1814-4A66-89F0-1ADD79D969A0,2015,51,0,1,0,0,0,0,0,0,1,0,0,0,0,0,0,1,0,0,0,0,0,0,0,1,0
12009EE8-4A4C-4A67-A58B-6FF98449A8A0,2012,62,0,0,0,1,0,0,0,0,1,0,0,0,0,0,1,0,0,0,0,0,0,1,0,0,0
4F193BDC-1EF0-47C4-8B12-8FEF9F75E409,2023,61,1,1,0,0,0,0,0,0,1,0,0,0,0,0,0,0,1,0,0,0,0,0,0,1,1
1209234C-90B8-4FD2-BC6E-1B9D61A33B6F,2013,48,0,0,0,1,0,0,0,0,1,0,0,0,0,0,0,0,0,0,0,1,0,1,0,0,0
E51388AE-9FB4-49F4-8497-7CAF2E3AE57F,2016,62,0,0,0,1,0,0,0,0,1,0,0,0,0,0,1,0,0,0,0,0,0,0,0,1,0
8AFEFAA6-242D-4674-87C4-6C5C81B0CD80,2016,00,0,0,0,0,0,1,0,0,0,1,0,0,0,1,0,0,0,0,0,0,0,0,0,1,0
b6a594a0-bf16-11e7-94fd-31775d0f94dc,2016,92,0,0,0,0,1,0,0,0,0,1,0,0,1,0,0,0,0,0,0,0,0,0,0,1,0
0d70a4c0-7697-11ef-927d-1558a141866c,2023,72,0,1,0,0,0,0,0,0,1,0,0,0,0,0,0,1,0,0,0,0,0,0,0,1,0
12377004-44BE-4C1C-98FF-EC9F841B5187,2012,09,0,1,0,0,0,0,0,0,1,0,0,0,0,0,0,0,1,0,0,0,0,0,0,1,0
9b2c9e60-8c13-11e8-bfaf-f7b4555dc539,2018,54,0,1,0,0,0,0,0,0,1,0,0,1,0,0,0,1,0,0,0,0,0,0,0,1,0
1241FEA7-1D28-41C4-A0F4-6DCCDD2EDEB4,2012,03,0,0,0,1,0,0,0,0,1,0,0,0,0,0,1,0,0,0,0,0,0,1,0,0,0
124468E2-5D22-46B4-AAFE-A41E4891DF4F,2001,09,0,0,0,0,1,0,0,0,0,1,0,0,1,0,0,0,0,0,0,0,0,0,0,1,0
72488720-0b5d-11e8-985b-1119ad21cbad,2017,00,0,1,0,0,0,0,0,0,1,0,0,0,0,0,0,1,0,0,0,0,0,0,0,1,0
C5A38D48-6C36-4A12-9554-C4802DE27377,2016,62,0,0,0,0,1,1,0,0,0,1,0,0,1,0,0,0,0,0,0,0,0,1,0,0,0
F6600507-FEDB-45F5-82D4-8F5D347D3002,2023,52,1,1,0,0,0,0,0,0,1,0,0,0,0,0,0,0,1,0,0,0,0,0,0,1,1
124DD87B-C61E-4C74-BDF4-4A4DE0220D15,2012,51,0,0,0,0,1,0,0,0,0,0,1,0,1,0,0,0,0,0,0,0,0,0,0,1,0
12509819-4B66-456D-B7C0-B934A1E95923,2012,61,0,1,0,0,0,0,0,0,1,0,0,0,0,0,0,1,0,0,1,0,1,0,0,0,0
1251E891-F2DC-4655-8854-BB75E004C629,2013,92,0,0,0,0,0,1,0,0,0,1,0,0,0,1,0,0,0,0,0,0,0,0,0,1,0
1ac204b0-3dd3-11ed-8ffa-ebb9abb0c009,2022,72,0,0,0,0,1,0,0,0,0,1,0,0,1,0,0,0,0,0,0,0,0,0,0,1,0
5fdeecc0-1438-11e9-9b0e-db2459a65ffe,2018,51,0,0,0,0,0,1,0,0,0,1,0,0,0,1,0,0,0,0,0,0,0,0,0,1,0
125F978D-13B4-45C1-9E15-91B92B3CFBDD,2012,62,0,0,0,1,0,0,0,0,1,0,0,0,0,0,1,0,0,0,0,0,0,1,0,0,0
126035B1-234D-4E45-B5A9-BB39C6E13EA8,2011,92,0,0,0,0,0,1,0,0,0,1,0,0,0,0,1,0,0,0,0,0,0,0,0,1,0
1260F763-CC95-4A3E-AA6F-F74AC699AB47,2013,33,0,1,0,0,0,0,0,0,1,0,0,0,0,0,0,1,0,0,0,0,0,0,0,1,0
126A061A-B511-4260-BCC4-31B159FA289D,2015,52,0,1,0,0,0,0,0,0,1,0,0,0,0,0,0,1,0,0,0,0,0,0,0,1,0
23FD1B2C-2E9A-4391-9AD6-0D68FC1B772B,2014,00,0,0,0,0,1,0,0,0,0,1,0,0,1,0,0,0,0,0,0,0,0,0,0,1,0
127B2747-C648-44E6-A1E9-F6B922660619,2013,72,0,0,0,1,0,0,0,0,1,0,0,0,0,0,1,0,0,0,0,0,0,1,0,0,0
23c26aa0-72f4-11e7-a859-bd14321ac1c3,2017,00,0,0,0,0,0,1,0,0,0,1,0,0,0,1,0,0,0,0,0,0,0,0,0,1,0
1293154D-3571-421D-BF2D-545F08F3266D,2012,56,0,1,0,0,0,0,0,0,0,0,0,1,0,0,0,1,0,0,0,0,0,0,0,1,0
129360E6-DFA5-46EB-9A20-19556828B716,2013,51,0,1,0,0,0,0,0,0,1,0,0,0,0,0,0,1,0,0,0,0,0,0,0,1,0
3cb621c0-237f-11eb-a2fc-cdee479fbead,2020,51,0,0,0,0,0,1,0,0,0,1,0,0,0,1,0,0,0,0,0,0,0,0,0,1,0
129F6AE1-DDCD-4E60-86F5-9E00411E0F3E,2010,92,0,0,0,0,0,1,0,0,0,1,0,0,0,1,0,0,0,0,0,0,0,0,1,0,0
E5822167-F7F2-49B1-8517-5020EE13E38C,2023,61,1,1,0,0,0,0,0,0,1,0,0,0,0,0,0,0,1,0,0,0,0,0,0,1,1
735628f0-a778-11e7-ae18-bd2df8850f54,2017,44,0,0,0,1,0,0,0,0,1,0,0,0,0,0,0,0,0,0,0,1,0,0,0,1,0
56a75d70-994d-11e7-a069-d9175a67bd3e,2017,51,0,1,0,0,0,0,0,0,1,0,0,0,0,0,0,1,0,0,0,0,0,1,0,0,0
12B45927-7707-4B4E-A1B9-CEF4188489BA,2014,61,0,1,0,0,0,0,0,0,1,0,0,0,0,0,0,1,0,0,0,0,0,0,0,1,0
12BABA8B-0278-4824-B009-43CD68108F2F,1971,09,0,0,0,1,0,0,0,0,1,0,0,0,0,0,1,0,0,0,0,0,0,0,0,1,0
18c454b0-a629-11e8-b571-7db57cad93dd,2018,05,0,0,0,0,0,1,0,0,0,1,0,0,0,1,0,0,0,0,0,0,0,0,0,1,0
12D929E4-7D38-4B39-B190-0CB5CD2EA150,2010,00,0,0,0,0,0,1,0,0,0,1,0,0,0,1,0,0,0,0,0,0,0,0,0,1,0
12DAAE40-382D-4399-B96D-4027FA6BA128,2014,00,0,1,0,0,0,0,0,0,1,0,0,0,0,0,0,1,0,0,1,0,1,0,0,0,0
12E1E6D6-6BCF-4879-840B-152571828370,2014,62,0,0,0,0,0,1,0,0,0,1,0,0,0,1,0,0,0,0,0,0,0,0,0,1,0
53b7b410-246f-11eb-b042-01be07ea3379,2019,51,0,0,0,0,0,1,0,0,0,1,0,0,0,1,0,0,0,0,0,0,0,0,0,1,0
12E745DE-AC54-4DE0-9D67-5D5D16616B3A,2013,62,0,0,0,0,1,0,0,0,0,1,0,0,1,0,0,0,0,0,0,0,0,0,0,1,0
12EA2011-A15B-4AF3-8AD4-82E3FBF345B2,2013,62,0,0,1,0,1,0,0,0,1,1,0,0,1,0,0,0,0,0,0,0,0,0,0,1,0
a260dfa0-a0f9-11ea-878c-ff8a51fa1e8f,2020,05,1,0,0,0,0,0,0,0,1,0,0,0,0,0,0,0,1,0,0,0,0,0,0,1,0
12FA148B-4F30-4432-A143-A0108EE26316,2013,62,0,0,1,0,1,0,0,0,1,1,0,0,1,0,0,0,0,0,0,0,0,0,0,1,0
d30337e0-8907-11e8-82c8-d50e157d53ee,2018,61,0,0,0,0,0,1,0,0,0,1,0,0,0,1,0,0,0,0,0,0,0,0,0,1,0
12FF347E-D321-44FC-B65E-80057FC51F16,2007,00,0,0,0,0,1,0,0,0,0,1,0,0,1,0,0,0,0,0,0,0,0,0,0,1,0
A6D6851E-F826-4575-BFFF-E6867ACD7355,2016,44,0,0,0,1,0,0,0,0,1,0,0,0,0,0,0,0,0,0,0,1,0,0,0,1,0
1317A240-E483-49BF-A1E6-A0B138A8C0F9,2012,61,0,1,0,0,0,0,0,0,1,0,0,0,0,0,0,0,0,0,0,1,0,0,0,1,0
13188709-C0E4-43C8-881F-F00F330353E1,2014,81,0,1,0,0,0,0,0,0,1,0,0,0,0,0,0,0,0,0,1,0,1,0,0,0,0
13191567-7A43-496F-BC56-3F3C67A986B0,2012,00,0,1,0,0,0,0,0,0,1,0,0,0,0,0,0,0,0,0,0,1,0,0,0,1,0
131ECD74-308D-423E-AAAF-8ECA2C52EC69,2010,92,0,0,0,0,0,1,0,0,0,1,0,0,0,1,0,0,0,0,0,0,0,0,1,0,0
D65463C9-8427-4492-B064-68F030E203F8,2015,44,0,0,0,1,0,0,0,0,1,0,0,0,0,0,0,0,0,0,0,1,0,0,0,1,0
f218e420-a57e-11e8-b571-7db57cad93dd,2018,52,1,1,0,0,0,0,0,0,1,0,0,0,0,0,0,0,1,0,0,0,0,0,0,1,0
6D8E094F-CBCE-427F-8C93-AD177FFC3F7C,2023,61,1,1,0,0,0,0,0,0,1,0,0,0,0,0,0,0,1,0,0,0,0,0,0,1,1
72c72260-120d-11eb-a3ae-53136ea5d4e6,2020,00,0,1,1,0,0,0,0,0,1,0,0,0,0,0,0,0,0,1,0,0,0,0,0,1,0
87F17A1F-ED44-49CC-AC92-7CD4D8CA9437,2016,92,0,1,0,0,0,0,0,0,1,0,0,0,0,0,0,1,0,0,0,0,0,0,0,1,0
1337BBC1-E027-46B2-9B46-CC67F6B5E357,2013,92,0,0,0,0,1,0,0,0,0,1,0,0,1,0,0,0,0,0,0,0,1,0,0,0,0
134B7719-E885-4A38-8ADE-9E01BAED3893,2010,92,0,0,0,0,0,1,0,0,0,1,0,0,0,1,0,0,0,0,0,0,0,0,1,0,0
134B7A45-88F2-41EC-8489-32CD79BD66B0,2012,61,0,1,0,0,0,0,0,0,1,0,0,0,0,0,0,0,1,0,0,0,0,1,0,0,0
134EB8C7-4188-40E8-A7CD-E502EDB51531,2011,62,0,0,0,0,0,1,0,0,0,0,1,0,0,1,0,0,0,0,0,0,0,0,0,1,0
954d27c0-d0c0-11e8-bbbb-67b2993a8980,2018,92,0,0,0,0,0,1,0,0,0,1,0,0,0,1,0,0,0,0,0,0,1,0,0,0,0
38129A2E-5391-4780-AF82-7C78DD5AC570,2016,06,0,1,0,0,0,0,0,0,1,0,0,0,0,0,0,1,0,0,0,0,0,0,0,1,0
136124C5-48C3-4A70-B0E6-B121F1D49917,2010,62,0,0,0,0,0,0,0,1,0,0,0,1,0,0,0,0,0,0,0,1,0,1,0,0,0
13635125-2FAE-444F-B8EC-7C7A15810A0B,2013,00,0,0,0,1,0,0,0,0,1,0,0,0,0,0,1,0,0,0,0,0,0,1,0,0,0
1367FF69-67EB-4860-937E-EA0F338A4E68,2012,51,0,1,0,0,0,0,0,0,1,0,0,0,0,0,0,1,0,0,0,0,0,0,1,0,0
136C4ED4-10F2-4D6C-953E-9C240C3EE6CF,2012,92,0,0,0,0,1,0,0,0,0,1,0,0,1,0,0,0,0,0,0,0,0,0,0,1,0
ebb820a0-880b-11e7-9a4a-fb58f2b09996,2016,00,1,0,0,0,0,0,0,0,1,0,0,0,0,0,0,0,1,0,0,0,0,0,0,1,0
137DB50E-78C8-4622-AC96-E4116E26BD34,2015,00,1,0,0,0,0,0,0,0,1,0,0,0,0,0,0,0,1,0,0,0,0,1,0,0,0
137E1915-A4DC-43DF-B96F-8ECBF21E7EBB,2011,92,0,0,0,0,0,1,0,0,0,1,0,0,0,1,0,0,0,0,0,0,0,0,0,1,0
9C83F720-32C3-49E3-8EEA-71D2571672BD,2023,61,1,1,0,0,0,0,0,0,1,0,0,0,0,0,0,0,1,0,0,0,0,0,0,1,1
13863311-B3E3-4E6C-866F-E1BBFFBBC563,2012,56,0,0,0,1,0,0,0,0,1,0,0,0,0,0,1,0,0,0,0,0,0,1,0,0,0
138A8E69-1162-4393-B924-BD5E22164F17,2007,52,0,0,0,1,0,0,0,0,1,0,0,0,0,0,1,0,0,0,0,0,0,1,0,0,0
138AFF1D-5D9E-494F-85E1-E2C7D6028C2B,2007,00,0,1,0,0,0,0,0,0,1,0,0,0,0,0,0,1,0,0,0,0,0,0,0,1,0
40C61676-B6D0-4FED-9B8D-932F374D0239,2023,61,1,1,0,0,0,0,0,0,1,0,0,0,0,0,0,0,1,0,0,0,0,0,0,1,1
13975080-2145-4164-B1BE-0C3A66E46350,2014,62,0,0,0,0,0,1,0,0,0,1,0,0,0,1,0,0,0,0,0,0,0,0,0,1,0
139A583F-2887-43A5-ACBA-C58633191BA1,2013,61,0,0,0,1,0,0,0,0,1,0,0,0,0,0,1,0,0,0,0,0,0,1,0,0,0
139B8366-B311-4B18-B43C-86CA43B226C6,2013,00,1,1,1,0,0,0,0,0,1,0,0,0,0,0,0,0,0,1,0,0,0,0,0,1,0
E0EA47BA-AC2C-4FF7-877A-09F577779F02,2015,72,1,0,0,0,0,0,0,0,1,0,0,0,0,0,0,0,1,0,0,0,0,0,0,1,0
D7FC6A19-3D3E-4198-BB76-FB55C21152D9,2013,62,0,0,1,1,1,0,0,0,0,1,0,0,1,0,0,0,0,0,0,0,0,1,0,0,0
e8a07ca0-15e4-11ea-ba54-075d8b11bbd2,2017,92,0,0,0,0,0,1,0,0,0,1,0,0,0,1,0,0,0,0,0,0,0,0,0,1,0
67D4D237-C11E-46BB-B978-4B7DC2EF6917,2015,62,0,0,0,0,0,1,0,0,0,1,0,0,0,1,0,0,0,0,0,0,0,0,0,1,0
13AA9A62-F870-45AF-BE05-F5A7A3CDCE29,2011,54,0,1,0,0,0,0,0,0,1,0,0,0,0,0,0,0,0,0,0,1,0,0,0,1,0
13ABD132-9783-4496-9CB0-2A2CD3075D36,2010,92,0,0,0,0,1,0,0,0,0,1,0,0,1,0,0,0,0,0,0,0,0,0,0,1,0
182BE0C5-CDCD-5072-BB18-64CDEE4D3D6E,2025,00,0,1,0,0,0,0,0,0,1,0,0,0,0,0,0,1,0,0,0,0,0,0,0,1,0
13C2D1B4-21C0-4787-890B-62FABAB8B64E,2014,06,0,0,0,1,0,0,0,0,1,0,0,0,0,0,1,0,0,0,0,0,0,1,0,0,0
13CBB4AD-A22C-4664-A112-7528CAB0AAC3,2026,00,0,1,1,0,0,0,0,0,1,0,0,0,0,0,0,0,1,1,0,0,0,0,0,1,0
d1cf9820-0a3c-11ea-9821-617d71ee6253,2019,42,0,0,0,1,0,0,0,0,1,0,0,0,0,0,0,0,0,0,0,1,0,0,0,1,0
C5D5419C-457C-4F02-BE09-07C3F8629849,2015,54,0,0,1,0,0,0,0,0,0,1,1,0,0,0,0,0,0,1,0,0,0,0,0,1,0
13E7BC72-E278-48D1-8814-A0F9BBEB88FC,2014,62,0,0,0,0,1,0,0,0,0,1,0,0,1,0,0,0,0,0,0,0,0,1,0,0,0
13EB66CA-A1AF-4BAC-B83B-CF56F2435649,2010,52,0,0,0,0,0,1,0,0,0,1,0,0,0,1,0,0,0,0,0,0,0,1,0,0,0
13EF2063-9638-4E31-82B6-1937A431BD30,2013,61,0,1,0,0,0,0,0,0,1,0,0,0,0,0,0,1,0,0,0,0,0,1,0,0,0
13F31F2B-6032-4DAC-B2B9-912240BE906A,2012,62,0,0,0,0,1,0,0,0,0,1,0,0,1,0,0,0,0,0,0,0,0,0,0,1,0
13F68BDD-BC7D-40CD-B4BE-BA861A371182,2013,00,0,1,0,0,0,0,0,0,1,0,0,0,0,0,0,1,0,0,1,0,1,0,0,0,0
13FC7900-A93E-4988-AE99-C2B17BFD2EC1,2011,92,0,0,0,0,1,0,0,0,0,1,0,0,1,0,0,0,0,0,0,0,0,0,0,1,0
13FFE22F-8112-4B24-B434-A53571B27BB3,2011,09,0,0,0,0,1,0,0,0,0,1,0,0,1,0,0,0,0,0,0,0,0,0,0,1,0
7b58a9b0-179b-11eb-a388-210bf038e9e5,2020,54,0,0,0,0,0,1,0,0,0,1,0,0,0,1,0,0,0,0,0,0,0,0,0,1,0
5652D457-B3C3-4C33-8272-5F533397B0A0,2015,92,0,0,0,1,0,0,0,0,1,0,0,0,0,0,1,0,0,0,0,0,0,0,0,1,0
1428BE28-B5EE-43D9-884D-B462C515E468,2011,62,0,0,0,1,0,0,0,0,1,0,0,0,0,0,1,0,0,0,0,0,0,1,0,0,0
a7093520-0581-11ea-a6b7-b9a04765ea4f,2018,62,0,0,0,0,0,1,0,0,0,1,0,0,0,1,0,0,0,0,0,0,0,0,0,1,0
1437E137-D9AD-4D2F-8F27-F8A602193CF7,2012,81,0,1,0,0,0,0,0,0,1,0,0,0,0,0,0,1,0,0,0,0,0,0,0,1,0
1440DFDA-972D-4DDA-BF5A-F0C378314D4F,2011,52,0,0,0,0,1,0,0,0,0,1,0,0,1,0,0,0,0,0,0,0,0,0,0,1,0
56475651-7757-450A-B07A-25A4EC0B63B4,2023,61,1,1,0,0,0,0,0,0,1,0,0,0,0,0,0,0,1,0,0,0,0,0,0,1,1
14437695-0B7C-4B9F-A15B-F6A8E05DD65F,2012,92,1,1,1,0,0,0,0,0,1,0,0,0,0,0,0,0,0,1,0,0,0,0,0,1,0
3d1982d0-e0b1-11ef-bb83-fdfe95aef2b7,2024,54,0,1,1,0,0,0,0,0,1,0,0,0,0,0,0,0,0,1,0,0,1,0,0,0,0
A7B470D0-4A6F-485A-B64E-FAFA2AEF4EE8,2016,42,0,1,0,0,0,0,0,0,1,0,0,0,0,0,0,1,0,0,0,0,1,0,0,0,0
144EDA15-5D58-4D4F-BD26-9D1973AFE370,2012,81,0,1,0,0,0,0,0,0,1,0,0,0,0,0,0,0,0,0,0,1,0,1,0,0,0
EBD0FB11-0861-403F-B40C-6DA5D57A1658,2013,62,0,0,0,0,1,0,0,0,0,1,0,0,1,0,0,0,0,0,0,0,0,0,0,1,0
1F0E3DAD-9990-8345-F743-9F8FFABDFFC4,2025,51,0,1,0,0,0,0,0,0,1,0,0,0,0,0,0,1,0,0,0,0,0,0,0,1,0
146EA182-27DF-4B4D-8F06-9F1EB3B94B2B,2013,61,0,0,0,0,0,1,0,0,0,0,1,0,0,1,0,0,0,0,0,0,0,0,0,1,0
87c345b0-af63-11f0-a027-d955a4d2f085,2025,52,0,0,0,0,0,1,0,0,0,1,0,0,0,1,0,0,0,0,0,0,0,0,0,1,0
148ADF23-C2E0-425E-B223-ED505434CAD6,2013,92,0,0,0,0,0,1,0,0,0,1,0,0,0,1,0,0,0,0,0,0,0,0,0,1,0
E5BEA32C-49A4-4C13-A5CE-AF7876B9248D,2023,61,1,1,0,0,0,0,0,0,1,0,0,0,0,0,0,0,1,0,0,0,0,0,0,1,1
14A54958-3A12-45CA-B19D-F04883BB3FA0,2015,92,0,0,0,0,0,1,0,0,0,1,0,0,0,1,0,0,0,0,0,0,0,0,0,1,0
14A68CE2-AE69-455C-8146-70B108EA4098,2014,52,0,0,0,0,0,1,0,0,0,1,0,0,0,1,0,0,0,0,0,0,0,0,0,1,0
620A4C93-AA52-49B3-BCDF-7A7875652304,2016,62,0,0,0,1,0,0,0,0,1,0,0,0,0,0,1,0,0,0,0,0,0,0,0,1,0
14B00C7D-7303-4574-AFCF-1C1D9BD36605,2012,21,0,0,0,0,0,1,0,0,0,1,0,0,0,1,0,0,0,0,0,0,0,0,0,1,0
14B68C61-7059-41FA-BEE1-B72B50949CAF,2012,51,0,1,0,0,0,0,0,0,1,0,0,0,0,0,0,1,0,0,0,0,0,0,0,1,0
14B7DA00-272F-4DD2-8D56-B9224DB79260,2013,52,0,0,0,0,0,0,0,1,1,0,0,0,0,0,0,0,0,0,0,1,0,0,0,1,0
14B804AD-C1D9-4D74-A8F2-00FAD127F74A,2012,05,0,0,0,0,1,0,0,0,0,1,0,0,1,0,0,0,0,0,0,0,0,0,0,1,0
14B829D5-D2E2-45C7-B8A5-5111DC9F22B7,2010,92,0,0,0,0,0,1,0,0,0,1,0,0,0,1,0,0,0,0,0,0,0,0,1,0,0
14B8EE97-0996-49FF-B9A0-CFA61FBD050E,2013,56,0,0,0,0,1,0,0,0,0,1,0,0,1,0,0,0,0,0,0,0,0,0,0,1,0
14D1C730-E695-426A-90FF-F45E2E5E60B4,2014,62,0,0,0,0,0,1,0,0,0,1,0,0,0,1,0,0,0,0,0,0,0,0,0,1,0
14D69FDB-E830-4829-B698-503BDDB3FEF4,2013,62,1,0,0,0,0,0,0,0,1,0,0,0,0,0,0,0,1,0,0,0,0,1,0,0,0
14DEC90D-DC19-485C-A2B3-4FF1768B76D9,2014,61,0,0,0,0,1,0,0,0,0,1,0,0,1,0,0,0,0,0,0,0,0,0,1,0,0
14E103D3-6790-45BD-83DE-C837FAB0373D,2012,61,0,0,0,0,0,1,0,0,0,1,0,0,0,1,0,0,0,0,0,0,0,0,0,1,0
14F78E25-BE70-49ED-B5A7-40B5142C412E,2010,92,0,0,0,0,0,1,0,0,0,1,0,0,0,0,1,0,0,0,0,0,0,0,0,1,0
14FAE0A7-FFEF-4EEE-9032-A9DEBFF855F7,2014,00,0,1,0,0,0,0,0,0,1,0,0,0,0,0,0,1,0,0,0,0,1,0,0,0,0
150BDB40-17CE-4C42-A06C-C61DFF51DD52,2011,51,0,1,0,0,0,0,0,0,1,0,0,0,0,0,0,0,0,0,0,1,0,0,0,1,0
34fb7260-488f-11ec-be64-495e033b0bce,2021,05,0,0,0,0,0,1,0,0,0,1,0,0,0,1,0,0,0,0,0,0,0,0,0,1,0
a1da1460-0e80-11ed-9a95-4bdaebaab721,2019,52,0,0,0,0,1,0,0,0,0,1,0,0,1,0,0,0,0,0,0,0,0,0,0,1,0
151BB776-14C2-468C-A615-AC550F82B575,2014,42,0,1,0,0,0,0,0,0,1,0,0,0,0,0,0,0,0,0,0,1,0,0,0,1,0
91743940-af6b-11f0-a027-d955a4d2f085,2025,48,0,1,0,0,0,0,0,0,1,0,0,0,0,0,0,0,1,0,0,0,0,0,0,1,0
1524FE3D-9826-40AE-ABBB-DC67A90EC8A3,2014,00,0,1,0,0,0,0,0,0,1,0,0,0,0,0,0,1,0,0,0,0,1,0,0,0,0
be705500-058a-11ea-a6b7-b9a04765ea4f,2019,62,1,0,0,0,0,0,0,0,1,0,0,0,0,0,0,0,1,0,0,0,0,1,0,0,0
a2ac4db0-ba5f-11e7-92c6-3b362a3baf5b,2017,42,1,1,0,0,0,0,0,0,1,0,0,0,0,0,0,0,1,0,0,0,0,0,0,1,0
153241BB-06B7-4B2A-A952-0793F197BAB5,2013,92,0,0,0,0,0,1,0,0,0,1,0,0,0,0,1,0,0,0,0,0,0,0,0,1,0
e6660ee0-d569-11e7-bfad-07ede9e0bc7c,2014,06,0,0,0,0,1,0,0,0,0,1,0,0,1,0,0,0,0,0,0,0,0,0,0,1,0
153B36F0-9AC1-47AB-A506-CD0CE76F4B8D,2012,62,0,1,0,0,0,0,0,0,1,0,0,0,0,0,0,0,0,0,0,1,0,0,0,1,0
543b4200-9f93-11ea-bb5f-9176852f1f89,2020,92,0,0,0,0,0,1,0,0,0,1,0,0,0,1,0,0,0,0,0,0,0,0,0,1,0
bda728a0-d564-11f0-8f89-6d14fba40689,2025,53,0,1,0,0,0,0,0,1,1,0,0,0,0,0,0,0,1,0,0,0,0,0,0,1,0
3c6aecc0-120c-11eb-a3ae-53136ea5d4e6,2020,61,0,0,0,0,0,1,0,0,0,1,0,0,0,1,0,0,0,0,0,0,0,0,0,1,0
ef8f0670-e356-11e7-bf7a-0771e1cc9602,2017,62,1,0,0,0,0,0,0,0,1,0,0,0,0,0,0,0,1,0,0,0,0,1,0,0,0
1558B53A-E668-41E2-9D2C-05AED897A49C,2013,92,0,0,0,1,0,0,0,0,1,0,0,0,0,0,1,0,0,0,0,0,0,1,0,0,0
155F644C-EBBD-4BDA-84F5-A6B92DCED5FE,2009,00,0,0,0,0,1,0,0,0,0,1,0,0,1,0,0,0,0,0,0,0,0,0,0,1,0
0ad2eb40-ac56-11e8-8036-a30436c88231,2017,33,0,1,1,0,0,0,0,0,1,0,0,0,0,0,0,0,0,1,0,0,1,0,0,0,0
433047FE-CA30-4D1D-A37F-ED0FE773ADAD,2015,62,0,0,0,0,1,0,0,0,0,1,0,0,1,0,0,0,0,0,0,0,0,0,0,1,0
043392AD-8C2B-4DC6-886B-E2D916D14000,2023,61,1,1,0,0,0,0,0,0,1,0,0,0,0,0,0,0,1,0,0,0,0,0,0,1,1
2eac9c40-e420-11e7-8742-2bc46bd10713,2016,62,1,0,0,0,0,0,0,0,1,0,0,0,0,0,0,0,1,0,0,0,0,1,0,0,0
1575B00F-7E62-4DD3-A667-2BD1DB2A4978,2008,52,0,0,0,0,1,0,0,0,0,1,0,0,1,0,0,0,0,0,0,0,0,0,0,1,0
37379691-ED74-4CFD-9A0F-C103DDC595E6,2023,61,1,1,0,0,0,0,0,0,1,0,0,0,0,0,0,0,1,0,0,0,0,0,0,1,1
0d8dec40-c8ed-11e9-9c16-3f32faecab86,2019,62,0,0,0,0,0,1,0,0,0,1,0,0,0,1,0,0,0,0,0,0,0,0,0,1,0
158106FD-8A8B-4244-9759-B05C206F0B2E,2014,00,0,1,0,0,0,0,0,0,1,0,0,0,0,0,0,0,0,0,1,0,1,0,0,0,0
3d6eead0-72f6-11e7-a859-bd14321ac1c3,2017,00,0,0,0,1,0,0,0,0,1,0,0,0,0,0,1,0,0,0,0,0,0,1,0,0,0
B03855DC-D811-42CD-A596-2F94075663A2,2023,54,1,1,0,0,0,0,0,0,1,0,0,0,0,0,0,0,1,0,0,0,0,0,0,1,1
d6c57370-07b9-11ea-a8b1-672cf95dfdfd,2019,45,0,0,0,0,1,0,0,0,0,1,0,0,1,0,0,0,0,0,0,0,0,0,0,1,0
a5a53a70-7806-11ee-a9cf-35532141bb65,2022,62,0,1,0,0,0,0,0,1,1,0,0,0,0,0,0,0,0,0,0,1,0,0,0,1,0
286dafc0-dc31-11ef-94f8-638529e3ff3b,2024,51,1,1,0,0,0,0,0,0,1,0,0,0,0,0,0,0,1,0,0,0,0,0,0,1,0
d0209970-72f9-11e7-a859-bd14321ac1c3,2017,00,1,0,0,0,0,0,0,0,1,0,0,0,0,0,0,0,1,0,0,0,0,1,0,0,0
158F3D3E-B56B-46DB-A7F0-F1B62EACC88E,2012,92,0,0,0,0,0,1,0,0,0,1,0,0,0,1,0,0,0,0,0,0,0,0,1,0,0
15943F67-D9E1-45D8-8292-FC62667767FC,2011,92,0,0,0,0,0,1,0,0,0,1,0,0,0,1,0,0,0,0,0,0,0,0,0,1,0
159D9559-F9B8-4CE0-970D-E16ACCB19FB0,2010,00,0,1,0,0,0,0,0,0,0,1,0,0,0,0,0,0,0,0,0,1,0,0,0,1,0
3F6574D4-8334-4CDC-BC29-C1346DA7498B,2023,61,1,1,0,0,0,0,0,0,1,0,0,0,0,0,0,0,1,0,0,0,0,0,0,1,1
8C8277C6-E7DD-4389-9813-2EB51A738AA5,2023,00,1,1,0,0,0,0,0,0,1,0,0,0,0,0,0,0,1,0,0,0,0,0,0,1,1
b2e64a30-093a-11e8-bbae-ed39c73f1398,2017,92,0,0,0,0,0,1,0,0,0,1,0,0,0,1,0,0,0,0,0,0,0,0,0,1,0
15B01A12-0FED-47E2-A97E-C12518C382E1,2014,52,0,0,0,0,1,0,0,0,0,0,1,0,1,0,0,0,0,0,0,0,0,1,0,0,0
026FF12F-256B-4EFF-A97B-5F19174D3679,2023,61,1,1,0,0,0,0,0,0,1,0,0,0,0,0,0,0,1,0,0,0,0,0,0,1,1
15C4D1B4-A828-4D28-B8FA-74B5CA2910B3,2013,42,0,0,0,1,0,0,0,0,1,0,0,0,0,0,1,0,0,0,0,0,0,0,0,1,0
15C4E47D-4FBF-4B00-B406-C7F18B3BE4FD,2013,61,0,0,0,0,1,0,0,0,0,1,0,0,1,0,0,0,0,0,0,0,0,0,0,1,0
490046f0-ef5e-11e9-8b51-736a93581b2e,2019,44,0,0,0,1,0,0,0,0,1,0,0,0,0,0,0,0,0,0,0,1,0,1,0,0,0
15C7DDC7-14DE-4A02-9B8C-CBDAD1F42512,2013,09,0,0,0,0,1,0,0,0,0,1,0,0,1,0,0,0,0,0,0,0,0,0,0,1,0
15C831B7-473A-448E-8E7E-9E4ABD37B014,2012,33,0,0,0,1,0,0,0,0,1,0,0,0,0,0,1,0,0,0,0,0,0,1,0,0,0
f76201a0-aa24-11e8-9604-77188de09ef1,2014,00,0,0,0,0,0,1,0,0,0,1,0,0,0,1,0,0,0,0,0,0,0,0,0,1,0
15D95D55-CA4D-4F98-A2D8-669C285341F5,2015,92,0,0,0,0,0,1,0,0,0,1,0,0,0,1,0,0,0,0,0,0,0,0,0,1,0
15DA6E1F-1B38-411A-B103-25FA72417D1B,2012,00,0,1,0,0,0,0,0,0,1,0,0,0,0,0,0,1,0,0,0,0,0,0,0,1,0
9A115815-4DFA-42CA-DDBD-0694A4E9BDC8,2025,72,0,1,0,0,0,0,0,0,1,0,0,0,0,0,0,1,0,0,0,0,0,0,0,1,0
33E88026-F097-4FE7-949E-6E2E8C04CA2D,2016,92,0,0,0,0,0,1,0,0,0,1,0,0,0,1,0,0,0,0,0,0,0,0,0,1,0
368ca7b0-eead-11e7-b683-c1703914e4a4,2017,62,0,0,0,0,1,0,0,0,0,1,0,0,1,0,0,0,0,0,0,0,0,0,0,1,0
15EA9AF3-8D2D-448A-92AF-C5FA260F5878,2014,52,0,0,0,0,0,1,0,0,0,1,0,0,0,1,0,0,0,0,0,0,0,0,0,1,0
15EE9708-B1DF-430E-BEF5-70B1CD54EFC3,2012,81,0,0,0,0,0,1,0,0,0,1,0,0,0,1,0,0,0,0,0,0,0,0,0,1,0
15F7F199-0CBB-4F3B-B4A0-3803A0C3C3FB,2012,92,0,0,0,0,0,1,0,0,0,1,0,0,0,0,1,0,0,0,0,0,0,1,0,0,0
ebc19320-a0a5-11e8-899a-23ad2f84ca7d,2017,54,0,0,1,0,1,0,0,0,1,1,0,0,1,0,0,0,0,1,0,0,0,0,0,1,0
15FF8174-6160-4D90-BE15-95E3E3B2EC4C,2012,54,0,1,0,0,0,0,0,0,1,0,0,0,0,0,0,1,0,0,0,0,0,0,0,1,0
1602A8DA-DB8E-4AD5-9ECE-B10A7FBA87BA,2013,71,0,0,0,0,0,1,0,0,0,1,0,0,0,1,0,0,0,0,0,0,0,0,0,1,0
1D2B353F-904B-4315-86DA-9C8FD194557A,2016,61,0,0,0,0,0,1,0,0,0,1,0,0,0,1,0,0,0,0,0,0,0,0,0,1,0
87e6a0f0-143d-11e9-9b0e-db2459a65ffe,2018,72,0,1,0,0,0,0,0,0,1,0,0,0,0,0,0,0,0,0,0,1,0,0,0,1,0
16139591-3388-4BA0-84BF-2CA16A114793,2013,62,0,0,0,0,0,1,0,0,0,1,0,0,0,1,0,0,0,0,0,0,0,1,0,0,0
c9688ed0-d52e-11f0-8f89-6d14fba40689,2025,00,1,1,0,0,0,0,0,0,1,0,0,0,0,0,0,0,1,0,0,0,0,0,0,1,0
1622CA83-3C11-4212-87B1-600B65C2A9A7,2013,00,1,1,1,0,0,0,0,0,1,0,0,0,0,0,0,0,0,1,0,0,0,0,0,1,0
F71A45FE-2792-453B-9897-7F3D971956F0,2023,61,1,1,0,0,0,0,0,0,1,0,0,0,0,0,0,0,1,0,0,0,0,0,0,1,1
16402C78-C1B6-43C8-A871-42F199DEFE49,2013,00,0,0,0,1,0,0,0,0,1,0,0,0,0,0,1,0,0,0,0,0,0,1,0,0,0
16410CEA-1A09-4BA0-8FC2-3FBF8CBC3E1C,2014,62,0,0,0,0,0,1,0,0,0,1,0,0,0,1,0,0,0,0,0,0,0,0,0,1,0
B2B1BEAD-2CCF-4CD7-B1D0-CDC54A45E055,2023,61,1,1,0,0,0,0,0,0,1,0,0,0,0,0,0,0,1,0,0,0,0,0,0,1,1
1653A152-75FF-48D2-BEDC-CEE51F3B4A16,2013,92,0,0,0,0,0,1,0,0,0,1,0,0,0,1,0,0,0,0,0,0,0,0,0,1,0
1657A419-A68E-4928-BAD0-09DA5142ABFC,2012,61,1,1,0,0,0,0,0,0,1,0,0,0,0,0,0,0,1,0,0,0,0,0,1,0,0
1659E13A-26FC-4B72-BB40-9CAD8D7F9348,2012,92,0,0,0,1,0,0,0,0,1,0,0,0,0,0,1,0,0,0,0,0,0,1,0,0,0
16612C25-A4DD-4254-A7A4-4BA9BE10B6AD,2012,00,0,0,0,0,0,1,0,0,0,1,0,0,0,1,0,0,0,0,0,0,0,0,0,1,0
16618345-9E76-4D8E-9674-BF1E07C3C56F,2013,52,0,0,0,0,0,1,0,0,0,1,1,0,0,1,0,0,0,0,0,0,1,0,0,0,0
c0255950-e3ad-11e7-8742-2bc46bd10713,2016,52,0,0,0,0,0,1,0,0,0,0,1,0,0,0,1,0,0,0,0,0,0,1,0,0,0
64328900-a92f-11e7-a3c5-dbae2580635b,2017,62,0,1,0,0,0,0,0,0,1,0,0,0,0,0,0,0,0,0,0,1,0,0,0,1,0
16667D1B-1E0E-459A-B052-CA4AF9BCB085,2010,92,0,0,0,1,0,1,0,0,1,0,1,0,0,0,1,0,0,0,0,0,0,1,0,0,0
16775FDB-1A7B-455E-9293-8B57B53B5927,2014,00,0,0,0,0,1,0,0,0,0,1,0,0,1,0,0,0,0,0,0,0,0,1,0,0,0
167ECA3D-1510-4BF3-9AFC-EB0E8CDC920C,2014,62,0,0,0,0,0,1,0,0,0,1,0,0,0,1,0,0,0,0,0,0,0,0,0,1,0
1680B9AA-EAD3-4B47-8140-7BEE64E755F4,2023,00,1,1,0,0,0,0,0,0,1,0,0,0,0,0,0,0,1,0,0,0,0,0,0,1,1
929834E0-5BA6-4B7E-A742-FCB5DD48260A,2016,44,0,0,0,1,0,0,0,0,1,0,0,0,0,0,0,0,0,0,0,1,0,0,0,1,0
f1f49e70-0b5b-11e8-985b-1119ad21cbad,2017,51,0,1,0,0,0,0,0,0,1,0,0,0,0,0,0,1,0,0,0,0,0,0,0,1,0
73F27C43-05E0-402A-8E8A-2D0C69F5A956,2015,72,0,0,0,0,0,1,0,0,0,1,0,0,0,1,0,0,0,0,0,0,0,1,0,0,0
06D23AA6-D591-4540-8ACA-47960D3BC221,2023,61,1,1,0,0,0,0,0,0,1,0,0,0,0,0,0,0,1,0,0,0,0,0,0,1,1
16ABCECA-367A-4E16-961C-AAA3F822D386,2014,62,0,0,0,1,0,0,0,0,1,0,0,0,0,0,1,0,0,0,0,0,0,1,0,0,0
16AEA53A-23A4-4F20-A3F6-92FF298EAE36,2006,00,0,0,0,0,1,0,0,0,0,1,0,0,1,0,0,0,0,0,0,0,1,0,0,0,0
16B0BFB3-CD1D-445D-BA40-EF1A9544A50C,2023,00,1,1,0,0,0,0,0,0,1,0,0,0,0,0,0,0,1,0,0,0,0,0,0,1,1
16B3D6D6-5477-439C-9A7F-2D672C077C42,2013,62,0,0,0,0,1,0,0,0,0,1,0,0,1,0,0,0,0,0,0,0,0,0,0,1,0
12798C86-98CC-4E35-B811-187BF4E33A2C,2016,62,0,1,0,0,0,0,0,0,1,0,0,0,0,0,0,0,1,0,0,0,0,0,0,1,0
7D8C1EB9-674E-4C91-8EDD-5580E3C9916B,2016,52,0,0,0,1,0,0,0,0,1,0,0,0,0,0,0,0,0,0,0,1,0,0,0,1,0
B2D0220F-50A2-4FD8-B882-27343F4800A4,2023,61,1,1,0,0,0,0,0,0,1,0,0,0,0,0,0,0,1,0,0,0,0,0,0,1,1
16C5CBFA-4B85-49C9-9DCE-15750183415F,2012,42,0,0,0,0,1,0,0,0,0,1,0,0,1,0,0,0,0,0,0,0,0,0,0,1,0
16C98F9A-7BE8-4D09-908B-38CA0D15520A,2015,54,0,0,0,0,1,0,0,0,0,1,0,0,1,0,0,0,0,0,0,0,0,0,0,1,0
16CCB166-E40A-4203-8431-246893E53654,2013,61,0,1,0,0,0,0,0,0,1,0,0,0,0,0,0,0,1,0,0,0,0,0,0,1,0
16D04AFA-6796-49BF-A3DA-555F4D3F442C,2006,62,0,0,0,1,0,0,0,0,1,0,0,0,0,0,1,0,0,0,0,0,0,1,0,0,0
16EA1E32-3C6C-42EC-8412-1C0BCA2F549E,2013,92,0,1,0,0,0,0,0,0,1,0,0,0,0,0,0,0,1,0,0,0,0,0,0,1,0
7D74A5DF-94E0-4D95-9053-364B28F8700B,2023,61,1,1,0,0,0,0,0,0,1,0,0,0,0,0,0,0,1,0,0,0,0,0,0,1,1
16F4FE46-44F2-467B-B5F6-A153F6357D40,2009,44,0,0,0,0,1,0,0,0,0,0,1,0,1,0,0,0,0,0,0,0,0,0,0,1,0
b2589100-e35a-11e7-bf7a-0771e1cc9602,2016,62,0,1,0,0,0,0,0,0,1,0,0,0,0,0,0,0,0,0,0,1,0,0,0,1,0
397A7369-4718-4E7B-866D-30455B135D71,2016,44,0,0,0,1,0,0,0,0,1,0,0,0,0,0,0,0,0,0,0,1,0,1,0,0,0
17094690-B9A2-4C4E-93FB-364F42BCF906,2014,62,0,0,0,0,1,0,0,0,0,1,0,0,1,0,0,0,0,0,0,0,0,0,0,1,0
E8D27E67-853F-4E39-92AF-158F6AFB3437,2023,61,1,1,0,0,0,0,0,0,1,0,0,0,0,0,0,0,1,0,0,0,0,0,0,1,1
170FDC69-F953-4790-8E34-C08CA0742368,2013,62,0,0,0,1,0,0,0,0,1,0,0,0,0,0,1,0,0,0,0,0,0,1,0,0,0
1712E719-712F-4EEB-AEC6-DC593B003A82,2012,52,0,0,0,0,1,0,0,0,0,0,1,0,1,0,0,0,0,0,0,0,0,0,0,1,0
4461B95F-B854-4F35-9CC5-E6A7883825ED,2023,61,1,1,0,0,0,0,0,0,1,0,0,0,0,0,0,0,1,0,0,0,0,0,0,1,1
17182107-AF44-4C3C-B126-3EF605D878C2,2015,62,0,0,0,0,0,0,0,1,0,0,0,1,0,0,0,0,0,0,0,1,0,1,0,0,0
1721F7E6-AE8F-4B0F-A649-9A21AC177D7F,2012,62,0,0,0,1,0,0,0,0,1,0,0,0,0,0,1,0,0,0,0,0,0,1,0,0,0
1723A9AD-113B-472D-B0E0-9124C49B1A6D,2012,00,0,0,0,1,0,0,0,0,1,0,0,0,0,0,1,0,0,0,0,0,0,1,0,0,0
17264144-297C-475E-A0C5-05401290F6B4,2014,00,0,0,0,1,0,0,0,0,1,0,0,0,0,0,0,0,0,0,0,1,0,0,0,1,0
1bd73390-81ed-11e7-ace7-c5c15a923e51,2017,00,0,1,0,0,0,0,0,0,1,0,0,0,0,0,0,1,1,0,0,0,0,0,0,1,0
AF2186A9-1C3D-4CD3-8DEA-959030AACF66,2023,61,1,1,0,0,0,0,0,0,1,0,0,0,0,0,0,0,1,0,0,0,0,0,0,1,1
17437313-82FE-4D41-8B3D-003E0EB03B83,2014,45,0,0,0,1,0,0,0,0,1,0,0,0,0,0,1,0,0,0,0,0,0,0,0,1,0
174702AA-FA9F-4628-A871-CF2596243278,2011,62,0,0,0,0,0,1,0,0,0,1,0,0,0,1,0,0,0,0,0,0,0,1,0,0,0
17470D97-9346-415D-B3AE-E37B9837E092,2013,92,0,0,0,0,0,1,0,0,0,1,0,0,0,1,0,0,0,0,0,0,0,1,0,0,0
174DA458-CFBE-465E-88BB-B5DC5C7A852F,2014,62,0,0,0,0,1,0,0,0,0,1,0,0,1,0,0,0,0,0,0,0,0,0,0,1,0
174DC2C2-C333-40BB-9E9B-317310FE2EEC,2011,52,0,0,0,0,0,0,0,1,0,0,0,1,0,0,0,0,0,0,0,1,0,1,0,0,0
d9213970-1417-11ed-af60-614e3bf0813a,2021,71,1,1,0,0,0,0,0,0,1,0,0,0,0,0,0,0,1,0,0,0,0,1,0,0,0
80c3cb40-d8ef-11ea-b677-2b9ec926ea06,2019,62,0,0,0,0,0,0,1,0,1,0,0,0,0,0,0,0,0,0,0,1,0,0,0,1,0
7B74B009-CF60-4D45-BA82-2430096143EC,2016,52,0,0,0,1,0,0,0,0,1,0,0,0,0,0,0,0,0,0,0,1,0,1,0,0,0
8be0e550-81f2-11e7-ace7-c5c15a923e51,2017,44,0,0,0,1,0,0,0,0,1,0,0,0,0,0,0,0,0,0,0,1,0,0,0,1,0
16588380-aa08-11e8-a274-afc3aa8c5110,2017,51,0,1,0,0,0,0,0,0,1,0,0,0,0,0,0,1,0,0,0,0,0,0,0,1,0
1778916B-4F49-4E0F-8ABF-89F4A962A721,2012,52,0,0,0,0,0,1,0,0,0,1,0,0,0,1,0,0,0,0,0,0,0,0,0,1,0
177D96C9-5764-4607-BF14-A453E7E6C936,2012,00,0,1,0,0,0,0,0,0,1,0,0,0,0,0,0,1,0,0,0,0,0,0,0,1,0
e9455230-9a47-11e8-8652-5d096cfefbb4,2018,61,0,0,0,0,1,0,0,0,0,1,0,0,1,0,0,0,0,0,0,0,0,0,0,1,0
178EF38D-01FE-45DD-9F4F-DED68645FF85,2014,92,0,0,0,0,0,1,0,0,0,1,0,0,0,1,0,0,0,0,0,0,0,0,0,1,0
1792BEAF-F290-41B4-920C-BA04368F73F1,2012,62,1,1,0,0,0,0,0,0,1,0,0,0,0,0,0,0,1,0,0,0,0,1,0,0,0
FF2B4803-B917-43AE-8848-23DA8D913645,2023,61,1,1,0,0,0,0,0,0,1,0,0,0,0,0,0,0,1,0,0,0,0,0,0,1,1
3FFB3436-0431-4DBA-B0E3-7799874C56F8,2016,00,0,0,0,1,0,0,0,0,1,0,0,0,0,0,1,0,0,0,0,0,0,1,0,0,0
e879ff10-e655-11eb-b667-c585fe0ca11b,2021,52,1,0,0,0,0,0,0,0,1,0,0,0,0,0,0,0,1,0,0,0,0,0,0,1,0
ff9eaea0-a2d6-11e7-a67b-81fbdaca3f85,2017,56,0,0,0,0,1,0,0,0,0,1,1,0,1,0,0,0,0,0,0,0,0,0,0,1,0
17B25242-FC0D-4E9A-8168-641EECDEC31D,2013,62,0,0,0,0,1,0,0,0,0,1,0,0,1,0,0,0,0,0,0,0,0,0,0,1,0
6a2d44e0-d967-11e7-8b17-fdfed30923dd,2016,62,0,1,0,0,0,0,0,0,1,0,0,0,0,0,0,0,0,0,0,1,0,0,0,1,0
17B58717-3C26-45DC-989D-2AD077D252DF,2013,62,0,1,0,0,0,0,0,0,1,0,0,0,0,0,0,1,0,0,0,0,0,0,0,1,0
17BFB349-AEC9-4C85-9DCF-9BD3F1835CFB,2008,52,0,1,0,0,0,0,0,0,1,0,0,0,0,0,0,1,1,0,0,0,0,0,0,1,0
1C30BC3E-1FA4-499B-972D-6DB398E3FDC4,2015,62,1,1,0,0,0,0,0,0,1,0,0,0,0,0,0,0,1,0,0,0,0,0,0,1,0
17CA38AD-5C56-49BD-BDC0-38684DE5287E,2013,09,0,0,0,0,1,0,0,0,0,1,0,0,1,0,0,0,0,0,0,0,0,0,0,1,0
8f8a0da0-0a9e-11e8-827c-bba53cbad290,2016,51,0,1,0,0,0,0,0,0,1,0,0,0,0,0,0,1,0,0,0,0,0,0,0,1,0
19E2501E-1D3F-4B6E-A049-7441356410CA,2016,92,0,1,1,1,0,0,0,0,1,0,0,0,0,0,0,0,0,1,0,0,0,0,0,1,0
17DA3525-C659-4E39-BFDF-35E7BCC3E955,2012,92,0,0,0,0,1,0,0,0,0,1,0,0,1,0,0,0,0,0,0,0,0,0,0,1,0
17E44A87-62E5-4BA4-8AFA-ACF94D06C31C,2012,33,0,0,0,0,1,0,0,0,0,0,1,0,1,0,0,0,0,0,0,0,0,0,0,1,0
17E77476-1CB6-4892-8B53-7D645D5A5DEF,2010,00,0,0,0,0,1,0,0,0,0,1,0,0,1,0,0,0,0,0,0,0,0,0,0,1,0
88d55db0-d8ff-11f0-82e6-074fe481ef29,2025,00,0,1,0,0,0,0,0,1,1,0,0,0,0,0,0,0,0,0,0,1,0,0,0,1,0
F3282B8C-0D85-4616-9AA8-93B13B6473E0,2016,71,0,1,0,0,0,0,0,0,1,0,0,0,0,0,0,1,0,0,0,0,0,0,0,1,0
17F5875C-2B48-4284-966B-573691B20F3F,2013,92,0,1,0,0,0,0,0,0,1,0,0,0,0,0,0,0,0,0,0,1,0,0,0,1,0
BECCF0ED-81B2-43B6-BA05-C32FCA9347D4,2015,62,0,0,0,0,1,0,0,0,0,1,0,0,1,0,0,0,0,0,0,0,0,1,0,0,0
18021FAF-2FDE-4C50-8C77-D1281CA63AD6,2014,92,0,0,0,0,0,1,0,0,0,1,0,0,0,1,0,0,0,0,0,0,0,0,0,1,0
18060EFC-6A9D-41EF-B66B-352A19933DF7,2013,33,0,0,0,0,1,0,0,0,0,1,0,0,1,0,0,0,0,0,0,0,0,0,0,1,0
bf574270-7498-11eb-b6c3-130fdd35ca3d,2020,00,0,1,0,0,0,0,0,0,1,0,0,0,0,0,0,1,0,0,0,0,0,0,0,1,0
F3A2FC89-2132-46B4-BBD9-6E2A53D18D29,2013,62,0,1,0,0,0,0,0,0,1,0,0,0,0,0,0,1,0,0,0,0,0,0,0,1,0
180A2319-FAF4-4AA6-B1F3-AECDB4BBEC3B,2014,44,0,0,0,0,0,1,0,0,0,1,0,0,0,0,1,0,0,0,0,0,0,1,0,0,0
180CE004-A51C-4D2E-B785-553F3C4CB7FF,2011,92,0,0,0,0,0,1,0,0,0,1,0,0,0,1,0,0,0,0,0,0,0,0,0,1,0
180DFE1B-740B-425B-9024-2AB5DD408A24,2015,92,0,1,0,0,0,0,0,0,1,0,0,0,0,0,0,1,0,0,0,0,0,0,0,1,0
1812C678-88E1-4F16-BFDD-F5FEC5DF21FF,2015,06,0,0,0,1,0,0,0,0,1,0,0,0,0,0,1,0,0,0,0,0,0,1,0,0,0
1814BC8C-DBAC-424C-A767-F93BD4CEB0CC,2012,61,0,0,0,0,1,0,0,0,0,1,0,0,1,0,0,0,0,0,0,0,0,0,0,1,0
18179CBF-B099-49A4-BD8D-BFF42648F228,2013,00,0,0,0,0,1,0,0,0,0,1,0,0,1,0,0,0,0,0,0,0,0,0,0,1,0
18182844-FB66-42E9-813D-9351BA76B66F,2010,62,0,0,0,0,1,0,0,0,0,1,0,0,1,0,0,0,0,0,0,0,0,0,0,1,0
182463A2-8898-4922-B708-CF8F1FF1BB4B,2010,61,0,0,0,1,0,0,0,0,1,0,0,0,0,0,1,0,0,0,0,0,0,1,0,0,0
848B43BA-D716-4E5E-BD00-29F51CC1AE7E,2016,92,0,1,0,0,0,0,0,0,1,0,0,0,0,0,0,1,0,0,0,0,0,0,0,1,0
18391ED2-480F-4988-8D9E-BB56967DE6DC,2013,62,0,0,0,1,0,0,0,0,1,0,0,0,0,0,1,0,0,0,0,0,0,1,0,0,0
183A7B21-2DE8-4A8B-B829-0F1900ED96AE,2014,92,0,0,0,0,1,0,0,0,0,1,0,0,1,0,0,0,0,0,0,0,0,0,0,1,0
CE067CB9-B108-4066-851D-2927244135ED,2016,00,0,0,0,0,0,1,0,0,1,0,0,1,0,1,0,0,0,0,0,0,0,0,0,1,0
184D40EE-81E7-4293-93A7-D61EB90E4370,2013,62,0,0,0,0,0,1,0,0,0,0,1,0,0,1,0,0,0,0,0,0,0,0,0,1,0
18501D62-FADA-47FB-8E04-4FC7B06EB793,2014,33,0,1,0,0,0,0,0,0,1,0,0,0,0,0,0,1,0,0,0,0,0,0,0,1,0
185683E7-75B4-4AB2-9201-73E28E250D95,2012,62,0,0,0,1,0,0,0,0,1,0,0,0,0,0,1,0,0,0,0,0,0,1,0,0,0
822a3c40-72c2-11eb-a46e-831b23dc7360,2020,52,0,1,0,0,0,0,0,0,1,0,0,0,0,0,0,0,1,0,0,0,0,0,0,1,0
2aa935c0-a390-11e7-a67b-81fbdaca3f85,2016,62,0,0,0,1,0,0,0,0,1,0,0,0,0,0,1,0,0,0,0,0,0,1,0,0,0
c6c8ec20-e210-11e7-8553-197c24c367d2,2017,62,0,0,1,0,0,0,0,0,1,0,0,0,0,0,0,0,0,1,0,0,0,0,0,1,0
9C83F829-0256-4E5F-B03F-902466BD98E9,2023,61,1,1,0,0,0,0,0,0,1,0,0,0,0,0,0,0,1,0,0,0,0,0,0,1,1
1877DB97-BEF0-4105-A922-1B0B09AC0ED4,2009,92,0,0,0,0,1,0,0,0,0,1,0,0,1,0,0,0,0,0,0,0,0,0,0,1,0
1880B5F0-28B5-466F-9C98-58F96EFA2FEF,2013,09,0,0,0,0,0,1,0,0,0,0,1,0,0,1,0,0,0,0,0,0,0,1,0,0,0
1892F486-AB2C-4067-9DAC-1AFA5DF9193D,2013,00,0,0,0,0,1,0,0,0,0,1,0,0,1,0,0,0,0,0,0,0,0,0,0,1,0
e90b4ac0-f1fe-11ea-9eb3-fb45745214a6,2020,62,0,1,0,0,0,0,0,0,1,0,0,0,0,0,0,0,0,0,0,1,0,0,0,1,0
004f91e0-c954-11e7-972a-af17ba01ca22,2017,52,0,0,0,1,0,0,0,0,1,0,0,0,0,0,0,0,0,0,0,1,0,0,0,1,0
4EA9B9BE-9ECC-40ED-9655-4E5F81F6C268,2023,61,1,1,0,0,0,0,0,0,1,0,0,0,0,0,0,0,1,0,0,0,0,0,0,1,1
11719510-E38D-4596-8A76-CE0F6B5A3E45,2023,61,1,1,0,0,0,0,0,0,1,0,0,0,0,0,0,0,1,0,0,0,0,0,0,1,1
18A73095-ECC0-47B8-B71C-849BF346C25D,2013,54,0,1,0,0,0,0,0,0,1,0,0,0,0,0,0,0,0,0,0,1,0,0,0,1,0
18ACCA89-6AFF-44AE-8C2C-19B16BD4CC3B,2010,52,0,0,0,0,0,1,0,0,0,1,0,0,0,1,1,0,0,0,0,0,0,1,0,0,0
10428610-7617-11e7-9d88-ab89f89c69db,2016,51,0,0,0,0,0,1,0,0,0,1,0,0,0,1,0,0,0,0,0,0,0,0,0,1,0
865c0e10-176f-11ea-bf73-2d1a23feec7f,2016,45,0,1,0,0,0,0,0,0,1,0,0,0,0,0,0,1,0,0,1,0,1,0,0,0,0
18C1C9DB-2627-447B-A20C-55021EC5DAC1,2008,54,1,1,0,0,0,0,0,0,1,0,0,0,0,0,0,0,1,0,0,0,0,0,0,1,0
18CC27D9-18D8-499C-8786-10E707FF0EA3,2013,52,0,0,0,0,0,0,0,1,1,0,0,0,0,0,0,0,0,0,0,1,0,0,0,1,0
18CFF554-A6C1-4B70-8651-647F85EB899B,2012,92,1,1,1,0,0,0,0,0,1,0,0,0,0,0,0,0,0,1,0,0,0,0,0,1,0
18D56C18-7198-4502-8FCE-7F7CABC69458,2013,56,0,1,0,0,0,0,0,0,1,0,0,0,0,0,0,0,1,0,0,0,0,0,0,1,0
85D5871E-8F05-4DF1-8ABB-649D7BA33139,2023,33,1,1,0,0,0,0,0,0,1,0,0,0,0,0,0,0,1,0,0,0,0,0,0,1,1
18DF47BA-2F55-4E20-BEF2-287EBB6B89F6,2013,62,0,0,0,1,0,0,0,0,1,0,0,0,0,0,1,0,0,0,0,0,0,1,0,0,0
18E77873-0DE5-49BA-9C70-AF12610CE28D,2010,09,0,0,0,0,1,0,0,0,0,1,0,0,1,0,0,0,0,0,0,0,0,0,0,1,0
18EC3FC4-D62E-4D03-B9D3-963E654EC566,2014,00,0,0,0,0,0,0,0,1,0,0,0,1,0,0,0,0,0,0,0,1,0,0,0,1,0
f79a5290-2da2-11eb-8132-47626699b560,2018,81,0,1,0,0,0,0,0,0,1,0,0,0,0,0,0,1,0,0,0,0,0,0,0,1,0
214351f0-ee4b-11eb-a0c0-efc7cda0e23f,2020,42,1,1,0,0,0,0,0,0,1,0,0,0,0,0,0,0,1,0,0,0,0,1,0,0,0
18F47F29-6B8E-4F27-AF80-F7828A99498F,2010,92,0,0,0,0,0,1,0,0,0,1,0,0,0,1,0,0,0,0,0,0,0,0,1,0,0
9bbed460-df4d-11e7-98c9-5b20d709bc39,2017,62,0,1,0,0,0,0,0,0,1,0,0,0,0,0,0,1,1,0,0,0,0,0,0,1,0
19152A4F-B7D4-4490-8371-00B01A50EA6B,2013,62,0,0,0,0,1,0,0,0,0,0,1,0,1,0,0,0,0,0,0,0,0,0,0,1,0
192AE6B9-535F-4760-839E-BFC39BBD0FB8,2013,72,1,1,0,0,0,0,0,0,1,0,0,0,0,0,0,0,1,0,0,0,0,0,0,1,0
702A585F-2E9D-4E42-A71A-09D5C426AB87,2016,51,0,0,0,0,0,1,0,0,0,1,0,0,0,1,0,0,0,0,0,0,0,0,0,1,0
19382A61-B1FC-476B-B367-17BE46889CA3,2012,92,0,0,0,0,1,0,0,0,0,0,1,0,1,0,0,0,0,0,0,0,0,0,0,1,0
150716a0-1775-11ea-bf73-2d1a23feec7f,2018,52,0,0,0,1,0,0,0,0,1,0,0,0,0,0,0,0,0,0,0,1,0,0,0,1,0
C8E728B9-81B8-41F7-BE19-453170AEA514,2013,62,0,0,0,0,1,0,0,0,0,1,0,0,1,0,0,0,0,0,0,0,0,0,0,1,0
05102950-75EE-44A1-AF94-A98B26147673,2023,61,1,1,0,0,0,0,0,0,1,0,0,0,0,0,0,0,1,0,0,0,0,0,0,1,1
8BC3802D-31CE-4A11-86DA-57091F334467,2016,72,1,0,0,0,0,0,0,0,1,0,0,0,0,0,0,0,1,0,0,0,0,0,0,1,0
B515C97E-4C50-43B3-988C-0D6780796162,2023,61,1,1,0,0,0,0,0,0,1,0,0,0,0,0,0,0,1,0,0,0,0,0,0,1,1
57BE1F93-4E9C-465E-85EF-3D5EED9D73DD,2023,61,1,1,0,0,0,0,0,0,1,0,0,0,0,0,0,0,1,0,0,0,0,0,0,1,1
198CF7AB-7EC8-482E-A970-CAE03A252836,2013,52,0,0,0,0,1,0,0,0,0,1,0,0,1,0,0,0,0,0,0,0,0,0,0,1,0
D6833AB8-9E42-4905-89C9-C1AA0B9299D3,2023,52,1,1,0,0,0,0,0,0,1,0,0,0,0,0,0,0,1,0,0,0,0,0,0,1,1
1993D926-E8E5-4B7F-B688-4E0A44571556,2014,92,0,1,0,0,0,0,0,0,1,0,0,0,0,0,0,1,1,0,0,0,1,0,0,0,0
1994EA5A-E83C-4319-85E2-B46447A6188C,2014,51,0,1,0,0,0,0,0,0,1,0,0,0,0,0,0,1,0,0,0,0,0,0,0,1,0
72e06c40-c48e-11e7-9a8b-47d1b690bc01,2017,62,0,1,1,0,0,0,0,0,1,0,0,0,0,0,0,0,0,1,0,0,0,0,0,1,0
19A3B190-681C-40D4-8EB7-50FD5A9C2F34,2012,92,0,0,0,0,1,0,0,0,0,1,0,0,1,0,0,0,0,0,0,0,0,0,0,1,0
44bf8500-9047-11e8-8b32-9bc4732308c2,2017,62,0,0,0,0,1,0,0,0,0,1,0,0,1,0,0,0,0,0,0,0,0,0,0,1,0
d7e65c40-88fa-11e8-82c8-d50e157d53ee,2018,52,0,1,0,0,0,0,0,0,0,0,0,1,0,0,0,0,1,0,0,0,0,1,0,0,0
E9E617D2-1391-4872-A9A1-D71CAC15742D,2016,52,1,1,1,0,0,0,0,0,1,0,0,0,0,0,0,0,0,1,0,0,0,1,0,0,0
f18b85d0-016c-11ea-ad43-7952870528d4,2017,31,1,0,0,0,0,0,0,0,1,0,0,0,0,0,0,0,1,0,0,0,1,0,0,0,0
19BA97EC-A4F1-4453-9067-F04B7532A57E,2013,62,0,0,0,0,1,0,0,0,0,1,0,0,1,0,0,0,0,0,0,0,0,1,0,0,0
d86488c0-2382-11eb-b77f-316b5c5dd5eb,2020,49,0,1,0,0,0,0,0,0,1,0,0,0,0,0,0,1,0,0,0,0,0,0,0,1,0
DD30F8B3-4738-48DF-B8F8-CC8BF37F5C3D,2015,00,0,0,0,0,1,0,0,0,0,1,0,0,1,0,0,0,0,0,0,0,0,0,0,1,0
03e19b70-e4a3-11e9-8cfd-bf57b38104b7,2017,62,0,0,0,0,1,0,0,0,0,1,0,0,1,0,0,0,0,0,0,0,0,0,0,1,0
19CBFD33-D4D7-4858-8AAB-86C10A2C1467,2014,00,0,1,0,0,0,0,0,0,1,0,0,0,0,0,0,1,0,0,0,0,1,0,0,0,0
19cc604b-9ec8-4afb-829d-e7e7ed2d4e97,2020,00,1,0,0,0,0,0,0,1,1,0,0,0,0,0,0,0,1,0,0,0,0,0,0,1,0
87fc4060-163b-11ec-a5a5-ebf8acd2a8b6,2021,00,0,1,0,0,0,0,0,0,1,0,0,0,0,0,0,0,1,0,0,0,0,0,0,1,0
19E37AD1-D337-4266-AB2E-3D35675DE88B,2015,00,0,0,0,0,1,0,0,0,0,1,0,0,1,0,0,0,0,0,0,0,1,0,0,0,0
19E55526-D875-4A1A-9E6D-D454DD72508F,2012,52,0,0,0,0,0,1,0,0,0,1,0,0,0,1,0,0,0,0,0,0,1,0,0,0,0
19E5CD70-DB8D-4CE2-818C-F30DB3B7E437,2011,62,0,0,0,0,0,1,0,0,0,1,0,0,0,1,0,0,0,0,0,0,0,0,0,1,0
19EAE609-DD0B-47B3-94A3-70FE6865E175,2010,62,0,0,0,0,0,0,0,1,0,0,0,1,0,0,0,0,0,0,0,1,0,1,0,0,0
19EE019C-8E38-4B12-8F5E-2AE77B96B45A,2012,92,0,0,0,0,1,0,0,0,0,1,0,0,1,0,0,0,0,0,0,0,0,0,0,1,0
19EFE98D-9187-4E72-BE8D-BEF261E944CF,2010,92,0,0,0,0,0,1,0,0,0,1,0,0,0,1,0,0,0,0,0,0,0,0,1,0,0
19F7468A-0633-4868-8A04-C74B02882556,2012,92,0,0,0,0,0,1,0,0,0,1,0,0,0,1,0,0,0,0,0,0,0,0,0,1,0
3416A75F-4CEA-9109-507C-ACD8E2F2AEFC,2025,56,0,1,0,0,0,0,0,0,1,0,0,0,0,0,0,1,0,0,0,0,0,0,0,1,0
3DCB10F8-D25E-4C96-AABA-329427105BC6,2023,61,1,1,0,0,0,0,0,0,1,0,0,0,0,0,0,0,1,0,0,0,0,0,0,1,1
0c198a00-8677-11e7-8e76-6d3ed9e599f7,2016,00,1,0,0,0,0,0,0,0,1,0,0,0,0,0,0,0,1,0,0,0,0,0,1,0,0
1A17F6C1-5EDD-4358-B7D0-63A794C899EA,2015,44,0,0,0,1,0,0,0,0,1,0,0,0,0,0,0,0,0,0,0,1,0,1,0,0,0
EFDFE7D9-A14E-4513-9687-E9E6DDE3DB38,2016,54,0,1,0,0,0,0,0,0,1,0,0,0,0,0,0,0,0,0,0,1,0,0,0,1,0
1A302069-BFCD-4644-93CF-DBECB63B7FCA,2013,00,0,0,0,0,1,0,0,0,0,1,0,0,1,0,0,0,0,0,0,0,0,0,0,1,0
b5cb95a0-df52-11e7-98c9-5b20d709bc39,2014,62,0,0,0,0,0,1,0,0,0,1,0,0,0,1,0,0,0,0,0,0,0,0,0,1,0
b01a9c30-81e4-11e7-ace7-c5c15a923e51,2017,92,0,0,0,0,0,1,0,0,0,1,0,0,0,1,0,0,0,0,0,0,0,0,0,1,0
1A3CA6E1-F8C4-4667-AC9C-56835C5F1C54,2011,72,1,0,0,0,0,0,0,0,1,0,0,0,0,0,0,0,1,0,0,0,0,0,0,1,0
01b2f600-a9e5-11e7-8c20-836b8b691ede,2017,92,0,0,0,1,0,0,0,0,0,1,0,0,0,0,1,0,0,0,0,0,0,0,0,1,0
1f7ba790-3276-11ec-a962-0f8a4d8d5131,2016,00,1,0,1,0,0,0,0,0,1,0,0,0,0,0,0,0,1,1,0,0,1,0,0,0,0
06bc2d20-105d-11ea-9257-5f79bcff5761,2017,00,0,0,0,0,0,1,0,0,0,1,0,0,0,1,0,0,0,0,0,0,0,0,0,1,0
1A5A7204-6215-41E6-AC61-14DFDB89693A,2011,92,0,0,0,0,0,1,0,0,0,1,0,0,0,1,0,0,0,0,0,0,0,0,0,1,0
1A611E67-327E-422E-BB05-914A18BA6A8F,2013,00,0,0,0,1,0,0,0,0,1,0,0,0,0,0,1,0,0,0,0,0,0,0,0,1,0
1A722C1A-8BD5-4336-A28D-1B57E9A625AF,2013,72,1,0,0,0,0,0,0,0,1,0,0,0,0,0,0,0,1,0,0,0,0,1,0,0,0
1A7C7F8D-C9DB-4D77-8895-380CD23F06AD,2014,09,0,0,0,0,0,1,0,0,0,1,0,0,0,1,0,0,0,0,0,0,0,0,0,1,0
099e0730-aa05-11e8-b272-396d7fe012b7,2018,23,0,0,0,0,1,0,0,0,0,1,0,0,1,0,0,0,0,0,0,0,0,0,0,1,0
18f0c8e0-8abf-11e8-aafc-8b374e4aa1f3,2018,51,0,0,0,0,0,1,0,0,0,1,0,0,0,1,0,0,0,0,0,0,0,0,0,1,0
1A824838-820B-4C39-AE8A-77F6A98F7EBE,2013,62,0,0,0,0,1,0,0,0,0,1,0,0,1,0,0,0,0,0,0,0,0,0,0,1,0
127031e0-8e85-11ec-a600-657ec2694f8f,2020,51,0,1,0,0,0,0,0,0,1,0,0,0,0,0,0,1,0,0,0,0,0,0,0,1,0
1A86D598-6275-4D99-BC49-89287C1E7A1D,2012,62,0,0,0,0,0,1,0,0,0,1,0,0,0,1,0,0,0,0,0,0,0,1,0,0,0
1A86DC3E-9217-41B4-83A3-9963D7629DDA,2015,61,0,0,0,0,0,1,0,0,0,1,0,0,0,1,0,0,0,0,0,0,0,0,0,1,0
1A913838-E369-4878-8682-30E4FC0BB7D8,2013,00,0,1,0,0,0,0,0,0,1,0,0,0,0,0,0,1,0,0,0,0,1,0,0,0,0
9B0199A8-809D-42FF-82BD-E81F79AFF70E,2015,62,0,0,0,0,0,1,0,0,0,1,0,0,0,1,0,0,0,0,0,0,0,0,0,1,0
1A9B6680-14B8-4097-8599-671631F76E2B,2013,62,0,0,0,1,0,0,0,0,1,0,0,0,0,0,1,0,0,0,0,0,0,1,0,0,0
1A9DD279-9F16-44CE-B932-8A40F18FE811,2014,92,0,0,0,0,0,1,0,0,0,1,0,0,0,1,0,0,0,0,0,0,0,0,0,1,0
1A9FD045-46E5-4380-B3AB-A44F31AC0537,2014,62,0,0,0,0,1,0,0,0,0,1,0,0,1,0,0,0,0,0,0,0,0,0,0,1,0
cbe2e170-c0a5-11e7-89a5-cb2864f71ca2,2017,72,0,0,0,1,0,0,0,0,0,1,0,0,0,0,1,0,0,0,0,0,1,0,0,0,0
1AA44906-D775-4D7F-A7A2-9A31E56F7898,2013,92,0,0,0,0,0,1,0,0,0,1,0,0,0,1,0,0,0,0,0,0,0,0,0,1,0
abe06ff4-a6ba-4111-896d-6d4a1a1b561c,2024,00,0,1,1,0,0,0,0,0,1,0,0,0,0,0,0,0,0,1,0,0,0,0,0,1,0
5B970282-2EC7-40BB-8689-2723519C5F28,2013,62,0,0,0,1,0,0,0,0,0,1,0,0,0,0,1,0,0,0,0,0,0,0,0,1,0
1AB2510D-1B7E-4516-BD3F-848E9773D751,2011,62,1,0,0,0,0,0,0,0,1,0,0,0,0,0,0,0,1,0,0,0,0,1,0,0,0
1AB2D4FC-02CC-4640-A88D-75CE1D4AD285,2011,81,0,1,0,0,0,0,0,0,1,0,0,0,0,0,0,0,0,0,0,1,0,0,0,1,0
1AB6CA6E-2D3D-43A7-A9ED-4667F86388E0,2011,81,0,0,0,0,0,0,0,1,0,0,0,1,0,0,0,0,0,0,0,1,0,1,0,0,0
1ABA78B7-6264-4870-9688-3672D7C5667A,2012,00,0,0,0,0,0,1,0,0,0,1,0,0,0,1,0,0,0,0,0,0,0,0,0,1,0
53E207D7-BCD5-4A40-A890-A8496E76354D,2016,51,0,1,0,0,0,0,0,0,1,0,0,0,0,0,0,1,0,0,0,0,0,0,0,1,0
257e6940-a0f3-11ea-878c-ff8a51fa1e8f,2020,52,0,0,0,0,0,1,0,0,0,1,0,0,0,1,0,0,0,0,0,0,0,0,0,1,0
1ACE76A7-BC75-47F1-832F-F3FD00706618,2012,54,0,1,0,0,0,0,0,0,1,0,0,0,0,0,0,1,0,0,0,0,0,0,0,1,0
1AD117DF-9298-4290-B6B1-AE2ADE0AACE4,2011,92,0,0,0,0,0,1,0,0,0,1,0,0,0,1,0,0,0,0,0,0,0,0,1,0,0
73d9e370-a072-11ef-859f-c58fde63a385,2024,52,0,0,0,0,0,1,0,0,0,1,0,0,0,1,0,0,0,0,0,0,0,0,0,1,0
1AD85AB2-E09D-4170-9B2C-9CF36A6A84DA,2013,52,0,0,1,1,0,0,0,0,1,0,0,0,0,0,0,0,0,1,0,0,0,0,0,1,0
2febb700-be44-11e7-89bc-b1518ab2e04c,2017,00,1,0,0,0,0,0,0,0,1,0,0,0,0,0,0,0,1,0,0,0,0,0,1,0,0
1AE18365-1927-4B9E-9D3D-C0AF7012AB37,2010,92,0,0,0,0,0,1,0,0,0,1,0,0,0,1,0,0,0,0,0,0,0,0,0,1,0
4DCFA8DF-B43B-4D0A-B32B-430EA741D64F,2023,61,1,1,0,0,0,0,0,0,1,0,0,0,0,0,0,0,1,0,0,0,0,0,0,1,1
2E9073A7-926D-4F0D-B6D5-CA14AD8962E0,2016,21,0,0,0,0,0,1,0,0,1,1,0,0,0,1,0,0,0,0,0,0,0,0,0,1,0
1AF5AA87-3F90-4F1E-A387-4AFB8DF69857,2013,06,0,0,0,0,0,0,0,1,0,0,0,1,0,0,0,0,0,0,0,1,0,1,0,0,0
5d2c3850-ce52-11e9-a07e-2170fe2d70c6,2019,51,0,0,0,0,0,1,0,0,0,1,0,0,0,1,0,0,0,0,0,0,0,0,0,1,0
31722340-8f0d-11e7-aa8f-5fa9d3670494,2017,44,0,0,0,0,1,0,0,0,1,1,0,0,1,0,0,0,0,0,0,0,0,0,0,1,0
1B0D15CA-D0FB-4919-82A7-4D3630E1DF4D,2005,44,0,1,0,0,0,0,0,0,1,0,0,0,0,0,0,0,1,0,0,0,0,0,0,1,0
1B0D36AE-C0E4-4486-9095-1FB4D13BCCF0,2012,51,0,1,0,0,0,0,0,0,1,0,0,0,0,0,0,0,0,0,0,1,0,0,0,1,0
11aa99b0-2131-11ec-82c4-4d3486f21395,2019,54,0,0,0,0,0,1,0,0,0,1,0,0,0,1,0,0,0,0,0,0,0,0,0,1,0
3C8DF4D1-AD22-4959-BBF2-B5F297BCC620,2015,81,0,0,0,0,0,1,0,0,0,1,0,0,0,1,0,0,0,0,0,0,0,0,0,1,0
9323E054-319E-4EF2-8CAE-1748D41E72E6,2016,61,0,0,0,1,0,0,0,0,1,0,0,0,0,0,1,0,0,0,0,0,0,0,0,1,0
1B19DDC2-A883-423A-A9DC-486F19130EFE,2011,51,0,0,0,0,0,0,1,0,1,0,0,0,0,0,0,1,0,0,0,0,1,0,0,0,0
1B1CF762-4B41-49B6-85F7-20AED3A61DB4,2012,51,0,1,0,0,0,0,0,0,1,0,0,0,0,0,0,0,0,0,0,1,0,0,0,1,0
f2e108c0-b1f8-11e8-800d-891a5c02ea18,2017,44,0,0,0,0,1,0,0,0,0,1,0,0,1,0,0,0,0,0,0,0,0,0,0,1,0
1B364EA1-332E-43F7-8D78-DF09EB01EDEF,2015,92,0,0,0,0,0,1,0,0,0,1,0,0,0,1,0,0,0,0,0,0,0,0,0,1,0
D95EE935-950B-4732-A5CD-C1F7327F3D4C,2015,62,0,0,0,0,0,1,0,0,0,0,0,1,0,1,0,0,0,0,0,0,0,0,0,1,0
7023c650-8928-11e8-8760-271b3d9edf6d,2018,03,0,0,0,0,0,1,0,0,0,0,0,1,0,1,0,0,0,0,0,0,0,1,0,0,0
2BDE8132-512A-4D8A-856F-D550AC0935AC,2015,92,0,0,0,1,0,0,0,0,1,0,0,0,0,0,1,0,0,0,0,0,0,0,0,1,0
1B4A1564-CB5F-4D97-B876-94E14E813F2C,2014,92,0,0,0,0,1,0,0,0,0,1,0,0,1,0,0,0,0,0,0,0,0,0,0,1,0
276CA30D-431C-48F2-945A-0550820A4C36,2023,61,1,1,0,0,0,0,0,0,1,0,0,0,0,0,0,0,1,0,0,0,0,0,0,1,1
030ca130-e922-11e9-b01d-8d8474fb7a4b,2017,62,0,1,0,0,0,0,0,0,1,0,0,0,0,0,0,0,0,0,0,1,0,0,0,1,0
1B5FC438-CAA2-44A7-A91D-EC91AC13B7F3,2013,62,0,0,0,0,1,0,0,0,0,0,1,0,1,0,0,0,0,0,0,0,0,0,0,1,0
EEE44D4E-6796-4618-9EBC-ABA00963CFA5,2013,51,0,1,0,0,0,0,0,0,1,0,0,0,0,0,0,1,0,0,0,0,0,1,0,0,0
69741330-25c2-11eb-a3b1-07c4769263ea,2020,52,0,0,0,1,0,0,0,0,1,0,0,0,0,0,1,0,0,0,0,0,0,1,0,0,0
8A3CAF15-13A2-4A8D-81CA-94A81EFA9382,2015,92,0,0,0,0,0,1,0,0,0,1,0,0,0,1,0,0,0,0,0,0,0,0,0,1,0
1B69F509-37C1-4280-A754-A93BCE2ED166,2011,81,0,1,0,0,0,0,0,0,1,0,0,0,0,0,0,1,0,0,0,0,0,0,0,1,0
1B6DADFB-B14B-40A7-B237-C7AB9ABD8C4F,2012,61,0,0,0,1,0,0,0,0,1,0,0,0,0,0,1,0,0,0,0,0,0,1,0,0,0
1B71B98D-AF53-46D7-B8CA-2409B9DB9267,2010,62,0,0,0,0,0,1,0,0,0,1,0,0,0,1,0,0,0,0,0,0,0,1,0,0,0
9d9c8b60-4646-11ec-b26b-73b5a62f8946,2020,92,0,0,0,0,0,1,0,0,0,1,0,0,0,1,0,0,0,0,0,0,0,0,0,1,0
1B8AB0DD-2EBE-45AA-A1BD-294F7B74FA54,2012,09,0,1,0,0,0,0,0,0,1,0,0,0,0,0,0,0,0,0,0,1,0,0,0,1,0
1B8C687C-5411-40BA-9534-DE4AEE611BAA,2011,62,0,0,0,1,0,0,0,0,1,0,0,0,0,0,1,0,0,0,0,0,0,1,0,0,0
AE8EF41D-3671-4272-A300-72CCABC840E4,2023,61,1,1,0,0,0,0,0,0,1,0,0,0,0,0,0,0,1,0,0,0,0,0,0,1,1
1dd8ff10-7e5e-11ee-afcd-0587b0cf6415,2023,07,0,1,0,0,0,0,0,0,1,0,0,0,0,0,0,1,0,0,0,0,0,0,0,1,0
1BA9B9B3-4CD9-4EEA-AC99-9FD947DB7ED7,2011,45,0,0,1,0,0,0,0,0,1,0,0,0,0,0,0,0,0,1,0,0,0,0,0,1,0
2A34CDAD-BB6B-400D-84A4-23EFEDEF9038,2016,61,0,0,0,0,0,1,0,0,0,1,0,0,0,1,0,0,0,0,0,0,0,1,0,0,0
5b7713a0-073e-11ec-863c-8359987c65e0,2021,81,1,1,1,0,0,0,0,0,1,0,0,0,0,0,0,1,0,0,0,0,0,1,0,0,0
1BC90A19-EACC-4B4C-AE39-FD118A8D5AC6,2012,00,0,1,0,0,0,0,0,0,1,0,0,0,0,0,0,1,0,0,0,0,0,1,0,0,0
825d7990-83d9-11ee-898d-0f9c5bf59690,2022,61,0,0,0,0,0,1,0,0,0,1,0,0,0,1,0,0,0,0,0,0,0,0,0,1,0
1BD04743-C5D6-4D72-84FF-CCCD99D3B5FE,2012,03,0,0,0,0,1,0,0,0,0,1,0,0,1,0,0,0,0,0,0,0,0,0,0,1,0
1BD1AFD5-8280-4DFD-9AC9-FEFBA1801378,2003,61,1,0,0,0,0,0,0,0,1,0,0,0,0,0,0,0,1,0,0,0,0,0,0,1,0
9C11AC99-D06D-4A56-9946-645AF6B6782E,2016,56,1,0,0,0,0,0,0,0,1,0,0,0,0,0,0,0,1,0,0,0,0,0,0,1,0
1BE53E92-BF21-4ACA-AFFA-978EB2DF881F,2013,00,0,0,0,1,0,0,0,0,1,0,0,0,0,0,0,0,0,0,0,1,0,0,0,1,0
DFDAD5DD-26FA-4304-89BC-67AED85C9408,2015,44,0,0,0,1,0,0,0,0,1,0,0,0,0,0,0,0,0,0,0,1,0,0,0,1,0
F0FA7200-B18D-4AB2-BDC8-717CAD67F8B0,2023,61,1,1,0,0,0,0,0,0,1,0,0,0,0,0,0,0,1,0,0,0,0,0,0,1,1
54D91CEB-FA45-4185-BAE6-AB12E3BB969A,2008,23,0,1,0,0,0,0,0,0,1,0,0,0,0,0,0,1,0,0,0,0,0,0,0,1,0
1BF29C0A-0498-44AF-9408-417885841E53,2013,52,0,0,0,1,0,0,0,0,1,0,0,0,0,0,1,0,0,0,0,0,0,1,0,0,0
1BF6182C-4EB7-4E3D-8F27-D3151FDF4009,2011,52,0,0,0,0,0,0,0,1,0,0,0,1,0,0,0,0,0,0,0,1,0,1,0,0,0
1BF7F74F-9FAA-4BFD-88CE-509651A8EB72,2012,33,0,0,0,0,1,0,0,0,0,1,0,0,1,0,0,0,0,0,0,0,0,0,0,1,0
1BF8F7C0-E751-4C27-926C-58EBEA3C3A2B,2012,92,0,0,0,0,1,0,0,0,0,1,0,0,1,0,0,0,0,0,0,0,0,0,0,1,0
1BFDF555-06E9-456F-9753-ACE437A354B5,2010,62,0,0,0,0,0,0,0,1,0,0,0,1,0,0,0,0,0,0,0,1,0,1,0,0,0
79d04680-1a19-11ec-9cee-0b92cf8d85df,2020,32,0,0,0,0,0,1,0,0,0,1,0,0,0,1,0,0,0,0,0,0,0,0,0,1,0
1C008981-3653-47E3-8F77-1739D1AF07BE,2012,62,0,0,0,1,0,0,0,0,1,0,0,0,0,0,1,0,0,0,0,0,0,1,0,0,0
F8F76242-C068-45E7-ADC6-EE7238776687,2016,51,0,1,0,0,0,1,0,0,1,1,1,0,0,1,0,0,0,0,0,0,0,1,0,0,0
1C0685F9-DBB3-4C96-B4C1-D769B6C76152,2014,00,0,1,0,0,0,0,0,0,1,0,0,0,0,0,0,1,0,0,0,0,1,0,0,0,0
1C06FF20-8E09-413C-8173-2785FA41E0E0,2011,52,0,0,0,1,0,0,0,0,1,0,0,0,0,0,0,0,0,0,0,1,0,0,0,1,0
493ee1d0-94fc-11ec-a39a-3584eb2df2ab,2020,51,1,1,0,0,0,0,0,0,1,0,0,0,0,0,0,0,1,0,0,0,0,0,0,1,0
1C0E6FF1-51CF-4B08-A4E3-B71F59E296C4,2012,48,0,0,0,0,0,1,0,0,1,0,0,1,0,1,0,0,0,0,0,0,1,0,0,0,0
1C114D7A-7E59-4A23-8BAD-68156884288E,2023,92,1,1,0,0,0,0,0,0,1,0,0,0,0,0,0,0,1,0,0,0,0,0,0,1,1
1C194C54-6EB4-458A-911C-D6E5F0BA1E69,2013,00,1,0,1,0,0,0,0,0,1,0,0,0,0,0,0,0,0,1,0,0,0,0,0,1,0
aa2d5fc0-0495-11ea-ad43-7952870528d4,2019,00,0,1,0,0,0,0,0,0,1,0,0,0,0,0,0,0,1,0,0,0,0,0,0,1,0
546c9570-aa09-11e8-a274-afc3aa8c5110,2018,51,0,0,0,0,0,1,0,0,0,1,0,0,0,1,0,0,0,0,0,0,0,0,0,1,0
1C2F1D6F-4D5D-433E-A384-7089B1F60F81,2013,61,1,0,0,0,0,0,0,0,1,0,0,0,0,0,0,0,1,0,0,0,0,1,0,0,0
24fa4a50-f91e-11eb-98bb-95028a4c8b05,2020,62,0,0,0,1,0,0,0,0,1,0,0,0,0,0,1,0,0,0,0,0,0,0,0,1,0
1C35BCE7-23C7-464B-B6A9-995EE9964F8C,2013,52,0,0,0,0,0,1,0,0,0,1,0,0,0,1,0,0,0,0,0,0,0,0,0,1,0
6016bd70-1576-11ec-8375-f10617ad68c4,2021,00,0,1,0,0,0,0,0,0,1,0,0,0,0,0,0,1,0,0,0,0,0,0,0,1,0
1C41748E-F044-4B06-9B31-9102558DE0E9,2007,62,0,0,0,0,1,0,0,0,0,1,0,0,1,0,0,0,0,0,0,0,0,0,0,1,0
99D6C3A1-123F-4B01-8253-E417B5F20A40,2023,52,1,1,0,0,0,0,0,0,1,0,0,0,0,0,0,0,1,0,0,0,0,0,0,1,1
1C43CF23-5D00-431B-AEFB-F0B3EE86F5DB,2012,92,0,0,0,0,0,1,0,0,0,1,0,0,0,1,0,0,0,0,0,0,0,0,0,1,0
1C5745F1-E3B9-4BFA-B42E-7EC063B9D367,2013,92,0,0,0,0,0,1,0,0,0,1,0,0,0,1,0,0,0,0,0,0,0,1,0,0,0
1C580116-D2C5-4316-9372-94E048EA4C47,2012,51,0,1,0,0,0,0,0,0,1,0,0,0,0,0,0,1,0,0,0,0,0,0,0,1,0
c40f94c0-d568-11e7-bfad-07ede9e0bc7c,2017,06,0,0,0,0,0,1,0,0,0,1,0,0,0,1,0,0,0,0,0,0,0,0,0,1,0
1C7BFA0C-9C15-40F0-AE86-24921AF963DB,2013,62,0,0,0,1,0,0,0,0,1,0,0,0,0,0,1,0,0,0,0,0,0,1,0,0,0
E3FA6E55-FAB3-409B-8496-0D444E505132,2016,62,0,0,0,0,1,0,0,0,0,1,0,0,1,0,0,0,0,0,0,0,0,0,0,1,0
1C93BE6D-D108-4A08-9CBB-36BED43FC6C4,2013,62,0,0,0,0,1,0,0,0,0,1,0,0,1,0,0,0,0,0,0,0,0,1,0,0,0
AFAE2812-87DD-4181-9C80-649523D8A835,2023,61,1,1,0,0,0,0,0,0,1,0,0,0,0,0,0,0,1,0,0,0,0,0,0,1,1
1CA1B729-971B-4660-8456-4DAA4F252C8A,2013,00,0,0,0,0,1,0,0,0,0,1,0,0,1,0,0,0,0,0,0,0,0,0,0,1,0
1CA8D1BC-FC19-46BD-906C-1719986C8964,2006,92,0,0,0,1,0,0,0,0,1,0,0,0,0,0,1,0,0,0,0,0,0,1,0,0,0
1CB366B7-D2F2-45CC-8725-16AEB5FFA450,2013,92,0,0,0,0,1,0,0,0,0,1,0,0,1,0,0,0,0,0,0,0,0,0,0,1,0
1CB6BAB1-7DB7-48AD-AAC3-4F07A16A8F99,2010,92,0,0,0,0,1,0,0,0,0,1,0,0,1,0,0,0,0,0,0,0,0,0,0,1,0
1CB94F53-5A24-4263-967C-3FD08BDFCDB2,2006,52,0,0,0,0,0,1,0,0,0,0,1,0,0,0,1,0,0,0,0,0,0,1,0,0,0
1CBA87AB-2E1E-4990-9E15-6148A9295C90,2015,62,0,0,0,1,0,0,0,0,0,1,0,0,0,0,1,0,0,0,0,0,0,0,0,1,0
1CBE50F7-6303-4575-ACA6-A26F29D55ADB,2013,62,0,0,0,0,1,0,0,0,0,1,0,0,1,0,0,0,0,0,0,0,0,0,0,1,0
1CBFA087-C2C1-41AA-9C89-5CD0176BBDEB,2012,92,0,0,0,0,1,0,0,0,0,1,0,0,1,0,0,0,0,0,0,0,0,0,0,1,0
1CCE300D-6EB6-4C0D-B9E8-E4E221CDF13C,2012,00,0,0,0,0,0,1,0,0,0,1,0,0,0,1,0,0,0,0,0,0,0,0,0,1,0
1CCF7609-3913-4B72-B848-52C6D22BC432,2013,92,0,1,0,0,0,0,0,0,1,0,0,0,0,0,0,1,0,0,0,0,1,0,0,0,0
c6167c00-a199-11e7-9764-c7e1aa1637e1,2017,62,0,0,0,0,0,1,0,0,0,1,0,0,0,1,0,0,0,0,0,0,0,0,0,1,0
3d0cdf40-8cc1-11e7-97c0-cfe5b6ac1588,2017,00,1,0,0,0,0,0,0,0,1,0,0,0,0,0,0,0,1,0,0,0,0,1,0,0,0
1CD59DFB-F68A-41CB-A5BA-4AD35BB1176B,2013,51,0,1,0,0,0,0,0,0,1,0,0,0,0,0,0,1,0,0,0,0,0,1,0,0,0
D1CE3F8D-F50B-4730-82E1-F5B27787CD4D,2013,62,0,0,0,0,1,0,0,0,0,1,0,0,1,0,0,0,0,0,0,0,0,1,0,0,0
1CE69203-D702-4176-A530-BFE51667EFE5,2013,54,0,0,0,0,1,0,0,0,0,1,0,0,1,0,0,0,0,0,0,0,0,0,0,1,0
7b544080-e0bb-11ef-bb83-fdfe95aef2b7,2023,06,0,0,0,0,0,1,0,0,0,1,0,0,0,1,0,0,0,0,0,0,0,0,0,1,0
1CEE19F9-F5F6-4D59-B76F-92D55F290A40,2011,00,0,1,0,0,0,0,0,0,1,0,0,0,0,0,0,0,0,0,0,1,0,1,0,0,0
2C5B8ABE-3FD2-4031-96C3-ED632D77447E,2016,72,1,1,0,0,0,0,0,0,1,0,0,0,0,0,0,0,1,0,0,0,0,0,0,1,0
1D1369B1-7B06-458A-A044-6175F1CA162F,2013,33,1,1,0,0,0,0,0,0,1,0,0,0,0,0,0,0,1,0,0,0,0,0,0,1,0
1D064F98-07EA-4151-94AA-9BB5B6C2C703,2023,61,1,1,0,0,0,0,0,0,1,0,0,0,0,0,0,0,1,0,0,0,0,0,0,1,1
5e4c7150-bb61-11e8-b9b2-0dc0cc16471e,2018,51,0,0,0,0,0,1,0,0,0,1,0,0,0,1,0,0,0,0,0,0,0,1,0,0,0
29b95a46-cde0-45f7-b2ce-6694777cf8d1,2024,56,0,1,0,0,0,0,0,0,1,0,0,0,0,0,0,1,0,0,0,0,0,0,0,1,0
ba434dc0-22da-11eb-b221-a300329fb9cf,2020,61,0,0,0,0,0,1,0,0,0,1,0,0,0,1,0,0,0,0,0,0,0,0,0,1,0
AC056D76-7482-4E2D-838F-818AD7B399FD,2015,92,0,1,0,0,0,0,0,0,1,0,0,0,0,0,0,0,1,0,0,0,0,0,0,1,0
1D406CD5-4EE3-449C-8D8D-7822BC6FF47D,2011,62,0,0,0,1,0,0,0,0,1,0,0,0,0,0,1,0,0,0,0,0,0,1,0,0,0
D569A3DD-2543-4AC8-9AA1-FBCD1E8ECF79,2016,54,0,1,0,0,0,0,0,0,1,0,0,0,0,0,0,0,0,0,0,1,0,0,0,1,0
1D4FDC6B-0DD7-46D0-AD8E-2F2D0610C992,2012,44,0,0,0,1,0,0,0,0,1,0,0,0,0,0,1,0,0,0,0,0,0,1,0,0,0
2dac3c10-c273-11e8-bf07-99bafabab839,2018,54,0,0,0,0,0,1,0,0,0,1,0,0,0,1,0,0,0,0,0,0,0,1,0,0,0
1D57A9B8-9261-4909-A210-609152CA1829,2013,62,0,0,0,0,0,1,0,0,0,1,0,0,0,1,0,0,0,0,0,0,0,0,0,1,0
a4e152f0-ba5b-11e7-a4ec-c71ec2b9ee3a,2017,44,0,0,0,0,0,1,0,0,0,1,0,0,0,1,0,0,0,0,0,0,0,0,0,1,0
C16A5320-FA47-5530-D958-3C34FD356EF5,2025,51,0,1,0,0,0,0,0,0,1,0,0,0,0,0,0,1,0,0,0,0,0,0,0,1,0
e9c4c7e0-75fe-11e7-9d88-ab89f89c69db,2017,61,0,0,0,0,0,1,0,0,0,1,0,0,0,1,0,0,0,0,0,0,0,1,0,0,0
1D6C1975-1840-4ECB-9F0B-9D1D69F0F822,2012,92,1,1,1,0,0,0,0,0,1,0,0,0,0,0,0,0,0,1,0,0,0,0,0,1,0
1D7360C4-1BF4-4C40-BAB5-E5CA6F605EF6,2013,32,0,0,0,1,0,0,0,0,1,0,0,0,0,0,1,0,0,0,0,0,0,1,0,0,0
37A6B76C-CFE3-4FBF-B109-C627508EB364,2016,62,0,0,0,1,0,0,0,0,1,0,0,0,0,0,1,0,0,0,0,0,0,1,0,0,0
1D768BB7-B92B-4984-886F-54DBB4C41A03,2012,05,0,1,0,0,0,0,0,0,1,0,0,0,0,0,0,1,0,0,0,0,0,0,0,1,0
1D80372A-9FA9-4EAA-ACD2-6CC6C82A6B9D,2008,32,0,0,0,0,1,0,0,0,0,1,0,0,1,0,0,0,0,0,0,0,0,0,0,1,0
1D84A44A-731A-4F7E-8D1F-01DE1399B6ED,2012,00,0,1,0,0,0,0,0,0,1,0,0,0,0,0,0,1,0,0,0,0,0,0,0,1,0
91d5b7b0-a4e5-11ea-a769-1f53f53c0c37,2020,54,1,1,0,0,0,0,0,0,1,0,0,0,0,0,0,0,1,0,0,0,0,0,0,1,0
1D888BB5-1D4B-4621-AE44-114722BA8AFD,2013,62,0,0,0,0,1,0,0,0,0,1,0,0,1,0,0,0,0,0,0,0,0,0,0,1,0
F2B414EC-ECAF-457A-A423-0599789E9863,2011,51,0,1,0,0,0,0,0,0,1,0,0,0,0,0,0,1,0,0,0,0,0,0,0,1,0
5DFD953F-4DDA-4D46-B744-35FD938A21E0,2023,61,1,1,0,0,0,0,0,0,1,0,0,0,0,0,0,0,1,0,0,0,0,0,0,1,1
C81E728D-9D4C-2F63-6F06-7F89CC14862C,2025,00,0,1,0,0,0,0,0,0,1,0,0,0,0,0,0,1,0,0,0,0,0,0,0,1,0
1D961EBE-0F9A-4FDE-A92D-CD70E607D54F,2013,00,0,1,0,0,0,0,0,0,1,0,0,0,0,0,0,0,1,0,0,0,1,0,0,0,0
1DA05D63-B723-4C95-B7F6-E00BC3CF881A,2013,51,0,1,0,0,0,0,0,0,1,0,0,0,0,0,0,1,1,0,0,0,1,0,0,0,0
1DA10064-7313-4D50-A755-80A873734C03,2012,62,0,0,0,0,0,1,0,0,0,1,0,0,0,1,0,0,0,0,0,0,0,0,0,1,0
1DADA442-B03F-4CC1-8C1C-89D19D568514,2013,00,1,1,1,0,0,0,0,0,1,0,0,0,0,0,0,0,0,1,0,0,0,0,0,1,0
1DADA826-2FC2-464A-90FF-044196D51B5F,2013,00,0,1,0,0,0,0,0,0,1,0,0,0,0,0,0,0,0,0,1,0,1,0,0,0,0
ce76ba10-0a45-11ea-9821-617d71ee6253,2019,56,0,0,0,0,0,1,0,0,0,1,0,0,0,1,0,0,0,0,0,0,0,0,0,1,0
1DB30841-F335-4770-AC86-5CFDF9E8105C,2013,62,0,0,0,1,0,0,0,0,1,0,0,0,0,0,1,0,0,0,0,0,0,1,0,0,0
A08C1229-6143-454C-8E3E-E279A31165BF,2016,44,0,0,0,1,0,0,0,0,1,0,0,0,0,0,0,0,0,0,0,1,0,0,0,1,0
58d2c440-2455-11eb-af35-ed9bb3f10d5f,2020,62,1,0,0,0,0,0,0,0,1,0,0,0,0,0,0,0,1,0,0,0,0,1,0,0,0
1DDF9D10-2EC2-402D-B40D-F9D19DE8F528,2010,62,0,0,0,0,0,1,0,0,0,0,1,0,0,0,1,0,0,0,0,0,0,1,0,0,0
1DE82803-F9AA-4BF5-818C-C825FEB3D012,2013,62,0,0,0,1,0,0,0,0,1,0,0,0,0,0,1,0,0,0,0,0,0,1,0,0,0
1DF31CDA-33EB-44BC-A2AC-CC55DF7324D5,2014,92,0,0,0,0,0,1,0,0,0,1,0,0,0,1,0,0,0,0,0,0,0,0,0,1,0
672C743A-ED91-4BAD-BE38-02EB97083666,2023,61,1,1,0,0,0,0,0,0,1,0,0,0,0,0,0,0,1,0,0,0,0,0,0,1,1
4860DE40-FB71-4E39-88DA-F0490664F2EE,2015,72,0,0,0,1,1,0,0,0,0,1,0,0,1,0,0,0,0,0,0,0,0,0,0,1,0
1DF9ABA9-D347-41F9-9135-1CF8AA0FF697,2013,62,0,0,0,0,1,0,0,0,0,1,0,0,1,0,0,0,0,0,0,0,0,0,0,1,0
1DFA5ACB-73E1-4A69-8508-B9C291D1580E,2010,92,0,0,0,0,0,1,0,0,0,1,0,0,0,1,0,0,0,0,0,0,0,0,1,0,0
1DFC803E-1147-4DD4-8F86-BB55F052D51A,2013,61,0,0,0,1,0,0,0,0,1,0,0,0,0,0,1,0,0,0,0,0,0,0,0,1,0
034ff6d0-d50f-11eb-8806-c7cd39544f5b,2017,54,0,1,0,0,0,0,0,0,1,0,0,0,0,0,0,0,1,0,0,0,0,0,0,1,0
B9525847-D494-422F-8E39-77D1B624477B,2023,00,1,1,0,0,0,0,0,0,1,0,0,0,0,0,0,0,1,0,0,0,0,0,0,1,1
0f312330-c491-11e7-9a8b-47d1b690bc01,2012,62,0,0,0,0,1,0,0,0,0,1,0,0,1,0,0,0,0,0,0,0,0,0,1,0,0
FAB39F60-79BF-4831-B005-7B6D84DA7276,2014,62,0,0,0,0,0,1,0,0,0,1,0,0,0,1,0,0,0,0,0,0,0,0,0,1,0
F82E0A5B-5086-4803-9A32-1CF3B2310386,2023,61,1,1,0,0,0,0,0,0,1,0,0,0,0,0,0,0,1,0,0,0,0,0,0,1,1
A3FB39C5-BB9C-4405-BA16-F44AEE45C8F0,2023,61,1,1,0,0,0,0,0,0,1,0,0,0,0,0,0,0,1,0,0,0,0,0,0,1,1
36ab7d90-9b44-11e8-8c28-77aa5b8d940e,2016,61,0,0,0,0,1,0,0,0,0,1,0,0,1,0,0,0,0,0,0,0,1,0,0,0,0
c59e4430-0d5f-11eb-835c-77358de149b1,2019,48,0,1,0,0,0,0,0,0,1,0,0,0,0,0,0,0,0,0,0,1,0,0,0,1,0
1E272F0C-4346-46A2-8D7C-E69F5C6D72C4,2013,92,0,1,0,0,0,0,0,0,1,0,0,0,0,0,0,1,0,0,0,0,0,0,0,1,0
1E29FA58-DE29-47F1-821A-1E87BA3FE5C8,2013,62,0,0,0,0,0,1,0,0,0,1,0,0,0,1,0,0,0,0,0,0,0,0,0,1,0
1E2AD9ED-6AA2-41AB-8EAA-6D0A13BB2062,2008,61,0,0,0,1,0,0,0,0,1,0,0,0,0,0,1,0,0,0,0,0,0,1,0,0,0
1E342FB7-1A62-4455-BC86-234B9FBC8D60,2009,62,0,0,0,0,0,1,0,0,0,1,0,0,0,1,0,0,0,0,0,0,0,0,0,1,0
1E408978-B08B-4FE0-B716-2BF174AE534A,2012,62,0,0,0,0,0,1,0,0,0,1,0,0,0,1,0,0,0,0,0,0,0,0,0,1,0
32C50506-3447-44FF-9D3D-954A9B734AD3,2016,62,0,1,0,0,0,0,0,0,1,0,0,0,0,0,0,0,1,0,0,0,0,0,0,1,0
71333510-ba54-11e7-a4ec-c71ec2b9ee3a,2017,52,0,0,0,1,0,0,0,0,1,0,0,0,0,0,0,0,0,0,0,1,1,0,0,0,0
93233be0-a9fd-11e8-a274-afc3aa8c5110,2018,62,0,1,1,0,0,0,0,0,1,0,0,0,0,0,0,0,0,1,0,0,0,1,0,0,0
5721C459-6684-4904-81FA-161FE81F56CB,2014,62,0,0,0,0,1,0,0,0,0,1,0,0,1,0,0,0,0,0,0,0,0,0,0,1,0
12cd65e0-0279-11e9-aee0-f7420d4f3238,2018,62,0,1,0,0,0,0,0,0,1,0,0,0,0,0,0,1,0,0,0,0,0,0,0,1,0
1E541AF0-D9E1-4A91-9E03-942D2DC633EA,2012,61,0,0,0,0,0,0,0,1,1,0,0,0,0,0,0,0,0,0,0,1,0,0,0,1,0
7843499B-006A-4D8F-8241-8FE6EA07463D,2016,92,0,0,0,0,0,1,0,0,0,1,0,0,0,1,0,0,0,0,0,0,0,0,0,1,0
69834452-6D92-4346-AC0A-9AAB8041D1C2,2023,61,1,1,0,0,0,0,0,0,1,0,0,0,0,0,0,0,1,0,0,0,0,0,0,1,1
191f3320-75f2-11e7-9d88-ab89f89c69db,2016,00,1,1,0,0,0,0,0,0,1,0,0,0,0,0,0,0,1,0,0,0,0,0,0,1,0
1E6A9720-DD6B-44BB-BF8D-18F12DAAFE4C,2010,92,0,0,0,0,0,1,0,0,0,1,0,0,0,1,0,0,0,0,0,0,0,0,1,0,0
1E70A11B-8892-435B-97F9-BFD6AEDE2811,2011,05,0,1,0,0,0,0,0,0,1,0,0,0,0,0,0,0,0,0,0,1,0,0,0,1,0
3D03D454-49D9-4A34-8418-5FABF8F7466D,2016,52,0,0,0,0,0,1,0,0,0,1,0,0,0,1,0,0,0,0,0,0,0,0,0,1,0
172B8A64-F160-470C-9319-6420E2F36B0B,2023,00,1,1,0,0,0,0,0,0,1,0,0,0,0,0,0,0,1,0,0,0,0,0,0,1,1
1E8BF375-1468-4079-AF75-ED43DFEE63B4,2013,62,0,0,0,0,1,0,0,0,0,1,0,0,1,0,0,0,0,0,0,0,0,0,0,1,0
4058286E-8FF0-4733-B48F-292557A25F08,2015,62,1,1,1,0,0,0,0,0,1,0,0,0,0,0,0,0,1,1,0,0,0,1,0,0,0
1E8E7784-17E4-43FD-834A-835C65DC19CC,2012,92,0,0,0,0,0,1,0,0,0,1,0,0,0,1,0,0,0,0,0,0,0,0,0,1,0
1E90A577-C799-416F-AE62-EED86C77F9E2,2013,45,0,1,0,0,0,0,0,0,1,0,0,0,0,0,0,1,0,0,0,0,0,0,0,1,0
1E92DA1F-CD94-49C0-8BEA-8BD41899D8BA,2012,00,1,1,1,0,0,0,0,0,1,0,0,0,0,0,0,0,0,1,0,0,0,0,0,1,0
1E9E464A-FD84-4D74-BAD9-2456C8D646F7,2013,04,0,0,0,0,0,1,0,0,0,1,0,0,0,1,0,0,0,0,0,0,0,0,0,1,0
1EA0AE40-1809-49C3-838A-CC421B1C69DD,2015,71,0,1,0,0,0,0,0,0,1,0,0,0,0,0,0,1,0,0,0,0,0,0,0,1,0
1EA619DF-3CD1-449A-8F42-2AF824719A13,2010,52,0,1,0,0,0,0,0,0,1,0,0,0,0,0,0,1,0,0,0,0,0,0,0,1,0
0ffd1380-1792-11eb-a388-210bf038e9e5,2019,51,0,0,0,0,0,1,0,0,0,1,0,0,0,1,0,0,0,0,0,0,0,1,0,0,0
1EA94D98-1D4E-4D0A-ABE6-4E32C53D3A3C,2012,51,0,1,0,0,0,0,0,0,1,0,0,0,0,0,0,1,0,0,0,0,0,0,0,1,0
1EBBCA4B-52B2-4568-A28B-D9C6F630A7C0,2015,52,0,1,0,0,0,0,0,0,1,0,0,0,0,0,0,1,0,0,0,0,0,0,0,1,0
6F44EC0E-1064-4F60-946D-E38BFC13F4F4,2023,61,1,1,0,0,0,0,0,0,1,0,0,0,0,0,0,0,1,0,0,0,0,0,0,1,1
567f3840-8550-11ee-898d-0f9c5bf59690,2023,61,1,1,0,0,0,0,0,0,1,0,0,0,0,0,0,0,1,0,0,0,0,0,0,1,1
b2e84900-111e-11ea-bd5f-71a8176be0a0,2019,72,0,0,0,0,1,0,0,0,0,1,0,0,1,0,0,0,0,0,0,0,0,0,0,1,0
1ED48E08-8DAF-4784-8720-F94BECC3864C,2013,53,1,0,0,0,0,0,0,0,1,0,0,0,0,0,0,0,1,0,0,0,0,1,0,0,0
54b753a0-a1b3-11ea-aa67-0b6b068266ad,2020,62,1,0,0,0,0,0,0,0,1,0,0,0,0,0,0,0,1,0,0,0,0,1,0,0,0
527c2840-de83-11e7-9424-7b935f12be98,2017,44,0,0,0,1,0,0,0,0,1,0,0,0,0,0,0,0,0,0,0,1,1,0,0,0,0
1EE17BB5-3445-4FC9-995F-F954DE6B8526,2012,54,0,0,0,1,0,0,0,0,1,0,0,0,0,0,1,0,0,0,0,0,0,0,0,1,0
1EEE2144-3E40-433B-8D3B-81F47B558A78,2009,52,0,0,0,1,0,0,0,0,1,0,0,0,0,0,1,0,0,0,0,0,0,1,0,0,0
1EF9CAD4-E31D-4506-83FD-7DC218929CB3,2001,00,0,1,0,0,0,0,0,0,1,0,0,0,0,0,0,0,0,0,1,0,1,0,0,0,0
1EFB3FDC-9707-475F-9CEF-7CED055ED5ED,2012,52,0,0,0,0,0,1,0,0,0,0,1,0,0,1,0,0,0,0,0,0,0,1,0,0,0
1EFD8BCC-1CF4-4CC3-ABB6-FC8ABA770B15,2014,00,0,0,0,0,0,1,0,0,0,1,0,0,0,1,0,0,0,0,0,0,0,0,0,1,0
1F06A42D-C0E7-471A-B408-53E1A9588A8A,2013,00,0,1,0,0,0,0,0,0,1,0,0,0,0,0,0,0,1,0,0,0,0,0,0,1,0
70F4ACBC-22A9-4FEC-BCD0-78DD68063BA6,2016,45,1,1,0,0,0,0,0,0,1,0,0,0,0,0,0,0,1,0,0,0,0,0,0,1,0
1F0BE45F-3538-4B89-9684-C3DF47E96BD1,2012,21,1,0,0,0,0,0,0,0,1,0,0,0,0,0,0,0,1,0,0,0,1,0,0,0,0
1F3704A1-771D-4E77-9B71-2C76DA743381,2014,62,0,0,0,0,0,1,0,0,1,0,0,0,0,1,0,0,0,0,0,0,1,0,0,0,0
1F3E3415-9E72-4B81-A849-161940C95CBA,2011,62,0,0,0,0,0,1,0,0,0,1,0,0,0,0,1,0,0,0,0,0,0,1,0,0,0
1F40E1F8-F7C6-4A7B-8DF5-19E46FAA5289,2015,62,0,0,0,0,0,1,0,0,0,1,0,0,0,1,0,0,0,0,0,0,0,0,0,1,0
E2057C4F-4ACD-49B1-B7BA-5917FBD69AEF,2016,62,0,0,0,1,0,1,0,0,0,1,0,0,0,1,1,0,0,0,0,0,0,1,0,0,0
42d737a0-d919-11e7-be42-df02fe7390b5,2017,81,0,1,0,0,0,0,0,0,1,0,0,0,0,0,0,0,0,0,1,0,1,0,0,0,0
1F50FD2B-D38D-4921-91B5-97B6C56DF5DE,2014,92,0,0,0,0,0,1,0,0,0,1,0,0,0,1,0,0,0,0,0,0,0,0,0,1,0
1F56CD4C-CF8D-475F-8795-ECE404B2CEC0,2013,62,0,0,0,1,0,0,0,0,1,0,0,0,0,0,1,0,0,0,0,0,0,1,0,0,0
1F69F37B-7502-440C-9C1B-FE389B39BFAC,2014,62,0,0,0,0,1,0,0,0,0,1,0,0,1,0,0,0,0,0,0,0,0,0,0,1,0
1F719A1A-9376-402E-BB9C-4F1E71B68851,2013,33,0,1,0,0,0,0,0,0,1,0,0,0,0,0,0,1,0,0,0,0,0,0,0,1,0
1F742634-0C6E-4D26-863E-64DB124EEAC1,2012,00,0,1,0,0,0,0,0,0,1,0,0,0,0,0,0,1,0,0,0,0,0,0,0,1,0
1F7845B4-1BA2-4C0D-A235-D623A1A70222,2013,51,0,1,0,0,0,0,0,0,1,0,0,0,0,0,0,1,0,0,0,0,0,0,0,1,0
9f8a09c0-db5d-11ef-94f8-638529e3ff3b,2024,00,0,1,0,0,0,0,0,0,1,0,0,0,0,0,0,0,0,0,0,1,0,0,0,1,0
FC673090-16AB-4542-827F-C4AA04CEC113,2016,44,0,0,0,1,0,0,0,0,1,0,0,0,0,0,0,0,0,0,0,1,0,0,1,0,0
1F7D3752-E0A2-461C-9DD5-0AC4B089A853,2012,32,0,0,0,0,0,1,0,0,0,0,1,0,0,1,0,0,0,0,0,0,0,0,0,1,0
1F7FBF08-8CE3-4C08-A274-E62C7A07ED80,2013,62,0,0,0,0,1,0,0,0,0,1,0,0,1,0,0,0,0,0,0,0,0,1,0,0,0
1F8C64C4-1967-4BC9-B6EA-8A6FCAB0C25B,2011,92,0,0,0,0,0,1,0,0,0,1,0,0,0,1,0,0,0,0,0,0,0,0,1,0,0
f25586e0-4341-11ed-a8d9-e567d58abfd4,2022,51,0,1,0,0,0,0,0,0,1,0,0,0,0,0,0,1,0,0,0,0,0,0,0,1,0
1F99A077-B1CF-43B7-B148-013264171636,2014,00,0,1,0,0,0,0,0,0,1,0,0,0,0,0,0,1,0,0,0,0,1,0,0,0,0
27d23230-28d6-11e9-adf7-352895b3dcd2,2018,05,0,0,0,0,0,1,0,0,0,1,0,0,0,1,0,0,0,0,0,0,0,0,0,1,0
893941ca-3702-471e-8ab4-470fa8978509,2024,51,0,1,0,0,0,0,0,1,1,0,0,0,0,0,0,0,1,0,0,0,0,0,0,1,0
1FB2677D-93C9-4452-92C7-FEA2233B7254,2013,54,0,1,0,0,0,0,0,0,1,0,0,0,0,0,0,0,1,0,0,0,0,0,0,1,0
1FD2267C-B52B-4B48-80B6-D49C4F5590B8,2013,62,0,1,0,0,0,0,0,0,1,0,0,0,0,0,0,1,1,0,0,0,1,0,0,0,0
29D83C84-0225-42EC-BA76-6343CABF8C50,2015,62,0,0,0,0,0,1,0,0,0,1,0,0,0,1,0,0,0,0,0,0,0,0,0,1,0
3B4DAF2A-19D3-4306-B294-E4BE44D2BA46,2016,92,0,0,0,1,0,0,0,0,1,0,0,0,0,0,1,0,0,0,0,0,0,1,0,0,0
1FDDBA26-D54A-4B4A-A864-AF550DAB2F61,2014,71,0,0,0,0,0,1,0,0,0,1,0,0,0,1,0,0,0,0,0,0,0,0,0,1,0
4bb95280-b472-11eb-a85f-450a4af904b1,2021,48,1,1,1,0,0,0,0,0,1,0,0,0,0,0,0,0,1,1,0,0,0,0,0,1,0
FF973386-9AB5-4BE2-B597-C29C517C9ABD,2016,00,0,1,0,0,0,0,0,0,1,0,0,0,0,0,0,1,0,0,0,0,0,0,0,1,0
1FE9E0E7-D92B-47F1-8262-2A2E0A472148,2010,92,0,0,0,0,0,1,0,0,0,1,0,0,0,0,1,0,0,0,0,0,0,0,1,0,0
1FEDDF50-9385-4365-A2BC-979BF4E46CA7,2013,00,1,1,1,0,0,0,0,0,1,0,0,0,0,0,0,0,0,1,0,0,0,0,0,1,0
85bd5560-e0ae-11e9-8cfd-bf57b38104b7,2019,54,0,0,0,0,0,1,0,0,0,1,0,0,0,1,0,0,0,0,0,0,0,0,0,1,0
1FF73909-38CE-4EB1-8E7E-0718ADFE7536,2013,52,0,0,0,1,0,0,0,0,1,0,0,0,0,0,0,0,0,0,0,1,0,1,0,0,0
BEC6608E-A168-43D7-A935-C5C8547F6565,2023,61,1,1,0,0,0,0,0,0,1,0,0,0,0,0,0,0,1,0,0,0,0,0,0,1,1
200716E9-F531-4538-B5CE-D1A304BF9BD0,2013,61,0,0,0,0,0,1,0,0,0,1,0,0,0,1,0,0,0,0,0,0,0,0,0,1,0
6aa1ef50-7236-11eb-b847-53c7fcddcc7a,2019,51,0,0,0,0,0,1,0,0,0,1,0,0,0,1,0,0,0,0,0,0,0,0,0,1,0
201463D4-E4B5-4E3F-8062-45A540FD3D72,2012,92,1,1,1,0,0,0,0,0,1,0,0,0,0,0,0,0,0,1,0,0,0,0,0,1,0
201F17BF-D8C6-4AF5-AB0A-66EA492EAFB1,2013,51,0,0,0,0,0,0,1,0,1,0,0,0,0,0,0,0,0,0,0,1,1,0,0,0,0
b6e47360-359f-11ec-9ec7-15e66f657ea5,2019,00,0,0,0,0,0,1,0,0,0,1,0,0,0,1,0,0,0,0,0,0,0,0,0,1,0
2022C66A-B2CF-4500-963A-599CFB0E776B,2012,00,0,0,0,0,0,1,0,0,0,1,0,0,0,1,0,0,0,0,0,0,0,0,0,1,0
57F0AF77-FECF-404B-99A1-501ACB34382E,2015,62,0,0,0,1,1,0,0,0,0,1,0,0,1,0,0,0,0,0,0,0,0,0,0,1,0
E9A9E091-CC9A-4192-92F9-32282CD06672,2015,62,0,0,0,0,1,0,0,0,0,1,0,0,1,0,0,0,0,0,0,0,0,0,0,1,0
6979014F-E28A-40FF-B67F-6C8FF9817050,2023,52,1,1,0,0,0,0,0,0,1,0,0,0,0,0,0,0,1,0,0,0,0,0,0,1,1
204CD5CC-EB8C-4164-B7FF-D2AE1EDC2FE5,2012,61,0,1,0,0,0,0,0,0,1,0,0,0,0,0,0,0,1,0,0,0,0,0,0,1,0
205F95B3-02A4-4A7A-B2D4-E096271B65AC,2012,81,0,1,0,0,0,0,0,0,1,0,0,0,0,0,0,1,0,0,0,0,0,0,0,1,0
20634D68-BFDE-4377-8477-27680833A884,2012,62,0,0,0,0,0,0,0,1,0,0,0,1,0,0,0,0,0,0,0,1,0,1,0,0,0
206398AC-72E1-4E88-939B-DFDEAC3EB895,2013,00,0,0,0,0,1,0,0,0,0,1,0,0,1,0,0,0,0,0,0,0,0,0,0,1,0
5d8128c0-28ec-11ea-a520-cb05efb19081,2019,44,1,0,0,0,0,0,0,0,1,0,0,0,0,0,0,0,1,0,0,0,0,1,0,0,0
2076FFE1-BAA2-4484-B54B-44D3BE0F34C7,2013,62,0,0,0,0,1,0,0,0,0,1,0,0,1,0,0,0,0,0,0,0,0,0,0,1,0
f73948c0-8de0-11ec-bb25-234a6ad089e5,2021,51,1,1,0,0,0,0,0,0,1,0,0,0,0,0,0,0,1,0,0,0,0,1,0,0,0
2B36ED8D-559C-4106-978D-B6C2834F8D4A,2016,92,0,1,0,0,0,0,0,0,1,0,0,0,0,0,0,0,1,0,0,0,0,0,0,1,0
207DD5A3-D7B3-429F-B143-7F8B994598BB,2011,62,0,0,0,1,0,0,0,0,1,0,0,0,0,0,1,0,0,0,0,0,0,1,0,0,0
2083E6A6-BFDD-4145-B94C-F78EB38BD1F0,2015,62,0,1,0,0,0,0,0,0,1,0,0,0,0,0,0,0,1,0,0,0,0,0,0,1,0
f82ee030-de12-11e9-92e6-b7a271e742aa,2019,62,1,0,0,0,0,0,0,0,1,0,0,0,0,0,0,0,1,0,0,0,0,1,0,0,0
b838c6d0-8cd9-11e7-811e-83915e56fc98,2017,00,0,0,0,0,0,1,0,0,0,1,0,0,0,1,0,0,0,0,0,0,0,0,0,1,0
1fea1a40-811d-11e7-8520-b5d4bef506ca,2017,52,0,0,0,1,0,0,0,0,1,0,0,0,0,0,1,0,0,0,0,0,0,0,1,0,0
20A789F8-8993-430E-B1A4-676D828061FA,2011,92,0,0,0,1,0,0,0,0,0,0,0,1,0,0,1,0,0,0,0,0,0,1,0,0,0
4479F27C-D0E2-4390-AF07-1EA1663D080A,2023,61,1,1,0,0,0,0,0,0,1,0,0,0,0,0,0,0,1,0,0,0,0,0,0,1,1
549B19B2-F5EF-4A10-8037-F4F8E746E9A5,2016,92,0,0,0,0,0,1,0,0,0,1,0,0,0,1,0,0,0,0,0,0,0,0,0,1,0
20B07E27-B806-42B9-9685-A6298FFDA78B,2013,00,0,0,0,0,0,1,0,0,0,1,0,0,0,1,0,0,0,0,0,0,0,1,0,0,0
1C962266-02DF-4502-85BC-5EF3CD6585D9,2016,61,0,0,0,1,0,0,0,0,1,1,0,0,0,0,1,0,0,0,0,0,0,1,0,0,0
20BDB44C-4860-46FA-950B-7BBCBBA73D26,2014,72,0,0,0,0,1,0,0,0,0,1,0,0,1,0,0,0,0,0,0,0,0,0,0,1,0
F7F3FD08-C9A2-4B96-A8FD-253B4BE3C81F,2016,44,0,0,0,1,0,0,0,0,1,0,0,0,0,0,0,0,0,0,0,1,0,1,0,0,0
4771d6b0-7238-11eb-b847-53c7fcddcc7a,2019,00,0,0,0,1,0,0,0,0,1,0,0,0,0,0,1,0,0,0,0,0,0,1,0,0,0
20DE2227-3738-4E4D-982F-4639A3B688CF,2012,00,1,1,1,0,0,0,0,0,1,0,0,0,0,0,0,0,0,1,0,0,0,0,0,1,0
208CA34D-561F-4B5F-8080-0179A274AF2F,2015,00,0,0,0,0,1,0,0,0,0,1,0,0,1,0,0,0,0,0,0,0,0,0,0,1,0
20E19E01-36E4-41A2-BF64-0CCA3575D139,2013,52,0,0,0,1,0,0,0,0,1,0,0,0,0,0,0,0,0,0,0,1,0,0,0,1,0
209A8A35-2B88-4C48-B278-88D78518200D,2016,62,0,1,0,0,0,0,0,0,1,0,0,0,0,0,0,1,0,0,0,0,0,1,0,0,0
20E75B76-4BD2-4869-A754-A10325DABD06,2013,44,0,0,0,0,1,0,0,0,0,1,0,0,1,0,0,0,0,0,0,0,0,1,0,0,0
20EA585E-4496-4740-A67F-EBDD9F7773C1,2012,62,0,0,0,1,0,0,0,0,1,0,0,0,0,0,1,0,0,0,0,0,0,1,0,0,0
20EBC303-64CF-4392-8D96-7E2F2DB59F66,2014,44,0,0,0,1,0,0,0,0,1,0,0,0,0,0,0,0,0,0,0,1,0,0,0,1,0
20F94842-3D93-42B2-9694-17A5C86CCBC9,2013,22,0,0,0,0,0,1,0,0,0,1,0,0,0,1,0,0,0,0,0,0,0,0,0,1,0
8f4197b0-da32-11e7-a58f-dff506a792fb,2017,52,0,1,1,0,0,0,0,0,1,0,0,0,0,0,0,0,0,1,0,0,0,0,0,1,0
211BCA1C-6701-4416-BA9B-7796DD726D16,2013,00,0,1,0,0,0,0,0,0,1,0,0,0,0,0,0,1,0,0,0,0,1,0,0,0,0
1B621D22-DB4C-44E9-861E-16DA23E3F338,2015,62,0,1,0,0,0,0,0,0,1,0,0,0,0,0,0,1,0,0,0,0,0,0,0,1,0
21349E3F-D0A7-42AA-B483-90611B09C58A,2011,54,1,1,0,0,0,0,0,0,1,0,0,0,0,0,0,0,1,0,0,0,0,0,0,1,0
d2805fb0-28de-11e9-adf7-352895b3dcd2,2018,45,0,1,0,0,0,0,0,0,1,0,0,0,0,0,0,1,0,0,0,0,0,0,0,1,0
2148BB32-FE35-4F56-B94B-343BDE076E91,2012,03,0,0,0,0,0,1,0,0,0,1,0,0,0,1,0,0,0,0,0,0,0,0,0,1,0
f5a07b90-8c14-11e8-bfaf-f7b4555dc539,2018,48,0,1,0,0,0,1,0,0,1,1,0,0,0,1,0,1,0,0,0,0,0,1,0,0,0
52D3AA9F-8DC7-4C1D-B4A2-D1D6CDF8D598,2015,81,0,1,0,0,0,0,0,0,1,0,0,0,0,0,0,1,0,0,0,0,0,1,0,0,0
e7f6e340-af65-11f0-a027-d955a4d2f085,2025,00,0,0,0,0,1,0,0,0,0,1,0,0,1,0,0,0,0,0,0,0,0,0,0,1,0
2166926F-6009-45D6-9611-957FF20BB3D5,2012,62,0,0,0,0,0,1,0,0,0,1,0,0,0,1,1,0,0,0,0,0,0,1,0,0,0
333ae0c0-0c5a-11ed-a5d0-6392f10eda5f,2020,71,0,1,0,0,0,0,0,0,1,0,0,0,0,0,0,1,0,0,0,0,0,0,0,1,0
e07cba20-9404-11e7-967f-a9fa27eb51b9,2013,62,0,0,0,0,1,0,0,0,0,1,0,0,1,0,0,0,0,0,0,0,0,0,0,1,0
BBFC0D84-A774-4143-8205-2F0A2D37F9EF,2014,44,0,0,0,0,1,1,0,0,1,1,0,0,1,0,0,0,0,0,0,0,0,0,0,1,0
218A827E-3847-4B1C-8D7A-D2B217A0C6F8,2008,00,0,0,0,0,0,1,0,0,0,1,0,0,0,1,0,0,0,0,0,0,0,1,0,0,0
21909504-6E94-4438-8CC2-80918312C987,2010,92,0,0,0,0,0,1,0,0,0,1,0,0,0,1,0,0,0,0,0,0,0,0,1,0,0
219548AC-9E5D-4819-9644-1676C7E6534B,2010,62,0,0,0,1,0,0,0,0,1,0,0,0,0,0,1,0,0,0,0,0,0,1,0,0,0
97e64860-5148-11ed-9bc2-d5a5778fd37b,2021,61,1,1,0,0,0,0,0,1,1,0,0,0,0,0,0,0,1,0,0,0,0,1,0,0,0
2196AFA6-2C93-4C52-BCFF-0E8B3A5939A3,2013,61,1,0,0,0,0,0,0,0,1,0,0,0,0,0,0,0,1,0,0,0,0,1,0,0,0
2198417A-8CEF-45AC-92EA-5B683134AF5A,2014,52,0,1,1,0,0,0,0,0,1,0,0,0,0,0,0,0,0,1,0,0,1,0,0,0,0
63507400-e2e3-11e7-a8b4-b50015373b0a,2017,92,1,0,0,0,0,0,0,0,1,0,0,0,0,0,0,0,1,0,0,0,0,1,0,0,0
21A4BF9F-974C-4EA7-86D0-0127744D0D5B,2012,92,0,0,0,0,1,0,0,0,0,1,0,0,1,0,0,0,0,0,0,0,0,0,0,1,0
21A801A7-9C83-436C-AC6B-97C62B17DFA7,2013,00,0,0,0,0,1,0,0,0,0,1,0,0,1,0,0,0,0,0,0,0,0,0,0,1,0
21A91BBA-E8F4-4EB1-93E1-463B1D68403D,2012,81,0,1,0,0,0,0,0,0,1,0,0,0,0,0,0,0,0,0,0,1,1,0,0,0,0
21AFA8D4-9A25-4DC9-91D0-FD7E9F704219,2010,92,0,0,0,1,0,0,0,0,1,0,0,0,0,0,1,0,0,0,0,0,0,1,0,0,0
21B632FF-E4E2-4AA4-8B78-89D7787C2A46,2012,52,0,1,0,0,0,0,0,0,1,0,0,0,0,0,0,1,0,0,0,0,0,0,0,1,0
21B66CD7-B7DA-450D-B7A5-735B940981CD,2012,81,0,0,0,0,1,0,0,0,0,1,0,0,1,0,0,0,0,0,0,0,0,0,0,1,0
7659496F-F7FC-483B-A50A-AA34987DB1C4,2015,62,0,0,0,0,0,1,0,0,0,1,0,0,0,0,1,0,0,0,0,0,0,1,0,0,0
32462D59-D5F8-4868-AD56-B47BE3CC8B42,2016,62,0,0,0,0,0,1,0,0,0,1,1,0,0,1,0,0,0,0,0,0,0,0,0,1,0
c43bef70-c884-11e7-ad9d-998b531c9197,2017,52,0,0,0,1,0,0,0,0,1,0,0,0,0,0,0,0,0,0,0,1,0,0,0,1,0
AC606263-0D0F-432D-BEC2-87CAEC17FA30,2023,61,1,1,0,0,0,0,0,0,1,0,0,0,0,0,0,0,1,0,0,0,0,0,0,1,1
ccd37400-721d-11eb-a74a-79ed152e0098,2017,56,1,1,0,0,0,0,0,0,1,0,0,0,0,0,0,0,1,0,0,0,0,0,0,1,0
418B735E-D7DF-405F-B411-68B026BAA0B4,2016,62,0,0,0,0,0,1,0,0,0,1,0,0,0,1,0,0,0,0,0,0,0,0,0,1,0
ad9a4f90-89b4-11e8-9447-19cb9b621008,2018,52,0,1,0,0,0,0,0,0,1,0,0,0,0,0,0,1,0,0,0,0,0,0,1,0,0
35c6e540-259a-11ea-b8c8-4fa7e4328c98,2019,62,0,0,0,1,0,0,0,0,1,0,0,0,0,0,1,0,0,0,0,0,0,0,0,1,0
A684ECEE-E76F-C522-7732-86A895BC8436,2025,51,0,1,0,0,0,0,0,0,1,0,0,0,0,0,0,1,0,0,0,0,0,0,0,1,0
21E1B7E1-A38A-4284-9A05-CAE129C2402C,2013,92,0,1,0,0,0,0,0,0,1,0,0,0,0,0,0,1,0,0,0,0,0,0,0,1,0
b3c705d0-c11c-11e8-b08b-65e656f134d2,2018,62,0,0,1,0,1,0,0,0,1,1,0,0,1,0,0,0,0,0,0,0,0,0,0,1,0
21FC25F2-D32E-44EF-8FBA-FB08A9D2D8A2,2012,62,0,0,0,1,0,0,0,0,1,0,0,0,0,0,1,0,0,0,0,0,0,0,0,1,0
21FD21DD-B46E-4B2B-B50B-D17B9DE8DC0E,2010,92,0,0,0,1,0,0,0,0,1,0,0,0,0,0,1,0,0,0,0,0,0,0,0,1,0
21FE78C7-3638-47D0-9515-9B7D777A920C,2012,56,0,0,0,0,0,1,0,0,0,1,0,0,0,0,1,0,0,0,0,0,0,1,0,0,0
079e1b90-eab2-11e7-92b6-dfe49f9d7042,2017,92,0,1,0,0,0,0,0,0,1,0,0,0,0,0,0,0,1,0,0,0,0,0,0,1,0
BB6ABEAC-335B-4237-A0E8-B14A81CE1F1C,2016,92,0,0,0,0,0,1,0,0,0,1,0,0,0,1,0,0,0,0,0,0,0,0,0,1,0
222AAB0B-6524-49A5-83C6-99D482E7AD66,2004,09,0,0,0,0,1,0,0,0,0,1,0,0,1,0,0,0,0,0,0,0,0,0,0,1,0
222E1498-6916-44A8-AA29-EF9E16BD55D2,2013,51,0,1,0,0,0,0,0,0,1,0,0,0,0,0,0,1,0,0,0,0,0,0,0,1,0
222F7DBA-7559-4C53-B2B2-C97DC60FEB36,2011,92,0,0,0,0,1,0,0,0,0,1,0,0,1,0,0,0,0,0,0,0,0,0,0,1,0
2230A9E0-AC36-4A4A-954A-563A76EF62A9,2013,62,0,0,0,0,1,0,0,0,0,1,0,0,1,0,0,0,0,0,0,0,0,0,0,1,0
6db809f0-3cce-11ec-b63a-33c287a8ec4a,2020,48,1,0,0,0,0,0,0,0,1,0,0,0,0,0,0,0,1,0,0,0,0,1,0,0,0
6af3af90-855a-11ee-898d-0f9c5bf59690,2023,52,0,1,0,0,0,0,0,0,1,0,0,0,0,0,0,1,0,0,0,0,0,0,0,1,0
22372D62-8426-4D10-9DAE-B6C6E03A4176,2012,92,0,0,0,0,0,1,0,0,0,1,0,0,0,1,0,0,0,0,0,0,0,0,0,1,0
f0ddc780-15e2-11ea-ba54-075d8b11bbd2,2019,51,0,1,0,0,0,0,0,0,1,0,0,0,0,0,0,1,0,0,0,0,0,0,0,1,0
f44be660-22d7-11eb-b221-a300329fb9cf,2018,92,1,1,1,0,0,0,0,0,1,0,0,0,0,0,0,0,0,1,0,0,0,0,0,1,0
274adc80-af99-11f0-b5a8-133ca5d3f832,2025,00,1,1,0,0,0,0,0,0,1,0,0,0,0,0,0,0,1,0,0,0,0,0,0,1,0
00533240-f142-11eb-8c8a-5968a0b53910,2021,00,0,1,0,0,0,0,0,0,1,0,0,0,0,0,0,0,1,0,0,0,0,0,0,1,0
224F057A-AEE3-4009-B50A-2E69C2E51969,2011,00,0,0,0,1,0,0,0,0,1,0,0,0,0,0,1,0,0,0,0,0,0,1,0,0,0
225076E4-22B3-4587-AFA6-F5AAB526BB23,2013,72,0,1,0,0,0,0,0,0,1,0,0,0,0,0,0,1,0,0,0,0,0,0,0,1,0
A4A5D94B-77D5-4694-A1A0-AB94C720B148,2023,32,1,1,0,0,0,0,0,0,1,0,0,0,0,0,0,0,1,0,0,0,0,0,0,1,1
BB9FD910-4205-4AA7-9D7D-1420DD282C0C,2023,61,1,1,0,0,0,0,0,0,1,0,0,0,0,0,0,0,1,0,0,0,0,0,0,1,1
b37a3eb0-e1db-11e7-8553-197c24c367d2,2017,62,1,0,0,0,0,0,0,0,1,0,0,0,0,0,0,0,1,0,0,0,0,1,0,0,0
22637444-B7C5-4E3A-AD9E-265CE5DD29CF,2011,92,0,0,0,0,1,0,0,0,0,1,0,0,1,0,0,0,0,0,0,0,0,0,0,1,0
2266E747-216F-4D3A-AF68-DC55864A1843,2013,09,0,1,0,0,0,0,0,0,1,0,0,0,0,0,0,1,0,0,0,0,0,0,0,1,0
22726632-5384-4727-828D-2202A0391C07,2010,92,0,0,0,0,0,1,0,0,0,1,0,0,0,1,0,0,0,0,0,0,0,0,1,0,0
22797F34-F191-4006-89D3-02B8ACF1555B,2013,00,1,1,1,0,0,0,0,0,1,0,0,0,0,0,0,0,0,1,0,0,0,0,0,1,0
227D347B-2E2B-478B-AEF7-78486126736D,2012,92,0,0,0,0,0,1,0,0,0,1,0,0,0,1,0,0,0,0,0,0,0,0,0,1,0
409abb40-35d2-11ed-9153-3540a8e4c67f,2022,52,0,1,0,0,0,0,0,0,1,0,0,0,0,0,0,1,1,0,0,0,1,0,0,0,0
228596FF-904C-4220-88AA-6619C9B032EC,2015,62,0,0,0,1,0,0,0,0,1,0,0,0,0,0,1,0,0,0,0,0,0,0,0,1,0
4d3c1b10-c55b-11e7-9e23-d39fd27e665b,2017,72,0,0,0,0,1,0,0,0,1,0,0,0,1,0,0,0,0,0,0,0,0,0,0,1,0
F5A3BC03-CB2E-40F9-A860-B581DBE9F3FF,2015,92,0,0,0,0,0,1,0,0,0,1,0,0,0,1,0,0,0,0,0,0,0,0,0,1,0
d1ac8700-f0e6-11e9-84f1-e9d602503a96,2019,62,1,1,1,0,0,0,0,0,1,0,0,0,0,0,0,0,0,1,0,0,0,0,0,1,0
229CF23C-DC09-48BC-85C0-6CA4A91B1B30,2010,92,0,0,0,0,0,1,0,0,0,1,0,0,0,1,0,0,0,0,0,0,0,0,1,0,0
22A009A1-FADF-4E9A-BDDC-C6DA632E7AF6,2010,62,0,1,0,0,0,0,0,0,1,0,0,0,0,0,0,0,0,0,0,1,0,0,0,1,0
22ACFD88-05AF-4AE0-95E7-D074A9A37797,2013,11,0,1,0,0,0,0,0,0,1,0,0,0,0,0,0,1,0,0,0,0,0,0,0,1,0
22AE3EF1-3EF4-43EB-85B0-A42482CE2E09,2014,92,0,0,0,0,0,1,0,0,0,1,0,0,0,1,0,0,0,0,0,0,0,0,0,1,0
9E67719D-5053-499F-B5C0-F549407CA60C,2023,52,1,1,0,0,0,0,0,0,1,0,0,0,0,0,0,0,1,0,0,0,0,0,0,1,1
B19DA98A-4DE4-429C-AB5F-A638D7A6D453,2023,61,1,1,0,0,0,0,0,0,1,0,0,0,0,0,0,0,1,0,0,0,0,0,0,1,1
22D583BE-04B4-4DAC-8A1F-1ACC3EAF6EDE,2013,51,0,1,0,0,0,0,0,0,1,0,0,0,0,0,0,1,0,0,0,0,0,0,0,1,0
22D9F2D8-725B-4182-B845-03D751374991,2010,52,0,0,0,1,0,0,0,0,1,0,0,0,0,0,1,0,0,0,0,0,0,1,0,0,0
22DF31DA-B032-4180-A4F7-22A9536E46C9,2008,06,0,0,0,0,1,0,0,0,0,1,0,0,1,0,0,0,0,0,0,0,0,0,0,1,0
6c8628d0-545f-11eb-a683-ed9206b72971,2021,92,0,0,0,1,0,0,0,0,1,0,0,0,0,0,1,0,0,0,0,0,0,0,0,1,0
22EF350F-C06F-4CE1-BFA7-D80691298189,2015,62,0,0,0,1,0,0,0,0,0,1,0,0,0,0,1,0,0,0,0,0,0,0,0,1,0
22EFFE7F-DDC3-4222-8BB5-2F79834D1311,2010,61,0,0,0,0,0,1,0,0,0,0,1,0,0,1,0,0,0,0,0,0,0,1,0,0,0
4F3B2CD1-604B-4B03-AA8F-795047065B96,2016,52,0,0,0,1,0,0,0,0,1,0,0,0,0,0,0,0,0,0,0,1,0,0,0,1,0
22F581A5-8F2C-4518-802F-1ADB5B550002,2013,62,0,0,0,1,0,0,0,0,1,0,0,0,0,0,1,0,0,0,0,0,0,1,0,0,0
22FD8CE1-853B-45FD-B74F-3372DF18B5E6,2010,92,0,0,0,0,0,1,0,0,0,1,0,0,0,1,0,0,0,0,0,0,0,0,1,0,0
230092F0-C4CC-422B-B3AA-92AD5AFB53C8,2013,51,1,0,1,0,0,0,0,0,1,0,0,0,0,0,0,0,1,0,0,0,1,0,0,0,0
2306876C-FE5F-41F6-91A4-D4E913A7FE63,2013,51,0,1,1,0,0,0,0,0,1,0,0,0,0,0,0,0,0,1,0,0,0,0,0,1,0
230ADF5A-6BA5-4541-80EC-2E27C02BF99A,2012,00,1,1,1,0,0,0,0,0,1,0,0,0,0,0,0,0,0,1,0,0,0,0,0,1,0
5ADDB4D8-0CFC-4A18-88C3-0090ED937FB0,2023,61,1,1,0,0,0,0,0,0,1,0,0,0,0,0,0,0,1,0,0,0,0,0,0,1,1
23286CD9-786B-45F8-B9FE-C92803A9010B,2011,62,0,0,1,0,1,0,0,0,1,1,0,0,1,0,0,0,0,0,0,0,0,0,0,1,0
2329314F-FB56-4DEC-8497-0BEFF879E3C2,2012,00,0,1,0,0,0,0,0,0,1,0,0,0,0,0,0,1,0,0,0,0,0,0,0,1,0
0B6A425B-255B-4B1D-A8E7-83877E822D14,2015,44,0,0,0,1,1,0,0,0,0,1,0,0,1,0,0,0,0,0,0,0,0,0,0,1,0
2330ABE0-90C1-4E12-8893-EE25E6AE4299,2012,92,0,0,0,0,1,0,0,0,0,1,0,0,1,0,0,0,0,0,0,0,0,0,0,1,0
2300845A-D445-4858-884E-563F09A34C85,2015,44,0,0,0,1,0,0,0,0,0,1,0,0,0,0,0,0,0,0,0,1,0,0,0,1,0
8CDF65B7-940D-4731-8A6F-9F1CDC9FE278,2016,52,0,0,0,1,0,0,0,0,1,0,0,0,0,0,0,0,0,0,0,1,0,0,0,1,0
77FFF619-B964-4453-8DA1-1B38C45BC2CC,2023,61,1,1,0,0,0,0,0,0,1,0,0,0,0,0,0,0,1,0,0,0,0,0,0,1,1
40860ae0-8ea3-11e8-8003-e3ff5269fee2,2018,62,0,0,1,0,0,0,0,0,1,0,0,0,0,0,0,0,0,1,0,0,0,1,0,0,0
234DF890-29E8-421D-A69F-062701170D54,2014,42,0,0,0,0,1,0,0,0,0,1,0,0,1,0,0,0,0,0,0,0,0,0,0,1,0
23506596-73A0-4ABF-B886-1C82F8CC87B4,2012,62,0,0,0,1,0,0,0,0,1,0,0,0,0,0,1,0,0,0,0,0,0,1,0,0,0
466114C1-9B6D-470C-BD55-C17D2C27852A,2023,61,1,1,0,0,0,0,0,0,1,0,0,0,0,0,0,0,1,0,0,0,0,0,0,1,1
23555156-9E11-4728-B63B-9ADDB972CA67,2011,62,0,0,0,0,0,1,0,0,0,1,0,0,0,1,0,0,0,0,0,0,0,0,0,1,0
18254940-8ac4-11e8-aafc-8b374e4aa1f3,2018,00,0,0,0,0,0,1,0,0,0,1,0,0,0,1,0,0,0,0,0,0,0,0,0,1,0
23643B5E-BE40-408B-AFE0-9544D02978BE,2008,00,0,0,0,0,0,1,0,0,0,0,1,0,0,1,1,0,0,0,0,0,0,1,0,0,0
236DBFE9-F1FC-4222-B2A3-CDD08457EEA8,2012,92,0,0,0,0,1,0,0,0,0,1,0,0,1,0,0,0,0,0,0,0,0,0,0,1,0
43702e60-2385-11eb-b77f-316b5c5dd5eb,2020,51,0,1,0,0,0,0,0,0,1,0,0,0,0,0,0,1,0,0,1,0,1,0,0,0,0
237527EB-3C11-4303-BB49-D8D93C24093D,2013,61,0,0,0,0,0,1,0,0,0,1,0,0,0,1,0,0,0,0,0,0,0,1,0,0,0
2375D260-0725-4D77-8AC8-FEBA6ADDF934,2014,92,0,0,0,0,0,0,0,1,0,1,0,0,0,0,0,0,0,0,0,1,0,0,0,1,0
1e47a7d0-b344-11e7-9a94-230655e65ca5,2017,44,0,0,0,1,0,0,0,0,1,0,0,0,0,0,0,0,0,0,0,1,0,0,0,1,0
E57A8456-68FE-4B8B-8703-B08D4EBDC086,2016,62,1,0,1,0,0,0,0,0,1,0,0,0,0,0,0,0,0,1,0,0,0,0,0,1,0
238E92FB-0C5F-4BA9-93E7-0A6BABEFBDD1,2013,92,0,0,0,0,0,1,0,0,0,1,0,0,0,0,1,0,0,0,0,0,0,1,0,0,0
238F219E-C736-4975-8FF5-1E7960812376,2011,92,0,0,0,0,0,1,0,0,0,1,0,0,0,1,0,0,0,0,0,0,0,0,0,1,0
b8798b90-1485-11e9-9b0e-db2459a65ffe,2015,92,0,0,0,0,0,1,0,0,0,1,0,0,0,0,1,0,0,0,0,0,0,1,0,0,0
239C096E-13A7-4102-B418-5C3F9EB86692,2013,62,0,0,0,0,1,0,0,0,0,1,0,0,1,0,0,0,0,0,0,0,0,0,0,1,0
40FDFFEC-1FD1-4871-8EE1-EF02A4349C83,2016,54,0,1,0,0,0,0,0,0,1,1,0,0,0,0,0,0,0,0,0,1,0,0,0,1,0
23BA80FD-BCA7-417A-9058-BF8E21CF4AE3,2011,61,0,0,0,0,0,1,0,0,0,1,0,0,0,1,0,0,0,0,0,0,0,0,0,1,0
23C4FD85-519A-4ED7-9E93-45D88E385E3E,2015,52,0,0,0,0,0,0,0,1,0,1,0,0,0,0,0,0,0,0,0,1,0,0,0,1,0
23C9CD2C-2E52-4105-ACBF-B75101EE7A86,2004,09,0,0,0,0,1,0,0,0,0,1,0,0,1,0,0,0,0,0,0,0,0,0,0,1,0
23D0692F-1C8D-4FF1-A603-C64A5A70D1F2,2008,52,0,0,1,0,1,0,0,0,1,1,0,0,1,0,0,0,0,0,0,0,0,0,0,1,0
4DCDEF62-AADE-47B0-90A7-61D5B4759E7F,2016,52,0,0,1,0,1,0,0,0,1,1,0,0,1,0,0,0,0,0,0,0,0,0,0,1,0
c506fd50-8117-11e7-9cfb-2f8f443557c3,2017,00,0,0,0,0,0,1,0,0,0,1,0,0,0,1,0,0,0,0,0,0,0,0,0,1,0
23DE9BD1-BD71-4FD5-8F67-E3B9FE8FCBEF,2012,92,0,0,0,0,1,0,0,0,0,1,0,0,1,0,0,0,0,0,0,0,0,0,0,1,0
23E9CBEA-C570-48CF-9D09-7AECFCD7D47A,2012,56,0,0,0,0,1,0,0,0,0,1,0,0,1,0,0,0,0,0,0,0,0,0,0,1,0
587528B6-5381-4790-AE1B-A30D9B189239,2023,44,1,1,0,0,0,0,0,0,1,0,0,0,0,0,0,0,1,0,0,0,0,0,0,1,1
240131BF-CA65-4FAC-99AF-6B5C5A4E10EB,2015,61,0,1,0,0,0,0,0,0,1,0,0,0,0,0,0,0,1,0,1,0,1,0,0,0,0
241EC7B5-EB0B-458E-B446-BC2DBCDB78E8,2011,92,0,0,0,0,0,1,0,0,0,1,0,0,0,0,1,0,0,0,0,0,0,0,0,1,0
707b9fa0-a0a8-11e8-899a-23ad2f84ca7d,2017,56,0,1,0,1,1,0,0,0,0,1,0,0,1,0,1,0,0,0,0,0,0,0,0,1,0
C9B437B5-6147-40F4-9121-40EBD4579D62,2023,52,1,1,0,0,0,0,0,0,1,0,0,0,0,0,0,0,1,0,0,0,0,0,0,1,1
24360962-C964-4F6D-8C3C-1421E288E53F,2012,92,0,0,0,0,0,1,0,0,0,1,0,0,0,1,0,0,0,0,0,0,0,0,0,1,0
2439B555-7B05-4DD9-83BC-C46B58AC8622,2012,00,0,1,0,0,0,0,0,0,1,0,0,0,0,0,0,1,0,0,0,0,0,0,0,1,0
244C5358-9B32-4381-B2E5-24A14FB522AF,2014,00,0,0,0,0,0,1,0,0,0,1,0,0,0,1,0,0,0,0,0,0,0,1,0,0,0
bc3f9a70-0e79-11ed-9a95-4bdaebaab721,2020,00,0,1,0,0,0,0,0,0,1,0,0,0,0,0,0,0,1,0,0,0,0,0,0,1,0
12110f5f-8f7b-4164-9d81-12440fd66c92,2024,00,1,0,1,0,0,0,0,0,1,0,0,0,0,0,0,0,1,0,0,0,0,0,0,1,0
2463672C-E0D9-4F6D-B9EA-6A2D36CC1F37,2014,62,0,0,0,1,0,0,0,0,1,0,0,0,0,0,1,0,0,0,0,0,0,1,0,0,0
2468560D-187F-4A41-99C0-127E8F576F0E,2013,54,0,1,0,0,0,0,0,0,1,0,0,0,0,0,0,1,0,0,0,0,1,0,0,0,0
246EDDF6-3EE6-4883-B6C3-5EA4BC1DA0EA,2014,00,0,0,0,1,0,0,0,0,1,0,0,0,0,0,1,0,0,0,0,0,0,1,0,0,0
2475FA4E-5206-42C0-B885-B96040DC8AE8,2010,92,0,0,0,0,0,1,0,0,0,1,0,0,0,0,1,0,0,0,0,0,0,0,0,1,0
247E3DF0-B5C6-40FD-8CDD-EB99C811874F,2011,62,0,0,0,1,0,0,0,0,1,0,0,0,0,0,1,0,0,0,0,0,0,0,0,1,0
BEEB3C6B-296F-42FD-BD8B-9D0BE8847FED,2023,61,1,1,0,0,0,0,0,0,1,0,0,0,0,0,0,0,1,0,0,0,0,0,0,1,1
2497619D-2265-45EB-A6FE-179339750AB5,2012,92,1,1,1,0,0,0,0,0,1,0,0,0,0,0,0,0,0,1,0,0,0,0,0,1,0
24AB7875-2921-410A-8199-3BA0B71CE146,2013,92,0,0,0,0,1,0,0,0,0,1,0,0,1,0,0,0,0,0,0,0,0,0,0,1,0
24ADFE77-A321-46EF-9CD8-727534E41165,2002,00,0,1,0,0,0,0,0,0,1,0,0,0,0,0,0,0,0,0,0,1,0,0,0,1,0
24B4EFFB-A4D9-4EF0-A4FB-695052D14034,2012,92,1,1,1,0,0,0,0,0,1,0,0,0,0,0,0,0,0,1,0,0,0,0,0,1,0
48789bf0-c8f4-11e9-9c16-3f32faecab86,2019,62,1,0,0,0,0,0,0,0,1,0,0,0,0,0,0,0,1,0,0,0,1,0,0,0,0
24C49BD1-B4B7-46BC-82EC-3CB535791601,2013,92,0,1,0,0,0,0,0,0,1,0,0,0,0,0,0,1,0,0,0,0,0,1,0,0,0
5FC4CFCD-5110-4178-BE2F-42C9332EC529,2016,62,0,0,0,0,0,1,0,0,0,1,0,0,0,1,0,0,0,0,0,0,0,0,0,1,0
24CDDAD9-E931-44F8-8AF8-21AE8ACC426C,2013,56,0,0,0,0,0,1,0,0,1,0,0,0,0,1,0,0,0,0,0,0,1,0,0,0,0
24D1B369-DB99-417B-9A38-1F50285651A6,2014,62,0,0,0,0,1,0,0,0,0,1,0,0,1,0,0,0,0,0,0,0,0,0,0,1,0
24D1E12B-922B-4E20-8480-D53AA89DC99E,2013,51,0,1,0,0,0,0,0,0,1,0,0,0,0,0,0,0,0,0,1,0,1,0,0,0,0
24D33947-132F-4297-8DDB-73757B41E8AC,2010,92,0,0,0,0,0,1,0,0,0,1,0,0,0,1,0,0,0,0,0,0,0,0,1,0,0
24D42429-8534-4145-BEF2-FA6FB3710BB2,2012,92,1,1,1,0,0,0,0,0,1,0,0,0,0,0,0,0,0,1,0,0,0,0,0,1,0
24DE6FC9-4111-4859-85E6-C1322DE862D8,2015,00,0,0,0,0,0,1,0,0,0,1,0,0,0,1,0,0,0,0,0,0,0,0,0,1,0
26feef20-cf47-11e9-89a9-015b821d7cea,2019,44,0,0,0,1,0,0,0,0,1,0,0,0,0,0,0,0,0,0,0,1,0,0,0,1,0
24FA6545-F6C2-48DF-BDC0-3C1CF75CE28F,2015,00,1,0,0,0,0,0,0,0,1,0,0,0,0,0,0,0,1,0,0,0,0,0,0,1,0
79322318-A449-4FA1-A723-4CB5AF10AAA7,2015,92,0,0,0,0,1,0,0,0,0,1,0,0,1,0,0,0,0,0,0,0,0,1,0,0,0
2b7a8950-72d9-11e7-ace1-3bcdf5dc8d5d,2017,44,0,0,0,1,0,0,0,0,1,0,0,0,0,0,0,0,0,0,0,1,0,0,0,1,0
3A6B1F1C-DFA1-4617-ABDF-2AD766A35E9E,2015,33,0,0,0,0,0,1,0,0,0,1,0,0,0,1,0,0,0,0,0,0,0,0,0,1,0
2532904F-F4E0-47C7-BF92-3253CE310573,2014,00,0,1,1,0,0,0,0,0,1,0,0,0,0,0,0,0,0,1,0,0,0,1,0,0,0
253F7278-D6AF-4D12-B0D6-F61862562734,2013,22,0,0,0,0,0,0,0,1,0,0,0,1,0,0,0,0,0,0,0,1,0,0,0,1,0
25443487-100C-47B1-9336-9E1C14D1F8EA,2015,92,0,0,0,0,0,1,0,0,0,1,0,0,0,1,0,0,0,0,0,0,0,0,0,1,0
25461118-6CFD-4125-96F0-32BB6AED68DC,2011,00,0,1,0,0,0,0,0,0,1,0,0,0,0,0,0,1,0,0,0,0,0,1,0,0,0
CF35341A-AA79-47D0-A3E3-47629657AA1D,2016,62,0,0,0,0,0,1,0,0,0,1,0,0,0,1,0,0,0,0,0,0,0,0,0,1,0
797D9C83-D3BD-4B6A-B502-8675690CFE81,2014,62,0,0,0,0,1,0,0,0,0,1,0,0,1,0,0,0,0,0,0,0,0,0,0,1,0
AA2D36A5-2EA3-4B0D-A998-DBE30EF3C468,2016,62,0,0,0,0,0,1,0,0,1,1,0,0,0,1,0,0,0,0,0,0,0,1,0,0,0
47536bf0-66e8-11ef-bf5d-c7aac65e2994,2023,48,1,1,0,0,0,0,0,0,1,0,0,0,0,0,0,0,1,0,0,0,0,0,0,1,0
255563D0-5AE7-4F50-B98F-C7EC3AFA5DDD,2010,62,0,0,0,1,0,0,0,0,1,0,0,0,0,0,1,0,0,0,0,0,0,1,0,0,0
7a00c2f0-c9b3-11e9-9a33-13e06a29212c,2019,92,0,0,0,0,0,1,0,0,0,0,0,1,0,1,1,0,0,0,0,0,0,1,0,0,0
255EEE3E-27C7-4CD7-A439-88ABC7DF488E,2013,00,0,0,0,1,0,0,0,0,1,0,0,0,0,0,1,0,0,0,0,0,0,1,0,0,0
0670ff90-ad39-11e8-9e5a-c1f99505e93a,2016,00,0,0,1,0,0,0,0,0,1,0,0,0,0,0,0,0,0,1,0,0,0,0,0,1,0
89973d50-88f7-11e8-82c8-d50e157d53ee,2018,45,0,1,0,0,0,0,0,0,1,0,0,0,0,0,0,0,1,0,0,0,0,0,0,1,0
021AD10F-6D53-4318-BB79-E20B2DEF39EF,2015,62,0,0,0,0,0,1,0,0,0,1,0,0,0,1,0,0,0,0,0,0,0,0,0,1,0
2574A0E5-B22E-4C22-B866-11D9CE0920BF,2013,62,0,0,0,1,0,0,0,0,1,0,0,0,0,0,1,0,0,0,0,0,0,1,0,0,0
258027CB-0B44-4574-B1FF-0D985A5A6E96,2013,52,0,0,0,1,0,0,0,0,1,0,0,0,0,0,0,0,0,0,0,1,0,0,0,1,0
258C1629-2075-4361-BEDB-8918CD0B0E52,2015,92,0,0,0,0,1,0,0,0,0,1,0,0,1,0,0,0,0,0,0,0,0,0,0,1,0
2592B70D-6080-4BD0-9FAA-E2FD4CC97C9D,2012,00,0,0,0,0,1,0,0,0,0,1,0,0,1,0,0,0,0,0,0,0,0,0,0,1,0
25952206-66CC-4AE2-95C7-283F20984FE0,2015,62,0,0,0,0,0,1,0,0,0,0,1,0,0,1,0,0,0,0,0,0,0,0,0,1,0
af3a3fc0-243c-11eb-af35-ed9bb3f10d5f,2020,61,0,1,0,0,0,0,0,0,1,0,0,0,0,0,0,1,0,0,0,0,0,0,0,1,0
CBF40D9A-1BBD-4FCB-A660-9C4ED64222E6,2023,61,1,1,0,0,0,0,0,0,1,0,0,0,0,0,0,0,1,0,0,0,0,0,0,1,1
25A62530-4C21-496C-8141-F269356C45B5,2013,61,0,1,0,0,0,0,0,0,1,0,0,0,0,0,0,1,0,0,0,0,1,0,0,0,0
c1f2a110-6bd1-11e7-97f1-7f40b0b1fd66,2017,09,0,0,0,1,0,0,0,0,1,0,0,0,0,0,1,0,0,0,0,0,0,1,0,0,0
9CE7F7A6-DF7C-45FC-BE58-1142D25BD9AE,2016,44,0,0,0,0,0,1,0,0,0,1,0,0,0,1,0,0,0,0,0,0,0,0,0,1,0
7a671e40-8f64-11e8-a74f-e5450456a5bf,2018,62,0,0,1,1,0,0,0,0,0,1,0,0,0,0,1,0,0,0,0,0,0,0,0,1,0
a965a6b0-0938-11e8-bbae-ed39c73f1398,2017,51,0,1,0,0,0,0,0,0,1,0,0,0,0,0,0,1,0,0,0,0,0,0,0,1,0
6f8afee0-e20a-11e7-8553-197c24c367d2,2013,62,0,0,0,0,1,0,0,0,0,1,0,0,1,0,0,0,0,0,0,0,0,0,0,1,0
25C42355-1105-4994-8830-4F97F20FA6DD,2014,62,0,1,0,0,0,0,0,0,1,0,0,0,0,0,0,0,0,0,0,1,0,0,0,1,0
25C7BF98-4CFB-4712-9211-A9EE9415C88B,2014,54,0,1,0,0,0,0,0,0,1,0,0,0,0,0,0,1,0,0,0,0,0,0,0,1,0
25CAD94C-8005-400C-8F3F-526AB0B5A748,2011,52,0,0,0,0,1,0,0,0,0,1,0,0,1,0,0,0,0,0,0,0,0,0,0,1,0
25CE9AA9-2F4C-4E48-99F0-5E35F7D6F81A,2011,54,0,0,0,0,0,1,0,0,0,0,1,0,0,1,0,0,0,0,0,0,0,0,0,1,0
25CEB94A-C768-47CE-AA4D-0094438E6CE2,2012,00,0,1,0,0,0,0,0,0,1,0,0,0,0,0,0,1,0,0,0,0,0,0,0,1,0
25D63703-1657-42E6-A1CE-DEF68166AD66,2014,51,0,1,0,0,0,0,0,0,1,0,0,0,0,0,0,1,0,0,1,0,1,0,0,0,0
25D9F821-45F0-41ED-94E4-512F4ED63663,2011,92,0,0,0,0,0,0,0,1,0,0,0,1,0,0,0,0,0,0,0,1,0,1,0,0,0
25E6A9D0-8CEB-4369-A38C-EB381FA2BEB6,2013,09,0,0,0,0,0,1,0,0,0,1,0,0,0,1,0,0,0,0,0,0,0,0,0,1,0
25EE0CC5-C946-4291-B4ED-2F6EC48334AD,2010,49,0,0,0,1,0,0,0,0,1,0,0,0,0,0,1,0,0,0,0,0,0,0,0,1,0
25F0F061-B1F2-4F90-86ED-A50E69524108,2012,81,0,0,0,1,0,0,0,0,1,0,0,0,0,0,1,0,0,0,0,0,0,1,0,0,0
6F19B95D-2C90-4AE2-A87F-D295D4A6AC2A,2015,51,0,1,0,0,0,0,0,0,1,1,0,0,0,0,0,0,1,0,0,0,0,0,0,1,0
8FB0408C-66ED-4E64-B368-A2E3EC69B73B,2023,61,1,1,0,0,0,0,0,0,1,0,0,0,0,0,0,0,1,0,0,0,0,0,0,1,1
b1e15d40-a15c-11e8-a73d-8bf9996ed0ad,2013,42,0,0,0,0,1,0,0,0,0,1,0,0,1,0,0,0,0,0,0,0,0,0,0,1,0
26072BA7-9333-4E36-8E7C-B61619BA31F9,2013,61,0,1,0,0,0,0,0,0,1,0,0,0,0,0,0,1,0,0,0,0,0,0,0,1,0
261517D9-6951-4CB9-9595-5A019C4FF1E1,2012,71,0,0,0,0,0,1,0,0,0,0,1,0,0,1,0,0,0,0,0,0,0,0,0,1,0
8DE4DE0A-DE31-48B6-B580-318A82EFC462,2023,61,1,1,0,0,0,0,0,0,1,0,0,0,0,0,0,0,1,0,0,0,0,0,0,1,1
262472C8-D111-4F25-992F-DBB7AF2EACBE,2012,52,0,0,0,0,0,0,0,1,0,0,0,1,0,0,0,0,0,0,0,1,0,1,0,0,0
777e8660-c32f-11e8-be54-d7fc81504f5e,2018,51,0,0,0,0,0,1,0,0,0,1,0,0,0,1,0,0,0,0,0,0,0,0,0,1,0
2637B2EE-C189-4028-A1B7-926DAF668B0A,2013,00,1,1,1,0,0,0,0,0,1,0,0,0,0,0,0,0,0,1,0,0,0,0,0,1,0
2640A6B4-7F2D-43AF-93E6-DD9CBE19658F,2013,51,0,0,0,1,0,0,0,0,1,0,0,0,0,0,1,0,0,0,0,0,1,0,0,0,0
45e6cf90-c81a-11e9-994f-43faafd7feda,2019,72,0,1,0,0,0,1,0,0,0,0,1,0,0,1,0,0,0,0,0,0,0,0,0,1,0
26471DFE-E2C7-4319-9808-D27490CE8F87,2014,62,0,0,0,0,0,1,0,0,0,1,0,0,0,1,0,0,0,0,0,0,0,0,0,1,0
b1ab9600-8ed3-11ee-b532-77239ecadeef,2022,00,1,1,0,0,0,0,0,0,1,0,0,0,0,0,0,0,1,0,0,0,0,0,0,1,0
2666B18C-9432-401D-9999-2065FEE44BFE,2014,62,0,0,0,0,1,0,0,0,0,1,0,0,1,0,0,0,0,0,0,0,0,0,0,1,0
2e875e50-c321-11e7-8b51-4ba52e63b6cc,2017,00,0,0,0,1,1,0,0,0,0,1,0,0,0,0,1,0,0,0,0,0,0,0,0,1,0
9B20755D-8CDA-4404-BA1F-C76960E802FB,2014,61,0,1,0,0,0,0,0,0,1,1,0,0,0,0,0,1,0,0,0,0,1,0,0,0,0
267038D2-5423-47E0-9375-91C055B9291C,2011,62,0,0,0,1,0,1,0,0,1,1,0,0,0,0,1,0,0,0,0,0,0,1,0,0,0
a2b41b90-25df-11ec-8021-93be7268887c,2020,06,0,1,1,0,0,0,0,0,1,0,0,0,0,0,0,0,0,1,0,0,0,0,0,1,0
267C7D9C-E28F-4007-A8AE-ABF5CC5B29C2,2010,62,0,0,0,0,0,1,0,0,0,1,0,0,0,1,0,0,0,0,0,0,0,1,0,0,0
267E26E0-55BF-4174-8183-2033E271BA26,2013,45,0,0,0,1,0,0,0,0,1,0,0,0,0,0,1,0,0,0,0,0,0,1,0,0,0
9a12a350-3037-11ec-a5c2-337d0141f916,2021,22,0,1,0,0,0,0,0,0,1,0,0,0,0,0,0,0,0,0,0,1,0,0,0,1,0
26809755-DC05-4910-8E7E-26DAD3622576,2013,52,0,0,0,0,0,1,0,0,0,1,0,0,0,1,0,0,0,0,0,0,0,0,0,1,0
0D9B2EBD-A37B-444B-A276-128E040FF016,2005,62,0,0,0,0,1,0,0,0,0,1,0,0,1,0,0,0,0,0,0,0,0,0,0,1,0
26854142-BF0D-4AC7-83C0-1B8C35F641E7,2015,92,0,0,0,0,0,1,0,0,0,1,0,0,0,1,0,0,0,0,0,0,0,0,0,1,0
268E0C6F-BA8B-43F4-B980-BB135AF9F98D,2012,02,1,0,0,0,0,0,0,0,1,0,0,0,0,0,0,0,1,0,0,0,1,0,0,0,0
268E80BA-B62F-4056-AE23-A5446CCC8F2C,2013,52,0,0,0,0,0,1,0,0,0,0,1,0,0,1,0,0,0,0,0,0,0,0,0,1,0
B1A2A6AD-084B-4ABB-8AB2-B6B58B602415,2023,61,1,1,0,0,0,0,0,0,1,0,0,0,0,0,0,0,1,0,0,0,0,0,0,1,1
269B6D03-AC50-42F6-84D8-90837F905B74,2013,62,0,0,0,1,0,0,0,0,1,0,0,0,0,0,1,0,0,0,0,0,0,1,0,0,0
26A5AEB1-7E0C-463A-BE76-18AA095055B5,2015,00,0,1,0,0,0,0,0,0,1,0,0,0,0,0,0,0,0,0,0,1,0,0,0,1,0
D9FC7CA3-5AD9-4D3D-8E25-D0D59DA7A3A3,2016,44,0,0,0,1,0,0,0,0,1,0,0,0,0,0,0,0,0,0,0,1,0,0,0,1,0
26B6C8E9-0F82-4AFD-9100-F4C7D6847772,2013,51,0,1,0,0,0,0,0,0,1,0,0,0,0,0,0,0,1,0,0,0,1,0,0,0,0
26BEB563-0F8A-4262-AA99-8A0833AE09DC,2013,00,1,1,1,0,0,0,0,0,1,0,0,0,0,0,0,0,0,1,0,0,0,0,0,1,0
26C0F4D9-C6C0-4AE5-9148-022056DB2513,2014,62,0,0,0,1,0,0,0,0,1,0,0,0,0,0,1,0,0,0,0,0,0,0,0,1,0
9bf2c270-1c54-11ea-ac81-937b5ec4147f,2018,61,0,0,1,0,0,0,0,0,1,0,0,0,0,0,0,0,0,1,0,0,0,0,0,1,0
2920a000-fb20-11e9-ac31-5797fdf8a397,2013,92,0,0,0,0,1,0,0,0,0,1,0,0,1,0,0,0,0,0,0,0,0,0,0,1,0
42ef39c0-e35c-11e7-bf7a-0771e1cc9602,2016,62,1,0,0,0,0,0,0,0,1,0,0,0,0,0,0,0,1,0,0,0,0,1,0,0,0
26E48349-65F7-4F8F-ACB8-2A88F5E87E92,2012,00,0,1,0,0,0,0,0,0,1,0,0,0,0,0,0,1,0,0,0,0,0,0,0,1,0
26EF258E-D5C4-4C84-B822-D5CD66B2278C,2015,92,0,1,0,0,0,0,0,0,1,0,0,0,0,0,0,1,0,0,0,0,0,0,0,1,0
26F99CDB-01D2-4EC6-9064-590222559097,2015,62,0,0,0,0,0,1,0,0,0,1,0,0,0,1,0,0,0,0,0,0,0,0,0,1,0
26FA26C9-A8E1-4FB4-9FB2-F91CBE2ED495,2012,92,0,0,0,0,0,1,0,0,0,1,0,0,0,1,0,0,0,0,0,0,0,0,0,1,0
E182B737-F747-4500-A857-AD95E0FABBEB,2016,61,0,1,0,0,0,0,0,0,1,0,0,0,0,0,0,0,1,0,0,0,0,0,0,1,0
2707B212-6DAF-4616-A583-AE5713478723,2013,92,0,0,0,0,0,1,0,0,0,1,0,0,0,1,0,0,0,0,0,0,0,0,0,1,0
E6E7AC6A-EA4D-4170-A35E-9A35FA6EFB00,2023,00,1,1,0,0,0,0,0,0,1,0,0,0,0,0,0,0,1,0,0,0,0,0,0,1,1
4cc1e380-30e2-11ec-9798-915a6ecdc137,2017,07,0,0,0,0,1,0,0,0,0,1,0,0,1,0,0,0,0,0,0,0,0,0,0,1,0
83658A53-37B7-4586-A8DB-DEE5B31AA0C2,2015,71,0,0,0,0,1,0,0,0,1,1,1,0,1,0,0,0,0,0,0,0,0,0,0,1,0
96678500-c09b-11e7-89a5-cb2864f71ca2,2017,44,0,0,0,1,0,0,0,0,1,0,0,0,0,0,0,0,0,0,0,1,1,0,0,0,0
272B6C40-A466-4AE3-B176-5C322E4F9C18,2015,52,0,0,0,1,0,0,0,0,1,0,0,0,0,0,1,0,0,0,0,0,1,0,0,0,0
2733A92D-7570-47F2-ACE7-1680884B1DD7,2012,61,0,0,0,0,0,1,0,0,0,1,0,0,0,1,0,0,0,0,0,0,0,0,0,1,0
787d2ef0-3463-11ed-b144-457a87672420,2022,51,0,0,0,0,0,1,0,0,0,1,0,0,0,1,0,0,0,0,0,0,0,0,0,1,0
3b22ff10-ec44-11e7-b683-c1703914e4a4,2017,62,0,0,0,0,1,0,0,0,0,1,0,0,1,0,0,0,0,0,0,0,0,0,0,1,0
2494948C-9224-4721-8CC4-A56C4CD52B14,2023,61,1,1,0,0,0,0,0,0,1,0,0,0,0,0,0,0,1,0,0,0,0,0,0,1,1
274B8442-6548-46FC-9978-674E7D055419,2011,00,0,0,0,1,0,0,0,0,1,0,0,0,0,0,1,0,0,0,0,0,0,1,0,0,0
275618DE-D729-4683-98EB-92484D89D53D,2013,62,0,0,0,0,0,1,0,0,0,1,0,0,0,1,0,0,0,0,0,0,0,0,0,1,0
276B6F47-4189-4474-9571-E55B490A70BB,2012,52,0,0,0,0,0,1,0,0,0,1,0,0,0,1,0,0,0,0,0,0,0,0,0,1,0
276F4597-CF92-4B2E-90D3-B2EDC68EE145,2014,62,0,1,0,0,0,0,0,0,1,0,0,0,0,0,0,0,0,0,0,1,0,0,0,1,0
2779150A-7311-4E52-9188-8B71FAFE6BC9,2013,62,0,0,0,0,0,1,0,0,0,1,0,0,0,1,0,0,0,0,0,0,0,0,0,1,0
b4a02740-b40b-11f0-83f6-c95449796b4b,2025,52,0,1,1,0,0,0,0,0,1,0,0,0,0,0,0,0,0,1,0,0,0,0,0,1,0
E2102DA3-95F9-4B0B-B008-C7B6E918D94C,2023,61,1,1,0,0,0,0,0,0,1,0,0,0,0,0,0,0,1,0,0,0,0,0,0,1,1
27900849-8C10-4655-92D8-5F565DEDE63C,2013,62,0,0,0,0,0,1,0,0,0,0,1,0,0,1,0,0,0,0,0,0,0,0,0,1,0
27904103-7302-43BE-ACA4-CE459BCC53B5,2012,92,0,0,0,0,1,0,0,0,0,1,0,0,1,0,0,0,0,0,0,0,0,0,0,1,0
7CBBC409-EC99-0F19-C78C-75BD1E06F215,2025,44,0,1,0,0,0,0,0,0,1,0,0,0,0,0,0,1,0,0,0,0,0,0,0,1,0
ce48c6e0-1290-11ed-b2f5-3585c75e0457,2018,00,0,0,0,0,0,1,0,0,0,1,0,0,0,1,0,0,0,0,0,0,0,0,0,1,0
2799C3DD-CFD2-44B0-881A-0531C22622B7,2012,62,0,1,0,0,0,0,0,0,1,0,0,0,0,0,0,0,0,0,0,1,0,0,0,1,0
27A0CA77-4C3E-446A-A5AE-592374420331,2014,62,0,0,0,1,0,0,0,0,1,0,0,0,0,0,1,0,0,0,0,0,0,0,0,1,0
27A3A8D1-1F83-4E46-9873-CAEBF67951EF,2013,62,0,0,0,0,0,1,0,0,0,1,0,0,0,1,0,0,0,0,0,0,0,0,0,1,0
27A53617-0630-4822-BC0C-114ABDA69AB6,2014,00,0,0,0,0,1,0,0,0,0,1,0,0,1,0,0,0,0,0,0,0,0,0,0,1,0
27A88D66-3A4D-4A77-B3B4-29FB2C557D5A,2013,00,1,1,1,0,0,0,0,0,1,0,0,0,0,0,0,0,0,1,0,0,0,0,0,1,0
27B69538-B0F7-4613-93B0-424E641C007F,2012,62,0,0,0,1,0,0,0,0,1,0,0,0,0,0,1,0,0,0,0,0,0,0,0,1,0
27BA18ED-C035-4D56-9CCA-6AF4D49C8795,2011,53,0,0,0,1,0,0,0,0,1,0,0,0,0,0,1,0,0,0,0,0,0,1,0,0,0
dfdcf570-c58d-11e7-8314-790c8d59abbb,2009,62,0,0,0,0,1,1,0,0,0,1,0,0,0,1,1,0,0,0,0,0,0,0,0,1,0
27C66855-5735-4AF2-937E-DB616F5156D2,2011,62,0,0,0,0,1,0,0,0,0,1,0,0,1,0,0,0,0,0,0,0,0,0,0,1,0
27C6A161-4279-4363-B9F1-0E07DD916A9C,2013,51,0,1,0,0,0,0,0,0,1,0,0,0,0,0,0,1,0,0,0,0,0,1,0,0,0
27CC6B1C-C0AF-4014-BF19-054BF440C434,2011,62,0,0,0,0,1,0,0,0,0,1,0,0,1,0,0,0,0,0,0,0,0,0,0,1,0
27CDDCC5-13B5-4D14-9EB1-6447DCA80226,2013,72,0,0,0,1,0,0,0,0,1,0,0,0,0,0,1,0,0,0,0,0,0,1,0,0,0
27D24DAC-E968-49E0-9A03-917583C5DD2C,2013,00,0,1,0,0,0,0,0,0,1,0,0,0,0,0,0,0,0,0,0,1,0,1,0,0,0
d5a33ce0-bf73-11e9-8126-75153e867d2b,2017,92,0,1,1,0,0,0,0,0,1,0,0,0,0,0,0,0,0,1,0,0,0,0,0,1,0
27E2DAFF-B1FD-4DF4-A8F8-323ADEF9A45E,2010,52,0,0,0,1,0,0,0,0,1,0,0,0,0,0,1,0,0,0,0,0,0,0,0,1,0
27E4BB0A-365B-4DBA-A140-0477F7F71647,2013,51,0,1,0,0,0,0,0,0,1,0,0,0,0,0,0,1,0,0,0,0,0,1,0,0,0
D1C15EE2-0DBA-43E3-B1D0-5C829554CD02,2016,62,1,1,1,0,0,0,0,0,1,0,0,0,0,0,0,0,0,1,0,0,0,0,0,1,0
28051601-826A-4A8C-9C1A-7F5FFA2ED4FC,2012,00,0,1,0,0,0,0,0,0,1,0,0,0,0,0,0,1,0,0,0,0,0,0,0,1,0
28079BEF-F3E2-4179-BD6F-3F661E43ECD9,2011,62,0,0,0,0,1,0,0,0,0,1,0,0,1,0,0,0,0,0,0,0,0,0,0,1,0
2808C42E-A6D7-4720-B86B-233FCB71CA77,2012,00,1,1,0,0,0,0,0,0,1,0,0,0,0,0,0,0,1,0,0,0,0,0,0,1,0
10451870-c0a5-11e7-89a5-cb2864f71ca2,2017,72,1,0,0,0,0,0,0,0,1,0,0,0,0,0,0,0,1,0,0,0,1,0,0,0,0
249c8a80-7c56-11e7-8ec0-e369e9638092,2017,52,0,0,0,0,0,1,0,0,0,1,0,0,0,1,0,0,0,0,0,0,0,0,0,1,0
02AAE857-6ED4-4CB3-8794-48497ED8B8B5,2023,61,1,1,0,0,0,0,0,0,1,0,0,0,0,0,0,0,1,0,0,0,0,0,0,1,1
28162EA9-2E4D-4DD1-8CDD-8DD51F3AABF9,2013,49,0,1,0,0,0,0,0,0,1,0,0,0,0,0,0,1,0,0,1,0,1,0,0,0,0
A73F6074-FD44-40BB-81B5-77B0482A2708,2016,52,0,0,0,0,1,0,0,0,0,1,0,0,1,0,0,0,0,0,0,0,0,0,0,1,0
2823B704-2C58-49C8-9E42-A0F36518F83A,2014,51,0,1,0,0,0,0,0,0,1,0,0,0,0,0,0,1,0,0,0,0,1,0,0,0,0
9997E6C8-B8F9-4064-8F90-BE43A6C998D1,2001,61,0,0,0,0,0,1,0,0,0,1,0,0,0,1,0,0,0,0,0,0,0,1,0,0,0
282895FA-FBFF-4BA6-9D94-A3BD43E17071,2014,62,0,1,0,0,0,0,0,0,1,0,0,0,0,0,0,0,0,0,0,1,0,0,0,1,0
029ACFBC-720D-41DB-92D4-F719E149A920,2016,62,1,0,0,0,0,0,0,0,1,0,0,0,0,0,0,0,1,0,0,0,0,1,0,0,0
64436070-f135-11eb-8c8a-5968a0b53910,2021,61,0,1,0,0,0,0,0,0,1,0,0,0,0,0,0,0,0,0,0,1,0,0,0,1,0
A8C95A07-222D-46B0-AF8F-E6772609B80D,2016,05,0,0,0,0,1,0,0,0,0,1,0,0,1,0,0,0,0,0,0,0,1,0,0,0,0
2843E686-3D2D-49ED-9333-6F645FC040B5,2010,62,0,0,0,0,0,1,0,0,0,1,0,0,0,1,0,0,0,0,0,0,0,1,0,0,0
284A0C4E-5696-4CEF-84FB-1D7FB4040650,2013,81,0,1,0,0,0,0,0,0,1,0,0,0,0,0,0,1,0,0,0,0,1,0,0,0,0
284EFEFB-4180-46E6-ADC9-2B7B72F57C2C,2010,92,0,0,0,0,0,1,0,0,0,1,0,0,0,1,0,0,0,0,0,0,0,0,1,0,0
28526970-7023-42AC-A134-4CD1FCC51AB0,2013,92,0,0,0,0,0,1,0,0,0,1,0,0,0,1,0,0,0,0,0,0,0,1,0,0,0
D3D94468-02A4-4259-755D-38E6D163E820,2025,54,0,1,0,0,0,0,0,0,1,0,0,0,0,0,0,0,0,0,0,1,0,0,0,1,0
7F89B84A-C09A-44E9-AA3F-7E40A5A57ACD,2023,00,1,1,0,0,0,0,0,0,1,0,0,0,0,0,0,0,1,0,0,0,0,0,0,1,1
2865B948-B7F1-497D-AE94-FB4B020541B0,2012,61,0,0,0,1,1,0,0,0,0,1,0,0,1,0,0,0,0,0,0,0,0,0,0,1,0
286CEBFF-BF96-4234-846A-2C6715C7C5C2,2012,51,0,1,0,0,0,0,0,0,1,0,0,0,0,0,0,0,0,0,0,1,0,0,0,1,0
287172BC-4A18-422C-AF86-8FD0D18E409E,2011,92,0,0,0,0,1,0,0,0,0,1,0,0,1,0,0,0,0,0,0,0,0,0,0,1,0
2874BC09-B6F0-4BDA-8B82-526EFC0698B3,2007,32,0,0,0,0,1,0,0,0,0,1,0,0,1,0,0,0,0,0,0,0,0,0,0,1,0
7F434C87-FDF9-4035-8EAA-DD59D023246B,2023,61,1,1,0,0,0,0,0,0,1,0,0,0,0,0,0,0,1,0,0,0,0,0,0,1,1
f46d9980-d9de-11e7-be42-df02fe7390b5,2017,52,0,0,0,0,1,0,0,0,0,1,0,0,1,0,0,0,0,0,0,0,0,1,0,0,0
288A20BA-801D-4CA9-AEC4-16627F2D9D28,2010,62,0,0,0,1,0,0,0,0,1,0,0,0,0,0,1,0,0,0,0,0,0,1,0,0,0
E44CCDCD-30D3-4BAF-AFE9-99A7B24ABE8B,2015,62,0,0,0,0,0,1,0,0,0,1,0,0,0,1,0,0,0,0,0,0,0,0,0,1,0
288D9A52-366B-4C18-8D74-0B68B7639BD7,2011,62,0,0,0,0,0,1,0,0,0,1,0,0,0,1,0,0,0,0,0,0,0,1,0,0,0
28912BF9-5408-4C79-8BB2-757DC716CCD5,2013,00,0,0,0,0,0,1,0,0,0,1,0,0,0,1,0,0,0,0,0,0,0,0,0,1,0
53259f20-81f3-11e7-ace7-c5c15a923e51,2016,00,0,0,0,1,1,0,0,0,0,1,0,0,0,0,1,0,0,0,0,0,0,0,0,1,0
2899F4A0-CC41-4301-9A3E-B58B866EB7D3,2012,92,0,0,0,1,0,0,0,0,1,0,0,0,0,0,1,0,0,0,0,0,0,1,0,0,0
1344B3AA-B53B-4F49-81ED-6F9AF9EFF612,2015,51,0,1,0,0,0,0,0,0,1,0,0,0,0,0,0,1,0,0,0,0,0,1,0,0,0
28AF2F40-D0A5-412A-BA19-FD25D618EBEC,2013,62,0,0,0,0,1,0,0,0,0,1,0,0,1,0,0,0,0,0,0,0,0,0,0,1,0
28B09EDB-C611-4E8F-A28B-C407EEEEC979,2013,92,0,0,0,0,0,1,0,0,0,1,0,0,0,0,1,0,0,0,0,0,0,0,0,1,0
28B31611-C87F-447F-B618-2D6FBC834E51,2014,62,0,1,0,0,0,0,0,0,1,0,0,0,0,0,0,1,0,0,0,0,0,1,0,0,0
9B5F67CC-BC1B-4FB5-89E5-F143C25AF44D,2023,61,1,1,0,0,0,0,0,0,1,0,0,0,0,0,0,0,1,0,0,0,0,0,0,1,1
28C50E36-A936-409C-B063-D545C5ACDB28,2010,92,0,0,0,0,0,1,0,0,0,1,0,0,0,1,0,0,0,0,0,0,0,0,1,0,0
5bc72190-7538-11ef-9d5e-af01e0934120,2023,51,0,1,0,0,0,0,0,0,1,0,0,0,0,0,0,1,0,0,0,0,0,0,0,1,0
28E2B8D8-6D3D-4462-A468-1D84EBF904D5,2014,00,0,1,0,0,0,0,0,0,1,0,0,0,0,0,0,0,0,0,1,0,1,0,0,0,0
28E39AC4-F45B-4EEE-AC57-8DBAB4D3EF68,2014,51,1,0,0,0,0,0,0,0,1,0,0,0,0,0,0,0,1,0,0,0,1,0,0,0,0
28F48C17-97BB-4EFE-B94D-047DE5CCCA62,2012,62,0,0,0,0,0,1,0,0,0,1,0,0,0,1,1,0,0,0,0,0,0,1,0,0,0
FC1B11C8-46B7-4E97-93F7-C36B64A80F52,2016,54,0,1,0,0,0,0,0,0,1,0,0,0,0,0,0,0,1,0,0,0,0,0,0,1,0
36c5ac00-8c40-11e8-bc15-3f53b8a95c12,2017,51,0,0,0,0,0,1,0,0,0,1,0,0,0,1,0,0,0,0,0,0,0,0,0,1,0
732C5116-8626-4014-A521-4F4E91BE68AC,2023,61,1,1,0,0,0,0,0,0,1,0,0,0,0,0,0,0,1,0,0,0,0,0,0,1,1
a66e6570-0fdb-11ec-8c66-bd734728b5ba,2021,61,0,0,0,0,0,1,0,0,0,1,0,0,0,1,0,0,0,0,0,0,0,0,0,1,0
bf592900-c333-11e8-be54-d7fc81504f5e,2018,42,0,1,0,0,0,0,0,0,1,0,0,0,0,0,0,1,0,0,0,0,0,0,0,1,0
CCEBACC5-91DA-456F-97F6-E239FC89A61B,2015,62,0,0,1,0,1,0,0,0,0,1,0,0,1,0,0,0,0,0,0,0,0,0,0,1,0
E9D56149-AEA1-46C7-A202-154155C0F0A0,2015,51,1,1,0,0,0,0,0,0,1,0,0,0,0,0,0,0,1,0,0,0,0,1,0,0,0
fd2c9a20-99f5-11ee-89dc-614b8d944829,2022,92,0,0,0,0,0,1,0,0,0,1,0,0,0,1,0,0,0,0,0,0,0,0,0,1,0
C75C3540-6D9D-45B6-8DE1-4FFDB0CE0633,2023,22,1,1,0,0,0,0,0,0,1,0,0,0,0,0,0,0,1,0,0,0,0,0,0,1,1
B78D0B68-DCD1-452B-A58D-7F8DFCF44C6C,2016,92,0,0,0,0,1,0,0,0,0,1,1,0,1,0,0,0,0,0,0,0,0,0,0,1,0
295B5B09-6764-47F5-B101-773670F48796,2011,00,0,0,0,0,1,0,0,0,0,1,0,0,1,0,0,0,0,0,0,0,0,0,0,1,0
2968131A-3B99-44E4-9665-0458FB929388,2013,62,0,0,0,0,0,1,0,0,0,1,0,0,0,1,0,0,0,0,0,0,0,0,0,1,0
c88fbc70-057f-11ea-a6b7-b9a04765ea4f,2019,62,0,0,0,0,0,1,0,0,0,0,1,0,0,1,0,0,0,0,0,0,0,0,0,1,0
2979D4A1-69D1-4D04-B3A1-16E981B0C395,2011,62,0,0,0,0,0,1,0,0,0,1,0,0,0,1,0,0,0,0,0,0,0,1,0,0,0
297E8B03-81D5-42EC-A91A-D1B4EB00AE8D,2013,92,0,0,0,0,1,0,0,0,0,1,0,0,1,0,0,0,0,0,0,0,0,0,0,1,0
298285BA-7F14-452E-A5D1-B8FB6B02AD03,2014,61,0,0,0,0,0,1,0,0,0,1,0,0,0,1,0,0,0,0,0,0,0,0,0,1,0
d3f376b0-72d9-11eb-a46e-831b23dc7360,2019,51,0,0,0,0,0,1,0,0,0,1,0,0,0,1,0,0,0,0,0,0,0,0,0,1,0
4ca17160-10b0-11ec-ac2c-abfc822846a5,2021,00,1,0,0,0,0,0,0,0,1,0,0,0,0,0,0,0,1,0,0,0,1,0,0,0,0
98FABA64-BF27-4DA4-8C3F-114E49C37AA7,2023,61,1,1,0,0,0,0,0,0,1,0,0,0,0,0,0,0,1,0,0,0,0,0,0,1,1
299EABBC-6650-4A96-B768-A910E4C95104,2008,52,0,1,0,0,0,0,0,0,1,0,0,0,0,0,0,1,0,0,0,0,0,0,0,1,0
DC466FF8-B065-4140-BD37-8CD89D1B5860,2015,92,0,0,0,0,0,1,0,0,0,1,0,0,0,1,0,0,0,0,0,0,0,1,0,0,0
29A83DD0-3259-45DC-9B75-8BCCAE5C3B86,2010,62,0,0,0,0,1,0,0,0,0,1,0,0,1,0,0,0,0,0,0,0,0,0,0,1,0
29AEA135-067D-428F-8D15-4AE0F6A14BA1,2012,62,0,0,0,0,0,1,0,0,0,1,0,0,0,1,0,0,0,0,0,0,0,1,0,0,0
EC16FBD0-8500-4D43-A35B-7F106AC33F6D,2015,92,0,0,0,0,0,1,0,0,0,1,0,0,0,1,0,0,0,0,0,0,0,0,0,1,0
29B426E2-BD81-49C5-B70F-C2E69276F94D,2013,92,0,0,0,0,0,1,0,0,0,1,0,0,0,1,0,0,0,0,0,0,0,0,0,1,0
29B9958E-DBCC-4D7D-A5BC-0D058991F219,2013,54,0,1,0,0,0,0,0,0,1,0,0,0,0,0,0,1,0,0,0,0,0,0,0,1,0
29BAFB84-C0D8-4860-86B9-4C0A4B2845B2,2010,92,0,0,0,0,0,1,0,0,0,1,0,0,0,1,0,0,0,0,0,0,0,0,1,0,0
F8F71C46-5D43-4AB4-A87B-0B2EDF0857A4,2016,62,0,1,0,0,0,0,0,0,1,0,0,0,0,0,0,0,0,0,0,1,0,0,0,1,0
31a2f810-af4a-11f0-aa63-8b849074a2c4,2025,48,0,1,1,0,0,0,0,0,1,0,0,0,0,0,0,1,0,1,0,0,0,0,0,1,0
29C7C4B5-BDDF-4FFF-923E-E55569259260,2012,51,0,0,0,0,1,0,0,0,0,1,0,0,1,0,0,0,0,0,0,0,0,0,0,1,0
e2008570-995e-11e7-a069-d9175a67bd3e,2017,00,1,0,0,0,0,0,0,0,1,0,0,0,0,0,0,0,1,0,0,0,0,1,0,0,0
29DF0C8F-3828-4F1E-AC22-24AFAF7B3D14,2013,51,0,0,0,1,0,0,0,0,0,1,0,0,0,0,1,0,0,0,0,0,0,0,0,1,0
29E22B08-80B1-4562-8E1E-1C91F1D63871,2013,92,1,1,0,0,0,0,0,0,1,0,0,0,0,0,0,1,0,0,0,0,0,1,0,0,0
29E99647-7C9D-48E7-BD81-B4EC59E4CB21,2014,51,0,1,0,0,0,0,0,0,1,0,0,0,0,0,0,0,1,0,0,0,0,1,0,0,0
29ED02AF-F3B9-4499-A80F-256C20E1515B,2013,52,0,0,0,1,0,0,0,0,1,0,1,0,0,0,1,0,0,0,0,0,0,1,0,0,0
5EF76A50-0E22-477D-9358-5A47DC600F8C,2023,52,1,1,0,0,0,0,0,0,1,0,0,0,0,0,0,0,1,0,0,0,0,0,0,1,1
29F53611-1587-4061-94FD-5951C643174E,2015,62,0,0,0,0,0,1,0,0,0,1,0,0,0,1,0,0,0,0,0,0,0,0,0,1,0
12679140-8aae-11e8-874b-dd84fb61b260,2018,92,0,1,0,0,0,0,0,0,1,0,0,1,0,0,0,1,0,0,0,0,0,1,0,0,0
8f722150-a118-11ea-878c-ff8a51fa1e8f,2020,62,1,0,1,0,0,0,0,0,1,0,0,0,0,0,0,0,1,1,0,0,0,0,0,1,0
2A273C32-F366-42EA-A38A-B17D9F8D3EE5,2012,62,0,0,0,0,0,1,0,0,0,1,0,0,0,1,0,0,0,0,0,0,0,1,0,0,0
DD086C99-EA28-4FB1-A81C-1EED09C1912F,2023,52,1,1,0,0,0,0,0,0,1,0,0,0,0,0,0,0,1,0,0,0,0,0,0,1,1
2A40DE5D-5FE5-4CF8-87A1-47EB7A9BB1A6,2023,00,1,1,0,0,0,0,0,0,1,0,0,0,0,0,0,0,1,0,0,0,0,0,0,1,1
52F1A862-A57C-4E1C-8610-83B3F40F3A2F,2016,92,1,0,1,0,0,0,0,0,1,0,0,0,0,0,0,0,1,1,0,0,1,0,0,0,0
2A5DACE2-28A3-40F0-BF37-CFB75941CAD3,2014,32,1,0,0,0,0,0,0,0,1,0,0,0,0,0,0,0,1,0,0,0,0,1,0,0,0
311E3515-2F33-4116-A2B7-5DD1E4EBA4C1,2016,51,0,1,0,0,0,0,0,0,1,0,0,0,0,0,0,1,0,0,0,0,0,0,0,1,0
a033b0c0-0712-11eb-ab9e-fb89bdbaf0c7,2020,51,0,1,0,0,0,0,0,0,1,0,0,0,0,0,0,0,1,0,0,0,0,0,0,1,0
2A698661-A4DA-47AB-9D06-7A218AFFD94E,2012,92,1,1,1,0,0,0,0,0,1,0,0,0,0,0,0,0,0,1,0,0,0,0,0,1,0
2A6CEA6E-2096-477A-B4F9-EE32F03C4607,2013,44,0,0,0,1,0,0,0,0,1,0,0,0,0,0,0,0,0,0,0,1,0,0,0,1,0
2A701C62-9D6B-4816-B47B-2460D710AD93,2012,51,0,1,0,0,0,0,0,0,1,0,0,0,0,0,0,1,0,0,0,0,0,0,0,1,0
a8fdb420-b210-11e8-800d-891a5c02ea18,2018,92,0,0,0,0,0,1,0,0,0,1,0,0,0,1,0,0,0,0,0,0,0,0,0,1,0
2A84FA72-1AF3-48D3-8D1C-6B8110DAF89D,2012,62,0,0,0,1,0,0,0,0,1,0,0,0,0,0,1,0,0,0,0,0,0,0,0,1,0
7E886013-BB93-4F23-99BF-DB7071EF07D3,2023,61,1,1,0,0,0,0,0,0,1,0,0,0,0,0,0,0,1,0,0,0,0,0,0,1,1
2A88D412-5474-47B4-8037-A468A03F6546,2013,92,0,0,0,0,0,1,0,0,0,1,0,0,0,1,0,0,0,0,0,0,0,0,0,1,0
7aaaa7b0-7f36-11ee-a021-bbe4713468e2,2023,62,0,0,0,0,0,1,0,0,0,1,0,0,0,1,0,0,0,0,0,0,0,0,0,1,0
2A8F7D76-978D-4520-9DB0-83AEABD2BDAB,2011,62,0,0,0,1,0,0,0,0,1,0,0,0,0,0,1,0,0,0,0,0,0,1,0,0,0
2DBAA795-DA8D-4438-830B-EC7601AB7AA2,2023,61,1,1,0,0,0,0,0,0,1,0,0,0,0,0,0,0,1,0,0,0,0,0,0,1,1
2AA876F5-73E2-4492-8ED2-959FE49A309C,2013,62,0,0,0,0,1,0,0,0,0,1,0,0,1,0,0,0,0,0,0,0,0,0,0,1,0
2AAA5380-1AAF-417B-9434-C9CF61D5063A,2014,00,0,1,0,0,0,0,0,0,1,0,0,0,0,0,0,1,0,0,0,0,1,0,0,0,0
2AAA877F-633A-4DE8-B220-E56D6AB55757,2010,92,0,0,0,0,0,1,0,0,0,1,0,0,0,1,0,0,0,0,0,0,0,0,1,0,0
2ABBCF29-CFE3-446E-BEF9-BA3A11FB2DD8,2013,31,0,0,0,0,1,0,0,0,0,1,0,0,1,0,0,0,0,0,0,0,0,0,1,0,0
1511a700-22dc-11eb-b221-a300329fb9cf,2020,92,1,0,1,0,0,0,0,0,1,0,0,0,0,0,0,0,0,1,0,0,1,0,0,0,0
C33122C8-73D4-43AF-8740-C8F50EF33DDB,2023,61,1,1,0,0,0,0,0,0,1,0,0,0,0,0,0,0,1,0,0,0,0,0,0,1,1
2ACF5383-2E24-404F-99D8-7DA3B6C13B23,2011,92,0,0,0,0,1,0,0,0,0,1,0,0,1,0,0,0,0,0,0,0,0,0,0,1,0
E23DD9A8-6ECE-4FB5-B078-6054C8A916EA,2023,00,1,1,0,0,0,0,0,0,1,0,0,0,0,0,0,0,1,0,0,0,0,0,0,1,1
2AD93204-3F4A-47DF-9003-EEB6E7A045E8,2013,52,0,1,0,0,0,0,0,0,1,0,0,0,0,0,0,1,0,0,0,0,0,1,0,0,0
2AE42D0E-A960-4B62-B9ED-7BD28CDA15F8,2012,61,0,1,0,0,0,0,0,0,1,0,0,0,0,0,0,0,1,0,0,0,0,0,0,1,0
16d36580-40d4-11ec-b81c-33d442e55df8,2021,92,0,0,0,0,0,1,0,0,0,1,0,0,0,1,0,0,0,0,0,0,0,0,0,1,0
b82bfe10-0a37-11e8-bbae-ed39c73f1398,2017,51,0,1,0,0,0,0,0,0,1,0,0,0,0,0,0,1,0,0,0,0,0,0,0,1,0
B0E1AAF0-46F9-424E-B384-74174DA19F7A,2015,92,0,0,0,0,0,1,0,0,0,1,0,0,0,1,0,0,0,0,0,0,0,0,0,1,0
2B0D35F7-CE23-44C6-BFB2-C2E0F5DD95EE,2013,00,1,1,1,0,0,0,0,0,1,0,0,0,0,0,0,0,0,1,0,0,0,0,0,1,0
2B0FEF7B-272A-42D5-8AD4-63C08491389D,2010,62,0,0,0,0,0,0,0,1,0,0,0,1,0,0,0,0,0,0,0,1,0,1,0,0,0
2B164EFD-7D5B-4843-9C50-2F66EFC0ED39,2011,92,0,0,0,0,1,0,0,0,0,1,0,0,1,0,0,0,0,0,0,0,0,0,0,1,0
17ba47f0-a481-11e7-b5cf-fd750643ba69,2017,62,0,0,0,1,0,0,0,0,1,0,0,0,0,0,1,0,0,0,0,0,0,0,0,1,0
2B1BE1F2-DD1F-4A8C-9800-253853471BCA,2012,61,0,1,0,0,0,0,0,0,1,0,0,0,0,0,0,0,0,0,1,0,1,0,0,0,0
2B203B70-1BB5-4D26-BB8A-2DE1D9C39781,2013,56,0,0,0,1,0,0,0,0,1,0,0,0,0,0,1,0,0,0,0,0,0,1,0,0,0
2B20F138-5489-4D36-A41A-1D9DB5895A52,2013,62,0,0,0,0,1,0,0,0,0,1,0,0,1,0,0,0,0,0,0,0,0,0,0,1,0
9ea780a0-7fae-11f0-8eb4-737051a97db9,2025,48,0,1,1,0,0,0,0,0,1,0,0,0,0,0,0,1,0,1,0,0,0,0,0,1,0
18de8190-e217-11e7-a8b4-b50015373b0a,2017,62,0,0,0,0,0,1,0,0,0,1,0,0,0,1,0,0,0,0,0,0,0,0,0,1,0
C60C9507-DA5D-4BB3-A16F-663EAB153D55,2023,52,1,1,0,0,0,0,0,0,1,0,0,0,0,0,0,0,1,0,0,0,0,0,0,1,1
2B653811-C81F-424D-B346-4338B1501DCE,2010,09,0,0,0,0,1,0,0,0,0,1,0,0,1,0,0,0,0,0,0,0,0,0,0,1,0
b5e17810-9372-11ec-a39a-3584eb2df2ab,2020,51,1,1,0,0,0,0,0,0,1,0,0,0,0,0,0,0,1,0,0,0,0,0,0,1,0
2B6947F8-AFFA-41D2-9140-CC67CCC2FC9A,2010,52,0,0,0,0,0,1,0,0,0,1,0,0,0,1,0,0,0,0,0,0,0,0,0,1,0
2B6CD665-2937-4729-AAD6-2B7E211A6D81,2013,51,0,1,0,0,0,0,0,0,1,0,0,0,0,0,0,1,0,0,0,0,0,1,0,0,0
2B6D006F-BE4B-4240-B011-226DB23247E5,2014,00,0,0,0,0,0,1,0,0,0,1,0,0,0,1,0,0,0,0,0,0,1,0,0,0,0
60963E5A-BCEE-4EB1-82FA-EC04A64E2DD7,2015,62,0,0,0,0,1,0,0,0,0,1,1,0,1,0,0,0,0,0,0,0,0,0,0,1,0
2e37e400-2bf8-11ea-b50d-3fd6f00cf940,2019,92,0,0,0,1,0,0,0,0,1,0,0,0,0,0,1,0,0,0,0,0,0,1,0,0,0
94460E47-5820-4AD6-8B1C-94080918F132,2014,62,0,0,0,0,1,0,0,0,0,1,0,0,1,0,0,0,0,0,0,0,0,0,0,1,0
6977AD3A-5793-4DA8-A496-D2E9F416B702,2023,61,1,1,0,0,0,0,0,0,1,0,0,0,0,0,0,0,1,0,0,0,0,0,0,1,1
135A05BA-A6E8-4DA9-B3BD-7DB2686D2556,2012,54,0,0,0,0,1,0,0,0,0,1,0,0,1,0,0,0,0,0,0,0,0,0,0,1,0
2B9ECDFA-41D6-4AEF-9087-1EE18BC407AD,2012,61,0,0,0,0,0,1,0,0,0,1,0,0,0,1,0,0,0,0,0,0,0,1,0,0,0
2B9FE649-5313-4B4A-8969-D4B6D51CD1C0,2014,00,1,0,0,0,0,0,0,0,1,0,0,0,0,0,0,0,1,0,0,0,1,0,0,0,0
74A41577-4A9E-4D55-A2CE-7B17A23FFFF8,2016,62,0,0,0,0,0,1,0,0,0,1,0,0,0,1,0,0,0,0,0,0,0,0,0,1,0
73C12AF5-D2CF-4964-8162-176E9B627AA3,2015,62,0,1,0,0,0,1,0,0,1,1,1,1,0,1,0,0,0,0,0,0,0,0,0,1,0
cc4a4b80-07dd-11eb-9be5-67f56bbd8cb4,2019,54,1,1,0,0,0,0,0,0,1,0,0,0,0,0,0,0,1,0,0,0,0,0,0,1,0
e1e892d0-a117-11ef-859f-c58fde63a385,2023,00,0,1,0,0,0,0,0,0,1,0,0,0,0,0,0,0,1,0,0,0,0,0,0,1,0
D6CA4461-3649-4502-A2E3-483C92C13735,2012,51,0,1,0,0,1,1,0,0,1,0,0,0,0,0,0,0,1,0,0,0,0,0,0,1,0
2BA94FC1-E4C3-41AF-B4AE-6060BDAD9579,2012,52,0,1,0,0,0,0,0,0,1,0,0,0,0,0,0,1,0,0,0,0,0,0,0,1,0
2BAFDD68-9DBB-4985-A51F-3A552554BAA5,2015,33,0,0,0,0,1,0,0,0,1,0,0,0,1,0,0,0,0,0,0,0,0,0,0,1,0
0605ed50-9190-11e8-ad4c-017f2df1a0a0,2014,62,0,0,0,1,1,0,0,0,0,1,0,0,1,0,0,0,0,0,0,0,1,0,0,0,0
E9ADFE70-16B8-4771-A87A-27767A6C8352,2015,92,0,0,0,0,0,1,0,0,0,1,0,0,0,1,0,0,0,0,0,0,0,0,0,1,0
892A9BC6-46BC-4C4B-817C-388B10B6EB34,2023,61,1,1,0,0,0,0,0,0,1,0,0,0,0,0,0,0,1,0,0,0,0,0,0,1,1
CB2CF5A9-9895-4AF3-A105-9136352FD937,2015,62,0,0,0,0,1,0,0,0,0,1,0,0,1,0,0,0,0,0,0,0,0,0,0,1,0
06019440-141c-11ed-bbec-35a645e8fbd2,2020,62,0,0,0,0,0,1,0,0,0,1,0,0,0,0,0,0,0,0,0,1,0,0,0,1,0
DFEB7A74-8959-4A5A-B45C-4043BCBFFB1E,2016,62,0,0,0,1,0,0,0,0,1,0,0,0,0,0,1,0,0,0,0,0,0,0,0,1,0
2BECA049-709F-4D3E-A674-2081859DD3CD,2013,62,0,0,0,0,0,1,0,0,0,1,0,0,0,1,0,0,0,0,0,0,0,0,0,1,0
bc3fc080-019d-11eb-b177-5f49668a9776,2020,62,1,0,0,0,0,0,0,0,1,0,0,0,0,0,0,0,1,0,0,0,0,1,0,0,0
efd6f200-1fac-11ec-82c4-4d3486f21395,2017,92,0,1,0,0,0,0,0,0,1,0,0,0,0,0,0,0,1,0,0,0,0,0,0,1,0
b110d310-e7b8-11ea-8ff0-e3594c873b30,2020,52,0,1,0,0,0,0,0,0,1,0,0,0,0,0,0,0,1,0,0,0,0,0,0,1,0
2C138890-5D0F-4CC3-B5A4-67BC8CF571F7,2012,52,0,0,0,1,0,0,0,0,1,0,0,0,0,0,0,0,0,0,0,1,0,0,0,1,0
ffae2fc0-9a56-11e7-bfd9-89a842dbe08d,2017,54,0,0,0,0,0,1,0,0,0,1,0,0,0,1,0,0,0,0,0,0,0,0,0,1,0
2C18B9E6-2469-4CD5-9D81-DB26D8067450,2013,71,0,0,0,1,0,0,0,0,1,0,0,0,0,0,1,0,0,0,0,0,0,1,0,0,0
2C1A9547-5B92-4D1B-8464-C27F2DDDEFB3,2013,92,1,0,0,0,0,0,0,0,1,0,0,0,0,0,0,0,1,0,0,0,1,0,0,0,0
A055FF36-B5F0-4D3F-B824-CF2DFBD7E4FA,2015,92,0,1,0,0,0,0,0,0,1,0,0,0,0,0,0,1,0,0,0,0,0,0,0,1,0
659DFA65-C233-4360-A3B2-88984422D9FA,2023,61,1,1,0,0,0,0,0,0,1,0,0,0,0,0,0,0,1,0,0,0,0,0,0,1,1
F16207DF-DE91-4812-A7BA-AE7F2656B70E,2016,05,0,1,0,0,0,0,0,0,1,0,0,0,0,0,0,1,0,0,0,0,0,0,0,1,0
2C295514-3249-4178-9DB7-D205F93E3E90,2014,00,0,1,0,0,0,0,0,0,1,0,0,0,0,0,0,1,0,0,0,0,0,0,0,1,0
2C2FCD20-4725-41A1-AE05-1CFDE3A029A3,2010,00,0,0,0,0,0,1,0,0,0,1,0,0,0,1,0,0,0,0,0,0,0,1,0,0,0
0d264360-72c4-11eb-a674-05cfd55ad89e,2019,51,0,1,0,0,0,0,0,0,1,0,0,0,0,0,0,0,1,0,0,0,0,0,0,1,0
2C409390-50BA-49AA-B5EE-726789B58D9C,2010,62,0,0,0,1,0,1,0,0,1,1,0,0,0,0,1,0,0,0,0,0,0,1,0,0,0
2C43E76D-DA11-461A-8A66-84EB0F716300,2012,62,0,0,0,1,0,0,0,0,1,0,0,0,0,0,1,0,0,0,0,0,0,1,0,0,0
3b63e2b0-35b4-11ec-be76-613d00a742ca,2021,99,1,0,0,0,0,0,0,0,1,0,0,0,0,0,0,0,1,0,0,0,0,0,0,1,0
8947F1F5-9B5C-43D2-BCFE-BB4F8AF211AB,2023,52,1,1,0,0,0,0,0,0,1,0,0,0,0,0,0,0,1,0,0,0,0,0,0,1,1
2C46C49B-9E51-4A4B-BE71-C297B4060783,2011,62,0,0,0,0,0,0,0,1,0,0,0,1,0,0,0,0,0,0,0,1,0,1,0,0,0
24E9150C-758A-4F38-B97E-30F412038FA2,2015,92,0,0,0,0,0,1,0,0,0,1,0,0,0,0,1,0,0,0,0,0,0,0,0,1,0
95160BF1-ABCA-4A9C-B67F-AB1A101033EB,2023,61,1,1,0,0,0,0,0,0,1,0,0,0,0,0,0,0,1,0,0,0,0,0,0,1,1
d10975b0-bd9e-11e7-822d-6d41de439a88,2017,51,0,0,0,0,0,1,0,0,0,1,0,0,0,1,0,0,0,0,0,0,0,0,0,1,0
2C679AE9-95A6-4E23-B3F4-BBF4D4BE244F,2012,61,0,1,0,0,0,0,0,0,1,0,0,0,0,0,0,0,0,0,0,1,0,0,0,1,0
2C68E906-7F6D-4593-8DFC-915A07C4DC79,2014,54,0,0,0,1,0,0,0,0,1,0,0,0,0,0,1,0,0,0,0,0,0,0,0,1,0
2C6BA3B8-3DA5-48E4-8173-D2B99831CA4F,2014,44,0,0,0,0,0,1,0,0,0,0,1,0,0,1,0,0,0,0,0,0,0,0,0,1,0
0E993AA1-BF4B-478A-AAE8-E74D8EEB9FAA,2023,61,1,1,0,0,0,0,0,0,1,0,0,0,0,0,0,0,1,0,0,0,0,0,0,1,1
3A67CD94-13D4-4BB9-A4C7-A54B47DD08D9,2015,52,0,0,0,0,0,1,0,0,0,1,0,0,0,1,0,0,0,0,0,0,0,0,0,1,0
8b0b0b80-c335-11e8-be54-d7fc81504f5e,2018,51,0,1,0,0,0,0,0,0,1,0,0,0,0,0,0,0,0,0,0,1,1,0,0,0,0
2C7EE0CA-2AAC-4177-9489-EDB05D83F218,2010,92,0,0,0,0,0,1,0,0,0,1,0,0,0,0,1,0,0,0,0,0,0,0,0,1,0
2C8A2E5F-2A3E-4D25-ACDB-4B133E3A385B,2013,00,0,0,0,0,0,0,0,1,0,0,0,1,0,0,0,0,0,0,0,1,0,1,0,0,0
09be78b0-af58-11e7-b9c1-d3b3b0fdcbd2,2017,72,0,0,0,0,1,0,0,0,0,1,0,0,1,0,0,0,0,0,0,0,0,0,0,1,0
90b84b10-359c-11ec-9ec7-15e66f657ea5,2019,61,0,0,1,0,0,0,0,0,1,0,0,0,0,0,0,0,0,1,0,0,1,0,0,0,0
4D28CD1D-7FD8-4883-BF3D-AE43E83D3C58,2023,48,1,1,0,0,0,0,0,0,1,0,0,0,0,0,0,0,1,0,0,0,0,0,0,1,1
0C84DE7E-6C81-41A8-A0DD-7CB94B7C1F38,2015,52,0,1,0,0,0,0,0,0,1,0,0,0,0,0,0,1,0,0,1,0,1,0,0,0,0
88A7892B-D5CF-436C-8B59-6E84999601F6,2015,92,0,0,0,0,0,1,0,0,0,1,0,0,0,1,0,0,0,0,0,0,0,0,0,1,0
EB834275-9A7D-4062-82FA-756270199CFF,2023,61,1,1,0,0,0,0,0,0,1,0,0,0,0,0,0,0,1,0,0,0,0,0,0,1,1
012010B2-C2B9-4A05-9D50-B3002A67238F,2023,61,1,1,0,0,0,0,0,0,1,0,0,0,0,0,0,0,1,0,0,0,0,0,0,1,1
2CBF8964-F1B4-4A3E-9DE5-4D39A405AF64,2014,62,0,0,0,1,0,0,0,0,1,0,0,0,0,0,1,0,0,0,0,0,0,0,0,1,0
4E9ADDA1-2F61-4438-B8FC-86CDA099CBFA,2015,61,0,0,0,0,1,0,0,0,1,1,1,0,1,0,0,0,0,0,0,0,0,0,0,1,0
2CC29550-B6F3-4921-9005-852644271A3C,2011,92,0,0,0,0,1,0,0,0,0,1,0,0,1,0,0,0,0,0,0,0,0,0,0,1,0
74513c70-2814-11eb-8365-4f57e2156a07,2020,61,1,0,0,0,0,0,0,0,1,0,0,0,0,0,0,0,1,0,0,0,0,1,0,0,0
2CD77581-FC0D-48B8-AAA6-679A70EA13C1,2011,92,0,0,0,0,0,1,0,0,0,1,0,0,0,1,0,0,0,0,0,0,0,0,0,1,0
17B56B97-9175-4C1B-A47D-ECF4998A75DB,2023,61,1,1,0,0,0,0,0,0,1,0,0,0,0,0,0,0,1,0,0,0,0,0,0,1,1
814e8a70-89ee-11e8-bc39-6bf805ebd808,2018,81,0,1,0,0,0,0,0,0,1,0,0,0,0,0,0,1,0,0,0,0,1,0,0,0,0
2CE4E7D4-B52A-44F9-8EC0-3FB1ADC14EFB,2015,00,1,0,0,0,0,0,0,0,1,0,0,0,0,0,0,0,1,0,0,0,0,0,0,1,0
2CE5D9F3-4B12-43BD-9C6A-6E31D0056F5C,2013,00,0,0,0,0,1,0,0,0,0,1,0,0,1,0,0,0,0,0,0,0,0,0,0,1,0
437a2880-0f46-11ed-935e-2fa00f6a742d,2017,61,1,1,1,0,0,0,0,0,1,0,0,0,0,0,0,0,1,1,0,0,0,0,0,1,0
E1F355C1-7FB0-47AB-83D4-767F7DC698B7,2016,62,1,1,1,0,0,0,0,0,1,0,0,0,0,0,0,0,0,1,0,0,0,1,0,0,0
560BE529-6C92-4AEE-B108-A150E1D8E262,2023,61,1,1,0,0,0,0,0,0,1,0,0,0,0,0,0,0,1,0,0,0,0,0,0,1,1
2D0DFF0A-17AD-47D1-B1A9-806156A1974A,2012,81,0,0,0,0,0,1,0,0,0,1,0,0,0,1,0,0,0,0,0,0,0,0,0,1,0
2D149236-27DD-421C-B22F-332B3022987D,2010,54,0,0,0,0,0,1,0,0,0,1,0,0,0,1,0,0,0,0,0,0,0,0,0,1,0
2D23554A-CCEE-46DC-B55C-4016427FE1C8,2013,62,0,0,0,0,0,1,0,0,0,1,0,0,0,1,0,0,0,0,0,0,0,0,0,1,0
2D273FA1-5A6F-4DF1-BB48-E723B64209EB,2011,92,0,0,0,0,0,1,0,0,0,1,0,0,0,0,1,0,0,0,0,0,0,0,0,1,0
9C9E94AE-CAED-4AC9-9A8B-40599E5E3B70,2016,71,1,1,1,0,0,0,0,0,1,0,1,0,0,0,0,0,0,1,0,0,0,0,0,1,0
53e55200-842a-11e7-a921-2d695ce70b69,2017,09,0,0,0,1,0,0,0,0,0,1,0,0,0,0,1,0,0,0,0,0,0,0,0,1,0
2D4445AB-A4C1-471B-A15F-386ACE62A76F,2014,62,0,0,0,0,1,0,0,0,0,1,0,0,1,0,0,0,0,0,0,0,0,0,0,1,0
E56CEE20-7499-4C9D-9021-C1D6E7AD7AE1,2023,00,1,1,0,0,0,0,0,0,1,0,0,0,0,0,0,0,1,0,0,0,0,0,0,1,1
6d7452b0-c4a4-11e7-9a8b-47d1b690bc01,2016,62,0,0,0,1,0,0,0,0,0,0,0,1,0,0,1,0,0,0,0,0,0,1,0,0,0
2D631319-60C9-4167-8E70-6AF55E4EB116,2012,92,0,0,0,0,0,1,0,0,0,1,0,0,0,1,0,0,0,0,0,0,0,0,0,1,0
7FDD2EC2-9268-4040-9E93-634D71A5A501,2023,61,1,1,0,0,0,0,0,0,1,0,0,0,0,0,0,0,1,0,0,0,0,0,0,1,1
2D6B9AE7-CF26-40D1-8121-4B25755DDE2B,2012,00,0,0,0,0,0,1,0,0,0,1,0,0,0,1,0,0,0,0,0,0,0,0,0,1,0
04E9B040-FE48-43EF-827E-F86142F7F727,2023,54,1,1,0,0,0,0,0,0,1,0,0,0,0,0,0,0,1,0,0,0,0,0,0,1,1
2D6D1B70-A594-4EAF-BA96-7A88AFF50D5C,2010,52,0,0,0,1,0,0,0,0,1,0,0,0,0,0,1,0,0,0,0,0,0,1,0,0,0
2D71B790-D82B-40E4-BC3B-BC742012023E,2014,62,0,0,0,0,0,0,0,1,1,0,0,0,0,0,0,0,0,0,0,1,0,0,0,1,0
2D7227C5-E384-4745-A96F-B33F2042BDA6,2014,92,0,1,0,0,0,0,0,0,1,0,0,0,0,0,0,1,0,0,0,0,1,0,0,0,0
2D7303FD-34AE-4B48-9AAF-E28D6D57E1A2,2012,00,0,0,0,0,0,1,0,0,0,1,0,0,0,1,0,0,0,0,0,0,0,0,0,1,0
2D73DAE3-B143-41B1-9DCF-8A5F478A6588,2014,92,0,1,0,0,0,0,0,0,1,0,0,0,0,0,0,0,1,0,0,0,0,1,0,0,0
2D787784-B8B1-4FB5-8CD8-26C13CD13187,2012,56,0,0,0,0,1,0,0,0,0,1,0,0,1,0,0,0,0,0,0,0,0,0,0,1,0
2D78818E-CE5E-4E22-A545-1E08C9897C20,2010,92,0,0,0,0,0,1,0,0,0,1,0,0,0,1,0,0,0,0,0,0,0,0,1,0,0
2D7AFBFB-0C7F-4AEB-BD8F-9175DBE2CFEC,2010,92,0,0,0,0,0,1,0,0,0,1,0,0,0,0,1,0,0,0,0,0,0,0,0,1,0
92198E17-E449-465B-8AAD-11E9294FEC72,2023,61,1,1,0,0,0,0,0,0,1,0,0,0,0,0,0,0,1,0,0,0,0,0,0,1,1
2D84BBE8-32E0-4712-9B7F-F9446F7B4DD5,2013,92,0,1,0,0,0,0,0,0,1,0,0,0,0,0,0,1,0,0,0,0,1,0,0,0,0
2D896469-955B-4B82-B16A-238170C8C3A8,2014,62,0,0,0,0,0,1,0,0,0,1,0,0,0,1,0,0,0,0,0,0,0,0,0,1,0
2D8DA244-64F9-4B6F-B7A5-7A5DB77656DB,2012,62,0,0,0,0,0,1,0,0,0,1,0,0,0,1,0,0,0,0,0,0,0,1,0,0,0
72ec7580-a18d-11e8-a695-3d5401d43fff,2018,51,0,1,0,0,0,0,0,0,1,0,0,0,0,0,0,1,0,0,0,0,0,1,0,0,0
775e79f0-7fe6-11ee-a4c1-3bbfd6b8c865,2023,45,0,0,0,0,0,1,0,0,0,1,0,0,0,1,0,0,0,0,0,0,0,0,0,1,0
2D9C5117-9BC0-4A94-BE83-4F2CEC9BC192,2012,00,0,0,1,0,0,0,0,0,1,0,0,0,0,0,0,0,0,1,0,0,0,0,0,1,0
A205FABE-DA25-4360-A479-DD14A0E0F138,2016,54,0,1,0,0,0,0,0,0,1,0,0,0,0,0,0,0,1,0,0,0,0,1,0,0,0
2DBA8CB0-F0A4-4752-91E7-DA5D797359EF,2011,56,0,0,0,0,1,0,0,0,0,1,0,0,1,0,0,0,0,0,0,0,0,0,0,1,0
2DC852BA-88E8-47EA-9C8D-762C33F53353,2012,54,0,1,0,0,0,0,0,0,1,0,0,0,0,0,0,1,0,0,0,0,0,0,0,1,0
2DCEE70C-1C59-4EC9-B623-FDDB0179E528,2012,62,0,0,0,1,0,0,0,0,1,0,0,0,0,0,1,0,0,0,0,0,0,1,0,0,0
2DD09DCC-5ACA-4F00-B1E7-E120BA3523C9,2013,42,0,0,0,1,0,0,0,0,1,0,0,0,0,0,0,0,0,0,0,1,0,0,0,1,0
2DD1EDAE-7751-4E4A-8419-575443A635D5,2013,61,0,1,0,0,0,0,0,0,1,0,0,0,0,0,0,0,1,0,0,0,0,0,0,1,0
2DE6C6B9-260C-4F42-B870-0D30BB87962A,2013,51,0,1,0,0,0,0,0,0,1,0,0,0,0,0,0,0,0,0,1,0,1,0,0,0,0
2DE823A6-FC65-4328-8ADD-CF91281E0D49,2012,71,0,1,0,0,0,0,0,0,1,0,0,0,0,0,0,1,0,0,0,0,0,0,0,1,0
60130180-dff3-11ef-8e7d-5bcd93832819,2024,44,1,1,0,0,0,0,0,0,1,0,0,0,0,0,0,0,1,0,0,0,0,0,0,1,0
2DE89A34-9D37-494F-9F72-AD2C48A044E4,2013,62,0,0,1,0,1,0,0,0,1,1,0,0,1,0,0,0,0,0,0,0,0,0,0,1,0
4C82B7A6-4D31-497D-AC9E-35B155C42BBF,2016,62,0,0,0,0,0,1,0,0,0,1,0,0,0,1,0,0,0,0,0,0,0,0,0,1,0
827ac000-0fd7-11eb-afe7-87eff9df4bdb,2020,62,1,0,0,0,0,0,0,0,1,0,0,0,0,0,0,0,1,0,0,0,0,1,0,0,0
2DFBAD24-12AD-4256-85FC-D8EC2D8C71FB,2015,51,0,1,1,0,0,0,0,0,1,0,0,0,0,0,0,1,0,0,1,0,1,0,0,0,0
2DFBF5F2-74E7-425A-AE12-13234751A946,2012,00,0,0,0,1,0,0,0,0,1,0,0,0,0,0,1,0,0,0,0,0,0,1,0,0,0
2E04532A-65A3-491B-9489-59C4DB6F56A9,2014,62,0,0,0,1,0,0,0,0,1,0,0,0,0,0,1,0,0,0,0,0,0,1,0,0,0
2E090480-8299-4521-BB2D-358AB248BD2D,2013,00,1,1,1,0,0,0,0,0,1,0,0,0,0,0,0,0,0,1,0,0,0,0,0,1,0
2E0D841E-43D9-432A-912E-ED9215FC0727,2011,51,0,0,0,0,0,1,0,0,0,1,0,0,0,1,0,0,0,0,0,0,0,0,0,1,0
2E0F604B-FEDC-4591-8134-C912C827CAE4,2013,00,0,1,0,0,0,0,0,0,1,0,0,0,0,0,0,1,0,0,0,0,1,0,0,0,0
2E10B4A9-CC14-4A95-BD93-0B897110B702,2014,62,1,1,0,0,0,0,0,0,1,0,0,0,0,0,0,0,1,0,0,0,0,0,0,1,0
f63efef0-843b-11e7-9557-ff063714718d,2017,92,0,0,0,0,1,0,0,0,0,1,0,0,1,0,0,0,0,0,0,0,0,0,0,1,0
889a8550-e218-11e7-a8b4-b50015373b0a,2017,62,0,0,0,0,0,1,0,0,0,1,0,0,0,1,0,0,0,0,0,0,0,0,0,1,0
2E171B9D-68A8-4BAB-B4A7-A1E0250BE9B1,2012,51,0,1,0,0,0,0,0,0,1,0,0,0,0,0,0,1,0,0,0,0,0,0,0,1,0
2E19281B-8FD6-46D8-BF4F-43FE02E15EB7,2012,54,0,0,0,1,0,0,0,0,1,0,0,0,0,0,1,0,0,0,0,0,0,1,0,0,0
D7C20596-C4C6-4668-A893-60AEDD6FA702,2023,62,1,1,0,0,0,0,0,0,1,0,0,0,0,0,0,0,1,0,0,0,0,0,0,1,1
2E2D6B73-B352-4E19-94A9-F8F5E8F078FC,2013,52,0,0,0,1,0,0,0,0,1,0,0,0,0,0,1,0,0,0,0,0,0,0,0,1,0
C9670034-FFC5-4818-9558-FB09AA04C589,2016,42,0,1,0,0,0,0,0,0,1,0,0,0,0,0,0,1,0,0,0,0,0,0,0,1,0
2E3ABBCD-2707-4467-81BD-3897D749C7C5,2011,92,0,0,0,0,0,1,0,0,0,1,0,0,0,1,0,0,0,0,0,0,0,1,0,0,0
2E40EE9D-8DF5-460A-B295-A2BA716AB673,2010,62,0,0,0,1,0,0,0,0,1,0,0,0,0,0,1,0,0,0,0,0,0,1,0,0,0
2E45D2C1-4EC5-4910-BC2B-15EB72B8E3C7,2014,92,0,1,0,0,0,0,0,0,1,0,0,0,0,0,0,1,1,0,0,0,1,0,0,0,0
2E49D4D7-1214-45EC-9F2E-2B04060CDD8B,2013,92,0,0,0,1,0,0,0,0,1,0,0,0,0,0,1,0,0,0,0,0,0,0,0,1,0
2E5670BF-DCEB-47C2-89B5-DD386018389D,2012,45,0,0,0,0,0,1,0,0,0,1,0,0,0,1,0,0,0,0,0,0,0,1,0,0,0
18d0bfd0-1d13-11eb-a925-afd7acbe9906,2019,48,0,0,0,0,1,0,0,0,0,1,0,0,1,0,0,0,0,0,0,0,0,0,0,1,0
2E5A06A3-4488-4057-A382-BE231CB96EB7,2013,00,0,1,0,0,0,0,0,0,1,0,0,0,0,0,0,1,0,0,0,0,1,0,0,0,0
598a5f00-1aeb-11ec-8477-47d0f236e203,2020,62,1,0,0,0,0,0,0,0,1,0,0,0,0,0,0,0,1,0,0,0,0,1,0,0,0
eec50b20-ec27-11e7-b683-c1703914e4a4,2017,62,0,0,0,0,1,0,0,0,0,1,0,0,1,0,0,0,0,0,0,0,0,0,0,1,0
9b8ad4b0-a197-11e7-9764-c7e1aa1637e1,2017,62,0,0,0,0,0,1,0,0,0,1,0,0,0,1,0,0,0,0,0,0,0,0,0,1,0
2E6C0F08-82C7-4E83-A65A-5D4B5FC05550,2012,92,0,0,0,0,0,1,0,0,0,1,0,0,0,0,1,0,0,0,0,0,0,0,0,1,0
2E6D9C3B-0BDB-4762-AB10-91E72C687B82,2014,62,0,0,0,1,0,0,0,0,1,0,0,0,0,0,1,0,0,0,0,0,0,1,0,0,0
498268b0-a2d0-11e7-a67b-81fbdaca3f85,2017,44,0,0,0,1,0,0,0,1,1,0,0,0,0,0,0,0,0,0,0,1,0,1,0,0,0
2E720BFE-B609-4E63-8781-34706C569080,2012,61,0,1,0,0,0,0,0,0,1,0,0,0,0,0,0,0,1,0,0,0,0,0,0,1,0
2E73989C-4DF7-452E-97C1-F3844E0FDF20,2014,62,0,0,0,0,1,0,0,0,0,1,0,0,1,0,0,0,0,0,0,0,0,0,0,1,0
352A6F58-E72F-4F41-8C95-C71CE692F680,2023,61,1,1,0,0,0,0,0,0,1,0,0,0,0,0,0,0,1,0,0,0,0,0,0,1,1
FC55EB77-D13F-4A0B-97E3-E6D5D059B832,2023,61,1,1,0,0,0,0,0,0,1,0,0,0,0,0,0,0,1,0,0,0,0,0,0,1,1
2E80C538-83F1-4E0E-891E-0E3929C6D275,2013,92,0,0,0,0,0,1,0,0,1,0,0,0,0,1,0,1,0,0,0,0,0,0,0,1,0
158c9c80-a1a2-11e7-bd2e-43ac41b832c9,2012,00,0,0,0,0,1,0,0,0,0,1,0,0,1,0,0,0,0,0,0,0,0,0,0,1,0
2E9F0D91-32BC-4509-8083-1D10C38395E4,2016,51,0,1,0,0,0,0,0,0,1,0,0,0,0,0,0,1,0,0,0,0,0,0,0,1,0
2EA6047E-EAD1-4B07-9833-537415BF0E54,2013,92,0,1,0,0,0,0,0,0,1,0,0,0,0,0,0,1,0,0,0,0,1,0,0,0,0
994e0190-85f8-11e8-ae9b-a1b647b0d464,2017,00,0,1,0,0,0,0,0,1,1,0,0,1,0,0,0,1,0,0,0,0,0,0,0,1,0
2EB516E7-63C7-4225-AC43-FF4BE2A9A29A,2013,92,0,0,0,0,0,0,0,1,1,0,0,0,0,0,0,0,0,0,0,1,0,0,0,1,0
2EBB1ADC-0A84-4E7B-915C-7B794277CCC1,2014,52,1,0,1,0,0,0,0,0,1,0,0,0,0,0,0,0,1,0,0,0,1,0,0,0,0
20031414-6E26-45D5-BC2E-A83E33C8EB2D,2023,61,1,1,0,0,0,0,0,0,1,0,0,0,0,0,0,0,1,0,0,0,0,0,0,1,1
2ECFBC01-F1C1-496B-ADD9-D030C71C03ED,2013,62,0,0,0,0,0,1,0,0,0,1,0,0,0,1,0,0,0,0,0,0,0,0,0,1,0
260136e0-0fc1-11ea-936a-1ffb751fb68b,2019,05,0,0,0,0,0,1,0,0,0,1,0,0,0,1,0,0,0,0,0,0,0,0,0,1,0
B2812DF8-060F-41F6-BAC5-5A7AC6F38FBB,2016,61,0,0,0,0,0,1,0,0,0,1,0,0,0,1,0,0,0,0,0,0,0,0,0,1,0
2ED4375F-3BB5-44C0-BC9D-B31FAB898ADD,2013,00,0,1,0,0,0,0,0,0,1,0,0,0,0,0,0,1,0,0,0,0,1,0,0,0,0
2ED74EE4-D0BB-4727-96CC-627EC810BEAF,2012,53,0,1,0,0,0,0,0,0,1,0,0,0,0,0,0,0,1,0,0,0,1,0,0,0,0
F37DB216-C532-4D82-AD10-CEF6F561D2AE,2023,00,1,1,0,0,0,0,0,0,1,0,0,0,0,0,0,0,1,0,0,0,0,0,0,1,1
2EE02485-6930-48DA-95D8-9EFD85C789A5,2011,92,0,1,0,0,0,0,0,0,1,0,0,0,0,0,0,0,1,0,0,0,1,0,0,0,0
2EE3E7C3-D166-4A38-AC1C-50BAA3187F9C,2013,00,0,1,0,0,0,0,0,0,1,0,0,0,0,0,0,1,0,0,0,0,1,0,0,0,0
2EF2BD5B-1113-4094-AF0A-C87F843830DB,2012,92,0,0,0,0,1,0,0,0,0,1,0,0,1,0,0,0,0,0,0,0,0,0,0,1,0
03F31826-3C08-445D-8645-F7B94DAD0439,2016,92,0,0,0,1,0,0,0,0,1,0,0,0,0,0,1,0,0,0,0,0,0,0,0,1,0
2F012C91-4351-4F84-933D-B01BD6B222AB,2008,62,0,0,0,0,1,0,0,0,0,1,0,0,1,0,0,0,0,0,0,0,0,0,0,1,0
2F03C572-DB0E-42FE-94C7-CB1809BEEF3C,2010,92,0,0,0,0,0,1,0,0,0,1,0,0,0,0,1,0,0,0,0,0,0,0,0,1,0
2F0DA627-33F4-4F9B-9080-9F4402511636,2012,92,0,0,0,1,0,0,0,0,1,1,0,0,0,0,1,0,0,0,0,0,0,0,0,1,0
305B0B9B-D262-482C-923D-60E5D2EFB10D,2023,61,1,1,0,0,0,0,0,0,1,0,0,0,0,0,0,0,1,0,0,0,0,0,0,1,1
2F1517E1-41C7-450C-8894-6D727B815C58,2010,52,0,0,0,1,0,0,0,0,1,0,0,0,0,0,1,0,0,0,0,0,0,1,0,0,0
0BB603E7-D025-4F3B-9241-4C72BEC52A1E,2016,00,0,0,0,1,1,1,0,0,0,1,0,0,0,1,0,0,0,0,0,0,0,0,0,1,0
2F173851-CA3D-40AB-9252-9BDA1B5CC518,2011,62,0,0,0,0,0,0,0,1,0,0,0,1,0,0,0,0,0,0,0,1,0,1,0,0,0
2F2667EE-F637-4267-B426-1D079F6D5797,2015,52,0,0,0,0,0,0,0,1,0,1,0,0,0,0,0,0,0,0,0,1,0,0,0,1,0
2F2F5FF0-71CF-4504-8268-4051262DB679,2012,53,0,0,0,0,0,1,0,0,0,1,0,0,0,1,0,0,0,0,0,0,0,0,0,1,0
2F396503-B691-4C4D-9584-20B163A7FD08,2013,92,0,0,0,0,1,0,0,0,0,1,0,0,1,0,0,0,0,0,0,0,0,0,0,1,0
EA741E89-1244-4F72-B791-2A78F4A9E680,2016,54,0,1,0,0,0,0,0,0,1,0,0,0,0,0,0,1,0,0,0,0,0,1,0,0,0
2F462F92-0E42-45D1-9D83-D4C2EDBF134B,2012,62,0,0,0,0,0,0,0,1,0,0,0,1,0,0,0,0,0,0,0,1,0,0,0,1,0
2F4792F5-02B7-4763-B4DD-1483699E5364,2015,81,0,1,0,0,0,0,0,0,1,0,0,0,0,0,0,1,0,0,0,0,0,0,0,1,0
0DDCE897-B3AD-43DA-822B-922C4C164D0F,2023,61,1,1,0,0,0,0,0,0,1,0,0,0,0,0,0,0,1,0,0,0,0,0,0,1,1
a02fa8c0-e7bb-11ea-8ff0-e3594c873b30,2020,00,0,0,0,0,0,1,0,0,0,1,0,0,0,1,0,0,0,0,0,0,0,0,0,1,0
2F67E799-B80C-4D94-8608-77790A662542,2011,92,0,0,0,0,0,1,0,0,0,1,0,0,0,0,1,0,0,0,0,0,0,0,0,1,0
71515675-4CBB-4963-897F-E00922353A82,2023,61,1,1,0,0,0,0,0,0,1,0,0,0,0,0,0,0,1,0,0,0,0,0,0,1,1
2F7B8440-BB96-46BE-8F97-EDC6300057E6,2010,62,0,0,0,0,0,0,0,1,0,0,0,1,0,0,0,0,0,0,0,1,0,1,0,0,0
2F7C447D-DBB2-40DF-A9AF-B6FF6A006AD7,2014,00,0,1,0,0,0,0,0,0,1,0,0,0,0,0,0,0,0,0,0,1,0,0,0,1,0
2F7CACD4-4A14-475D-9A99-6191D31264B5,2015,00,0,0,0,0,0,1,0,0,0,0,1,0,0,1,0,0,0,0,0,0,0,0,0,1,0
F21801C6-AD72-4E05-997C-DF8C3D5AD05B,2016,54,1,0,1,0,0,0,0,0,1,0,0,0,0,0,0,0,0,1,0,0,1,0,0,0,0
2F971782-CB79-4737-8B59-09477DC7E76D,2009,51,1,1,1,0,0,0,0,0,1,0,0,0,0,0,0,0,0,1,0,0,0,0,0,1,0
8f9e5e50-e935-11e9-b01d-8d8474fb7a4b,2017,51,0,0,0,0,0,1,0,0,0,1,0,0,0,1,0,0,0,0,0,0,0,1,0,0,0
7db6ad80-dfea-11ef-8e7d-5bcd93832819,2023,62,0,1,0,0,0,0,0,0,1,0,0,0,0,0,0,0,1,0,0,0,0,0,0,1,1
45766850-84bc-11ee-898d-0f9c5bf59690,2023,52,0,1,0,0,0,0,0,0,1,0,0,0,0,0,0,1,0,0,0,0,0,0,0,1,0
2FB40B5D-E711-4DB9-996B-AE3D542C2552,2013,00,0,0,0,0,0,1,0,0,0,0,1,0,0,0,1,0,0,0,0,0,0,1,0,0,0
2FB93DD3-E4AF-4ADE-B7C4-A54243476EE0,2014,61,0,0,0,1,0,0,0,0,1,0,0,0,0,0,1,0,0,0,0,0,0,1,0,0,0
2FBA39C9-1207-40F5-8D0D-6FF4C5616CF6,2014,44,0,1,0,0,1,0,0,0,0,0,0,1,1,0,0,1,0,0,0,0,0,0,0,1,0
71fee0e0-2296-11eb-940b-ff2256f17cee,2018,92,0,1,1,0,0,0,0,0,1,0,0,0,0,0,0,0,0,1,0,0,0,0,0,1,0
A5C278E8-7C41-4B2E-8CC3-F9E2D0588B0F,2023,61,1,1,0,0,0,0,0,0,1,0,0,0,0,0,0,0,1,0,0,0,0,0,0,1,1
2FC9F790-3509-4B97-8BE7-05BFB2F08542,2013,52,0,0,0,1,0,0,0,0,1,0,0,0,0,0,0,0,0,0,0,1,0,0,0,1,0
2FCEB5A2-BC6E-4936-987C-C77193D64203,2012,51,0,0,0,1,0,0,0,0,1,0,0,0,0,0,1,0,0,0,0,0,0,1,0,0,0
2509fc20-cd06-11e9-a052-6392f3b8c0e8,2018,72,1,0,0,0,0,0,0,1,1,0,0,0,0,0,0,0,1,0,0,0,0,0,0,1,0
630b1110-e3a8-11e7-8742-2bc46bd10713,2015,06,0,0,0,0,1,0,0,0,0,1,0,0,1,0,0,0,0,0,0,0,0,0,0,1,0
2FE778A5-DEBE-4D59-BF2C-EB6E21D6D3AA,2013,45,0,0,0,0,1,0,0,0,0,1,0,0,1,0,0,0,0,0,0,0,0,0,0,1,0
2FEDCFB2-5771-4956-AA64-169645EA70CE,2012,92,0,0,0,0,0,1,0,0,0,1,0,0,0,1,0,0,0,0,0,0,0,0,0,1,0
e186aee0-111f-11ea-bd5f-71a8176be0a0,2016,92,0,0,0,1,0,0,0,0,1,0,0,0,0,0,1,0,0,0,0,0,0,1,0,0,0
2FFEAD2A-5FEC-4EA1-A91C-1F6F61E5A179,2014,92,0,0,0,0,0,1,0,0,0,1,0,0,0,1,0,0,0,0,0,0,0,0,0,1,0
2FFF2036-21AC-44F6-BD88-9A36D4D33DCB,2012,00,0,1,0,0,0,0,0,0,1,0,0,0,0,0,0,1,0,0,0,0,0,0,0,1,0
30039C13-1611-4212-9AFD-C787E7D3929E,2013,62,0,0,0,1,0,0,0,0,0,1,0,0,0,0,1,0,0,0,0,0,0,0,0,1,0
3009282C-BC59-43A2-AD32-6385ECEE5CD8,2012,81,0,1,0,0,0,0,0,0,1,0,0,0,0,0,0,0,1,0,0,0,0,1,0,0,0
300E70CE-1796-4E9C-A5A2-309D5B7E9912,2012,00,0,0,0,0,0,1,0,0,0,1,0,0,0,1,0,0,0,0,0,0,0,0,0,1,0
6B5F4CB2-5654-43C9-A63E-BA4EA8EF3D3A,2016,62,0,0,0,0,0,1,0,0,0,1,0,0,0,1,0,0,0,0,0,0,0,1,0,0,0
535F3361-455D-4365-8B2A-933EF665A24C,2016,92,0,1,0,0,0,0,0,0,1,0,0,0,0,0,0,1,0,0,0,0,0,0,0,1,0
1DBEF811-01AD-469C-8F46-F46304AFBE04,2014,52,0,0,0,0,0,1,0,0,0,1,0,0,0,1,0,0,0,0,0,0,0,0,0,1,0
3035B23B-BF32-4745-BB6F-7D8C58E5254C,2012,00,0,0,0,1,0,0,0,0,1,0,0,0,0,0,1,0,0,0,0,0,0,0,0,1,0
a9ccdc50-72e3-11eb-a674-05cfd55ad89e,2019,52,0,0,0,0,0,1,0,0,0,1,0,0,0,1,0,0,0,0,0,0,0,0,0,1,0
30577E40-EDA9-4C69-B61D-0876FBDD35C2,2010,92,0,0,0,0,0,1,0,0,0,1,0,0,0,1,0,0,0,0,0,0,0,0,1,0,0
30642A68-C320-4006-B7D5-A97B477CD284,2013,51,0,1,0,0,0,0,0,0,1,0,0,0,0,0,0,1,0,0,0,0,1,0,0,0,0
96860230-a9e1-11e7-8c20-836b8b691ede,2017,52,0,0,0,1,0,0,0,0,1,0,0,0,0,0,0,0,0,0,0,1,0,0,0,1,0
306C4364-8382-4821-909D-D250B1A7A3C0,2012,92,1,1,1,0,0,0,0,0,1,0,0,0,0,0,0,0,0,1,0,0,0,0,0,1,0
796922f0-b41d-11f0-83f6-c95449796b4b,2024,51,0,1,0,0,0,0,0,0,1,0,0,0,0,0,0,0,1,0,0,0,0,0,0,1,0
308FEC48-6EE9-44F4-AF88-78E40CAD6E6C,2010,92,0,0,0,0,0,1,0,0,0,1,0,0,0,1,0,0,0,0,0,0,0,0,1,0,0
2DCB2C83-A99A-4D5E-8CA3-9904EB1C1630,2016,61,0,1,0,0,0,0,0,0,1,0,0,0,0,0,0,1,0,0,0,0,0,0,0,1,0
30A3B892-01E7-480E-ABA5-3DCA29D89D7F,2013,48,0,0,0,0,0,1,0,0,0,1,0,0,0,1,0,0,0,0,0,0,0,1,0,0,0
A029E7C6-6B67-4036-A92F-3E446AFA78E1,2016,51,0,1,0,0,0,0,0,0,1,0,0,0,0,0,0,0,0,0,0,1,0,0,0,1,0
30ADD540-CB73-4D12-B69F-28BA20197B30,2011,62,0,1,0,0,0,0,0,0,1,0,0,0,0,0,0,0,0,0,0,1,0,0,0,1,0
30AEA7E5-2100-41C8-AAAD-F447F9B54D0C,2014,44,0,0,0,1,0,0,0,0,1,0,0,0,0,0,0,0,0,0,0,1,0,0,0,1,0
30B6BA6F-DFD4-42EB-B1F7-6DD7E8DC182F,2012,00,0,1,0,0,0,0,0,0,1,0,0,0,0,0,0,1,0,0,0,0,0,0,0,1,0
30B9EF90-2118-4AD6-9613-0945226AEB99,2011,62,0,0,0,1,0,0,0,0,1,0,0,0,0,0,1,0,0,0,0,0,0,1,0,0,0
30C172BE-0479-43E2-BE18-2150C324C77A,2011,00,0,0,0,1,0,0,0,0,1,0,0,0,0,0,1,0,0,0,0,0,0,1,0,0,0
C4649AE7-6B57-46DE-A37D-6E02AC0FED3B,2016,00,0,0,0,0,0,1,0,0,0,1,0,0,0,1,0,0,0,0,0,0,0,0,0,1,0
30CB9C2A-F0E0-4D20-9B6F-6FC0668C06F7,2008,61,0,0,0,0,0,1,0,0,0,1,0,0,0,1,0,0,0,0,0,0,0,0,0,1,0
6500a5d0-2bf3-11ea-b50d-3fd6f00cf940,2016,44,0,0,0,1,0,0,0,0,1,0,0,0,0,0,0,0,0,0,0,1,0,0,0,1,0
3c14d9e0-d950-11e7-95c7-41fa40cac8a8,2016,62,0,0,0,0,1,0,0,0,0,1,0,0,1,0,0,0,0,0,0,0,0,0,0,1,0
9ea68a50-c0a9-11e7-89a5-cb2864f71ca2,2017,52,0,0,1,0,0,0,0,0,1,0,0,0,0,0,0,0,0,1,0,0,0,0,0,1,0
30E608BB-84B5-44BC-A6FD-817C7E93F58C,2013,62,0,0,0,1,0,0,0,0,1,0,0,0,0,0,1,0,0,0,0,0,0,1,0,0,0
da8383d0-7234-11eb-a674-05cfd55ad89e,2017,42,0,1,0,0,0,0,0,0,1,0,0,0,0,0,0,1,0,0,0,0,0,0,0,1,0
30EDB265-79A0-4A90-905D-6FFDAC58C3B3,2013,52,0,0,0,1,0,0,0,0,1,0,0,0,0,0,1,0,0,0,0,0,0,1,0,0,0
30EFA074-7928-431D-B607-B93CAD067124,2014,81,0,0,0,1,0,0,0,0,1,0,0,0,0,0,1,0,0,0,0,0,0,1,0,0,0
136179b0-e43e-11e7-8742-2bc46bd10713,2016,00,0,0,0,0,0,1,0,0,0,1,0,0,0,0,1,0,0,0,0,0,0,1,0,0,0
f122b840-1c4f-11ea-a7e6-812a11e02697,2019,52,0,0,0,1,0,0,0,0,1,0,0,0,0,0,0,0,0,0,0,1,0,0,0,1,0
b13b0f30-af69-11f0-a027-d955a4d2f085,2024,00,0,0,0,0,0,1,0,0,0,1,0,0,0,1,0,0,0,0,0,0,0,0,0,1,0
310AB416-F667-44AB-9652-6DBBA153416F,2013,62,0,0,0,0,1,0,0,0,0,1,0,0,1,0,0,0,0,0,0,0,0,0,0,1,0
311179EA-D06F-4AC8-B9E7-7E5FE7B2A2D5,2012,61,0,0,0,1,0,0,0,0,1,0,0,0,0,0,1,0,0,0,0,0,0,1,0,0,0
3118871B-9F23-4500-8E69-3998492E31AE,2015,62,0,0,0,1,0,0,0,0,1,0,0,0,0,0,1,0,0,0,0,0,0,1,0,0,0
2B8AABD3-8A57-45FB-9133-E755DF6FC4F0,2023,61,1,1,0,0,0,0,0,0,1,0,0,0,0,0,0,0,1,0,0,0,0,0,0,1,1
31209D67-E1A2-49A2-8C79-C4E43C77D165,2013,92,0,0,0,1,0,0,0,0,1,0,0,0,0,0,1,0,0,0,0,0,0,0,0,1,0
3124B1F6-2355-4F55-BBFC-7F3A7239CBC3,2011,00,0,0,0,0,1,0,0,0,0,1,0,0,1,0,0,0,0,0,0,0,0,0,0,1,0
312AAB1E-E0FF-42B8-946B-3EFD2A7973FA,2010,92,0,0,0,0,0,1,0,0,0,1,0,0,0,0,1,0,0,0,0,0,0,0,1,0,0
3134E9DD-2FB6-42DA-88B7-12D18516CDD7,2012,00,0,0,0,0,1,0,0,0,0,1,0,0,1,0,0,0,0,0,0,0,0,0,0,1,0
31373B41-D7FE-459E-8DA3-8F4C7FFA8A88,2013,62,0,0,0,0,0,1,0,0,0,1,0,0,0,1,0,0,0,0,0,0,0,0,0,1,0
313FB06F-19CE-49E5-94F2-135558AA4645,2014,51,1,0,0,0,0,0,0,0,1,0,0,0,0,0,0,0,1,0,0,0,1,0,0,0,0
31486C61-3446-47CB-8C8D-1891BA317F94,2013,62,0,0,0,0,0,1,0,0,0,0,1,0,0,1,0,0,0,0,0,0,1,0,0,0,0
bb7c24d0-9978-11e7-b039-d34ad5cfc38b,2017,00,1,0,0,0,0,0,0,0,1,0,0,0,0,0,0,0,1,0,0,0,0,1,0,0,0
314D2330-ED2C-4445-8436-AA015E848538,2012,62,0,0,0,1,0,0,0,0,1,0,0,0,0,0,1,0,0,0,0,0,0,1,0,0,0
7D849D30-CE16-4876-8FBC-7E8009A437EA,2023,61,1,1,0,0,0,0,0,0,1,0,0,0,0,0,0,0,1,0,0,0,0,0,0,1,1
3BDE7502-A66A-40B6-9D48-BE6191A31535,2023,61,1,1,0,0,0,0,0,0,1,0,0,0,0,0,0,0,1,0,0,0,0,0,0,1,1
ded5b750-a086-11e8-899a-23ad2f84ca7d,2018,61,0,1,1,0,0,0,0,0,1,0,0,0,0,0,0,0,0,1,0,0,0,0,0,1,0
1DB4B9E8-C7AC-4AC9-8C19-F4369FC9BB1E,2015,62,0,0,0,0,0,1,0,0,0,1,0,0,0,1,0,0,0,0,0,0,0,0,0,1,0
C9071B25-E0D3-4886-B566-970AF40714B7,2023,00,1,1,0,0,0,0,0,0,1,0,0,0,0,0,0,0,1,0,0,0,0,0,0,1,1
316EEA1D-E1B4-4A55-87A5-305AE93DB584,2013,23,0,0,0,0,1,0,0,0,0,1,0,0,1,0,0,0,0,0,0,0,0,1,0,0,0
B477519E-4F12-4B42-A3A8-4EF15911EE10,2015,62,0,1,0,0,0,0,0,0,1,0,0,0,0,0,0,1,0,0,0,0,0,0,0,1,0
2E658463-F3B1-497A-AA56-D9817D56536C,2023,54,1,1,0,0,0,0,0,0,1,0,0,0,0,0,0,0,1,0,0,0,0,0,0,1,1
f529d3e0-b39c-11e9-8244-abb132467e1d,2012,51,0,0,0,0,0,0,0,1,0,0,0,1,0,0,0,0,0,0,0,1,0,0,0,1,0
318F9CD9-60B1-438F-979C-32FFCC82D26E,2013,92,0,1,0,0,0,0,0,0,1,0,0,0,0,0,0,0,0,0,1,0,1,0,0,0,0
D345CA3A-645C-4246-AEB0-42BC050CC3D3,2016,52,0,0,0,1,0,0,0,0,1,0,0,0,0,0,0,0,0,0,0,1,0,0,0,1,0
31A367C1-174F-40CC-86AB-9145FEB71FEC,2012,92,1,1,1,0,0,0,0,0,1,0,0,0,0,0,0,0,0,1,0,0,0,0,0,1,0
31B10B02-12DA-4A3C-905C-EFBBDDA6A2E1,2013,52,0,0,0,0,1,0,0,0,0,1,0,0,1,0,0,0,0,0,0,0,0,0,0,1,0
31C2BE00-2FEC-439B-9791-6090EE764BF4,2013,92,0,0,0,0,0,1,0,0,0,1,0,0,0,1,0,0,0,0,0,0,0,0,0,1,0
31C30122-51BE-4D86-8BC9-705020F5DD9F,2015,51,0,0,0,0,0,1,0,0,0,1,0,0,0,1,0,0,0,0,0,0,0,1,0,0,0
31C47716-7F82-431D-BF29-A40E941CE03B,2010,92,0,0,0,0,0,1,0,0,0,1,0,0,0,1,0,0,0,0,0,0,0,0,1,0,0
31C5AD57-8017-4CFE-B51B-C546D3F2568D,2012,32,0,0,0,0,0,0,0,1,0,0,0,1,0,0,0,0,0,0,0,1,0,0,0,1,0
d138aa80-0fd3-11eb-afe7-87eff9df4bdb,2019,56,0,1,0,0,0,0,0,0,1,0,0,0,0,0,0,1,0,0,0,0,0,0,0,1,0
e6354520-ded2-11e9-843d-75ce6c835970,2017,11,0,0,1,0,0,0,0,0,1,0,0,0,0,0,0,0,0,1,0,0,0,0,0,1,0
87c206f0-da79-11eb-bcc7-b7194a064c3e,2019,23,0,0,0,0,1,0,0,0,1,1,0,0,1,0,0,0,0,0,0,0,0,0,0,1,0
31DB8E49-1C7D-4719-88A6-5B429A2435D9,2013,09,1,0,0,0,0,0,0,0,1,0,0,0,0,0,0,0,1,0,0,0,0,0,1,0,0
31DD567C-A743-4ACA-807C-79D05B3CB7C1,2011,52,0,0,0,1,0,0,0,0,1,0,0,0,0,0,1,0,0,0,0,0,0,1,0,0,0
C095D6C7-9A9B-40AC-A0F5-19D98B8D144D,2023,61,1,1,0,0,0,0,0,0,1,0,0,0,0,0,0,0,1,0,0,0,0,0,0,1,1
178023A7-8F4A-4653-9571-9BD90DD023C8,2015,92,0,0,0,0,1,0,0,0,0,1,0,0,1,0,0,0,0,0,0,0,0,0,0,1,0
31E771EB-58C2-40CA-8D23-05A2A39436E6,2010,62,0,0,0,1,0,0,0,0,1,0,0,0,0,0,1,0,0,0,0,0,0,1,0,0,0
31EA1BF8-978D-4A87-BB54-2E019D6B569E,2012,54,0,0,0,1,0,0,0,0,1,0,0,0,0,0,1,0,0,0,0,0,0,1,0,0,0
2CB2DCBA-1F42-4CEC-8E03-833C72122CD8,2016,62,0,1,0,0,0,0,0,0,1,0,0,0,0,0,0,1,0,0,0,0,0,0,0,1,0
31F035FF-B2BE-4128-99DD-B56DDEBA9A9B,2012,61,0,1,0,0,0,0,0,0,1,0,0,0,0,0,0,0,0,0,0,1,0,0,0,1,0
31F5693C-B409-448B-AA0E-716ECD09FD90,2013,61,0,0,0,0,0,1,0,0,0,1,0,0,0,1,0,0,0,0,0,0,0,0,0,1,0
31F90FFD-D294-45DC-9371-6AADCF339730,2010,00,0,0,0,0,0,1,0,0,0,1,0,0,0,1,0,0,0,0,0,0,0,0,0,1,0
36d36cd0-243e-11eb-af35-ed9bb3f10d5f,2020,61,0,1,0,0,0,0,0,0,1,0,0,0,0,0,0,1,0,0,0,0,0,0,0,1,0
31FD40DF-7E16-4CCB-8D55-D8AD5E47E19C,2016,00,0,0,0,0,0,1,0,0,1,0,0,0,0,1,0,0,0,0,0,0,0,1,0,0,0
14F4D6DD-E3D1-465F-BA83-210090617491,2016,61,0,1,0,0,0,0,0,0,1,0,0,0,0,0,0,0,0,0,0,1,0,0,0,1,0
321E1ED0-99B3-4F6D-813D-FF404D4DE141,2012,92,0,0,0,0,0,1,0,0,0,1,0,0,0,1,0,0,0,0,0,0,0,0,0,1,0
3227770C-E6FD-4A4E-9A8C-38AFA2FD05E2,2010,92,0,0,0,0,1,0,0,0,0,1,0,0,0,0,0,0,0,0,0,1,0,1,0,0,0
322AD2A1-BB2A-4257-9B48-93C01E5928E3,2012,48,0,1,0,0,0,1,0,0,0,1,1,0,0,0,0,1,1,0,0,0,1,0,0,0,0
322F47AA-E1A1-4F06-92F3-1A5B815AA6C9,2013,62,0,0,0,1,0,0,0,0,1,0,0,0,0,0,1,0,0,0,0,0,0,1,0,0,0
3232B2A1-935E-4FCC-9AF6-58CAA9D7A656,2013,52,0,0,0,0,0,1,0,0,0,0,1,0,0,1,0,0,0,0,0,0,0,0,0,1,0
6724D529-2870-4505-9633-670A4822E24C,2016,52,0,0,0,1,0,0,0,0,1,0,0,0,0,0,0,0,0,0,0,1,1,0,0,0,0
324C71B2-E0E6-4E06-8F27-770504B0365D,2012,92,0,0,0,0,1,0,0,0,0,1,0,0,1,0,0,0,0,0,0,0,0,0,0,1,0
324DC8F3-ABDA-4617-93F2-665211E5FD9C,2014,48,0,0,0,0,0,1,0,0,1,0,0,0,0,1,0,0,0,0,0,0,0,0,0,1,0
34e25663-70ed-4156-930c-6463539e34b2,2024,00,0,1,0,0,0,0,0,0,1,0,0,0,0,0,0,1,0,0,0,0,0,0,0,1,0
3254E069-25CF-4DE7-AE4D-B9533773150F,2012,33,0,1,0,0,0,0,0,0,1,0,0,0,0,0,0,0,1,0,0,0,0,0,0,1,0
326C04A4-F6FD-47A5-B35C-948EBF0E5E5A,2012,92,0,0,0,0,0,1,0,0,0,1,0,0,0,1,0,0,0,0,0,0,0,0,1,0,0
cb7b9190-35d5-11e9-873a-cf0b385b0ca1,2018,00,1,1,0,0,0,0,0,0,1,0,0,0,0,0,0,0,1,0,0,0,0,0,0,1,0
FEA201BC-3976-46BB-B18C-1B9A444DA8E2,2016,51,0,1,0,0,0,0,0,0,1,0,0,0,0,0,0,1,0,0,0,0,0,0,0,1,0
3298E1F5-BAD2-462B-B32E-BCE1C5027D92,2012,33,0,1,0,0,0,0,0,0,1,0,0,0,0,0,0,1,0,0,0,0,0,0,0,1,0
329DC598-FDEF-440A-9655-6F4B34C0E95D,2014,92,0,0,0,0,1,0,0,0,0,1,0,0,1,0,0,0,0,0,0,0,0,0,0,1,0
32A0119D-1C99-4F4C-A93C-C99698549D92,2014,52,0,0,0,1,0,0,0,0,1,0,0,0,0,0,0,0,0,0,0,1,0,0,0,1,0
94f27e90-0564-11ea-889a-bd9e961d3ab1,2006,92,0,1,0,0,0,0,0,0,0,1,0,0,0,0,0,0,1,0,0,0,1,0,0,0,0
32A33EDB-7A38-4018-BD64-167F3DD9A824,2011,92,0,0,0,0,0,0,0,1,0,0,1,0,0,0,0,0,0,0,0,1,0,0,0,1,0
b6cf8990-c4a2-11e7-9a8b-47d1b690bc01,2014,62,0,0,0,0,1,0,0,0,0,1,0,0,1,0,0,0,0,0,0,0,0,1,0,0,0
96703BF5-F7AA-4733-83CE-FC0C4998BB13,2015,62,0,0,0,0,1,0,0,0,0,1,0,0,1,0,0,0,0,0,0,0,0,0,0,1,0
9D792716-4EA5-4FD7-9800-165745649F37,2015,92,0,0,0,0,0,1,0,0,0,1,0,0,0,1,0,0,0,0,0,0,0,0,0,1,0
32B511FC-EE16-4F2F-A95E-5963851B603B,2012,92,0,0,0,0,1,0,0,0,0,1,0,0,1,0,0,0,0,0,0,0,0,0,0,1,0
32BD7ABE-B704-4E51-B79C-BE5FE3E3F8F1,2013,62,0,0,0,0,1,0,0,0,0,1,0,0,1,0,0,0,0,0,0,0,0,0,0,1,0
3EAAA552-06E2-4BA9-B7D9-DF14BA4E029A,2023,61,1,1,0,0,0,0,0,0,1,0,0,0,0,0,0,0,1,0,0,0,0,0,0,1,1
E8C05D7B-0AD6-44CF-AA35-69F0B3844B8B,2016,62,0,0,0,0,1,0,0,0,0,1,0,0,1,0,0,0,0,0,0,0,0,0,0,1,0
32CCFDB6-070E-4D94-BFBA-530A9C92ED2D,2013,21,1,0,1,0,0,0,0,0,1,0,0,0,0,0,0,0,0,1,0,0,1,0,0,0,0
7222bb70-8c19-11e8-bfaf-f7b4555dc539,2018,92,0,1,0,0,0,0,0,0,1,0,0,0,0,0,0,1,0,0,0,0,0,0,0,1,0
F86B968D-1B87-4EB2-9E6C-CAD667DBB547,2023,61,1,1,0,0,0,0,0,0,1,0,0,0,0,0,0,0,1,0,0,0,0,0,0,1,1
32DB78FE-39BA-49E5-95A4-066306D58190,2014,62,0,0,0,0,1,0,0,0,0,1,0,0,1,0,0,0,0,0,0,0,0,0,0,1,0
32E01565-88B0-4729-B60B-7F2DF283D53E,2014,92,0,1,0,0,0,0,0,0,1,0,0,0,0,0,0,0,1,0,0,0,0,1,0,0,0
32E36A61-E7A6-495A-AADD-0B453949AC70,2012,92,1,1,1,0,0,0,0,0,1,0,0,0,0,0,0,0,0,1,0,0,0,0,0,1,0
97FA749B-3EC4-435D-BD39-91B385C22148,2014,62,0,0,0,0,0,1,0,0,0,1,0,0,0,1,0,0,0,0,0,0,0,0,0,1,0
4bc181e0-197e-11ed-ac8d-a1874ec50e39,2021,52,0,0,0,0,0,1,0,0,0,1,0,0,0,1,0,0,0,0,0,0,0,0,0,1,0
32F4DDA3-EEBC-40B2-8815-A30CD20C35EA,2011,62,0,0,0,0,1,0,0,0,0,1,0,0,1,0,0,0,0,0,0,0,0,0,0,1,0
C898316E-4711-45EF-83A1-45DD742C2AC3,2016,71,0,0,1,0,1,0,0,0,0,1,0,0,1,0,0,0,0,0,0,0,0,0,0,1,0
32F9C4B1-1BF4-46D7-B758-4166360FF07D,2012,92,0,0,0,0,0,1,0,0,0,1,0,0,0,1,0,0,0,0,0,0,0,0,0,1,0
85B0D254-C6F6-47A4-AD10-BCB283DE0A5F,2023,61,1,1,0,0,0,0,0,0,1,0,0,0,0,0,0,0,1,0,0,0,0,0,0,1,1
330236BB-FA81-45AB-BE23-021B33D73087,2010,54,0,0,0,0,0,1,0,0,0,1,0,0,0,1,0,0,0,0,0,0,0,1,0,0,0
33067AF6-E14D-42E8-9A51-716BD6D58217,2013,92,0,0,0,0,1,0,0,0,0,1,0,0,1,0,0,0,0,0,0,0,0,0,0,1,0
331964D3-4D8B-4EB5-BC61-D7A9C25550EF,2015,00,0,0,0,1,0,0,0,0,1,0,0,0,0,0,0,0,0,0,0,1,0,0,0,1,0
ba7138d0-3b1f-11ec-ba5b-a1f2db3b8242,2019,62,0,1,0,0,0,0,0,0,1,0,0,0,0,0,0,1,0,0,0,0,0,0,0,1,0
0FAB5DC0-7986-4352-B34C-9432EE2B3654,2016,92,0,0,0,0,1,0,0,0,1,1,0,0,1,0,0,0,0,0,0,0,0,0,0,1,0
332457D2-669F-4D4D-8B01-0ABCD91A8B7B,2014,44,0,0,0,1,0,0,0,0,1,0,0,0,0,0,1,0,0,0,0,0,0,0,0,1,0
c4dbb2a0-da2f-11e7-a58f-dff506a792fb,2017,62,0,1,0,0,0,0,0,0,1,0,0,0,0,0,0,1,0,0,0,0,0,0,0,1,0
86D46611-6899-47D6-9249-1E95B4B23ABA,2016,62,0,0,0,1,0,0,0,0,1,0,0,0,0,0,1,0,0,0,0,0,0,1,0,0,0
20007890-2324-11ed-82cc-77050d837997,2021,62,1,0,0,0,0,0,0,1,1,0,0,0,0,0,0,0,1,0,0,0,0,1,0,0,0
9824475C-D35E-4239-90EE-196F605ABE71,2023,61,1,1,0,0,0,0,0,0,1,0,0,0,0,0,0,0,1,0,0,0,0,0,0,1,1
E839C791-A436-42D0-8A4C-CE781F2F2025,2015,62,0,0,0,1,0,1,0,0,0,1,1,0,0,1,0,0,0,0,0,0,0,1,0,0,0
ca2faad0-c595-11e7-8053-ff1e84d2b694,2017,04,0,0,0,0,0,1,0,0,0,1,0,0,0,1,0,0,0,0,0,0,0,1,0,0,0
333BA6BD-3191-46F4-99F4-82F5ADF5C6D1,2013,92,0,0,0,0,1,0,0,0,1,1,0,0,1,0,0,0,0,0,0,0,1,0,0,0,0
459DC3D3-3259-451C-8638-E1D2EA424D5A,2015,92,0,0,0,0,0,1,0,0,0,1,0,0,0,1,0,0,0,0,0,0,0,0,0,1,0
3353D554-7286-46FB-AF3B-2E311CD98A45,2011,52,0,0,0,0,0,1,0,0,0,1,0,0,0,1,1,0,0,0,0,0,0,1,0,0,0
335D92B0-FA81-4532-A809-A5E58A3D003F,2010,92,0,0,0,0,1,0,0,0,0,1,0,0,1,0,0,0,0,0,0,0,0,0,0,1,0
CB673F21-DA17-4210-8397-357F71F58197,2023,61,1,1,0,0,0,0,0,0,1,0,0,0,0,0,0,0,1,0,0,0,0,0,0,1,1
3363BE02-36B4-4026-9F22-409799E31633,2011,62,0,0,0,0,0,1,0,0,0,1,0,0,0,0,1,0,0,0,0,0,0,1,0,0,0
782906c0-ee92-11e7-b683-c1703914e4a4,2014,62,0,0,0,0,0,1,0,0,0,0,1,0,0,1,0,0,0,0,0,0,0,0,0,1,0
BC7C5603-6C21-4237-90D8-B83B597C1AF1,2023,61,1,1,0,0,0,0,0,0,1,0,0,0,0,0,0,0,1,0,0,0,0,0,0,1,1
3373FC74-4A03-490A-830A-BEDD87F6DD0E,2009,62,0,0,0,0,1,0,0,0,0,1,0,0,1,0,0,0,0,0,0,0,0,0,0,1,0
33742D25-46BD-4497-97BB-9E3C48E4566E,2014,00,0,1,0,0,0,0,0,0,1,0,0,0,0,0,0,1,0,0,0,0,1,0,0,0,0
D24F6DD6-36A0-4688-A67C-9A208AE78B65,2015,52,0,0,0,1,0,0,0,0,1,0,0,0,0,0,1,0,0,0,0,0,1,0,0,0,0
33822412-26B2-4EAD-BDA7-422ECCB38778,2013,00,0,0,0,0,1,0,0,0,0,1,0,0,1,0,0,0,0,0,0,0,0,0,0,1,0
338BA78D-EF7B-4E6C-8085-2EFD4165285B,2013,62,0,0,0,0,0,1,0,0,0,1,0,0,0,1,0,0,0,0,0,0,0,0,0,1,0
3391E7BC-A746-4750-9F8F-D256B8F30327,2014,62,0,0,0,0,1,0,0,0,0,1,0,0,1,0,0,0,0,0,0,0,0,0,0,1,0
3392E644-0DCD-4523-876A-F4663614EB93,2013,00,0,1,0,0,0,0,0,0,1,0,0,0,0,0,0,1,0,0,0,0,0,0,0,1,0
3397E89F-30B6-48C9-A89C-7A306F006ED5,2013,62,0,0,0,1,0,0,0,0,1,0,0,0,0,0,1,0,0,0,0,0,0,1,0,0,0
26ea7100-fb1e-11e9-ac31-5797fdf8a397,2019,61,1,0,0,0,0,0,0,1,1,0,0,0,0,0,0,0,1,0,0,0,1,0,0,0,0
B88F561F-5448-49C7-92FC-3D182B6B7AFD,2016,62,0,0,0,0,0,1,0,0,0,1,0,0,0,1,0,0,0,0,0,0,0,0,0,1,0
3d80f3e0-0b5f-11e8-985b-1119ad21cbad,2016,00,1,1,0,0,0,0,0,0,1,0,0,0,0,0,0,0,1,0,0,0,0,0,0,1,0
379A09E4-DD72-446D-B219-D0221F992494,2023,61,1,1,0,0,0,0,0,0,1,0,0,0,0,0,0,0,1,0,0,0,0,0,0,1,1
c2cb2b30-3c14-11ec-963f-f964320be408,2021,61,1,0,0,0,0,0,0,0,1,0,0,0,0,0,0,0,1,0,0,0,0,1,0,0,0
33CACF8A-7DF3-41AF-98D2-5015CEA45D1A,2012,62,0,0,0,1,0,0,0,0,1,0,0,0,0,0,1,0,0,0,0,0,0,1,0,0,0
58D6103E-E2BC-44B9-AF30-8032344D3850,2023,61,1,1,0,0,0,0,0,0,1,0,0,0,0,0,0,0,1,0,0,0,0,0,0,1,1
9bc3fe50-9414-11e8-87f1-7302439b2762,2018,44,0,0,0,1,0,0,0,0,1,0,0,0,0,0,0,0,0,0,0,1,0,1,0,0,0
D370C5EA-FDA4-409E-91CE-01D8E0EF9BA7,2023,61,1,1,0,0,0,0,0,0,1,0,0,0,0,0,0,0,1,0,0,0,0,0,0,1,1
33F6A573-34A3-458C-83D9-F1978B589202,2013,52,0,1,0,0,0,0,0,0,1,0,0,0,0,0,0,0,0,0,1,0,1,0,0,0,0
33F98FAB-6D50-42D7-9B85-2CA264764FAD,2012,62,0,0,0,0,0,1,0,0,0,1,0,0,0,1,0,0,0,0,0,0,0,0,0,1,0
96940160-fb23-11e9-ac31-5797fdf8a397,2014,92,0,0,0,0,1,0,0,0,1,0,0,0,1,0,0,0,0,0,0,0,1,0,0,0,0
34017AC1-8429-4B69-802B-D86DEC5A0542,2013,51,0,1,1,0,0,0,0,0,1,0,0,0,0,0,0,1,0,1,0,0,0,0,0,1,0
34018629-55FE-47CB-9C04-6382DE84FCF3,2014,62,0,0,0,0,0,1,0,0,0,1,0,0,0,1,0,0,0,0,0,0,0,0,0,1,0
3408E758-56A9-4395-9EE1-3735E589E419,2014,00,0,0,0,0,0,1,0,0,0,1,0,0,0,1,0,0,0,0,0,0,0,1,0,0,0
3409F9D5-44C1-4CE1-A975-EE9090B91590,2012,48,0,1,0,0,0,0,0,0,1,0,0,0,0,0,0,1,0,0,0,0,0,1,0,0,0
42486D15-7933-4A8E-9CC1-035F88EA31BC,2015,51,0,0,1,0,0,0,0,0,1,0,0,0,0,0,0,0,0,1,0,0,0,0,0,1,0
D6FDCA7C-4AB7-4569-8D28-5B6CD438F09C,2015,42,0,0,0,0,0,1,0,0,0,1,0,0,0,1,0,0,0,0,0,0,0,1,0,0,0
341E1FB3-72A5-4F2C-9B65-77213DEFF69F,2012,54,0,0,0,0,1,0,0,0,0,1,0,0,1,0,0,0,0,0,0,0,0,0,0,1,0
c9302500-a921-11e7-a3c5-dbae2580635b,2017,62,0,0,0,0,1,0,0,0,0,0,1,0,0,0,0,0,0,0,0,1,0,0,0,1,0
54764420-e421-11e7-8742-2bc46bd10713,2016,92,0,0,0,0,0,1,0,0,0,0,1,0,0,1,0,0,0,0,0,0,0,0,0,1,0
343E62FE-8506-414C-8CA1-FD144CDB8208,2013,61,0,0,0,0,0,1,0,0,0,1,0,0,0,1,0,0,0,0,0,0,0,1,0,0,0
7c084431-fb45-4351-a5cf-c8a08c7d2350,2024,51,0,1,0,0,0,0,0,1,1,0,0,0,0,0,0,0,1,0,0,0,0,0,0,1,0
34467BDF-FF3A-4FF4-B26E-D8325FE56503,2012,62,0,0,0,1,0,1,0,0,1,1,0,0,0,0,1,0,0,0,0,0,0,1,0,0,0
344CB5A9-CE7D-4461-A2A7-5E08E52B443A,2013,56,0,1,0,0,0,0,0,0,1,0,0,0,0,0,0,1,0,0,0,0,0,0,0,1,0
32ad88d0-c359-11e9-9e37-df5a0636e02f,2019,61,0,0,0,0,0,1,0,0,0,1,0,0,0,1,0,0,0,0,0,0,0,0,0,1,0
d7062830-e424-11e7-8742-2bc46bd10713,2016,51,0,0,0,0,1,0,0,0,0,1,0,0,1,0,0,0,0,0,0,0,0,0,0,1,0
3460D6DC-5239-434A-BDE1-33BDF042063C,2012,00,0,0,0,0,1,0,0,0,0,1,0,0,1,0,0,0,0,0,0,0,0,0,0,1,0
9BF31C7F-F062-936A-96D3-C8BD1F8F2FF3,2025,51,0,1,0,0,0,0,0,0,1,0,0,0,0,0,0,1,0,0,0,0,0,0,0,1,0
9F5197B7-EBA5-4189-BAA7-F5C09128BD13,2023,61,1,1,0,0,0,0,0,0,1,0,0,0,0,0,0,0,1,0,0,0,0,0,0,1,1
FCE56683-E10C-496E-965F-B995C3FF89D9,2023,61,1,1,0,0,0,0,0,0,1,0,0,0,0,0,0,0,1,0,0,0,0,0,0,1,1
3485DAEB-FE72-488D-8745-8425FDD6238A,2012,62,0,0,0,1,0,0,0,0,1,0,0,0,0,0,1,0,0,0,0,0,0,1,0,0,0
5505711C-66A0-4D35-A6AB-4743032DD383,2023,61,1,1,0,0,0,0,0,0,1,0,0,0,0,0,0,0,1,0,0,0,0,0,0,1,1
349D5E9F-89F9-4009-A435-57F5B02905BF,2013,62,0,0,0,1,0,0,0,0,1,0,0,0,0,0,1,0,0,0,0,0,0,1,0,0,0
34A40251-90C8-4FFF-BCDB-C66DEE3AD2B1,2006,92,0,1,0,0,0,0,0,0,1,0,0,0,0,0,0,1,0,0,0,0,0,0,0,1,0
34A6EA82-223B-4ADC-8ACE-CF60F7D5B511,2011,92,0,0,0,0,0,1,0,0,0,1,0,0,0,1,0,0,0,0,0,0,0,0,0,1,0
A53AD003-44E2-4B10-90ED-DEACAED9CBE1,2015,61,0,0,1,0,0,0,0,0,1,0,0,0,0,0,0,0,0,1,0,0,0,0,0,1,0
34AD1419-31BD-4BA7-A37A-473AA663F532,2014,62,0,0,0,0,1,0,0,0,0,1,0,0,1,0,0,0,0,0,0,0,0,0,0,1,0
086FA743-D9EA-4048-9ECD-DF32C967FD3E,2023,00,1,1,0,0,0,0,0,0,1,0,0,0,0,0,0,0,1,0,0,0,0,0,0,1,1
34B43110-E96B-401F-B91A-E46C80D9DA96,2013,54,0,0,0,1,0,0,0,0,1,0,0,0,0,0,1,0,0,0,0,0,0,1,0,0,0
5FE5883D-9886-4DA1-8191-E7339447ABD6,2023,61,1,1,0,0,0,0,0,0,1,0,0,0,0,0,0,0,1,0,0,0,0,0,0,1,1
34C2B022-698F-4CEB-BD9B-7EDB2DE3439E,2014,62,0,0,0,1,0,0,0,0,0,0,1,0,0,0,1,0,0,0,0,0,0,0,0,1,0
34C6FBD7-43DA-4F3D-AB8B-3267570BD179,2014,92,0,0,0,0,0,1,0,0,0,1,0,0,0,1,0,0,0,0,0,0,0,0,0,1,0
34E0F39C-3F0C-434C-9D4A-3D3E5676D626,2014,00,0,0,0,1,0,0,0,0,1,0,0,0,0,0,0,0,0,0,0,1,0,1,0,0,0
311F12D6-C637-4AE5-8427-E113E62E3A22,2023,61,1,1,0,0,0,0,0,0,1,0,0,0,0,0,0,0,1,0,0,0,0,0,0,1,1
A79755F9-CBE3-4C96-9791-E1ADBB06E4CD,2016,44,0,0,0,1,0,0,0,0,1,0,0,0,0,0,0,0,0,0,0,1,0,1,0,0,0
5384A8D9-A960-4F00-B7F2-985BFE967D1F,2023,61,1,1,0,0,0,0,0,0,1,0,0,0,0,0,0,0,1,0,0,0,0,0,0,1,1
79482359-7320-4BC7-ABAC-CA2B8C223133,2023,61,1,1,0,0,0,0,0,0,1,0,0,0,0,0,0,0,1,0,0,0,0,0,0,1,1
04B3BB8C-CC73-45DA-8C86-94072414A3E9,2016,00,0,0,0,0,1,0,0,0,0,1,0,0,1,0,0,0,0,0,0,0,0,0,0,1,0
e68cd690-ce61-11e9-b4e5-4769cce343a0,2019,62,0,0,0,0,0,1,0,0,0,1,0,0,0,0,1,0,0,0,0,0,0,1,0,0,0
3516B42A-2159-4CF5-BC97-DBDA32DB1DD2,2015,00,0,0,0,0,1,0,0,0,0,1,0,0,1,0,0,0,0,0,0,0,0,0,0,1,0
352C5EC1-0508-41D5-AE58-AF053F38C47C,2012,00,0,0,0,0,0,1,0,0,0,1,0,0,0,1,0,0,0,0,0,0,0,0,0,1,0
3531DF45-78F5-4761-96F1-8260FAD87A7F,2013,92,0,0,0,0,0,1,0,0,0,1,0,0,0,1,0,0,0,0,0,0,0,0,0,1,0
b31719c0-3c18-11ec-963f-f964320be408,2021,61,0,0,0,0,0,1,0,0,0,1,0,0,0,1,0,0,0,0,0,0,0,0,0,1,0
35414DAA-B76E-4E59-AD9C-D2CE4E957194,2014,62,0,0,0,1,0,0,0,0,1,0,0,0,0,0,1,0,0,0,0,0,0,1,0,0,0
354150F4-050C-429D-827F-A365D4A01BB6,2013,92,0,0,0,0,1,0,0,0,0,1,0,0,1,0,0,0,0,0,0,0,0,0,0,1,0
354179A9-C59D-4752-8D94-E42CF1F3433B,2012,52,0,0,0,0,0,1,0,0,0,1,0,0,0,1,0,0,0,0,0,0,0,0,0,1,0
3541879F-5F4C-4FB3-B7C0-9B1DA793EBEB,2013,00,1,0,1,0,0,0,0,0,1,0,0,0,0,0,0,0,0,1,0,0,0,0,0,1,0
35429189-3B9E-4E96-B158-FE290907B437,2013,92,0,0,0,0,0,1,0,0,0,0,1,0,0,1,0,0,0,0,0,0,0,0,0,1,0
354A6BE6-50DA-48A9-AB27-D86851AB90AC,2013,92,0,0,0,1,0,0,0,0,1,0,0,0,0,0,1,0,0,0,0,0,0,0,0,1,0
354CE591-BBF4-4FD3-B19A-5FD379BA953E,2013,92,0,0,1,0,1,0,0,0,1,1,0,0,0,0,0,0,0,1,0,0,0,0,0,1,0
355ADFCD-F460-448A-8C72-7D2EB90DE66C,2014,62,0,0,0,1,0,0,0,0,1,0,0,0,0,0,1,0,0,0,0,0,0,0,0,1,0
82FEBEF8-9097-4C3B-A852-FEFB6B5EFF8C,2015,44,0,0,0,0,1,1,0,0,0,1,0,0,0,1,0,0,0,0,0,0,0,0,0,1,0
357161A6-5824-4188-A072-F1834773F42F,2014,62,0,0,0,0,1,0,0,0,0,1,0,0,1,0,0,0,0,0,0,0,0,0,0,1,0
DBDAE258-DEC8-4CC2-99BE-6F17C8033A98,2023,61,1,1,0,0,0,0,0,0,1,0,0,0,0,0,0,0,1,0,0,0,0,0,0,1,1
D373EC7E-3DCD-441F-AD02-B43225266961,2015,52,0,0,0,1,0,0,0,0,1,0,0,0,0,0,0,0,0,0,0,1,0,0,0,1,0
647D70D0-65D2-42DB-A553-E6B776DF768F,2016,45,0,1,0,0,0,0,0,0,1,0,0,0,0,0,0,1,0,0,0,0,0,0,0,1,0
5aa92760-d0a0-11e8-8d86-ff6837032f4a,2018,54,0,1,0,0,0,0,0,0,1,0,0,0,0,0,0,0,0,0,0,1,0,0,0,1,0
3586DFB7-A01F-4584-A88E-DFEFA83E6636,2013,92,0,0,0,0,0,1,0,0,0,1,0,0,0,1,0,0,0,0,0,0,0,0,0,1,0
13c75c636-69d5-4324-b9c8-038d29f9061d,2024,00,0,0,0,0,0,1,0,0,0,1,1,0,0,0,0,0,0,0,0,1,1,0,0,0,0
9E98F7AB-2787-46A0-ACEA-1C93A1C7D83F,2015,62,0,1,0,0,0,0,0,0,1,0,0,0,0,0,0,0,0,0,0,1,0,0,0,1,0
35ADB6D4-E3C8-4C15-ADFE-7F0A59BFC347,2014,33,0,0,0,1,0,0,0,0,1,0,0,0,0,0,1,0,0,0,0,0,0,1,0,0,0
497392D4-F56F-4588-8AF8-82940566A8D9,2023,61,1,1,0,0,0,0,0,0,1,0,0,0,0,0,0,0,1,0,0,0,0,0,0,1,1
C5F35943-590A-496D-B96E-7D589606A276,2023,61,1,1,0,0,0,0,0,0,1,0,0,0,0,0,0,0,1,0,0,0,0,0,0,1,1
35C188A4-39E8-440F-AF51-7D4E7E4D5784,2014,00,0,1,0,0,0,0,0,0,1,0,0,0,0,0,0,1,0,0,0,0,1,0,0,0,0
06EF40DF-B0ED-4335-ADB1-DC95A75AE0FC,2015,62,0,0,0,0,0,1,0,0,0,1,0,0,0,1,0,0,0,0,0,0,0,0,0,1,0
1c5e9650-b411-11f0-83f6-c95449796b4b,2025,52,0,1,0,0,0,0,0,0,1,0,0,0,0,0,0,0,0,0,0,1,0,0,0,1,0
35E2D8A6-975B-470F-9534-5C41CAC533FB,2012,05,0,1,0,0,0,0,0,0,1,0,0,0,0,0,0,1,0,0,0,0,0,0,0,1,0
35EB4A31-1161-4A9F-B2B2-69B513995247,2011,62,0,0,0,0,0,1,0,0,0,1,0,0,0,1,1,0,0,0,0,0,0,1,0,0,0
35EF8C66-6AA7-4A1C-8ACF-839125E45899,2014,92,0,0,0,0,0,1,0,0,0,1,0,0,0,0,0,0,0,0,0,1,0,0,0,1,0
01d78410-dfe9-11ef-8e7d-5bcd93832819,2024,00,1,1,0,0,0,0,0,0,1,0,0,0,0,0,0,0,1,0,0,0,0,0,0,1,0
35F0979F-4678-4AA2-BD49-B931E4D1BE6D,2013,81,0,1,0,0,0,0,0,0,1,0,0,0,0,0,0,0,0,0,1,0,1,0,0,0,0
d83457a0-85f9-11e8-ae9b-a1b647b0d464,2018,92,0,0,0,0,1,0,0,0,0,1,0,0,1,0,0,0,0,0,0,0,0,0,1,0,0
35F862D2-7056-4EDF-B9D6-A3C1EA189A1D,2010,62,0,0,0,0,0,1,0,0,0,1,0,0,0,1,0,0,0,0,0,0,0,0,0,1,0
3A1D7778-22E1-4F49-BE56-0CE2AFF26A74,2023,61,1,1,0,0,0,0,0,0,1,0,0,0,0,0,0,0,1,0,0,0,0,0,0,1,1
3609E986-4A78-4A45-B458-EC89AB288930,2013,51,0,0,0,0,0,1,0,0,1,0,0,0,0,1,0,0,0,0,0,0,0,0,0,1,0
3617DDBB-3279-41BF-83D3-9CCF558D8ABD,2014,44,0,0,0,1,0,0,0,0,1,0,0,0,0,0,0,0,0,0,0,1,0,1,0,0,0
36241C66-BE55-4CAA-8787-E8053E644F99,2013,62,0,0,0,1,0,0,0,0,1,0,0,0,0,0,1,0,0,0,0,0,0,1,0,0,0
ac399ed0-9c7a-11e7-8eb8-67f320c42447,2017,92,0,0,0,0,0,1,0,0,0,1,0,0,0,1,0,0,0,0,0,0,0,0,0,1,0
363807D2-D984-4811-8A5B-39631DEB8F74,2014,92,0,0,0,0,1,0,0,0,0,1,0,0,1,0,0,0,0,0,0,0,0,0,0,1,0
36397D15-D194-48AC-924B-247419F5FD0F,2014,92,0,0,0,0,1,0,0,0,0,1,0,0,1,0,0,0,0,0,0,0,0,0,0,1,0
36480D84-EAEE-4F00-8C28-722078C5BA37,2013,51,0,0,0,0,0,0,0,1,1,0,0,0,0,0,0,1,0,0,0,0,0,0,0,1,0
364979B4-95F2-4E76-B016-433EF6453292,2011,62,0,1,0,0,0,0,0,0,1,0,0,0,0,0,0,0,0,0,0,1,0,0,0,1,0
364FE118-0919-499A-B6F4-D81F876C53C2,2010,51,0,1,0,0,0,0,0,0,1,0,0,0,0,0,0,1,0,0,0,0,0,0,0,1,0
36530B96-3C66-433F-BD76-BACA4D7E3314,2012,62,0,0,0,1,0,0,0,0,1,0,0,0,0,0,1,0,0,0,0,0,0,1,0,0,0
36628749-6BBC-4628-9AB3-099E25D6FDEB,2011,81,0,0,0,0,0,1,0,0,0,0,1,0,0,0,1,0,0,0,0,0,0,1,0,0,0
3666CEDF-01CB-4879-88E3-B4CDFDFF247D,2013,92,0,0,0,0,1,0,0,0,0,0,1,0,1,0,0,0,0,0,0,0,0,0,0,1,0
3669FC5C-F8A0-4365-B67F-8C4BB000D22C,2010,92,0,0,0,0,0,1,0,0,0,1,0,0,0,1,0,0,0,0,0,0,0,0,1,0,0
72dc70f0-c8eb-11e9-918d-0fca885a1bcc,2018,62,0,1,0,0,0,0,0,0,1,0,0,0,0,0,0,0,0,0,0,1,0,1,0,0,0
2fbec5a0-0e56-11eb-ad9a-2114263f926d,2020,52,0,0,0,0,0,1,0,0,0,1,0,0,0,1,0,0,0,0,0,0,0,0,0,1,0
36773F70-51BD-4707-8268-BD9184957C92,2013,33,0,0,0,0,0,1,0,0,0,0,1,0,0,1,0,0,0,0,0,0,0,0,0,1,0
df942480-8e92-11ec-a600-657ec2694f8f,2020,52,1,1,0,0,0,0,0,0,1,0,0,0,0,0,0,0,1,0,0,0,0,0,0,1,0
5cdf0770-b115-11e8-ac9c-a56a5b5fabb0,2018,62,0,0,0,1,0,0,0,0,1,0,0,0,0,0,1,0,0,0,0,0,0,1,0,0,0
368D2094-D228-4ACD-B1A0-FF3727484FC7,2011,92,0,0,0,0,1,0,0,0,0,1,0,0,1,0,0,0,0,0,0,0,0,0,0,1,0
36902E10-A550-42D5-8AA1-2FEA1AF97705,2013,51,0,1,0,0,0,0,0,0,1,0,0,0,0,0,0,0,1,0,0,0,0,0,0,1,0
302E60A7-6307-40A1-849E-C5FEA03B5C98,2013,61,0,0,0,0,1,0,0,0,0,1,0,0,1,0,0,0,0,0,0,0,0,0,0,1,0
884fe020-2127-11ec-82c4-4d3486f21395,2019,54,0,1,0,0,0,0,0,0,1,0,0,0,0,0,0,0,1,0,0,0,0,0,0,1,0
369A5067-2EA0-42CE-9AFC-E8AC92A51424,2010,92,0,0,0,0,0,1,0,0,0,1,0,0,0,1,0,0,0,0,0,0,0,0,1,0,0
C72F6A57-47A2-4C01-972F-0BC9F31D96DE,2016,06,0,0,0,0,0,1,0,0,0,1,0,0,0,1,0,0,0,0,0,0,0,0,0,1,0
369F0CFA-E110-4CEC-AD4C-7925B911AB7F,2013,00,0,0,0,0,0,0,0,1,0,0,0,1,0,0,0,0,0,0,0,1,0,1,0,0,0
3AD829BD-2DA3-4F53-AF2A-EAD53F7F3E85,2023,61,1,1,0,0,0,0,0,0,1,0,0,0,0,0,0,0,1,0,0,0,0,0,0,1,1
36A14CF9-22EB-493B-984C-E764AE705239,2012,00,0,0,0,0,0,1,0,0,0,1,0,0,0,1,0,0,0,0,0,0,0,0,0,1,0
36A66E7C-F3C6-4033-901E-9AB43BD5893C,2012,92,0,0,0,0,0,1,0,0,0,0,1,0,0,1,0,0,0,0,0,0,0,0,0,1,0
480D8474-BC64-493B-9A4C-891FB5E77114,2008,42,0,0,0,0,1,0,0,0,0,1,0,0,1,0,0,0,0,0,0,0,0,0,0,1,0
9a41f790-aa20-11e8-9604-77188de09ef1,2015,00,0,0,0,0,0,1,0,0,0,1,0,0,0,1,0,0,0,0,0,0,0,0,0,1,0
a5c3a3c0-111c-11ea-bd5f-71a8176be0a0,2019,56,0,0,0,0,0,1,0,0,0,1,0,0,0,1,0,0,0,0,0,0,0,0,0,1,0
77804fd0-c4b2-11e7-bbb6-9b7618286d6b,2017,52,0,0,0,1,0,0,0,0,1,0,0,0,0,0,0,0,0,0,0,1,0,0,0,1,0
36DE5823-44C3-40D0-90ED-A397E7137A4D,2013,92,0,0,0,0,1,0,0,0,0,1,0,0,1,0,0,0,0,0,0,0,0,0,0,1,0
00F0ED39-CC0E-4D0C-BABA-73E80326661D,2023,42,1,1,0,0,0,0,0,0,1,0,0,0,0,0,0,0,1,0,0,0,0,0,0,1,1
36E102F9-F81F-4E3E-AE97-FBA986ABEBD1,2011,62,0,0,0,1,0,0,0,0,1,0,0,0,0,0,1,0,0,0,0,0,0,1,0,0,0
9035270F-DDFB-4763-A3AC-67F56190346B,2016,52,0,0,0,1,0,0,0,0,1,0,0,0,0,0,1,0,0,0,0,0,0,1,0,0,0
30402498-574C-47C5-AD27-A0BB6194F412,2023,61,1,1,0,0,0,0,0,0,1,0,0,0,0,0,0,0,1,0,0,0,0,0,0,1,1
42f07490-c497-11e7-9a8b-47d1b690bc01,2013,00,0,0,0,0,1,0,0,0,0,1,0,0,1,0,0,0,0,0,0,0,0,0,0,1,0
3701372E-48D4-447C-9BBE-87E50EA072B5,2014,00,0,0,0,0,0,1,0,0,0,1,0,0,0,1,0,0,0,0,0,0,0,0,0,1,0
370160F6-3DC7-4F39-B5AA-998A185D3E57,2013,51,0,1,0,0,0,0,0,0,1,0,0,0,0,0,0,1,0,0,0,0,0,0,0,1,0
76FB7802-8A13-4546-9A02-16A0D127FBD0,2023,62,1,1,0,0,0,0,0,0,1,0,0,0,0,0,0,0,1,0,0,0,0,0,0,1,1
06C5F7C4-E4E9-4EE9-A60A-56EBF08B2AAA,2023,61,1,1,0,0,0,0,0,0,1,0,0,0,0,0,0,0,1,0,0,0,0,0,0,1,1
62ab1030-6bda-11e7-97f1-7f40b0b1fd66,2017,04,0,0,0,0,0,1,0,0,0,1,0,0,0,1,0,0,0,0,0,0,0,0,0,1,0
2D163EDB-B225-4660-B77B-38C82A72AD22,2023,61,1,1,0,0,0,0,0,0,1,0,0,0,0,0,0,0,1,0,0,0,0,0,0,1,1
371113FF-AE00-4232-A3BF-5CE2548693F9,2013,51,0,1,0,0,0,0,0,0,1,0,0,0,0,0,0,0,0,0,0,1,0,1,0,0,0
3712FF1C-96EA-44E6-8970-8C64EC294076,2008,00,0,0,0,0,0,1,0,0,0,1,0,0,0,1,0,0,0,0,0,0,0,0,0,1,0
3717167C-09C4-4AE4-87CF-AA97104B5CAF,2010,51,1,1,1,0,0,0,0,0,1,0,0,0,0,0,0,0,0,1,0,0,0,0,0,1,0
9E19F5F6-A976-40FA-947C-2703BFB4C810,2016,52,0,0,0,0,0,1,0,0,0,1,0,0,0,1,0,0,0,0,0,0,0,0,0,1,0
3735D426-3CAA-4160-B850-50FF72A81F20,2014,62,0,0,0,0,0,1,0,0,0,1,0,0,0,1,0,0,0,0,0,0,0,0,0,1,0
373A43F4-E656-48F5-BF18-DAC041BECFFC,2014,56,0,1,0,0,0,0,0,0,1,0,0,0,0,0,0,0,0,0,0,1,0,0,0,1,0
3741ECED-644C-4F42-AB6A-339D0D80E89B,2013,62,0,0,0,0,0,1,0,0,0,1,0,0,0,0,1,0,0,0,0,0,0,1,0,0,0
37509C2A-6998-4C25-9AC7-4858EE0DC463,2014,62,0,0,0,1,0,0,0,0,1,0,0,0,0,0,1,0,0,0,0,0,0,1,0,0,0
75548074-78CE-45D5-8DA3-E1156CE4B499,2023,00,1,1,0,0,0,0,0,0,1,0,0,0,0,0,0,0,1,0,0,0,0,0,0,1,1
33ed20b0-89af-11e7-bf1d-81579668407a,2016,61,0,1,0,0,0,0,0,0,1,0,0,0,0,0,0,0,1,0,0,0,0,1,0,0,0
37611589-D64A-4F2A-9C14-20648E6C9D13,2013,45,0,1,0,0,0,0,0,0,1,0,0,0,0,0,0,1,0,0,0,0,0,0,0,1,0
3765208E-AB0D-49C0-9D7F-C9CA055C9036,2015,52,0,0,0,0,1,0,0,0,0,1,0,0,1,0,0,0,0,0,0,0,0,0,0,1,0
376F9AAD-7EA1-4B15-8BDC-EE457BFCF152,2013,51,0,1,0,0,0,0,0,0,1,0,0,0,0,0,0,0,0,0,1,0,1,0,0,0,0
377B27C8-FC74-47A0-9BA0-919CBC1A5C8D,2013,52,0,0,0,1,0,0,0,0,1,0,0,0,0,0,0,0,0,0,0,1,0,0,0,1,0
39CFDA8E-085C-4261-956F-FBD79E9B6CD3,2023,61,1,1,0,0,0,0,0,0,1,0,0,0,0,0,0,0,1,0,0,0,0,0,0,1,1
378728A4-11EE-4779-ACC6-ED0E2506B8F0,2013,51,0,0,0,0,0,1,0,0,0,1,0,0,0,1,0,0,0,0,0,0,0,0,0,1,0
378B9B7B-8871-4607-8BB0-C6523BF2D1C1,2011,92,0,0,0,1,0,0,0,0,1,0,0,0,0,0,1,0,0,0,0,0,0,0,0,1,0
50DE151B-4D14-463E-AD07-D73E7AB47415,2023,61,1,1,0,0,0,0,0,0,1,0,0,0,0,0,0,0,1,0,0,0,0,0,0,1,1
0e555c80-721f-11eb-a74a-79ed152e0098,2020,07,0,0,0,0,0,1,0,0,0,1,0,0,0,1,0,0,0,0,0,0,0,0,0,1,0
3798D0C8-0E8D-4A81-BECC-14580856C6D9,2012,92,0,0,0,0,0,1,0,0,0,1,0,0,0,1,0,0,0,0,0,0,0,0,0,1,0
3798E3AA-A372-48F9-AE1E-98B08DCF056C,2013,62,0,0,0,0,0,0,0,1,0,0,0,1,0,0,0,0,0,0,0,1,0,1,0,0,0
ad8c56b0-2291-11eb-940b-ff2256f17cee,2018,00,0,0,0,0,1,0,0,0,0,1,0,0,1,0,0,0,0,0,0,0,0,0,0,1,0
37B47D8F-DBD2-489D-B159-7C9C3A960E7B,2014,00,0,1,0,0,0,0,0,0,1,0,0,0,0,0,0,1,0,0,0,0,1,0,0,0,0
37BB4D4A-FE99-418A-9D6D-EFAEF716DC1E,2013,62,0,0,0,1,0,0,0,0,1,0,0,0,0,0,1,0,0,0,0,0,0,1,0,0,0
37BDFE6D-170C-4471-87EE-C4E477C39298,2012,52,0,0,0,0,1,0,0,0,0,1,0,0,1,0,0,0,0,0,0,0,0,0,0,1,0
37BE6BE1-C1AF-4955-B868-6CEA1E51B8F4,2015,00,0,1,0,0,0,0,0,0,1,0,0,0,0,0,0,0,0,0,0,1,0,0,0,1,0
cb5f7460-89a1-11e7-bf1d-81579668407a,2016,00,1,0,1,0,0,0,0,0,1,0,0,0,0,0,0,0,1,1,0,0,1,0,0,0,0
37CC8B28-EE54-43EB-BFAA-4D7C6CDAE6F9,2013,00,0,1,0,0,0,0,0,0,1,0,0,0,0,0,0,1,0,0,0,0,1,0,0,0,0
37D3AEC1-C876-401B-861E-72596D265626,2011,00,0,0,0,0,1,0,0,0,0,1,0,0,1,0,0,0,0,0,0,0,0,0,0,1,0
37D97D72-87C6-47CD-B697-CA051E00022B,2013,61,0,1,0,0,0,0,0,0,1,0,0,0,0,0,0,0,0,0,0,1,0,0,0,1,0
37DE7C25-598B-4DD4-9AF1-D3980BC5BD8D,2013,62,0,0,0,0,0,1,0,0,0,1,0,0,0,1,0,0,0,0,0,0,0,0,0,1,0
37E3CDE5-161F-4902-824E-E4C5D6293B79,2013,62,0,0,0,0,1,0,0,0,0,1,0,0,1,0,0,0,0,0,0,0,0,0,0,1,0
9DAC72A3-3820-4FA7-A171-A4120E13CCC9,2015,81,0,1,0,0,0,0,0,0,1,0,0,0,0,0,0,1,0,0,0,0,0,0,0,1,0
37ECDB58-2231-498D-BB8C-4CC314B36A10,2009,32,1,1,1,0,0,0,0,0,1,0,0,0,0,0,0,0,0,1,0,0,0,0,0,1,0
37F7577A-66DC-4398-BE96-6C387F6F5431,2014,52,0,0,0,1,0,0,0,0,1,0,0,0,0,0,0,0,0,0,0,1,0,1,0,0,0
A66038DE-39C0-4F07-97F8-4F948CA7B6E7,2023,61,1,1,0,0,0,0,0,0,1,0,0,0,0,0,0,0,1,0,0,0,0,0,0,1,1
3d7324f0-d56c-11e7-bfad-07ede9e0bc7c,2017,06,0,1,0,0,0,0,0,0,1,0,0,0,0,0,0,0,0,0,0,1,0,0,0,1,0
3815F0DE-0635-4FF1-A04C-DAF7F3824888,2012,54,0,0,0,0,0,1,0,0,0,1,0,0,0,1,0,0,0,0,0,0,0,0,1,0,0
d5e22000-c9fc-11eb-8af5-ed6b4a3c0fb5,2016,00,1,0,0,0,0,0,0,0,1,0,0,0,0,0,0,0,1,0,0,0,0,0,1,0,0
825001C1-DC4D-4A3C-813B-7BB0F9332909,2016,92,0,0,0,0,0,1,0,0,0,1,0,0,0,0,1,0,0,0,0,0,0,1,0,0,0
38269AFD-8CEF-4109-92CE-8ABCF8C60E5C,2013,00,0,0,0,0,0,1,0,0,0,1,0,0,0,1,0,0,0,0,0,0,0,1,0,0,0
382E858F-6B90-47CA-9ACB-36762DB41EAB,2011,62,0,0,0,1,0,0,0,0,1,0,0,0,0,0,1,0,0,0,0,0,0,1,0,0,0
3b417340-b471-11e9-a8df-bd69f47bcb14,2019,48,0,0,0,0,0,1,0,0,0,1,0,0,0,1,0,0,0,0,0,0,0,0,0,1,0
383C2ED2-E985-400A-9D3B-D1409482906A,2013,52,0,0,0,1,0,0,0,0,1,0,0,0,0,0,1,0,0,0,0,0,0,1,0,0,0
dc1be460-1d40-11eb-866e-51f25f42af12,2020,92,0,0,0,0,0,1,0,0,0,1,0,0,0,1,0,0,0,0,0,0,0,0,0,1,0
909CD2CC-A501-4C30-901D-3D56DA0ABE54,2015,62,0,0,0,0,1,0,0,0,0,1,0,0,1,0,0,0,0,0,0,0,0,0,0,1,0
38589F42-536C-4855-954F-21BC63FA61D8,2011,92,0,0,0,0,0,1,0,0,0,1,0,0,0,1,0,0,0,0,0,0,0,0,0,1,0
385FAC6E-F9A8-47EC-8A5E-35BF780B37B2,2012,92,0,1,0,0,0,0,0,0,1,0,0,0,0,0,0,1,0,0,1,0,1,0,0,0,0
960C7E3D-C028-4A6A-9478-631E518AB0E2,2015,52,0,0,0,0,0,1,0,0,1,1,0,0,0,1,0,0,0,0,0,0,0,0,0,1,0
3862DD36-B118-4946-821E-17AF12130E61,2011,54,0,0,1,0,0,0,0,0,1,0,0,0,0,0,0,0,0,1,0,0,0,1,0,0,0
38659A9C-4FFC-4251-960C-C6731F5994CB,2013,92,0,0,0,0,0,1,0,0,0,1,0,0,0,1,0,0,0,0,0,0,0,0,0,1,0
cedd5110-0a68-11ec-9d35-0d797e3f6b54,2017,61,0,1,1,0,0,0,0,0,1,0,0,0,0,0,0,1,0,1,0,0,0,0,0,1,0
3876E334-B5CE-4D5F-B541-AF6D73938BF8,2011,52,0,0,0,0,0,1,0,0,0,0,1,0,0,0,1,0,0,0,0,0,0,1,0,0,0
CA0C6741-29CB-429D-8222-763A8476C3AF,2023,61,1,1,0,0,0,0,0,0,1,0,0,0,0,0,0,0,1,0,0,0,0,0,0,1,1
387D3F7D-6F08-40C3-94A5-FE98AFF80125,2010,62,0,0,0,1,0,0,0,0,1,0,0,0,0,0,1,0,0,0,0,0,0,1,0,0,0
3880FA79-F82B-442C-8396-A9C037528E30,2008,72,1,1,0,0,0,0,0,0,1,0,0,0,0,0,0,0,1,0,0,0,0,0,0,1,0
dd70efd0-8e65-11ec-a600-657ec2694f8f,2015,92,1,1,0,0,0,0,0,0,1,0,0,0,0,0,0,1,1,0,0,0,0,0,0,1,0
38920CBA-4ED0-48C5-95C9-47EEA5C6C508,2011,62,0,0,0,0,0,0,0,1,0,0,0,1,0,0,0,0,0,0,0,1,0,1,0,0,0
389A4B04-4BD4-4810-AECA-902541C866A1,2010,92,0,0,0,0,1,0,0,0,0,1,0,0,1,0,0,0,0,0,0,0,0,0,0,1,0
bda8ee20-f6c0-11ea-b6fa-6deaa5aa80b0,2015,52,0,0,0,0,0,1,0,0,0,1,0,0,0,1,0,0,0,0,0,0,0,0,0,1,0
38AE7484-EF7F-41F3-822A-43F7E8FCBFD7,2013,52,1,1,0,0,0,0,0,0,1,0,0,0,0,0,0,0,1,0,0,0,0,1,0,0,0
38C0477B-17FC-48D9-8BA8-4A8E75DF6DD9,2013,52,0,0,0,0,0,0,0,1,0,0,0,1,0,0,0,0,0,0,0,1,0,1,0,0,0
38C4401B-7EB2-4881-A495-720AEED0AB8D,2014,62,0,0,0,0,0,1,0,0,0,0,1,0,0,1,0,0,0,0,0,0,0,0,0,1,0
38C620DF-B8FE-4554-8AB4-D10E35B42510,2012,00,0,1,0,0,0,0,0,0,1,0,0,0,0,0,0,0,0,0,0,1,0,0,0,1,0
ad35e030-b69d-11e8-b56a-011002460f8b,2018,92,0,0,0,0,1,0,0,0,0,1,0,0,1,0,0,0,0,0,0,0,0,0,0,1,0
56111900-0ade-11ea-9821-617d71ee6253,2019,56,0,1,0,0,0,0,0,0,1,0,0,0,0,0,0,1,0,0,0,0,0,0,0,1,0
38D31619-7B10-4BDF-88A9-EBB800981CAF,2013,54,1,1,0,0,0,0,0,0,1,0,0,0,0,0,0,0,1,0,0,0,0,0,0,1,0
38D440C8-5802-4880-BAA2-612B50D70B3F,2014,81,1,0,1,0,0,0,0,0,1,0,0,0,0,0,0,0,1,0,0,0,1,0,0,0,0
38D6BFDD-F0CD-4578-B4CC-18679E375BE8,2014,92,0,0,0,0,1,0,0,0,0,1,0,0,1,0,0,0,0,0,0,0,0,0,0,1,0
9c1ec370-33c0-11e9-8d6c-aba1b2985f04,2018,00,0,0,0,0,0,1,0,0,0,1,0,0,0,1,0,0,0,0,0,0,0,0,0,1,0
451E6D07-4DCF-43AB-A953-F8DC8880A6F2,2023,61,1,1,0,0,0,0,0,0,1,0,0,0,0,0,0,0,1,0,0,0,0,0,0,1,1
8a385f90-22d9-11eb-b221-a300329fb9cf,2019,00,0,0,0,0,0,0,0,1,1,0,0,0,0,0,0,1,0,0,0,0,0,0,0,1,0
38E9F420-616F-40DA-B956-29F0F437EBB7,2010,92,0,0,0,0,1,0,0,0,0,1,0,0,1,0,0,0,0,0,0,0,0,0,0,1,0
38F0DE7D-3D7A-4040-A380-F8906ECF6E7B,2013,61,0,0,0,0,0,1,0,1,1,1,0,0,0,1,0,0,0,0,0,0,0,0,0,1,0
3d06c400-d56b-11e7-bfad-07ede9e0bc7c,2014,62,0,0,0,0,1,0,0,0,0,1,0,0,1,0,0,0,0,0,0,0,0,0,0,1,0
CA5B3125-D7BF-4C83-80C9-13CA803A8534,2016,62,0,0,0,0,0,1,0,0,0,1,0,0,0,1,0,0,0,0,0,0,0,0,0,1,0
391ECA99-5DC5-4C59-AAF3-92B29A419747,2013,61,0,1,0,0,0,0,0,0,1,0,0,0,0,0,0,1,0,0,0,0,0,0,0,1,0
3925AABD-65AE-41E6-8078-BAB496D1205F,2012,62,0,0,0,0,0,1,0,0,0,1,0,0,0,1,0,0,0,0,0,0,0,1,0,0,0
096051DB-BFB7-4CC1-81CD-C4C59A0D7082,2023,61,1,1,0,0,0,0,0,0,1,0,0,0,0,0,0,0,1,0,0,0,0,0,0,1,1
3D36519D-5CA6-4039-A0ED-3611C8CAE5F0,2023,61,1,1,0,0,0,0,0,0,1,0,0,0,0,0,0,0,1,0,0,0,0,0,0,1,1
392C4E36-CC56-4753-A0F1-975A04336063,2013,92,0,0,0,0,0,1,0,0,0,1,0,0,0,0,1,0,0,0,0,0,0,0,0,1,0
392E7C46-6993-45D8-9EFF-30E034B3BA6C,2010,62,0,0,0,1,0,0,0,0,1,0,0,0,0,0,1,0,0,0,0,0,0,1,0,0,0
392F3FFB-06FE-4AEC-9BB2-250B52A7F238,2012,00,0,1,0,0,0,0,0,0,1,0,0,0,0,0,0,1,0,0,0,0,0,0,0,1,0
3931932C-D35E-460C-B3E6-EA1EDC660E18,2011,92,0,0,0,0,1,0,0,0,0,1,0,0,1,0,0,0,0,0,0,0,0,0,0,1,0
3937C635-5C22-47DB-9357-CD7086D03635,2014,61,0,0,0,0,0,1,0,0,0,1,0,0,0,1,0,0,0,0,0,0,0,0,0,1,0
39431F73-F3B5-4B8C-853F-0F14FF825FC4,2013,62,0,0,0,1,0,0,0,0,1,0,0,0,0,0,1,0,0,0,0,0,0,1,0,0,0
394D68D6-F30D-4B30-8BB8-39DB78674F2A,2013,51,0,1,0,0,0,0,0,0,1,0,0,0,0,0,0,1,0,0,0,0,1,0,0,0,0
39678742-A4B5-477A-B828-6BB8DADCB1D4,2014,00,0,1,1,0,0,0,0,0,1,0,0,0,0,0,0,0,0,1,0,0,0,0,0,1,0
19c4a8c0-8ac1-11e8-aafc-8b374e4aa1f3,2018,52,0,1,0,0,0,0,0,0,1,0,0,0,0,0,0,0,1,0,0,0,0,0,0,1,0
9ED1483C-1FFD-41F8-BFFB-4506BDEFC5D3,2023,61,1,1,0,0,0,0,0,0,1,0,0,0,0,0,0,0,1,0,0,0,0,0,0,1,1
39767ACD-8B46-4984-A59D-8EA4A4011A3D,2015,92,0,0,0,0,1,0,0,0,0,1,0,0,1,0,0,0,0,0,0,0,0,0,0,1,0
d5a6a210-e0b3-11ef-bb83-fdfe95aef2b7,2024,92,0,1,0,0,0,0,0,0,1,0,0,0,0,0,0,0,0,0,0,1,0,0,0,1,0
6f26b770-d9ad-11eb-96ea-fd8a03dbb673,2017,52,0,0,0,1,0,0,0,0,1,0,0,0,0,0,0,0,0,0,0,1,0,0,0,1,0
F5B492C1-F830-4889-83CD-715E244B13D6,2016,44,0,0,0,0,0,1,0,0,0,1,0,0,0,1,0,0,0,0,0,0,0,0,0,1,0
398E1C4C-475F-4341-B29E-6A208F65B65A,2010,92,0,0,0,0,1,0,0,0,0,1,0,0,1,0,0,0,0,0,0,0,0,0,0,1,0
10A5686C-2E8D-457D-914C-D970773BE0AE,2023,61,1,1,0,0,0,0,0,0,1,0,0,0,0,0,0,0,1,0,0,0,0,0,0,1,1
39941F5D-5D44-4B08-8136-3724EBCC0037,2010,62,0,1,0,0,0,0,0,0,1,0,0,0,0,0,0,0,1,0,0,0,0,0,0,1,0
39960CF8-C4E3-4064-B144-E4220302FE49,2014,33,0,1,0,0,0,0,0,0,1,0,0,0,0,0,0,1,0,0,0,0,1,0,0,0,0
48C4571D-CDB7-43E9-83AC-0F061CE2890C,2014,00,0,0,0,1,1,0,0,0,0,1,0,0,1,0,1,0,0,0,0,0,0,0,0,1,0
399D2176-4FB2-4F50-9624-BBBC13667CA6,2013,62,0,0,0,0,0,1,0,0,0,1,0,0,0,1,1,0,0,0,0,0,0,1,0,0,0
39A35855-8A9F-498B-861F-D993830D22D8,2013,52,0,0,0,0,0,1,0,0,0,1,0,0,0,1,0,0,0,0,0,0,0,0,0,1,0
39A45826-1DA7-4945-A121-5F464C437EF6,2013,51,0,0,0,0,0,1,0,0,0,0,0,1,0,1,0,0,0,0,0,0,1,0,0,0,0
EBEFC125-CA51-4545-94D4-8E74A5FB5FE6,2023,61,1,1,0,0,0,0,0,0,1,0,0,0,0,0,0,0,1,0,0,0,0,0,0,1,1
39AA9D75-29AF-4331-8847-A1F4C8701D42,2010,92,0,0,0,0,0,1,0,0,0,1,0,0,0,1,0,0,0,0,0,0,0,0,1,0,0
EFF07582-93AE-44DC-A297-A4D05CD0FCDD,2023,61,1,1,0,0,0,0,0,0,1,0,0,0,0,0,0,0,1,0,0,0,0,0,0,1,1
f1453680-d3e4-11e9-ab55-b7fffb94511d,2018,72,0,0,1,0,0,0,0,0,1,0,0,0,0,0,0,0,0,1,0,0,1,0,0,0,0
38c01350-72f7-11e7-a859-bd14321ac1c3,2017,00,0,0,0,0,1,0,0,0,1,0,0,0,1,0,0,0,0,0,0,0,1,0,0,0,0
39B1E220-D1E2-4577-B75F-BCAB0961C147,2010,92,0,0,0,0,0,1,0,0,0,1,0,0,0,1,0,0,0,0,0,0,0,0,1,0,0
E424B46F-51F8-4561-AA10-0BB975183DC5,2023,61,1,1,0,0,0,0,0,0,1,0,0,0,0,0,0,0,1,0,0,0,0,0,0,1,1
39B741BF-F235-4DA3-963C-77C3F8BCC1BA,2009,92,0,0,0,0,0,1,0,0,0,1,0,0,0,1,0,0,0,0,0,0,0,0,0,1,0
D4E8D337-A5AA-4C14-B907-C8FCA288BDAD,2023,61,1,1,0,0,0,0,0,0,1,0,0,0,0,0,0,0,1,0,0,0,0,0,0,1,1
72921A0F-9AA3-43F3-993D-84F1A89FAA7C,2023,61,1,1,0,0,0,0,0,0,1,0,0,0,0,0,0,0,1,0,0,0,0,0,0,1,1
446475C9-B440-4B29-86B9-87F188A3B934,2016,00,0,0,0,0,0,1,0,0,0,1,0,0,0,1,0,0,0,0,0,0,0,0,0,1,0
39C5E4B8-5A00-4F00-A89C-C246C60A1E4B,2012,92,0,0,0,0,1,0,0,0,0,1,0,0,1,0,0,0,0,0,0,0,0,0,0,1,0
aca94ed0-8116-11e7-9cfb-2f8f443557c3,2017,00,0,1,0,0,0,0,0,0,1,0,0,0,0,0,0,0,0,0,1,0,1,0,0,0,0
7623f660-243f-11eb-af35-ed9bb3f10d5f,2020,92,0,0,0,0,1,0,0,0,0,1,0,0,1,0,0,0,0,0,0,0,0,0,0,1,0
39CF36D5-7DCC-4823-BA14-33D584BE742B,2013,92,0,0,0,0,0,1,0,0,0,1,0,0,0,0,1,0,0,0,0,0,0,1,0,0,0
39D6AB90-81BC-42FF-82D9-10CDA2453F6E,2013,62,0,0,0,1,0,0,0,0,0,1,0,0,0,0,0,0,0,0,0,1,0,0,0,1,0
39DD8553-32FE-4124-84A7-57E762F227F3,2010,62,0,0,0,1,0,0,0,0,1,0,0,0,0,0,1,0,0,0,0,0,0,1,0,0,0
39DEE424-3638-45D0-A004-1A760B7AB439,2012,62,0,0,0,1,0,0,0,0,1,0,0,0,0,0,1,0,0,0,0,0,0,1,0,0,0
754bcb00-1488-11e9-9b0e-db2459a65ffe,2014,62,0,0,0,1,0,0,0,0,0,1,0,0,0,0,1,0,0,0,0,0,0,1,0,0,0
39F3B0C6-BEFC-4CB7-A94B-479DE5FDE444,2012,48,0,0,0,0,0,0,0,1,0,0,0,1,0,0,0,0,0,0,0,1,0,1,0,0,0
c6302210-02db-11ed-8b5b-6134b3849169,2021,54,1,1,0,0,0,0,0,0,1,0,0,0,0,0,0,0,1,0,0,0,0,0,0,1,0
C067A63E-6EC8-4104-A8E5-ECAF61CC172C,2023,61,1,1,0,0,0,0,0,0,1,0,0,0,0,0,0,0,1,0,0,0,0,0,0,1,1
3A096618-CA8A-4E81-9EA0-A36FFA1BE8A9,2013,61,0,0,0,0,1,0,0,0,0,1,0,0,1,0,0,0,0,0,0,0,0,1,0,0,0
3A0BA2E7-AC69-4C69-8845-C0D4C4C3BDD1,2014,09,0,1,0,0,0,0,0,0,1,0,0,0,0,0,0,0,0,0,1,0,1,0,0,0,0
3E2C2FAE-BE4C-4ADB-9843-EF1ABCCED1D2,2016,92,0,0,0,0,1,1,0,0,0,1,0,0,0,1,0,0,0,0,0,0,0,0,0,1,0
C0902A32-1807-4970-A3BD-561BD3B77A11,2015,52,0,0,0,0,0,1,0,0,0,0,1,0,0,1,0,0,0,0,0,0,0,0,0,1,0
4CDC6DB4-C336-4055-BD98-C5EE7D66B222,2023,61,1,1,0,0,0,0,0,0,1,0,0,0,0,0,0,0,1,0,0,0,0,0,0,1,1
9525f0f0-1c29-11ea-a0aa-479da677bbbc,2019,62,0,1,0,0,0,0,0,0,1,0,0,0,0,0,0,1,0,0,0,0,0,1,0,0,0
141570a0-c5a3-11e7-8053-ff1e84d2b694,2017,92,0,0,0,0,0,1,0,0,0,1,0,0,0,1,0,0,0,0,0,0,0,1,0,0,0
35e9efe0-237d-11eb-a2fc-cdee479fbead,2019,61,0,1,0,0,0,0,0,1,1,0,0,0,0,0,0,0,0,0,0,1,0,0,0,1,0
3A403748-E7D8-4321-98F8-64C8936DDBEE,2013,92,0,1,0,0,0,0,0,0,1,0,0,0,0,0,0,0,1,0,0,0,0,0,0,1,0
3A417236-25F9-4EB4-9791-B7D1BDF9A0E8,2013,54,0,0,0,0,0,1,0,0,0,1,0,0,0,1,0,0,0,0,0,0,0,0,0,1,0
04ace9c0-0fde-11ec-8c66-bd734728b5ba,2020,33,0,0,1,0,0,0,0,0,1,0,0,0,0,0,0,0,0,1,0,0,1,0,0,0,0
9C2C2351-AC07-4EFD-9964-2EB451C8654D,2015,54,1,0,0,0,0,1,0,0,1,0,0,0,0,0,0,0,1,0,0,0,1,0,0,0,0
a94b55f0-c331-11e7-8a32-4d861156a278,2017,43,1,0,0,0,0,0,0,0,1,0,0,0,0,0,0,0,1,0,0,0,0,1,0,0,0
3A4B05DA-2E21-449F-BA5B-21D883BAD4DD,2014,00,0,1,0,0,0,0,0,0,1,0,0,0,0,0,0,0,1,0,0,0,0,1,0,0,0
3A59251A-12FA-4E8A-AD7D-CE3D7E102523,2014,62,0,0,0,1,0,0,0,0,1,0,0,0,0,0,1,0,0,0,0,0,0,1,0,0,0
3A5EE892-E42F-4870-833B-86E8EE2CF8C2,2012,92,0,1,0,0,0,0,0,0,1,0,0,0,0,0,0,1,0,0,0,0,0,0,0,1,0
63fb5cc0-eab4-11e7-92b6-dfe49f9d7042,2017,62,0,0,0,0,0,1,0,0,0,1,0,0,0,1,0,0,0,0,0,0,0,0,0,1,0
3A6A8CDF-66A9-4E51-ADB3-5C4E7A42BB9A,2009,45,0,1,0,0,0,0,0,0,1,0,0,0,0,0,0,1,0,0,0,0,0,0,0,1,0
3A6BEE54-ADF8-4925-BA98-D6D8E3BA13D8,2011,92,0,0,0,0,0,1,0,0,0,1,0,0,0,1,0,0,0,0,0,0,0,0,0,1,0
3A71E9DA-70EB-42C4-9F3E-2A4EB116989A,2008,44,0,0,0,0,1,0,0,0,0,1,0,0,1,0,0,0,0,0,0,0,0,0,0,1,0
3A734C48-9214-45D5-9F8A-6B6456672CB8,2012,92,0,0,0,1,0,0,0,0,1,0,0,0,0,0,1,0,0,0,0,0,0,1,0,0,0
3A742F30-39E2-4CCF-86FD-29015A6D71AA,2011,62,0,0,0,1,0,0,0,0,1,0,0,0,0,0,1,0,0,0,0,0,0,1,0,0,0
ff657cc0-ec41-11e7-b683-c1703914e4a4,2017,00,0,0,0,0,1,0,0,0,0,1,0,0,1,0,0,0,0,0,0,0,0,0,0,1,0
7BE6A542-2075-4356-AAD7-FD91449EB55F,2016,05,0,1,0,0,0,0,0,0,1,0,0,0,0,0,0,1,0,0,0,0,0,0,0,1,0
c5516ea0-0d5d-11eb-835c-77358de149b1,2020,52,1,0,0,0,0,0,0,0,1,0,0,0,0,0,0,0,1,0,0,0,0,1,0,0,0
3A8F53C4-FDE3-4ABE-A306-BAB9D1174C14,2012,62,0,0,0,1,0,0,0,0,0,1,0,0,0,0,1,0,0,0,0,0,0,0,0,1,0
360167d0-15e4-11ea-997d-ff527b87f439,2017,92,1,0,1,0,0,0,0,0,1,0,0,0,0,0,0,0,1,0,0,0,1,0,0,0,0
3A91010F-5F4C-47EA-B3AB-75C8DE88A9AF,2014,62,0,0,0,1,0,0,0,0,1,0,0,0,0,0,1,0,0,0,0,0,0,0,0,1,0
3A966924-89AA-4F41-9D2B-F5967595B3AA,2014,54,0,1,0,0,1,0,0,0,1,0,1,0,0,0,0,1,0,0,0,0,0,0,0,1,0
95D23B07-A537-4A64-A573-CA10B89CB407,2015,06,0,0,0,0,0,1,0,0,0,1,0,0,0,1,0,0,0,0,0,0,0,0,0,1,0
3AAE5222-BB76-4DC7-B959-D3964AA9FA3D,2013,00,0,0,0,0,1,0,0,0,0,1,0,0,1,0,0,0,0,0,0,0,0,0,0,1,0
3AC09D02-942D-4428-A485-220E33364507,2012,61,0,0,0,1,0,0,0,0,1,0,0,0,0,0,1,0,0,0,0,0,0,1,0,0,0
3AC411E7-FEFD-48A7-AC8F-E307A3D5DA95,2007,62,0,0,0,0,1,0,0,0,0,1,0,0,1,0,0,0,0,0,0,0,0,0,0,1,0
3AC4FC0C-668E-4345-8D76-28210ED4F244,2011,62,0,0,0,0,1,0,0,0,0,1,0,0,1,0,0,0,0,0,0,0,0,1,0,0,0
3AC6B6EB-2212-4E9F-84A8-010BE4287BCF,2013,92,0,0,0,0,0,1,0,0,0,1,0,0,0,1,0,0,0,0,0,0,0,0,0,1,0
b7e4efe0-8425-11e7-a921-2d695ce70b69,2016,00,0,0,1,0,1,0,0,0,1,1,1,0,1,0,0,0,0,0,0,0,0,0,0,1,0
3ADB1C36-E8BF-43D3-A99F-F7F896DFFD21,2010,52,0,1,0,0,0,0,0,0,1,0,0,0,0,0,0,0,1,0,0,0,0,0,0,1,0
3ADC5085-DCE3-4318-A933-8C96D3697F9B,2010,62,0,0,0,1,0,0,0,0,1,0,0,0,0,0,1,0,0,0,0,0,0,1,0,0,0
21108ad0-d57d-11e7-af4f-6b5d4514198e,2016,54,0,0,0,0,1,0,0,0,0,1,0,0,1,0,0,0,0,0,0,0,0,0,0,1,0
C24E5307-0772-45A5-B73C-A7DF5F946841,2012,51,0,1,0,0,0,0,0,0,1,0,0,0,0,0,0,0,0,0,0,1,0,0,0,1,0
E8886438-12CA-40EA-9ACE-3AC7BDC08D22,2023,51,1,1,0,0,0,0,0,0,1,0,0,0,0,0,0,0,1,0,0,0,0,0,0,1,1
3B00F5B7-58BC-413F-B8A2-F94417D26E32,2013,62,0,1,0,0,0,0,0,0,1,0,0,0,0,0,0,0,0,0,0,1,0,0,0,1,0
3B0349DE-7AD0-4B80-BD23-966CA05E3280,2010,62,0,0,0,1,0,0,0,0,1,0,0,0,0,0,1,0,0,0,0,0,0,1,0,0,0
3B065EF2-A696-4FA2-B877-DE79D4E6430C,2013,00,0,1,0,0,0,0,0,0,1,0,0,0,0,0,0,1,0,0,0,0,0,0,0,1,0
DC168CA0-4854-4539-9313-06073C01D8F2,2023,00,1,1,0,0,0,0,0,0,1,0,0,0,0,0,0,0,1,0,0,0,0,0,0,1,1
F57F603B-1A8C-4CDA-8D70-E9792E4A5BE1,2016,62,0,0,0,0,0,1,0,0,1,0,0,0,0,1,0,0,0,0,0,0,0,1,0,0,0
9DDFC40C-5612-4160-B4E5-5DCEA02AEED2,2015,62,0,0,0,0,0,1,0,0,0,1,1,0,0,1,0,0,0,0,0,0,0,1,0,0,0
b2103860-c3d4-11e7-8b51-4ba52e63b6cc,2017,53,0,0,0,1,0,0,0,0,1,0,0,0,0,0,1,0,0,0,0,0,0,0,0,1,0
3B17B87F-EDA4-4716-995E-E2A9B154C89F,2012,92,0,0,0,0,1,0,0,0,0,1,0,0,1,0,0,0,0,0,0,0,0,0,0,1,0
3B18FF85-3F5A-4EE2-8414-E35332DC5F81,2013,00,1,1,1,0,0,0,0,0,1,0,0,0,0,0,0,0,0,1,0,0,0,0,0,1,0
3B1DE29D-D14F-4F1F-98C1-5DCF7047827A,2007,56,0,0,0,1,0,0,0,0,1,0,0,0,0,0,1,0,0,0,0,0,0,0,0,1,0
3B1E4EFC-6790-4F40-8546-C4EC696BF177,2013,44,0,0,0,1,0,0,0,0,1,0,0,0,0,0,0,0,0,0,0,1,0,0,0,1,0
e10742d0-4891-11ec-be64-495e033b0bce,2021,08,0,1,0,0,0,0,0,0,1,0,0,0,0,0,0,1,0,0,0,0,0,0,0,1,0
3B2696D1-4988-4CA2-A180-454A4FA569D5,2013,00,1,1,1,0,0,0,0,0,1,0,0,0,0,0,0,0,0,1,0,0,0,0,0,1,0
3B2C47DA-9CD0-4A5A-9D5C-5C2BA67178CF,2012,62,0,0,0,1,0,0,0,0,1,0,0,0,0,0,1,0,0,0,0,0,0,1,0,0,0
3B2E0B9B-B4D8-4AAC-B438-F7AB82611771,2012,32,0,1,0,0,0,0,0,0,1,0,0,0,0,0,0,0,0,0,0,1,0,0,0,1,0
3B33FCE7-F4A6-4A04-9B9F-2347098845AD,2012,00,0,0,0,0,0,1,0,0,0,1,0,0,0,1,0,0,0,0,0,0,0,0,0,1,0
0d563260-1d0b-11ea-93dd-ad92e007263c,2019,62,0,0,1,0,0,0,0,0,1,0,0,0,0,0,0,0,0,1,0,0,0,0,0,1,0
6eb53180-e651-11eb-b667-c585fe0ca11b,2021,54,1,0,0,0,0,0,0,0,1,0,0,0,0,0,0,0,1,0,0,0,1,0,0,0,0
3B526D3A-ACCD-4C25-8E94-423BA0837C62,2012,61,0,0,0,0,0,0,0,1,0,0,0,1,0,0,0,0,0,0,0,1,0,1,0,0,0
72B07055-F2F5-4E04-95AD-17B077393D35,2023,61,1,1,0,0,0,0,0,0,1,0,0,0,0,0,0,0,1,0,0,0,0,0,0,1,1
3B70C831-A28F-4811-9C4D-CAF41FA67E8D,2007,92,0,0,0,1,0,0,0,0,1,0,0,0,0,0,1,0,0,0,0,0,0,1,0,0,0
3B75B593-C66A-4AB0-BE57-D18B1346503D,2013,51,0,1,0,0,0,0,0,0,1,0,0,0,0,0,0,1,0,0,0,0,1,0,0,0,0
3B772729-918E-401B-8402-1D01D90A1C2A,2013,52,0,0,0,1,0,0,0,0,1,0,0,0,0,0,0,0,0,0,0,1,0,1,0,0,0
3B7B8064-C4AE-4CD4-AD9C-C89F85C4CA22,2012,92,0,0,0,0,0,1,0,0,0,1,0,0,0,0,1,0,0,0,0,0,0,0,0,1,0
fc8a4190-2468-11eb-b042-01be07ea3379,2020,51,0,0,0,0,0,1,0,0,0,1,0,0,0,1,0,0,0,0,0,0,0,0,0,1,0
744a8b30-74bf-11eb-a956-8766d2dd0181,2020,31,1,0,0,0,0,0,0,1,1,0,0,0,0,0,0,0,1,0,0,0,0,0,0,1,0
3B8C31B2-FCC0-4F6C-8B82-2411BBC09A1D,2013,52,0,0,0,1,0,0,0,0,1,0,0,0,0,0,0,0,0,0,0,1,0,0,0,1,0
3B9429FD-ABC6-49BE-8001-243260F55164,2011,44,0,0,0,0,1,0,0,0,0,1,0,0,1,0,0,0,0,0,0,0,0,0,0,1,0
1b2658e0-b41b-11f0-83f6-c95449796b4b,2024,00,0,0,0,0,1,0,0,0,0,1,0,0,1,0,0,0,0,0,0,0,0,0,0,1,0
3B96FB77-498B-4ED1-BDD2-BF05E3923A8E,2015,81,0,0,0,1,0,0,0,0,1,0,0,0,0,0,1,0,0,0,0,0,0,0,0,1,0
3B9B7E20-D0DF-4C19-B17B-802EA2769A99,2013,52,1,1,1,0,0,0,0,0,1,0,0,0,0,0,0,0,0,1,0,0,1,0,0,0,0
7e5bab70-d3e1-11e9-ab55-b7fffb94511d,2019,61,0,0,0,0,0,1,0,0,0,1,0,0,0,1,0,0,0,0,0,0,0,0,0,1,0
3BAC1E2C-C395-49B3-A44A-F815A8514D32,2013,92,0,0,0,1,0,0,0,0,1,0,0,0,0,0,1,0,0,0,0,0,0,1,0,0,0
443A96C0-0A15-46A6-BBB0-DAA316D4BAAA,2023,61,1,1,0,0,0,0,0,0,1,0,0,0,0,0,0,0,1,0,0,0,0,0,0,1,1
0DD11501-E1B2-467E-BA26-DBBBBA0769D9,2015,42,0,1,0,0,0,0,0,0,1,0,0,0,0,0,0,1,0,0,0,0,0,0,0,1,0
2FC4070B-89FB-44E4-BAF9-F064E44546F4,2016,53,0,0,0,0,1,1,0,0,1,1,0,0,1,0,0,0,0,0,0,0,0,0,0,1,0
318074E2-982C-49A7-A5C1-05C20A4175C2,2014,92,0,0,0,0,1,0,0,0,0,1,0,0,1,0,0,0,0,0,0,0,0,0,0,1,0
3BC83216-BED0-4538-AB3F-F9D53B0D5D0B,2013,00,0,1,0,0,0,0,0,0,1,0,0,0,0,0,0,0,0,0,0,1,0,0,0,1,0
38b606a0-79f0-11ef-927d-1558a141866c,2023,51,1,1,1,0,0,0,0,0,1,0,0,0,0,0,0,0,1,1,0,0,0,0,0,1,0
3BDE5E7A-A4A7-4FA7-9F55-0E76B7E7D9AE,2015,62,0,0,0,0,0,1,0,0,0,1,0,0,0,1,0,0,0,0,0,0,0,0,0,1,0
3BE4C9E1-9B50-4A65-8039-F5CBBA5ED58E,2015,62,0,0,0,0,1,0,0,0,0,1,0,0,1,0,0,0,0,0,0,0,0,0,0,1,0
29cbf740-1d0f-11eb-a925-afd7acbe9906,2020,02,1,0,0,0,0,0,0,0,1,0,0,0,0,0,0,0,1,0,0,0,0,0,0,1,0
A07AA7FC-CE0F-4F68-ACD4-098D47F59634,2023,61,1,1,0,0,0,0,0,0,1,0,0,0,0,0,0,0,1,0,0,0,0,0,0,1,1
221b00f0-0a06-11ed-84e4-4d6a8bbe6476,2022,56,1,0,0,0,0,0,0,1,1,0,0,0,0,0,0,0,1,0,0,0,0,0,0,1,0
3BF3356F-BD0C-48D2-AE78-3A6FC8D72D3E,2013,62,0,0,0,0,1,0,0,0,0,1,0,0,1,0,0,0,0,0,0,0,0,0,0,1,0
942cab40-de0c-11e9-92e6-b7a271e742aa,2019,62,0,1,1,0,0,0,0,0,1,0,0,0,0,0,0,0,0,1,0,0,0,0,0,1,0
3C0B2BD9-85B0-47C1-8C68-063E0633D5DE,2010,52,0,0,0,0,0,1,0,0,0,1,0,0,0,1,0,0,0,0,0,0,0,1,0,0,0
3C0F23D8-6996-425D-833B-DAAFFC0A71D4,2013,00,0,0,1,1,0,0,0,0,1,0,0,0,0,0,1,0,0,0,0,0,0,0,0,1,0
F1118C54-19E6-4F4D-9987-7EEC4F5DC4BE,2015,92,0,0,0,0,0,1,0,0,0,1,0,0,0,1,0,0,0,0,0,0,0,0,0,1,0
3C13195F-810D-4135-A456-93A022124995,2011,52,0,0,0,0,0,1,0,0,0,0,1,0,0,1,1,0,0,0,0,0,0,0,0,1,0
085e73b0-9713-11e7-a11c-5542f7e3819f,2016,06,0,0,0,0,1,0,0,0,0,1,0,0,1,0,0,0,0,0,0,0,0,0,0,1,0
7b1e5a00-2437-11eb-af35-ed9bb3f10d5f,2020,52,0,1,0,0,0,0,0,0,1,0,0,0,0,0,0,1,0,0,0,0,0,0,0,1,0
0faac9b0-6c95-11eb-aa83-f564cd4131c9,2020,51,0,1,0,0,0,0,0,0,1,0,0,0,0,0,0,1,0,0,0,0,0,0,0,1,0
6bbfe1b0-1a17-11ec-9cee-0b92cf8d85df,2019,44,1,1,0,0,0,0,0,0,1,0,0,0,0,0,0,0,1,0,0,0,0,0,0,1,0
3C3191ED-C7CD-4272-9465-F5B538218F98,2012,51,0,1,0,0,0,0,0,0,1,0,0,0,0,0,0,1,0,0,0,0,0,0,0,1,0
3D07B50C-88C3-4718-9B47-53C2C12A4A99,2011,00,0,0,0,0,1,0,0,0,0,1,0,0,1,0,0,0,0,0,0,0,0,0,0,1,0
77A42C90-B550-4B15-BA99-D0E6BCDA3DC2,2016,71,0,0,0,1,0,1,0,0,1,0,0,0,0,0,1,0,0,0,0,0,0,0,0,1,0
3C786F46-2377-4B20-B0DB-658059AC573B,2013,62,0,0,0,0,0,1,0,0,0,1,0,0,0,1,0,0,0,0,0,0,0,0,0,1,0
2922e280-0d57-11eb-835c-77358de149b1,2020,00,0,1,0,0,0,0,0,0,1,0,0,0,0,0,0,0,0,0,0,1,0,0,0,1,0
3C8BA12E-DEFB-44D4-90F2-78270D495A08,2015,52,0,0,0,1,0,0,0,0,1,0,0,0,0,0,0,0,0,0,0,1,0,1,0,0,0
0C26FD8B-E407-474A-9146-4E82633902E0,2023,61,1,1,0,0,0,0,0,0,1,0,0,0,0,0,0,0,1,0,0,0,0,0,0,1,1
3A6C327A-1F7B-4DBB-8B93-C15A0A45FDDC,2023,61,1,1,0,0,0,0,0,0,1,0,0,0,0,0,0,0,1,0,0,0,0,0,0,1,1
3C9A4D30-7CBC-493B-8CE1-97334E41CE75,2011,51,0,1,0,0,0,0,0,0,1,0,0,0,0,0,0,1,0,0,0,0,0,0,0,1,0
3C9B35EA-B0A8-4D2D-A757-52355005BEBC,2013,92,0,0,0,0,1,0,0,0,0,1,0,0,1,0,0,0,0,0,0,0,0,0,0,1,0
4dc85780-c32d-11e8-be54-d7fc81504f5e,2018,48,0,1,0,0,0,0,0,0,1,0,0,0,0,0,0,0,0,0,0,1,0,0,0,1,0
3CA20A93-9B5B-47DB-843F-9376FF4A81FA,2013,00,0,1,0,0,0,0,0,0,1,0,0,0,0,0,0,1,0,0,0,0,1,0,0,0,0
3CA2EE94-F4D7-4E11-9EC4-44CED0422B7C,2012,44,1,0,0,0,0,0,0,0,1,0,0,0,0,0,0,0,1,0,0,0,0,1,0,0,0
740e10c0-e0c6-11ef-bb83-fdfe95aef2b7,2024,51,1,1,0,0,0,0,0,0,1,0,0,0,0,0,0,0,1,0,0,0,0,0,0,1,0
3CA68F32-422B-4A64-A93B-62EB0141C584,2013,61,0,0,0,0,0,1,0,0,0,1,0,0,0,1,0,0,0,0,0,0,0,0,0,1,0
3CAD8E13-3266-4124-8C0C-510F81DC0302,2011,92,0,0,0,0,1,0,0,0,0,1,0,0,1,0,0,0,0,0,0,0,0,0,0,1,0
5E417C30-4F0A-480C-9B63-C77CEC817738,2023,61,1,1,0,0,0,0,0,0,1,0,0,0,0,0,0,0,1,0,0,0,0,0,0,1,1
BD7885BE-E033-44FB-AC0F-E6EF0225D07A,2023,54,1,1,0,0,0,0,0,0,1,0,0,0,0,0,0,0,1,0,0,0,0,0,0,1,1
3CC0AFE7-8AF1-4695-9248-CEF3CBB86B63,2012,92,0,0,0,0,0,1,0,0,0,1,0,0,0,1,0,0,0,0,0,0,0,0,0,1,0
3CC7827A-27F4-464A-9CC9-11B3BB8DCE29,2016,92,0,0,0,0,0,1,0,0,0,1,0,0,0,1,0,0,0,0,0,0,0,0,0,1,0
3CCF0BF0-EC5D-4F41-B2A2-29EA741FBA4B,2010,52,0,0,0,1,0,0,0,0,1,0,0,0,0,0,1,0,0,0,0,0,0,0,0,1,0
3CD2B7E9-0D45-498B-8CC2-2A72305D656A,2013,00,0,0,0,0,1,0,0,0,0,1,0,0,1,0,0,0,0,0,0,0,0,0,0,1,0
3CDA0162-110F-4867-98C3-A7D9C2111F0C,2014,00,0,1,0,0,0,0,0,0,1,0,0,0,0,0,0,1,0,0,1,0,1,0,0,0,0
3CE005E4-B2FD-481B-AF76-FAADFF7A5AA7,2011,62,0,0,0,0,0,1,0,0,0,0,1,0,0,1,0,0,0,0,0,0,0,1,0,0,0
3CE070BF-EA18-43C5-8F91-8D1CC76D8323,2014,62,0,0,0,1,0,0,0,0,1,0,0,0,0,0,1,0,0,0,0,0,0,1,0,0,0
3CE146C3-4D5A-4B43-AE3F-8A0E89AD9CD7,2013,56,0,0,0,1,0,0,0,0,1,0,0,0,0,0,1,0,0,0,0,0,0,1,0,0,0
ded03580-0d08-11ed-9141-192d7c736152,2022,62,0,1,0,0,0,0,0,0,1,0,0,0,0,0,0,1,0,0,0,0,0,0,0,1,0
3CF64C5D-5869-4243-AAEA-F874CC990939,2010,62,0,0,0,1,0,0,0,0,1,0,0,0,0,0,1,0,0,0,0,0,0,1,0,0,0
3D034884-E735-4207-B6AF-6628D818A208,2015,62,0,0,0,1,0,0,0,0,1,0,0,0,0,0,1,0,0,0,0,0,0,1,0,0,0
3D109048-9610-49A5-BE1C-BC6F1865C614,2015,44,0,1,0,0,0,0,0,0,1,0,0,0,0,0,0,0,1,0,0,0,0,0,0,1,0
d8a27240-82ac-11e7-8009-bf30ec7afbca,2017,61,0,0,0,0,0,1,0,0,0,1,0,0,0,1,0,0,0,0,0,0,0,0,0,1,0
ee0503f0-774c-11ee-9d43-2d79ebdeb354,2022,00,0,0,0,1,0,0,0,0,1,0,0,0,0,0,0,0,0,0,0,1,0,0,0,1,0
78516050-3f61-11ed-a8d9-e567d58abfd4,2020,00,0,1,0,0,0,0,0,0,1,0,0,0,0,0,0,1,0,0,0,0,0,0,0,1,0
3D20D91D-D6DD-4AB7-8B6F-D6D70EB81ED5,2013,09,0,0,0,0,1,0,0,0,0,1,0,0,1,0,0,0,0,0,0,0,0,0,0,1,0
3D2F91BB-8C9A-4604-8510-2EB2235684AC,2015,71,1,1,0,0,0,0,0,0,1,0,0,0,0,0,0,0,1,0,0,0,0,0,0,1,0
3D321429-37CE-4E0B-91AF-5E17317F342E,2010,09,0,0,0,1,0,0,0,0,1,0,0,0,0,0,1,0,0,0,0,0,0,1,0,0,0
3D371979-43DE-495D-94FA-5D7A003AE6B5,2007,92,0,0,0,0,0,1,0,0,0,1,0,0,0,1,0,0,0,0,0,0,0,0,0,1,0
3D4475F7-6BC1-4BF3-8A60-93F0358C145A,2006,55,0,0,0,0,1,0,0,0,0,1,0,0,1,0,0,0,0,0,0,0,0,0,0,1,0
3D4EE87C-1577-4E9E-84F3-06D5F0862920,2012,92,0,0,0,0,0,1,0,0,0,1,0,0,0,0,1,0,0,0,0,0,0,0,0,1,0
9F331E5A-16C9-4EA5-9A3A-72E7BF55BD92,2015,62,0,1,0,0,0,0,0,0,1,0,1,0,0,0,0,0,0,0,0,1,0,1,0,0,0
3D5AEF06-501B-4D6F-A167-A73526CBEDDE,2013,92,0,0,0,0,1,0,0,0,0,1,0,0,1,0,0,0,0,0,0,0,0,1,0,0,0
3D5D0D90-A7A2-4423-9DAC-D41BA1179B16,2012,62,0,0,0,1,0,0,0,0,1,0,0,0,0,0,1,0,0,0,0,0,0,1,0,0,0
91032590-72e2-11eb-a674-05cfd55ad89e,2020,72,0,1,0,0,0,0,0,0,1,0,0,0,0,0,0,1,0,0,0,0,0,0,0,1,0
044AFCD1-2C7E-45E7-B4F8-27F16114B8A3,2023,61,1,1,0,0,0,0,0,0,1,0,0,0,0,0,0,0,1,0,0,0,0,0,0,1,1
3D69AE3A-8DB3-45C2-B1CE-E0ACD74A6540,2010,56,0,1,0,0,0,0,0,0,1,0,0,0,0,0,0,1,0,0,0,0,0,0,0,1,0
be20e490-be4f-11e7-8a32-4d861156a278,2017,00,0,0,0,0,1,0,0,0,0,1,0,0,1,0,0,0,0,0,0,0,0,0,0,1,0
6968ed30-eaaf-11e7-92b6-dfe49f9d7042,2017,92,0,0,0,0,0,1,0,0,0,1,0,0,0,1,0,0,0,0,0,0,0,0,0,1,0
47741ECA-EBCD-4E2A-B7A3-CD4EF37B2B81,2015,62,0,0,0,0,1,0,0,0,0,1,1,0,1,0,0,0,0,0,0,0,0,1,0,0,0
3D7731C6-7FDD-4547-B2A7-FD763ED607A7,2013,54,0,1,0,0,0,0,0,0,1,0,0,0,0,0,0,1,0,0,0,0,0,1,0,0,0
3D7843BB-5C45-4DFE-808D-F9FCF12F6ABA,2011,92,0,0,0,0,0,1,0,0,0,1,0,0,0,1,0,0,0,0,0,0,0,0,1,0,0
3D80516D-7EE9-4C0E-AA44-E4FA95D62395,2014,00,0,1,0,0,0,0,0,0,1,0,0,0,0,0,0,1,0,0,0,0,1,0,0,0,0
3D82EBB1-7303-47BE-AB63-20EBF72324CB,2014,52,0,0,0,0,0,0,0,1,0,0,0,1,0,0,0,0,0,0,0,1,0,0,0,1,0
4fd426c0-918d-11e8-ad4c-017f2df1a0a0,2018,92,0,0,0,0,0,1,0,0,0,1,0,0,0,1,0,0,0,0,0,0,0,0,0,1,0
A3797C73-9FD0-4D06-8042-ECC589E508F7,2016,45,0,0,0,0,0,1,0,0,1,1,0,0,0,1,0,0,0,0,0,0,0,1,0,0,0
3D8D071D-B080-4CBC-80AA-86759A4B0AF3,2012,09,0,1,0,0,0,0,0,0,1,0,0,0,0,0,0,0,1,0,0,0,0,0,0,1,0
3D8E293D-2A9C-4A91-9713-0702837D7B59,2012,62,1,0,0,0,0,0,0,0,1,0,0,0,0,0,0,0,1,0,0,0,0,1,0,0,0
B5606CFF-80D7-47E6-BFC2-C32EA5673B97,2023,61,1,1,0,0,0,0,0,0,1,0,0,0,0,0,0,0,1,0,0,0,0,0,0,1,1
DB83B675-42BA-48CA-A9BB-6DBD14C53F92,2023,61,1,1,0,0,0,0,0,0,1,0,0,0,0,0,0,0,1,0,0,0,0,0,0,1,1
3D95C59B-FB3C-4333-9B4E-B6EB4A83C440,2011,52,0,1,0,0,0,0,0,0,1,0,0,0,0,0,0,0,0,0,0,1,0,0,0,1,0
3D9D72B1-2FED-48AD-9914-EE2052E6CE37,2010,62,0,0,0,1,0,0,0,0,1,0,0,0,0,0,1,0,0,0,0,0,0,1,0,0,0
3D9F5230-4D6C-430A-8DC3-932E75AA8276,2014,62,0,0,0,0,0,1,0,0,0,0,1,0,0,1,0,0,0,0,0,0,0,0,0,1,0
3DA2B078-9AB9-419D-8274-45FDBC9A7913,2014,92,0,0,0,0,0,1,0,0,0,1,0,0,0,1,0,0,0,0,0,0,0,0,0,1,0
AB6D18B5-BDAD-46B5-A8FE-18DF94B9ADD9,2016,51,0,0,0,0,0,1,0,0,0,1,0,0,0,1,0,0,0,0,0,0,0,0,0,1,0
A59D92AF-2F56-4AEC-9F38-EB7BD8094E97,2015,62,0,0,0,1,1,1,0,0,0,1,0,0,0,1,1,0,0,0,0,0,0,0,0,1,0
3DC16B92-6768-4CFE-9080-8F5C923F544C,2010,00,0,0,0,1,0,1,0,0,1,1,0,0,0,0,1,0,0,0,0,0,0,1,0,0,0
3DCB616A-0771-48E0-BCDF-2E12A65B1D62,2013,44,0,0,0,1,0,0,0,0,1,0,0,0,0,0,0,0,0,0,0,1,0,0,0,1,0
3DCBE366-E3E8-4741-B324-A81AB0716B14,2012,92,0,0,0,0,0,1,0,0,0,0,1,0,0,1,0,0,0,0,0,0,0,0,0,1,0
3DCCC00D-588B-4EB3-BD1B-72B198657021,2011,62,0,0,0,0,1,0,0,0,0,1,0,0,1,0,0,0,0,0,0,0,0,0,0,1,0
851F33E3-9AEE-4556-A1C5-496BFFED09F1,2016,51,0,1,0,0,0,0,0,0,1,0,0,0,0,0,0,1,0,0,0,0,0,0,0,1,0
D8D8D5D7-789B-46AE-9680-1699EFBBDF9E,2023,61,1,1,0,0,0,0,0,0,1,0,0,0,0,0,0,0,1,0,0,0,0,0,0,1,1
3DE0FC06-7DBC-4F66-9B77-56E71F31354C,2013,51,0,1,0,0,0,0,0,0,1,0,0,0,0,0,0,1,0,0,0,0,1,0,0,0,0
0CD2DF27-E15B-4971-AFD7-201A12E37836,2015,51,0,1,0,0,0,0,0,0,1,0,0,0,0,0,0,1,0,0,0,0,0,0,0,1,0
4f41cb70-f91a-11eb-98bb-95028a4c8b05,2020,71,0,0,0,0,0,1,0,0,0,1,0,0,0,1,0,0,0,0,0,0,0,0,0,1,0
3DF514E1-694D-4332-AFF9-8A7B5986EE3E,2010,62,0,0,0,1,0,0,0,0,1,0,0,0,0,0,1,0,0,0,0,0,0,1,0,0,0
3DF85502-DE4B-4311-A76F-A33698545A59,2012,92,0,0,0,0,0,1,0,0,0,1,0,0,0,1,0,0,0,0,0,0,0,0,0,1,0
3DF93522-4F76-46A2-A2A1-EC205D89C78C,2013,52,0,0,0,1,0,0,0,0,1,0,0,0,0,0,1,0,0,0,0,0,0,1,0,0,0
3DFFD3B1-499A-44FC-BE70-9860C44CFE45,2014,52,0,1,0,0,0,0,0,0,1,0,0,0,0,0,0,0,0,0,0,1,0,0,0,1,0
3E057515-371F-419B-B851-708112B0F9A3,2010,92,0,0,0,1,0,0,0,0,1,0,0,0,0,0,1,0,0,0,0,0,0,1,0,0,0
3E07E13F-FA63-49CB-ACA3-B216B112805C,2013,09,0,1,0,0,0,0,0,0,1,0,0,0,0,0,0,0,1,0,0,0,0,0,0,1,0
3E0E16FE-3668-41C2-B879-F179870F0AB6,2013,81,0,1,0,0,0,0,0,0,1,0,0,0,0,0,0,1,0,0,0,0,0,0,0,1,0
3E0E7CFE-24D7-4516-8090-3890298EB4A0,2002,52,0,0,0,0,1,0,0,0,0,1,0,0,1,0,0,0,0,0,0,0,0,1,0,0,0
3E153AB4-7A28-4174-9C3E-FDDA9C5C5E02,2010,42,0,1,0,0,0,0,0,0,1,0,0,0,0,0,0,1,0,0,0,0,0,0,0,1,0
3E175188-D873-4919-821D-D6A03F03B7CD,2012,00,0,1,0,0,0,0,0,0,1,0,0,0,0,0,0,1,0,0,0,0,0,0,0,1,0
3E281C3C-5B6B-4AB5-ACE6-D8B5D87E70AC,2014,62,0,0,0,0,0,1,0,0,0,1,0,0,0,1,0,0,0,0,0,0,0,0,0,1,0
4f4a5e60-70a8-11e7-955a-c3e87cda4766,2017,71,0,0,0,0,0,1,0,0,0,1,0,0,0,1,0,0,0,0,0,0,0,0,0,1,0
3E32B66D-7500-41A1-B0B0-64F447723906,2012,06,0,0,0,1,0,0,0,0,1,0,0,0,0,0,1,0,0,0,0,0,0,1,0,0,0
3E3D2434-554F-4F4A-8621-B0C739048010,2008,62,0,0,0,0,1,0,0,0,0,1,0,0,1,0,0,0,0,0,0,0,0,0,0,1,0
3E43E6EF-5156-4CDD-A7AB-8BE393A5D390,2015,61,0,1,0,0,0,0,0,0,1,0,0,0,0,0,0,1,0,0,0,0,0,0,0,1,0
3E4B183F-B6DC-4F52-92D8-4D98A36432BD,2014,61,0,0,0,0,0,1,0,0,0,1,0,0,0,1,0,0,0,0,0,0,0,0,0,1,0
a07f8000-2900-11e9-adf7-352895b3dcd2,2018,51,0,1,0,0,0,0,0,0,1,0,0,0,0,0,0,1,0,0,0,0,0,0,0,1,0
3E4C6532-3D5F-4C72-92C7-348F24A18AEE,2011,62,0,0,0,1,0,0,0,0,1,0,0,0,0,0,1,0,0,0,0,0,0,1,0,0,0
114150a0-a9d9-11e7-bafd-1552bcc84b5b,2016,00,0,0,0,0,1,0,0,0,0,1,0,0,1,0,0,0,0,0,0,0,0,1,0,0,0
F070A514-CEA9-4F3C-A181-A82BAA23E24B,2015,62,0,0,0,0,0,1,0,0,0,1,0,0,0,1,0,0,0,0,0,0,0,0,0,1,0
BD4FCF32-6750-46EB-A491-05FD0A47F184,2023,61,1,1,0,0,0,0,0,0,1,0,0,0,0,0,0,0,1,0,0,0,0,0,0,1,1
3E61F9A8-E16C-4864-9AEA-345053873793,2012,92,0,0,0,0,1,0,0,0,0,1,0,0,1,0,0,0,0,0,0,0,0,0,0,1,0
B2D58155-C990-48A2-A8A3-BB6F125D3ED4,2015,06,0,0,0,0,0,1,0,0,0,1,0,0,0,1,0,0,0,0,0,0,0,0,0,1,0
2847d830-da2d-11e7-a58f-dff506a792fb,2016,00,0,0,0,0,1,0,0,0,0,1,0,0,1,0,0,0,0,0,0,0,0,0,0,1,0
523a96f0-8695-11e7-8e76-6d3ed9e599f7,2017,92,1,1,0,0,0,0,0,0,1,0,0,0,0,0,0,0,1,0,0,0,0,0,0,1,0
3E6D8835-5639-42AF-9E10-A619ADEBF6DB,2010,52,0,0,0,0,1,0,0,0,0,1,0,0,1,0,0,0,0,0,0,0,0,0,0,1,0
3E6EFCB5-00C4-4E58-A5FE-73F48B78A72C,2010,92,0,0,0,1,0,0,0,0,0,1,0,0,0,0,1,0,0,0,0,0,0,0,0,1,0
F83E09EA-EA2A-4090-AD1A-CC06695BD01F,2023,00,1,1,0,0,0,0,0,0,1,0,0,0,0,0,0,0,1,0,0,0,0,0,0,1,1
3E7365B6-7FA5-4652-A06A-CB9B84AAB8DA,2012,92,1,1,1,0,0,0,0,0,1,0,0,0,0,0,0,0,0,1,0,0,0,0,0,1,0
b0733820-0a17-11ed-9141-192d7c736152,2022,51,0,0,0,0,0,1,0,0,0,1,0,0,0,1,0,0,0,0,0,0,0,0,0,1,0
554d2b60-e2dd-11e7-a8b4-b50015373b0a,2017,62,0,0,0,0,0,0,0,1,1,0,0,0,0,0,0,0,0,0,0,1,0,0,0,1,0
ef7bb410-9a46-11e8-8652-5d096cfefbb4,2018,61,0,0,0,0,0,1,0,0,0,1,0,0,0,1,0,0,0,0,0,0,0,0,0,1,0
3E88E995-3D24-4944-AFDC-431F1BA9A52F,2013,92,0,1,0,0,0,0,0,0,1,0,0,0,0,0,0,1,0,0,0,0,1,0,0,0,0
c731acc0-ac76-11e8-8036-a30436c88231,2017,52,0,0,0,0,0,1,0,0,0,1,0,0,0,1,0,0,0,0,0,0,0,0,0,1,0
3E8E5A65-40BC-42CF-B652-377B2FD0C504,2014,51,0,1,0,0,0,0,0,0,1,0,0,0,0,0,0,1,0,0,0,0,0,0,0,1,0
0bfdd350-d555-11e7-bfad-07ede9e0bc7c,2016,62,0,0,0,0,1,0,0,0,0,1,0,0,1,0,0,0,0,0,0,0,0,0,0,1,0
3EA16CF9-45E2-4A1E-96A4-BC48FFA87018,2014,00,0,0,0,0,1,0,0,0,0,1,0,0,1,0,0,0,0,0,0,0,0,0,0,1,0
B586DD34-B2D6-473D-8D30-F2A3E2349547,2023,42,1,1,0,0,0,0,0,0,1,0,0,0,0,0,0,0,1,0,0,0,0,0,0,1,1
3EB27F20-FAAD-4C7F-978D-FC9BDCA76FE2,2013,00,1,1,0,0,0,0,0,0,1,0,0,0,0,0,0,1,0,0,0,0,1,0,0,0,0
3EB8913E-FF7C-49FC-AC39-F801262B3247,2013,00,1,1,1,0,0,0,0,0,1,0,0,0,0,0,0,0,0,1,0,0,0,0,0,1,0
3EBACF8B-5BC3-4664-A416-A68376D59867,2010,92,0,0,0,0,0,1,0,0,0,1,0,0,0,1,0,0,0,0,0,0,0,0,0,1,0
3EBC9871-A432-40E7-83CB-7585678BA68E,2013,62,0,0,0,1,0,0,0,0,1,0,0,0,0,0,1,0,0,0,0,0,0,1,0,0,0
3EC7F3B8-6121-456E-9E6D-6A32599422B0,2014,92,0,0,0,0,0,1,0,0,0,1,0,0,0,1,0,0,0,0,0,0,0,0,0,1,0
3ECAF4BA-6AFB-4F52-93E5-AB78E39353AD,2012,61,0,1,0,0,0,0,0,0,1,0,0,0,0,0,0,1,0,0,0,0,0,0,0,1,0
61cec258-65d4-43d5-ab85-a679da22f0cf,2024,00,0,1,0,0,0,0,0,0,0,0,1,0,0,0,0,1,0,0,0,0,0,0,0,1,0
1FFDA8A4-E656-4D30-8270-E6AB498431B6,2015,62,0,0,0,0,1,0,0,0,0,1,0,0,1,0,0,0,0,0,0,0,0,0,0,1,0
8686C496-B99A-45B3-A807-F85084A11FA1,2015,92,0,0,0,0,0,1,0,0,0,1,0,0,0,1,0,0,0,0,0,0,0,0,0,1,0
195860d0-bf0a-11e7-a9c6-17df034f6c5e,2015,52,0,0,1,0,0,0,0,0,1,0,0,0,0,0,0,0,0,1,0,0,1,0,0,0,0
ACA63ECC-7C0D-4E2D-9554-A12F40907011,2023,61,1,1,0,0,0,0,0,0,1,0,0,0,0,0,0,0,1,0,0,0,0,0,0,1,1
1679091C-5A88-0FAF-6FB5-E6087EB1B2DC,2024,00,0,1,0,0,0,0,0,0,1,0,0,0,0,0,0,1,0,0,0,0,0,1,0,0,0
07fe5b20-8e84-11ec-a600-657ec2694f8f,2020,51,0,1,0,0,0,0,0,0,1,0,0,0,0,0,0,1,0,0,0,0,0,0,0,1,0
B2D000F7-ADFC-4BAC-8DA9-C860E194C962,2023,61,1,1,0,0,0,0,0,0,1,0,0,0,0,0,0,0,1,0,0,0,0,0,0,1,1
3EFBE274-2767-42CE-98BD-FB52E02FB4D8,2013,92,0,0,0,0,1,0,0,0,0,1,0,0,1,0,0,0,0,0,0,0,0,0,0,1,0
39BA710C-4781-4A78-9F77-26C2A2AB194B,2023,61,1,1,0,0,0,0,0,0,1,0,0,0,0,0,0,0,1,0,0,0,0,0,0,1,1
3EFE8878-0134-4BE0-A8F3-BED881633A84,2010,51,1,1,1,0,0,0,0,0,1,0,0,0,0,0,0,0,0,1,0,0,0,0,0,1,0
3F00DFE6-0E05-4E36-A298-8982D2B20AE2,2010,62,0,0,0,1,0,0,0,0,1,0,0,0,0,0,1,0,0,0,0,0,0,1,0,0,0
1accaab0-1d19-11ea-93dd-ad92e007263c,2019,06,1,0,0,0,0,0,0,0,1,0,0,0,0,0,0,0,1,0,0,0,0,1,0,0,0
3F099EF4-7EB4-4D1A-A07D-6FF5A1CB0F69,2013,00,0,0,0,0,0,1,0,0,0,1,0,0,0,1,0,0,0,0,0,0,0,1,0,0,0
3F0EDE99-EA4F-421C-89C6-5A70A3B00F2E,2015,53,0,0,0,0,0,1,0,0,0,1,0,0,0,1,0,0,0,0,0,0,0,0,0,1,0
6E8D9047-5340-44E1-A53A-C2DD2E288D4B,2023,00,1,1,0,0,0,0,0,0,1,0,0,0,0,0,0,0,1,0,0,0,0,0,0,1,1
eebce240-b025-11f0-a027-d955a4d2f085,2025,00,0,1,0,0,0,0,0,0,1,0,0,0,0,0,0,0,1,0,0,0,0,0,0,1,0
9cc85d40-22d4-11eb-b221-a300329fb9cf,2018,54,0,0,0,0,1,0,0,0,0,1,0,0,1,0,0,0,0,0,0,0,0,0,0,1,0
0d9e1290-9376-11ec-a39a-3584eb2df2ab,2020,62,0,1,0,0,0,0,0,0,1,0,0,0,0,0,0,1,0,0,0,0,0,0,0,1,0
26BAD79D-0A84-4254-BB20-C34BF605E15A,2016,54,1,0,0,0,0,0,0,1,1,0,0,0,0,0,0,0,1,0,0,0,0,0,0,1,0
6585f8e0-9430-11e8-917e-2d57f68ecfdb,2018,52,0,0,0,1,0,0,0,0,1,0,0,0,0,0,0,0,0,0,0,1,0,1,0,0,0
3F2E29D3-8DF5-4C4C-8A0F-19B734BB8896,2013,44,1,0,0,0,0,0,0,0,1,0,0,0,0,0,0,0,1,0,0,0,0,0,0,1,0
3F2EF4B3-D7BE-431F-AAC9-65ACEFEE263D,2014,61,0,0,1,0,0,0,0,0,1,0,0,0,0,0,0,0,0,1,0,0,0,0,0,1,0
3F313A84-523E-4B82-B351-A4B7A0C5B51B,2012,00,0,1,0,0,0,0,0,0,1,0,0,0,0,0,0,1,0,0,0,0,0,0,0,1,0
C2E8628B-C30C-44C6-B559-81B31FE6E18E,2011,44,0,1,0,0,0,0,0,0,1,0,0,0,0,0,0,1,0,0,0,0,0,0,0,1,0
c9cdd720-eab5-11e7-92b6-dfe49f9d7042,2016,51,0,0,0,0,0,1,0,0,0,1,0,0,0,1,0,0,0,0,0,0,0,1,0,0,0
3F48A37A-66F5-4796-BC10-52A96550CCBE,2013,33,1,0,1,0,0,0,0,0,1,0,0,0,0,0,0,0,1,0,0,0,1,0,0,0,0
3F4AC0DC-BA49-4D50-847C-3597F27CE238,2011,62,0,0,0,0,0,1,0,0,0,1,0,0,0,1,0,0,0,0,0,0,0,1,0,0,0
ceaa8a00-8e7a-11ec-a600-657ec2694f8f,2021,04,0,1,0,0,0,0,0,0,1,0,0,0,0,0,0,1,0,0,0,0,0,0,0,1,0
3F62F4F4-FC9B-4CED-9A3A-33ED22C2B40F,2012,44,0,1,0,0,0,0,0,0,1,0,0,0,0,0,0,0,0,0,0,1,0,0,0,1,0
3F6DCBE0-4814-46BA-AEBA-EC6E76FC6924,2014,31,1,0,0,0,0,0,0,0,1,0,0,0,0,0,0,0,1,0,0,0,0,1,0,0,0
3F71EC11-695E-4AD0-833D-01B90D226990,2012,00,0,0,0,1,0,0,0,0,1,0,0,0,0,0,1,0,0,0,0,0,0,1,0,0,0
53ad2c30-e37b-11e7-8742-2bc46bd10713,2017,62,1,1,0,0,0,0,0,0,1,0,0,0,0,0,0,0,1,0,0,0,0,0,0,1,0
3F7BD9B6-E98B-47C5-8655-4FE85FA8FFEA,2013,33,0,0,0,0,1,0,0,0,0,1,0,0,1,0,0,0,0,0,0,0,0,0,0,1,0
98DA25E3-41F6-4E24-A238-40C489F258F7,2016,62,0,0,0,0,0,1,0,0,0,1,0,0,0,1,0,0,0,0,0,0,0,0,0,1,0
3F8088A2-8AA2-4741-A6B0-10C7EA5751E1,2014,81,0,0,0,0,0,0,0,1,0,0,0,1,0,0,0,0,0,0,0,1,0,0,0,1,0
3F897AC8-CE7C-4820-97EC-AA1EB5FA1B19,2003,54,0,1,0,0,1,0,0,0,0,0,1,0,1,0,0,0,0,0,0,0,0,0,0,1,0
5C6684EB-339D-41CA-AFC9-579E9E98ECB2,2016,44,0,0,0,1,0,0,0,0,1,0,0,0,0,0,0,0,0,0,0,1,0,1,0,0,0
CC5275C0-CBF9-46E5-BB83-5ACD3A3BDD58,2016,51,0,1,0,0,0,0,0,0,1,0,0,0,0,0,0,1,0,0,0,0,0,0,0,1,0
3F99B184-3F80-471F-B0AA-08ABF748F399,2013,00,0,0,0,0,1,0,0,0,0,1,0,0,1,0,0,0,0,0,0,0,0,0,0,1,0
3FA251EA-49AB-46C9-A12B-695A1D9A42DA,2015,45,1,1,0,0,0,0,0,0,1,0,0,0,0,0,0,0,1,0,0,0,0,0,0,1,0
3FA37503-0808-4A1C-941E-4F54FFBA42FD,2013,00,0,0,0,0,0,1,0,0,0,1,0,0,0,1,0,0,0,0,0,0,0,0,0,1,0
3FA8166F-08C5-4795-B31C-8F273FBCA628,2013,05,0,0,0,0,1,0,0,0,0,1,0,0,1,0,0,0,0,0,0,0,0,0,0,1,0
9739A93D-BC0B-4B71-91F7-93A45B8640CA,2023,61,1,1,0,0,0,0,0,0,1,0,0,0,0,0,0,0,1,0,0,0,0,0,0,1,1
3FBD2992-44EB-4AA8-9A48-CFA6DC7809E0,2014,00,0,1,0,0,0,0,0,0,1,0,0,0,0,0,0,1,0,0,0,0,0,0,1,0,0
582ae2e0-af77-11f0-a027-d955a4d2f085,2024,81,0,1,0,0,0,0,0,0,1,0,0,0,0,0,0,0,1,0,0,0,0,0,0,1,0
848100e0-ac78-11e8-8036-a30436c88231,2017,51,0,0,0,0,0,1,0,0,0,0,1,0,0,1,0,0,0,0,0,0,0,0,0,1,0
307253CE-0C76-4465-9B01-21B4E27DCF7C,2023,61,1,1,0,0,0,0,0,0,1,0,0,0,0,0,0,0,1,0,0,0,0,0,0,1,1
3FD2D843-952B-466A-BC33-8695D7019553,2009,51,1,1,1,0,0,0,0,0,1,0,0,0,0,0,0,0,0,1,0,0,0,0,0,1,0
9ec8a860-3c0b-11ec-963f-f964320be408,2021,61,1,0,0,0,0,0,0,0,1,0,0,0,0,0,0,0,1,0,0,0,0,1,0,0,0
85b67710-084a-11e8-8ccf-e3865b9fabe5,2016,51,0,1,0,0,0,0,0,0,1,0,0,0,0,0,0,1,0,0,0,0,0,0,0,1,0
2ba376f0-c48f-11e7-9a8b-47d1b690bc01,2014,92,0,0,0,0,1,0,0,0,0,1,0,0,1,0,0,0,0,0,0,0,0,0,1,0,0
3FEFE6D3-3B58-46F8-8EEA-440DCA079EE5,2013,92,0,0,0,0,0,1,0,0,0,1,0,0,0,1,0,0,0,0,0,0,0,1,0,0,0
24280592-385F-42C2-866D-996A6EA49C99,2023,61,1,1,0,0,0,0,0,0,1,0,0,0,0,0,0,0,1,0,0,0,0,0,0,1,1
3FFBCE24-5DEF-4D93-A37F-43C7757113E8,2013,44,0,0,0,0,0,0,0,1,1,0,0,0,0,0,0,0,0,0,0,1,0,0,0,1,0
3FFBD5F9-1DD3-4E11-B487-0B15FC3398F8,2013,54,0,1,0,0,0,0,0,0,1,0,0,0,0,0,0,0,0,0,0,1,0,0,0,1,0
40004386-18ED-4116-B7E9-9CD3CF874462,2014,05,0,0,0,0,1,0,0,0,0,0,1,0,1,0,0,0,0,0,0,0,0,0,0,1,0
40029DA6-6C33-4344-82AA-27B9BA623EEC,2011,42,0,0,0,0,1,0,0,0,1,0,0,0,1,0,0,0,0,0,0,0,0,0,0,1,0
4009C5CD-AF9B-4B57-9CEA-DE4CBE0D6961,2013,92,0,1,0,0,0,0,0,0,1,0,0,0,0,0,0,0,0,0,0,1,0,0,0,1,0
FF5DAC91-F937-4CB5-87F3-35228422DE29,2016,92,0,1,1,0,0,0,0,0,1,0,0,0,0,0,0,1,0,1,0,0,0,0,0,1,0
90ceec00-d901-11f0-82e6-074fe481ef29,2024,00,0,1,0,0,0,0,0,1,1,0,0,0,0,0,0,0,1,0,0,0,0,0,0,1,0
401A786C-1C53-43BD-BA3E-EBB4A1C4264C,2015,52,0,0,0,1,0,0,0,0,1,0,0,0,0,0,0,0,0,0,0,1,0,0,0,1,0
401B522A-7FC1-441A-83F5-2A2EF3BE5A0E,2015,52,0,0,0,1,0,0,0,0,1,0,0,0,0,0,0,0,0,0,0,1,0,1,0,0,0
4025E7AD-B65C-4810-AAB2-D4C6A3570E82,2014,00,0,1,0,0,0,0,0,0,1,0,0,0,0,0,0,1,0,0,0,0,1,0,0,0,0
C3622DA2-186D-4AFA-B8BE-4682BEBC2410,2015,92,0,0,0,0,1,0,0,0,0,1,0,0,1,0,0,0,0,0,0,0,0,0,0,1,0
71211bf0-b36a-11e7-ab44-150a764d3763,2017,07,1,0,0,0,0,0,0,0,1,0,0,0,0,0,0,0,1,0,0,0,1,0,0,0,0
c987f070-82aa-11e7-8009-bf30ec7afbca,2017,00,0,0,1,0,0,1,0,0,1,0,0,0,0,0,0,0,0,1,0,0,0,0,0,1,0
78346410-2374-11eb-a2fc-cdee479fbead,2020,92,0,0,0,0,0,1,0,0,0,1,0,0,0,1,0,0,0,0,0,0,0,0,0,1,0
40382821-778E-415C-88E8-C52D7CB9A306,2014,44,0,0,0,1,0,0,0,0,1,0,0,0,0,0,0,0,0,0,0,1,0,0,0,1,0
403BAD68-8997-436C-AAAD-E142C3CCDC3A,2013,54,0,0,0,0,1,0,0,0,0,1,0,0,1,0,0,0,0,0,0,0,0,0,0,1,0
4a774680-04b3-11eb-8c43-8ded27596b66,2020,71,0,0,0,0,0,1,0,0,0,1,0,0,0,1,0,0,0,0,0,0,0,0,0,1,0
4050F902-3636-44CB-A3C1-AA957DB7476C,2010,92,0,0,0,0,0,1,0,0,0,1,0,0,0,1,0,0,0,0,0,0,0,0,1,0,0
4056580C-3F12-4879-922C-AE9362367D4C,2015,52,0,1,0,0,0,0,0,0,1,0,0,0,0,0,0,1,0,0,0,0,0,1,0,0,0
5891e600-0584-11ea-a6b7-b9a04765ea4f,2019,62,0,0,0,0,0,1,0,0,0,1,0,0,0,1,0,0,0,0,0,0,0,0,0,1,0
405A5CCF-0D80-450B-A28F-0EFD6DD2623E,2010,92,0,0,0,0,0,1,0,0,0,1,0,0,0,1,0,0,0,0,0,0,0,0,1,0,0
406D61FF-C3C6-4EE1-B072-3749AB21D518,2014,00,0,0,0,0,1,0,0,0,0,1,0,0,1,0,0,0,0,0,0,0,0,0,0,1,0
4070CA64-AA55-468A-AEBD-AF96D7ACBFFE,2013,00,0,0,0,1,1,0,0,0,1,0,1,0,0,0,1,0,0,0,0,0,0,1,0,0,0
407DF2D2-ABD9-4B9F-BCCB-821704AC990A,2013,92,0,0,0,0,0,1,0,0,0,1,0,0,0,1,0,0,0,0,0,0,0,0,0,1,0
4092E913-316A-4806-B9B7-A80316342B4E,2013,62,0,0,0,1,0,0,0,0,1,0,0,0,0,0,1,0,0,0,0,0,0,1,0,0,0
9DF252C7-A7F8-435F-9CBE-9EA5007A1848,2015,62,0,0,0,1,0,0,0,0,1,0,0,0,0,0,1,0,0,0,0,0,0,1,0,0,0
70F0CBCD-CDE8-4196-ACD7-DB199AC313E7,2013,92,0,0,0,0,1,0,0,0,0,1,0,0,1,0,0,0,0,0,0,0,0,1,0,0,0
5c21bd90-05b4-11ec-a755-057d35a918cc,2021,81,0,1,0,0,0,0,0,0,1,0,0,0,0,0,0,0,0,0,0,1,0,1,0,0,0
20a73120-c4a7-11e7-9a8b-47d1b690bc01,2017,61,0,1,0,0,0,0,0,0,1,0,0,0,0,0,0,0,1,0,0,0,0,1,0,0,0
020b29c0-72c2-11eb-a674-05cfd55ad89e,2020,45,0,1,0,0,0,0,0,0,1,0,0,0,0,0,0,0,1,0,0,0,0,0,0,1,0
CE0812A0-7FA1-4546-90B3-B66857CF2A36,2014,62,0,0,0,0,0,1,0,0,0,1,0,0,0,1,0,0,0,0,0,0,0,1,0,0,0
40B43F8D-6D91-443F-A615-218794E60EFE,2013,00,0,0,0,0,1,0,0,0,0,1,0,0,1,0,0,0,0,0,0,0,0,1,0,0,0
e6dd9320-de0e-11e9-92e6-b7a271e742aa,2019,54,0,0,0,0,0,1,0,0,0,1,0,0,0,1,0,0,0,0,0,0,0,0,0,1,0
40C5B658-567A-43FB-867C-EC8D99EA9534,2013,62,0,0,0,0,0,1,0,0,0,1,0,0,0,1,0,0,0,0,0,0,0,0,0,1,0
40CA2C03-41FC-493C-8E34-86DD8E4B0926,2013,54,0,1,0,0,0,0,0,0,1,0,0,0,0,0,0,1,0,0,1,0,1,0,0,0,0
40D0954B-83CF-4337-B98E-EA7F8B1F7628,2011,62,0,0,0,0,1,0,0,0,0,1,0,0,1,0,0,0,0,0,0,0,0,0,0,1,0
40D3E0FA-9BAA-4E80-AA4E-0B4027BCE2E2,2013,92,0,0,0,1,0,0,0,0,1,0,0,0,0,0,1,0,0,0,0,0,0,0,0,1,0
962C8FDE-3DC3-48A9-BBD1-8BA8171162A5,2014,54,0,0,0,0,1,0,0,0,0,1,0,0,1,0,0,0,0,0,0,0,1,0,0,0,0
F83B47B0-E7FF-40FE-83C1-C9CAF9C75624,2015,62,1,0,0,0,0,0,0,0,1,0,0,0,0,0,0,0,1,0,0,0,0,1,0,0,0
40EBE1F8-46F1-4FF1-8D46-3CDDA82A827B,2013,62,0,0,0,1,0,0,0,0,1,0,0,0,0,0,1,0,0,0,0,0,0,1,0,0,0
60B3C834-867E-4D7C-A181-5E2576D74127,2016,05,0,0,0,0,0,1,0,0,0,1,0,0,0,1,0,0,0,0,0,0,0,1,0,0,0
40F49503-39E0-435E-92C3-86871EBC7637,2013,56,0,1,0,0,0,0,0,0,1,0,0,0,0,0,0,1,0,0,0,0,0,0,0,1,0
40F9EE27-934A-49BB-83C1-72B3563829F9,2011,48,1,0,0,0,0,0,0,0,1,0,0,0,0,0,0,0,1,0,0,0,0,1,0,0,0
07c93380-1061-11ea-9257-5f79bcff5761,2019,00,1,0,0,0,0,0,0,1,1,0,0,0,0,0,0,0,1,0,0,0,1,0,0,0,0
40FF91C1-0BA2-445D-9694-D678BD4734AA,2007,56,0,1,0,0,0,0,0,0,1,0,0,0,0,0,0,1,0,0,0,0,0,0,0,1,0
4103B434-9A72-46B0-BCFC-625D32D3C446,2012,92,0,0,0,0,1,0,0,0,0,1,0,0,1,0,0,0,0,0,0,0,0,0,0,1,0
41053D59-6830-4162-9C74-31FA7118DD68,2011,56,0,0,0,0,1,0,0,0,0,1,0,0,1,0,0,0,0,0,0,0,0,0,0,1,0
41143E67-DABE-4F94-9494-ADB4E917C895,2014,62,0,0,0,0,0,1,0,0,0,1,0,0,0,1,0,0,0,0,0,0,0,0,0,1,0
411CE5F3-51D8-46CF-A500-EF4B3EFBA0D4,2013,52,0,0,0,0,1,0,0,0,1,1,0,0,1,0,0,0,0,0,0,0,0,0,0,1,0
41232BB7-201C-4FE7-B5A5-0FF041D84962,2014,61,0,0,0,1,0,0,0,0,1,0,0,0,0,0,1,0,0,0,0,0,0,0,0,1,0
798AFB14-F0B7-42FB-B878-550590561FCD,2016,54,0,1,0,0,0,0,0,0,1,0,0,0,0,0,0,0,0,0,0,1,0,0,0,1,0
FC569095-D812-409B-B58B-85E880C667BE,2015,62,0,0,0,0,1,0,0,0,0,1,0,0,1,0,0,0,0,0,0,0,0,0,0,1,0
41287D7A-42AA-4A1B-8FB2-AA5CCE8FF4D6,2010,62,0,0,0,1,0,0,0,0,1,0,0,0,0,0,1,0,0,0,0,0,0,1,0,0,0
f6498c10-dedb-11e9-ad75-f56272c47bf9,2018,61,0,1,1,0,0,0,0,0,1,0,0,0,0,0,0,0,0,1,0,0,0,0,0,1,0
0dff3590-c8f6-11e9-b2db-f769187145bf,2019,51,0,0,0,0,0,1,0,0,0,1,0,0,0,1,0,0,0,0,0,0,0,0,0,1,0
a2a3cd50-f45a-11eb-821b-d1ebb09f37f0,2021,71,0,1,0,0,0,0,0,0,1,0,0,0,0,0,0,0,1,0,0,0,0,1,0,0,0
6F51AF3F-D1F6-484E-92AB-247FF4BA0D74,2023,61,1,1,0,0,0,0,0,0,1,0,0,0,0,0,0,0,1,0,0,0,0,0,0,1,1
e08f7aa0-e06c-11e9-9b3e-615de4b5b4cd,2014,00,0,0,0,0,1,0,0,0,0,1,0,0,1,0,0,0,0,0,0,0,0,0,0,1,0
22EB19FE-8949-48E0-9EB3-E0BEE1F1C724,2015,62,0,1,0,0,0,0,0,0,1,0,0,0,0,0,0,1,0,0,0,0,0,0,0,1,0
e119ab10-974a-11e8-8342-0f8f10fcd812,2018,62,1,0,0,0,0,0,0,0,1,0,0,0,0,0,0,0,1,0,0,0,0,1,0,0,0
41515784-6985-4F96-951A-89FFF232E225,2013,81,0,1,0,0,0,0,0,0,1,0,0,0,0,0,0,1,0,0,0,0,0,0,0,1,0
41523C5D-D6C9-42F8-BF7A-5A13730591F2,2010,42,0,1,0,0,0,0,0,0,1,0,0,0,0,0,0,0,1,0,0,0,0,0,0,1,0
41593483-6F37-463F-B1BE-124E1E57F90B,2010,92,0,0,0,0,0,1,0,0,0,1,0,0,0,0,1,0,0,0,0,0,0,0,0,1,0
053A1551-4239-4F3F-B899-C633E97642AE,2023,61,1,1,0,0,0,0,0,0,1,0,0,0,0,0,0,0,1,0,0,0,0,0,0,1,1
68bc3c70-c5a2-11e7-8053-ff1e84d2b694,2017,62,0,0,0,0,0,1,0,0,0,1,0,0,0,1,0,0,0,0,0,0,0,0,0,1,0
4170F5B8-441E-4A20-AA2B-690D9BFBFFE2,2011,92,0,0,0,0,0,1,0,0,0,1,0,0,0,1,0,0,0,0,0,0,0,0,0,1,0
4174F012-212C-4ADB-AC95-553492E696FC,2010,62,0,0,0,0,0,0,0,1,0,0,0,1,0,0,0,0,0,0,0,1,0,1,0,0,0
417C8762-1289-4233-A3CB-6DCE0890184E,2014,92,0,0,0,0,0,1,0,0,0,1,0,0,0,1,0,0,0,0,0,0,0,0,0,1,0
09fbea80-da77-11eb-bcc7-b7194a064c3e,2021,44,0,0,0,0,0,1,0,0,0,1,0,0,0,1,0,0,0,0,0,0,0,0,0,1,0
41826F1B-415D-4EFB-894F-6A7C971640C0,2023,00,1,1,0,0,0,0,0,0,1,0,0,0,0,0,0,0,1,0,0,0,0,0,0,1,1
ccd25020-de17-11e9-b511-f75921c18742,2019,62,1,0,0,0,0,0,0,0,1,0,0,0,0,0,0,0,1,0,0,0,0,1,0,0,0
0078E54A-B5D8-42E3-8D95-7B767E71EA36,2023,61,1,1,0,0,0,0,0,0,1,0,0,0,0,0,0,0,1,0,0,0,0,0,0,1,1
E1572CFA-A232-48B1-9FCB-0EF2AFFFBC3E,2023,61,1,1,0,0,0,0,0,0,1,0,0,0,0,0,0,0,1,0,0,0,0,0,0,1,1
4197F856-A0FC-4913-86A2-F56DA43B96F2,2013,62,0,1,0,0,0,0,0,0,1,0,0,0,0,0,0,0,0,0,0,1,0,0,0,1,0
419EDF1A-B743-42E7-8936-12ACBAC1D4BD,2010,92,0,0,0,0,0,1,0,0,0,1,0,0,0,0,1,0,0,0,0,0,0,0,0,1,0
D9D4F495-E875-A2E0-75A1-A4A6E1B9770F,2025,49,0,1,0,0,0,0,0,0,1,0,0,0,0,0,0,1,0,0,0,0,0,0,0,1,0
41A07FC0-4890-45E2-9158-D49FBBA9B7AA,2012,92,0,0,0,1,0,0,0,0,1,0,0,0,0,0,1,0,0,0,0,0,0,1,0,0,0
445fb140-8768-11e7-944f-971cfc93387d,2016,62,0,1,0,1,1,0,0,0,0,1,0,0,1,0,0,0,0,0,0,0,0,0,0,1,0
41B13F21-5477-455E-BE1F-65A0B4CC15B6,2015,00,1,1,0,0,0,0,0,0,1,0,0,0,0,0,0,1,0,0,0,0,0,0,0,1,0
191D72DF-765E-4305-A0B7-7D0B9D62B000,2023,52,1,1,0,0,0,0,0,0,1,0,0,0,0,0,0,0,1,0,0,0,0,0,0,1,1
41C9EE0D-6D72-44A2-A222-7A4170C5571B,2012,54,0,0,0,0,1,0,0,0,0,1,0,0,1,0,0,0,0,0,0,0,0,0,0,1,0
db4ac530-dfe5-11ef-8e7d-5bcd93832819,2023,52,0,1,0,0,0,0,0,0,1,0,0,0,0,0,0,0,1,0,0,0,0,0,0,1,0
41CBE7EA-47AD-4FBD-9CC8-5B75FF89E2AB,2013,56,1,1,0,0,0,0,0,0,0,0,0,1,0,0,0,1,1,0,0,0,0,0,0,1,0
69327790-8e6c-11ec-a600-657ec2694f8f,2021,61,1,1,0,0,0,0,0,0,1,0,0,0,0,0,0,0,1,0,0,0,0,1,0,0,0
41D3BB37-FE85-4BD9-99D4-D3D79F80824F,2013,23,0,0,0,1,0,0,0,0,1,0,0,0,0,0,1,0,0,0,0,0,0,1,0,0,0
b242b120-9a4b-11e8-8652-5d096cfefbb4,2018,62,0,1,0,0,0,0,0,0,1,0,0,0,0,0,0,0,1,0,0,0,0,1,0,0,0
41D7B101-214B-4187-ABB4-37D86268B65F,2012,52,0,0,0,0,0,1,0,0,0,1,0,0,0,1,0,0,0,0,0,0,0,0,0,1,0
DB3095ED-717B-4068-ACDC-C70B85B835CB,2015,62,0,0,1,0,1,0,0,0,0,1,0,0,1,0,0,0,0,0,0,0,0,0,0,1,0
d0b64c60-e2dc-11e7-a8b4-b50015373b0a,2017,92,0,0,0,0,0,1,0,0,0,1,0,0,0,1,0,0,0,0,0,0,0,0,0,1,0
41E33387-D782-4AC9-99D3-366CD0C8B100,2008,92,0,0,0,0,0,1,0,0,0,1,0,0,0,1,0,0,0,0,0,0,0,1,0,0,0
41EC0E0D-4516-45F2-8AB2-964773A95ABF,2013,00,1,1,1,0,0,0,0,0,1,0,0,0,0,0,0,0,0,1,0,0,0,0,0,1,0
41EC3B32-9FB2-4C68-91B5-582DCA6DE817,2013,92,0,0,0,0,0,1,0,0,0,1,0,0,0,1,0,0,0,0,0,0,0,0,0,1,0
42081F20-EA5E-421E-AF0F-FB7C50E860F9,2010,92,0,0,0,0,1,0,0,0,0,1,0,0,1,0,0,0,0,0,0,0,0,0,0,1,0
420FBA11-63A7-4A42-82EE-2FDA0F89AE97,2013,92,0,0,0,0,1,0,0,0,0,1,0,0,1,0,0,0,0,0,0,0,0,0,0,1,0
42137188-3D60-4244-8594-781741B99D71,2012,92,0,0,0,0,0,1,0,0,0,1,0,0,0,1,0,0,0,0,0,0,0,0,0,1,0
309071f0-17cd-11ec-b2e1-af958f712d05,2020,61,0,0,0,0,0,1,0,0,0,1,0,0,0,1,0,0,0,0,0,0,0,0,0,1,0
4218EC1F-B6E4-409D-AF83-5EADEFD8536D,2015,42,0,0,0,1,0,0,0,0,1,0,0,0,0,0,0,0,0,0,0,1,0,1,0,0,0
421ADD8A-41DD-4909-8AB0-8C8EB1F1555D,2014,00,0,1,0,0,0,0,0,0,1,0,0,0,0,0,0,1,0,0,0,0,0,0,0,1,0
421E1EDD-CAD9-40DC-9E0C-3B549F93E94D,2010,92,0,0,0,0,1,0,0,0,0,1,0,0,1,0,0,0,0,0,0,0,0,0,0,1,0
DDD3F3FB-0CF2-4786-8473-2C604DD70ABD,2023,52,1,1,0,0,0,0,0,0,1,0,0,0,0,0,0,0,1,0,0,0,0,0,0,1,1
422136CD-0101-47BC-886A-DC118926EA51,2010,06,0,1,0,0,0,0,0,0,1,0,0,0,0,0,0,0,1,0,0,0,0,0,0,1,0
4224F4DF-5F87-496F-B7A3-272E337C7BC8,2013,61,0,0,0,0,0,0,0,1,0,0,0,1,0,0,0,0,0,0,0,1,0,0,0,1,0
4227DEE1-4174-42FB-9469-577376AA1254,2013,62,0,0,0,1,0,0,0,0,1,0,0,0,0,0,1,0,0,0,0,0,0,0,0,1,0
CACCA87D-8FC7-4722-81D7-C84BC9F45C88,2016,62,1,1,1,0,0,0,0,0,1,0,0,0,0,0,0,0,0,1,0,0,1,0,0,0,0
422CCDD5-FC53-46BB-819B-2A5F9D6C8A87,2012,52,0,1,0,0,0,0,0,0,1,0,0,0,0,0,0,1,0,0,0,0,0,0,0,1,0
e5304eb0-4b3d-11ed-97e9-d97d698656bd,2021,52,0,0,0,0,1,0,0,0,0,1,0,0,1,0,0,0,0,0,0,0,1,0,0,0,0
42399D64-D8F3-4B5C-AE5E-1CC531298735,2013,62,0,0,0,0,1,0,0,0,0,1,0,0,1,0,0,0,0,0,0,0,0,1,0,0,0
CC8FA57C-BEBA-43E6-A3DB-7D10B021B18C,2023,61,1,1,0,0,0,0,0,0,1,0,0,0,0,0,0,0,1,0,0,0,0,0,0,1,1
2E823681-26B3-4B51-9431-6FA73195856D,2023,61,1,1,0,0,0,0,0,0,1,0,0,0,0,0,0,0,1,0,0,0,0,0,0,1,1
424F12BF-CD8C-49C9-B638-113EF2D21821,2012,92,0,0,0,0,1,0,0,0,0,1,0,0,1,0,0,0,0,0,0,0,0,0,0,1,0
C0C4B24D-4051-44DC-A004-09B009436AEE,2015,62,0,0,0,0,1,0,0,0,0,1,0,0,1,0,0,0,0,0,0,0,0,0,0,1,0
425BD921-2091-4A73-8887-47948C26146F,2013,51,0,0,0,0,0,1,0,0,0,1,0,0,0,0,1,0,0,0,0,0,0,1,0,0,0
42618A70-B7F9-474B-BCC6-2D4D7DDAB304,2014,42,0,1,0,0,0,0,0,0,1,0,0,0,0,0,0,1,0,0,1,0,1,0,0,0,0
f9233520-eaaf-11e7-92b6-dfe49f9d7042,2017,62,0,0,1,0,0,0,0,0,1,0,0,0,0,0,0,0,0,1,0,0,0,0,0,1,0
0b76aa80-53ac-11ed-9bc2-d5a5778fd37b,2022,42,0,1,0,0,0,0,0,0,1,0,0,0,0,0,0,0,1,0,0,0,0,0,0,1,0
BC8D059C-7339-49BC-BCF6-EB9F973F0C32,2016,62,0,0,0,1,0,1,0,0,0,1,0,0,0,1,1,0,0,0,0,0,0,1,0,0,0
427B1110-D312-4DCE-ADBF-6A1B490D24DB,2014,00,0,0,0,1,0,0,0,0,1,0,0,0,0,0,0,0,0,0,0,1,0,1,0,0,0
97767ca0-a61c-11e8-b17d-c5c01e287634,2018,51,0,0,0,0,0,1,0,0,0,1,0,0,0,1,0,0,0,0,0,0,0,0,0,1,0
4281122D-F1D1-4FA8-A660-B4DCAB9215E5,2014,51,0,1,0,0,0,0,0,0,1,0,0,0,0,0,0,1,0,0,1,0,1,0,0,0,0
4286C6E4-0C10-464C-AFFF-04851C2CCE1F,2014,81,0,1,0,0,0,0,0,0,1,0,0,0,0,0,0,1,0,0,0,0,0,0,1,0,0
70abcb80-bf08-11e7-a9c6-17df034f6c5e,2017,00,0,0,0,0,0,1,0,0,0,1,0,0,0,0,1,0,0,0,0,0,0,0,1,0,0
CF7D56D9-63AD-4AE8-818E-9CC158314120,2015,92,0,0,0,0,0,1,0,0,0,1,0,0,0,1,0,0,0,0,0,0,0,0,0,1,0
4295B4DC-50A9-4545-A602-3F8B1728A806,2013,00,0,0,0,0,1,0,0,0,0,1,0,0,1,0,0,0,0,0,0,0,0,0,0,1,0
F3502998-B80E-4DB6-B8C6-D35E3CF7121C,2023,61,1,1,0,0,0,0,0,0,1,0,0,0,0,0,0,0,1,0,0,0,0,0,0,1,1
42994604-BC7C-4088-A4B5-16F3CC362C43,2012,62,0,0,0,1,0,0,0,0,1,0,0,0,0,0,1,0,0,0,0,0,0,1,0,0,0
2a2c3ae0-e439-11e7-8742-2bc46bd10713,2016,62,0,1,0,0,0,0,0,0,1,0,0,0,0,0,0,1,0,0,0,0,0,0,0,1,0
42A60425-AF1B-49A1-A2DA-FFEF8CC0B081,2010,92,0,0,0,0,0,1,0,0,0,1,0,0,0,0,1,0,0,0,0,0,0,0,0,1,0
d83fdf20-d302-11e8-9b3a-b50b161886e9,2018,92,0,0,0,0,0,1,0,0,0,1,0,0,0,1,0,0,0,0,0,0,0,0,0,1,0
42C036F9-5C0F-4CA0-97D0-0299CDF5BF7C,2012,00,1,1,1,0,0,0,0,0,1,0,0,0,0,0,0,0,0,1,0,0,0,0,0,1,0
42C73370-097F-4026-9DDD-4C21330FB62F,2013,62,0,0,0,0,0,1,0,0,0,1,0,0,0,1,0,0,0,0,0,0,0,0,0,1,0
5a6d4a10-cf3c-11e9-89a9-015b821d7cea,2013,52,0,0,0,0,0,1,0,0,0,0,1,0,0,1,0,0,0,0,0,0,0,0,0,1,0
42D99EE9-709A-4CB6-AD3D-C5C4E1FB59EF,2014,92,0,0,0,0,1,0,0,0,0,1,0,0,1,0,0,0,0,0,0,0,0,0,0,1,0
ef191cc0-9748-11e8-8342-0f8f10fcd812,2018,48,1,0,1,0,0,0,0,0,1,0,0,0,0,0,0,0,1,1,0,0,1,0,0,0,0
42DD2FF6-C2D8-4B7A-89C9-E5FAE5676CD4,2015,72,1,1,0,0,0,0,0,0,1,0,0,0,0,0,0,0,1,0,0,0,0,0,0,1,0
C2391D7D-F567-4088-A999-E9AEBB19E310,2013,62,0,0,0,0,1,0,0,0,0,1,0,0,1,0,0,0,0,0,0,0,0,0,0,1,0
42EC4C3F-89FD-400A-B9DF-F24F6A5DAC7E,2011,52,0,1,0,0,0,0,0,0,1,0,0,0,0,0,0,0,0,0,0,1,0,0,0,1,0
42EE6884-DE89-41C3-A844-9C325089CC0A,2013,62,0,0,0,0,1,0,0,0,0,1,0,0,1,0,0,0,0,0,0,0,0,0,0,1,0
42F0CC86-615E-4D90-83E7-1C9496E6E629,2014,81,0,1,0,0,0,0,0,0,1,0,0,0,0,0,0,1,0,0,0,0,1,0,0,0,0
42FCEAC1-1504-40AC-8E12-63B687919791,2012,62,0,0,0,0,0,1,0,0,0,1,0,0,0,0,1,0,0,0,0,0,0,1,0,0,0
4306365C-950B-4234-B8F6-4D9B97FEBF6D,2011,62,0,0,0,1,0,0,0,0,1,0,0,0,0,0,1,0,0,0,0,0,0,1,0,0,0
226D1AE9-0B48-40BE-AD23-14DD4D56D555,2016,62,0,0,0,0,0,1,0,0,0,1,0,0,0,1,0,0,0,0,0,0,0,0,0,1,0
43235DF2-FDD5-4C03-93DB-CBC27EBB08C3,2014,05,0,0,0,0,1,0,0,0,0,1,0,0,1,0,0,0,0,0,0,0,0,0,0,1,0
376ceb50-6be4-11e7-97f1-7f40b0b1fd66,2017,52,0,0,0,0,0,1,0,0,0,1,0,0,0,1,0,0,0,0,0,0,0,0,0,1,0
432E5D78-C0FA-4205-892B-5027875DEDAC,2006,61,0,1,0,0,0,0,0,0,1,0,0,0,0,0,0,0,0,0,0,1,0,0,0,1,0
4523166B-1B39-46CD-A0BB-A11930D1EB12,2023,61,1,1,0,0,0,0,0,0,1,0,0,0,0,0,0,0,1,0,0,0,0,0,0,1,1
43437810-64A5-4D55-B3FF-A31D09195B81,2014,48,0,0,0,0,0,0,0,1,0,0,0,1,0,0,0,0,0,0,0,1,0,0,0,1,0
D0C1F470-C0FB-4A45-86FE-98B9FD60E426,2023,61,1,1,0,0,0,0,0,0,1,0,0,0,0,0,0,0,1,0,0,0,0,0,0,1,1
D10EFBCE-7C17-4AA5-A813-6383D3E76C32,2023,61,1,1,0,0,0,0,0,0,1,0,0,0,0,0,0,0,1,0,0,0,0,0,0,1,1
434E52F3-74AA-4087-9DD4-E98C9160D84B,2013,00,0,1,0,0,0,0,0,0,1,0,0,0,0,0,0,1,0,0,0,0,0,0,0,1,0
1F2930EE-A9B8-498D-8DC2-099E77EDA8A0,2015,00,0,0,0,0,1,0,0,0,0,1,0,0,1,0,0,0,0,0,0,0,0,0,0,1,0
436C83D7-3B38-4AFF-B3DB-05DBBEE6EE2C,2010,62,0,0,0,1,0,0,0,0,1,0,0,0,0,0,1,0,0,0,0,0,0,1,0,0,0
466B8EDA-EECC-40E6-8262-D548F7DC3057,2023,61,1,1,0,0,0,0,0,0,1,0,0,0,0,0,0,0,1,0,0,0,0,0,0,1,1
436FB605-5944-43AC-A581-6BFB91676FDD,2013,92,0,0,0,1,0,0,0,0,1,0,0,0,0,0,1,0,0,0,0,0,0,1,0,0,0
B68FE23A-B006-4358-A88F-427D7A0E17C2,2015,92,0,0,0,0,1,0,0,0,0,1,0,0,1,0,0,0,0,0,0,0,0,0,0,1,0
8C924583-5591-4627-848C-89AF82789958,2015,92,0,0,0,0,0,1,0,0,0,1,0,0,0,0,1,0,0,0,0,0,0,0,0,1,0
438607BB-8961-417E-B895-F68F9A396569,2014,92,0,0,0,0,0,1,0,0,1,0,0,0,0,1,0,0,0,0,0,0,1,0,0,0,0
b80bab20-9b0e-11e8-8050-370b93adfe70,2018,54,0,0,0,0,0,1,0,0,0,1,0,0,0,1,0,0,0,0,0,0,0,0,0,1,0
43935815-4279-4DF1-A9D4-A75AFD7707A5,2013,00,1,1,1,0,0,0,0,0,1,0,0,0,0,0,0,0,0,1,0,0,0,0,0,1,0
88a93e10-a26c-11e7-bd2e-43ac41b832c9,2015,62,0,0,0,0,1,0,0,0,0,1,0,0,1,0,0,0,0,0,0,0,0,0,0,1,0
4396ECFD-B5EA-4184-9A8E-3BC39FC26BBB,2013,92,0,1,0,0,0,0,0,0,1,0,0,0,0,0,0,0,0,0,0,1,0,0,0,1,0
439821D4-898A-4207-9A36-F27DF214D41C,2013,62,0,0,0,1,0,0,0,0,1,0,0,0,0,0,1,0,0,0,0,0,0,1,0,0,0
43A395DE-4AC4-4A42-91D1-8515CB114105,2025,62,0,1,0,0,0,0,0,0,1,0,0,0,0,0,0,0,0,0,0,1,0,0,0,1,0
43AC915E-AC99-4302-9CF9-3C36198FF92F,2012,62,0,0,0,0,0,0,0,1,0,0,0,1,0,0,0,0,0,0,0,1,0,1,0,0,0
bbd6aaf0-bd3e-11e8-aa8d-730052dce2c2,2018,00,0,0,0,0,0,1,0,0,0,1,0,0,0,1,0,0,0,0,0,0,0,0,0,1,0
43B52C0A-9561-43F7-82E4-920CF852691B,2007,62,0,0,0,0,1,0,0,0,0,1,0,0,1,0,0,0,0,0,0,0,0,0,0,1,0
43B9EC0C-B789-4F1B-84EA-BD83E8A3B74A,2012,45,0,1,0,0,0,0,0,0,1,0,0,0,0,0,0,1,0,0,0,0,0,0,0,1,0
43BCD096-E27F-48AA-A3E2-83FB710236D6,2012,62,0,0,0,0,1,0,0,0,0,1,0,0,1,0,0,0,0,0,0,0,0,0,0,1,0
43BD03E8-9BDB-4E5D-89C5-50293F5E4DDF,2013,62,0,0,0,1,0,0,0,0,1,0,0,0,0,0,1,0,0,0,0,0,0,0,0,1,0
059a8de0-d57e-11e7-af4f-6b5d4514198e,2016,62,0,0,0,0,1,0,0,0,0,1,0,0,1,0,0,0,0,0,0,0,0,0,0,1,0
580d0030-de14-11e9-92e6-b7a271e742aa,2019,92,0,0,1,0,0,0,0,0,1,0,0,0,0,0,0,0,0,1,0,0,0,0,0,1,0
43D2BBC3-962A-4D18-96E6-85BE8B24BC49,2013,00,0,1,0,0,0,0,0,0,1,0,0,0,0,0,0,1,0,0,0,0,0,1,0,0,0
43D7D76C-902D-4CE0-8E95-069AC5A6D37A,2013,00,1,1,1,0,0,0,0,0,1,0,0,0,0,0,0,0,0,1,0,0,0,0,0,1,0
43D81C8C-842D-4437-838F-D8C6BEAC400A,2012,00,0,1,0,0,0,0,0,0,1,0,0,0,0,0,0,0,0,0,0,1,0,0,0,1,0
43DDCD89-7C94-4251-9954-3FEBE633DE84,2012,92,0,1,0,0,0,0,0,0,1,0,0,0,0,0,0,0,1,0,0,0,0,0,0,1,0
43DE11F0-D9BB-4A4B-9C4D-E5E07E000EA2,2011,62,0,0,0,1,0,0,0,0,1,0,0,0,0,0,1,0,0,0,0,0,0,1,0,0,0
43E5755C-FA9C-4C40-B6B3-4F986085FB81,2010,62,0,0,0,0,0,1,0,0,0,1,0,0,0,1,0,0,0,0,0,0,0,1,0,0,0
43EBEEB3-2D3B-4782-B561-04F323EAFB67,2011,52,0,0,0,0,1,0,0,0,0,1,0,0,1,0,0,0,0,0,0,0,0,0,0,1,0
B46C3BF0-E90F-4E16-B7FF-31C93F6AF265,2010,51,1,0,0,0,1,0,0,0,1,0,0,0,0,0,0,0,1,0,0,0,0,0,0,1,0
44024B76-5DD7-4E66-B209-ED3F1CF4B205,2012,92,0,0,0,1,1,0,0,0,0,1,0,0,1,0,1,0,0,0,0,0,0,0,0,1,0
86d4d9b0-d978-11e9-9ff0-a5a30eaf0927,2019,71,0,0,0,0,1,0,0,0,0,1,0,0,1,0,0,0,0,0,0,0,1,0,0,0,0
4412B2F1-6228-4040-A789-3488435E09EC,2014,61,0,1,0,0,0,0,0,0,1,0,0,0,0,0,0,1,0,0,0,0,0,0,0,1,0
9A6B230C-CD76-45D8-89E6-1874CC8DF71B,2016,00,0,1,0,0,0,0,0,0,1,0,0,0,0,0,0,0,1,0,0,0,0,0,0,1,0
4FEB4103-8DE7-4BFC-BFEC-5E7A7C442AF2,2015,62,0,0,0,0,0,1,0,0,0,1,0,0,0,1,0,0,0,0,0,0,0,1,0,0,0
4420894A-25CD-417D-8A5C-83691326BFC3,2011,62,0,0,0,1,0,0,0,0,1,0,0,0,0,0,1,0,0,0,0,0,0,1,0,0,0
4420BB21-8ACD-4BC4-9FAD-BF124B5F6409,2013,62,0,0,0,1,0,0,0,0,1,0,0,0,0,0,1,0,0,0,0,0,0,0,0,1,0
442E4333-25BD-4B06-966D-33B2EF6D178B,2012,45,1,1,0,0,0,0,0,0,1,0,0,0,0,0,0,1,1,0,0,0,0,0,0,1,0
44319114-0DE6-446B-9509-7344D236116E,2011,92,0,0,0,0,0,1,0,0,0,1,0,0,0,1,0,0,0,0,0,0,0,1,0,0,0
4434A091-4B0D-4318-BF46-67AEDB99C6EB,2010,92,0,0,0,0,0,1,0,0,0,1,0,0,0,0,0,0,0,0,0,1,0,0,0,1,0
4434C0AC-FF96-45D1-9175-EFC37255ED06,2013,92,0,0,0,0,0,1,0,0,0,1,0,0,0,1,0,0,0,0,0,0,0,0,0,1,0
44377EFD-99D0-45A4-863B-492F93CB6CAC,2012,00,0,1,0,0,0,0,0,0,1,0,0,0,0,0,0,0,0,0,0,1,0,0,0,1,0
443C22C7-6AAD-4EF9-A631-552FD6B1779B,2010,54,1,1,1,0,0,0,0,0,1,0,0,0,0,0,0,0,0,1,0,0,0,0,0,1,0
44423A31-3B6A-49C7-BDFA-66341DA6AFA5,2012,54,0,1,0,0,0,0,0,0,1,0,0,0,0,0,0,0,1,0,0,0,0,0,0,1,0
4448DCF5-50A3-4D3D-ACA1-C43255A636B2,2014,00,1,0,0,0,0,0,0,0,1,0,0,0,0,0,0,0,1,0,0,0,1,0,0,0,0
44645C08-C310-4B19-BDD4-BF6B529775BA,2012,62,0,0,0,0,0,1,0,0,0,1,0,0,0,0,1,0,0,0,0,0,0,1,0,0,0
8DACBD41-2FE3-44E9-8FFF-37FB65859A9E,2016,61,0,0,0,0,1,0,0,0,0,1,0,0,1,0,0,0,0,0,0,0,0,1,0,0,0
C589C710-DEFD-444E-BED3-6310967F44B5,2016,62,1,0,0,0,0,0,0,0,1,0,0,0,0,0,0,0,1,0,0,0,0,1,0,0,0
3BE519E7-EB8E-4DE9-BE6C-DB425CFDB836,2015,62,0,0,0,0,1,1,0,0,0,1,0,0,0,1,0,0,0,0,0,0,0,1,0,0,0
f243a2f0-1a1f-11ec-9cee-0b92cf8d85df,2020,51,0,0,0,0,0,1,0,0,0,1,0,0,0,1,0,0,0,0,0,0,0,0,0,1,0
4484700C-07C8-42BE-A121-FD1AF8BC7511,2010,92,0,0,0,0,0,1,0,0,0,1,0,0,0,0,1,0,0,0,0,0,0,0,0,1,0
EFD74200-62A0-4906-8E97-6E44B226C6EE,2015,62,0,0,0,0,1,1,0,0,0,1,0,0,0,1,0,0,0,0,0,0,0,0,0,1,0
a08d6390-e357-11e7-bf7a-0771e1cc9602,2017,62,0,0,0,0,1,0,0,0,0,1,0,0,1,0,0,0,0,0,0,0,0,0,0,1,0
7cfa2db0-7c5e-11e7-8ec0-e369e9638092,2014,52,0,0,0,0,1,0,0,0,0,1,0,0,1,0,0,0,0,0,0,0,1,0,0,0,0
a380aa10-8cbf-11e7-97c0-cfe5b6ac1588,2017,00,0,0,0,0,0,1,0,0,0,1,0,0,0,1,0,0,0,0,0,0,0,0,0,1,0
44B59436-4ECB-4D16-97AC-F798676BB227,2006,62,0,0,0,1,0,0,0,0,1,0,0,0,0,0,1,0,0,0,0,0,0,1,0,0,0
3c08b400-10ae-11ec-ac2c-abfc822846a5,2020,62,0,0,0,0,0,1,0,0,0,0,1,0,0,0,1,0,0,0,0,0,0,0,0,1,0
44BA1F77-B7AC-4CAB-9EB0-F576363468E3,2012,92,0,0,0,0,1,0,0,0,0,1,0,0,1,0,0,0,0,0,0,0,0,0,0,1,0
FD732066-37A4-4EAA-87B2-D8846350B8FB,2016,62,0,0,0,0,1,0,0,0,0,1,0,0,1,0,0,0,0,0,0,0,0,0,0,1,0
A2BCE90E-E189-4ED1-9BC8-78AD4EF29485,2023,61,1,1,0,0,0,0,0,0,1,0,0,0,0,0,0,0,1,0,0,0,0,0,0,1,1
650F2B0F-30F4-46DD-8731-27D7CE58ECD5,2016,92,0,0,0,0,0,1,0,0,0,1,0,0,0,1,0,0,0,0,0,0,0,0,0,1,0
c7a4ef30-83d2-11ee-898d-0f9c5bf59690,2022,92,1,1,0,0,0,0,0,0,1,0,0,0,0,0,0,0,1,0,0,0,0,0,0,1,0
56D813A6-8A2D-4C98-BF99-56CC7F255F15,2023,61,1,1,0,0,0,0,0,0,1,0,0,0,0,0,0,0,1,0,0,0,0,0,0,1,1
4505F28F-24D6-406B-AF2B-5C4053845BAD,2010,92,0,0,0,0,0,1,0,0,0,1,0,0,0,1,0,0,0,0,0,0,0,0,0,1,0
94308c20-80f2-11e7-8520-b5d4bef506ca,2017,44,0,0,0,1,0,0,0,0,1,0,0,0,0,0,0,0,0,0,0,1,0,0,0,1,0
20d4d930-c499-11e7-9a8b-47d1b690bc01,2017,00,0,0,0,1,0,0,0,0,1,0,0,0,0,0,1,0,0,0,0,0,0,1,0,0,0
450F88DC-4B71-492B-9570-727F20AD0C04,2015,51,0,1,0,0,0,0,0,0,1,0,0,0,0,0,0,1,0,0,0,0,0,0,0,1,0
451E7678-0987-490A-AC82-669E28827898,2012,92,1,1,1,0,0,0,0,0,1,0,0,0,0,0,0,0,0,1,0,0,0,0,0,1,0
B2E956B1-10FF-4369-B4B7-EDFBE51A8952,2023,61,1,1,0,0,0,0,0,0,1,0,0,0,0,0,0,0,1,0,0,0,0,0,0,1,1
452A1A1E-053C-46D6-8387-1227F1002793,2013,52,0,1,0,0,0,0,0,0,1,0,0,0,0,0,0,0,1,0,1,0,0,0,0,1,0
d1dd5670-a22a-11e8-ae61-0fc7f403e976,2018,62,0,0,0,0,0,1,0,0,0,1,0,0,0,1,1,0,0,0,0,0,0,1,0,0,0
e9af58f0-2290-11eb-940b-ff2256f17cee,2020,54,0,0,0,0,0,1,0,0,0,1,0,0,0,1,0,0,0,0,0,0,0,0,0,1,0
1A77943D-93BD-4C57-8A89-A8B6659F3281,2023,61,1,1,0,0,0,0,0,0,1,0,0,0,0,0,0,0,1,0,0,0,0,0,0,1,1
44FE0828-4D86-4B6A-AAC4-C921A0C69398,2010,00,0,0,0,0,1,0,0,0,0,0,1,0,1,0,0,0,0,0,0,0,0,0,0,1,0
B6CEE31E-05F3-46AC-8C57-78A67D486DF3,2023,61,1,1,0,0,0,0,0,0,1,0,0,0,0,0,0,0,1,0,0,0,0,0,0,1,1
F06767CD-BD54-44A6-BB12-34312ACCA86C,2016,62,0,0,0,1,0,0,0,0,1,0,0,0,0,0,1,0,0,0,0,0,0,1,0,0,0
4570A114-D2A9-4F50-8634-BD89469468F1,2013,51,0,1,0,0,0,0,0,0,1,0,0,0,0,0,0,0,0,0,0,1,0,0,0,1,0
e128c980-c494-11e7-9a8b-47d1b690bc01,2017,62,0,0,0,0,1,0,0,0,0,1,0,0,1,0,0,0,0,0,0,0,0,0,0,1,0
458143AD-CAE2-428D-8817-53C22EA5BE7B,2012,62,0,1,0,0,0,0,0,0,1,0,0,0,0,0,0,0,0,0,0,1,0,0,0,1,0
47f52720-7fde-11ee-a4c1-3bbfd6b8c865,2023,61,0,1,0,0,0,0,0,0,0,0,0,1,0,0,0,0,1,0,0,0,0,0,0,1,0
9B6157CD-BD84-4D69-9D25-A93FB496A7E9,2023,61,1,1,0,0,0,0,0,0,1,0,0,0,0,0,0,0,1,0,0,0,0,0,0,1,1
458EDE78-6ADF-49B0-99F6-29310B84CC3B,2013,31,0,1,0,0,0,0,0,0,1,0,0,0,0,0,0,1,0,0,0,0,0,0,0,1,0
a496b180-972a-11e8-8342-0f8f10fcd812,2017,62,0,0,0,0,0,1,0,0,0,1,0,0,0,1,0,0,0,0,0,0,0,0,0,1,0
72511BA8-F996-42EF-81E4-CE8351EF6FDF,2023,61,1,1,0,0,0,0,0,0,1,0,0,0,0,0,0,0,1,0,0,0,0,0,0,1,1
8AAEAC97-7CCA-419A-9BD6-ABE03BF115B3,2015,62,0,0,0,0,1,0,0,0,0,1,0,0,1,0,0,0,0,0,0,0,0,0,0,1,0
45ADAE86-407F-4322-AC50-BBCC7ADC2A4A,2013,62,0,0,0,0,0,1,0,0,0,1,0,0,0,1,0,0,0,0,0,0,0,0,0,1,0
a8509040-ce6d-11e9-b4e5-4769cce343a0,2019,44,0,0,0,0,0,1,0,0,0,1,0,0,0,1,0,0,0,0,0,0,0,0,0,1,0
45B6F726-179D-4DBE-BF03-95FFB16FC7FB,2013,62,0,0,0,1,0,0,0,0,1,0,0,0,0,0,1,0,0,0,0,0,0,1,0,0,0
794a1420-78d1-11ee-883f-1da00fe89b12,2022,54,1,0,0,0,0,0,0,1,1,0,0,0,0,0,0,0,1,0,0,0,0,0,0,1,0
b8d61e50-ce70-11e9-b7c0-13a933b7e5d5,2019,52,0,1,0,0,0,0,0,0,1,0,0,0,0,0,0,1,0,0,0,0,0,0,0,1,0
45C49667-A608-412F-BA69-4142ACAF119F,2013,00,1,1,1,0,0,0,0,0,1,0,0,0,0,0,0,0,0,1,0,0,0,0,0,1,0
23576630-d580-11e7-af4f-6b5d4514198e,2016,44,0,0,0,0,0,1,0,0,0,1,0,0,0,1,0,0,0,0,0,0,0,0,0,1,0
45CDDE80-85DD-4B4E-8A6C-0034D4809095,2014,92,0,0,0,0,0,1,0,0,0,1,0,0,0,1,1,0,0,0,0,0,0,0,0,1,0
45D1E595-F901-47F1-9DCA-E86609EC70FB,2010,92,0,0,0,0,0,1,0,0,0,1,0,0,0,1,0,0,0,0,0,0,0,0,0,1,0
d24d7280-6b0c-11e7-9b43-bf152d61c1c6,2017,44,0,0,0,1,0,0,0,0,1,0,0,0,0,0,0,0,0,0,0,1,0,0,0,1,0
B1EE8F8C-DE42-487A-B277-E4A5E011D477,2016,72,1,1,0,0,0,0,0,0,1,0,0,0,0,0,0,0,1,0,0,0,0,0,0,1,0
45DEA936-FAD9-42F0-A55B-627BD04711C8,2013,61,0,1,0,0,0,0,0,0,1,0,0,0,0,0,0,0,0,0,0,1,0,0,0,1,0
1341e252-f0da-4333-aa6c-80ccea53a1b9,2024,00,0,1,0,0,0,0,0,0,1,0,0,0,0,0,0,1,0,0,0,0,0,0,0,1,0
45EA888A-791D-4452-B045-D394B6B076F7,2011,92,0,0,0,0,1,0,0,0,0,1,0,0,1,0,0,0,0,0,0,0,0,0,0,1,0
45F3C8A1-CEB5-433B-8807-D3BDF784A2FA,2013,62,0,0,0,1,0,0,0,0,1,0,0,0,0,0,1,0,0,0,0,0,0,1,0,0,0
45F6C89A-2161-4743-ADCD-C3738D3D860D,2013,51,0,1,0,0,0,0,0,0,1,0,0,0,0,0,0,1,0,0,0,0,1,0,0,0,0
45FA6480-A276-4D6B-B26F-8202923C4BAF,2013,00,0,1,0,0,0,0,0,0,1,0,0,0,0,0,0,1,0,0,0,0,0,0,0,1,0
4db1e770-e924-11e9-b01d-8d8474fb7a4b,2014,42,0,1,0,0,0,0,0,0,0,1,0,0,0,0,0,0,0,0,0,1,0,0,0,1,0
5EE40EB7-308F-4FCE-ACC3-12B210FBDE29,2023,61,1,1,0,0,0,0,0,0,1,0,0,0,0,0,0,0,1,0,0,0,0,0,0,1,1
46054ABD-6470-4E12-8588-5262F42C901B,2014,52,0,1,0,0,0,0,0,0,1,0,0,0,0,0,0,0,0,0,0,1,0,0,0,1,0
f4bd51b0-fe8a-11e8-aee0-f7420d4f3238,2018,49,0,0,0,1,0,0,0,0,0,1,0,0,0,0,1,0,0,0,0,0,0,0,0,1,0
460E91C3-2DE6-4043-B4F2-7AA028523687,2012,54,0,0,0,1,0,0,0,0,1,0,0,0,0,0,1,0,0,0,0,0,0,1,0,0,0
C1239FF6-A606-4273-A72E-F23788AA9421,2023,61,1,1,0,0,0,0,0,0,1,0,0,0,0,0,0,0,1,0,0,0,0,0,0,1,1
462156E9-EF7C-4B21-AC62-01635124D159,2011,92,0,0,0,0,1,0,0,0,0,1,0,0,1,0,0,0,0,0,0,0,0,0,0,1,0
462183EA-46E6-49ED-A260-174A4BD21D44,2014,62,0,0,0,0,0,1,0,0,0,1,0,0,0,1,0,0,0,0,0,0,0,0,0,1,0
986AF152-56B3-4356-B15C-0B6353796286,2023,61,1,1,0,0,0,0,0,0,1,0,0,0,0,0,0,0,1,0,0,0,0,0,0,1,1
4624984D-73BF-4B2A-82A6-3160208D019E,2012,81,0,0,0,0,0,1,0,0,0,1,0,0,0,1,0,0,0,0,0,0,0,0,0,1,0
462B7473-AB2E-4E8B-81EF-30FCADDACE7F,2013,92,0,0,0,0,0,1,0,0,0,1,0,0,0,1,0,0,0,0,0,0,0,0,0,1,0
46361B79-998A-45DD-826F-234E8E865DDA,2012,92,1,1,1,0,0,0,0,0,1,0,0,0,0,0,0,0,0,1,0,0,0,0,0,1,0
b8918980-d42b-11eb-a192-c5509024cd4a,2020,00,0,0,0,0,1,0,0,0,0,1,0,0,1,0,0,0,0,0,0,0,0,0,0,1,0
46525EA6-AC8E-40FD-A4A8-5C01F7E0BA7E,2013,92,0,0,0,0,0,1,0,0,0,1,0,0,0,1,0,0,0,0,0,0,0,0,0,1,0
465B29EC-81DE-4FFC-9879-2DE870153276,2014,62,0,0,0,1,0,0,0,0,1,0,0,0,0,0,1,0,0,0,0,0,0,1,0,0,0
ebf8d7f0-aa36-11e8-bee9-574e02f9ae34,2017,51,0,0,0,0,0,1,0,0,0,1,0,0,0,1,0,0,0,0,0,0,0,0,0,1,0
466C5449-B126-441E-BC76-A0B2AF985C67,2012,00,0,0,0,0,0,1,0,0,0,1,0,0,0,0,1,0,0,0,0,0,0,1,0,0,0
516085e0-a161-11e8-a73d-8bf9996ed0ad,2018,51,0,1,0,0,0,0,0,0,1,0,0,0,0,0,0,1,0,0,0,0,0,0,0,1,0
2b76a810-ec43-11e7-b683-c1703914e4a4,2016,52,0,0,1,0,0,0,0,0,1,0,0,0,0,0,0,0,0,1,0,0,0,0,0,1,0
2276AF78-A2E8-4B38-9815-FBA285DA8A75,2016,62,1,1,0,0,0,0,0,0,1,0,0,0,0,0,0,0,1,0,0,0,1,0,0,0,0
c00be5f0-ad34-11e8-9e5a-c1f99505e93a,2017,51,1,0,1,0,0,0,0,0,1,0,0,0,0,0,0,0,1,1,0,0,1,0,0,0,0
467CDE63-B36C-4CD3-8166-2A74D2B54038,2013,62,0,0,0,0,0,1,0,0,0,1,0,0,0,1,0,0,0,0,0,0,0,0,0,1,0
467D0890-00C9-4FC4-8E37-CA4989FC4C7F,2012,00,1,1,1,0,0,0,0,0,1,0,0,0,0,0,0,0,0,1,0,0,0,0,0,1,0
46817CA2-963D-435E-9AFC-17AC7031F796,2013,62,0,0,0,0,1,0,0,0,0,0,1,0,1,0,0,0,0,0,0,0,0,0,0,1,0
468207DE-22E6-4343-80D1-BCC45A243130,2013,00,0,0,0,0,0,0,0,1,0,0,0,1,0,0,0,0,0,0,0,1,0,1,0,0,0
63053270-25eb-11ec-8021-93be7268887c,2019,00,0,0,0,1,0,0,0,0,1,0,0,0,0,0,1,0,0,0,0,0,0,0,0,1,0
6058b890-7809-11ee-bc37-a72cd56f0af8,2023,00,1,0,0,0,0,0,0,1,1,0,0,0,0,0,0,0,1,0,0,0,0,0,0,1,0
2eb381c0-c56e-11e7-bdb2-99e5dbe0676c,2016,52,0,0,0,0,0,1,0,0,0,1,0,0,0,1,0,0,0,0,0,0,0,0,0,1,0
39cf0580-bd42-11e8-aa8d-730052dce2c2,2018,62,0,0,0,0,1,0,0,0,0,1,0,0,1,0,0,0,0,0,0,0,0,0,0,1,0
46932C64-7201-48AB-8BDC-DF72C9ACF15C,2010,92,0,0,0,0,0,1,0,0,0,1,0,0,0,1,0,0,0,0,0,0,0,0,0,1,0
4693C876-364A-4AC4-9C15-B231CF920AFF,2011,62,0,0,0,1,0,0,0,0,1,0,0,0,0,0,1,0,0,0,0,0,0,1,0,0,0
46955F9E-E971-43C2-8B88-93923F781572,2015,45,0,0,0,1,0,0,0,0,1,0,0,0,0,0,0,0,0,0,0,1,0,0,0,1,0
CB8E775F-C2E3-4043-AE45-519239813504,2023,61,1,1,0,0,0,0,0,0,1,0,0,0,0,0,0,0,1,0,0,0,0,0,0,1,1
46A66340-170C-48AC-A56D-7DEB1124A4D7,2011,62,0,0,0,0,0,1,0,0,0,1,0,0,0,1,0,0,0,0,0,0,0,1,0,0,0
b451da50-7c5f-11e7-8ec0-e369e9638092,2017,61,0,1,0,0,0,0,0,1,1,0,0,0,0,0,0,0,1,0,0,0,0,0,0,1,0
46AC09CF-01A2-43AE-9AFC-F6BB0FA20D3A,2012,62,0,0,0,0,0,0,0,1,0,0,0,1,0,0,0,0,0,0,0,1,0,1,0,0,0
46AEC14C-73A5-4994-88A5-AB058CA0D034,2013,62,0,0,0,0,0,1,0,0,0,1,0,0,0,1,0,0,0,0,0,0,0,0,0,1,0
46B231B2-C6C1-4A74-B163-DE02D7F725E0,2013,00,0,0,0,1,0,0,0,0,1,0,0,0,0,0,1,0,0,0,0,0,0,1,0,0,0
46B8C0A8-B4CD-4966-BDBA-A2A7BAF2F57D,2012,92,0,0,0,0,0,1,0,0,0,1,0,0,0,1,0,0,0,0,0,0,0,0,0,1,0
02695CBB-206C-4DFC-ADF3-6D5C16643123,2016,51,0,0,0,0,0,1,0,0,0,1,0,0,0,1,0,0,0,0,0,0,0,1,0,0,0
fc8fef30-251e-11eb-af35-ed9bb3f10d5f,2020,00,0,0,0,0,1,0,0,0,0,1,0,0,1,0,0,0,0,0,0,0,0,0,0,1,0
C393C404-5C8B-48D0-B570-98634999772E,2023,61,1,1,0,0,0,0,0,0,1,0,0,0,0,0,0,0,1,0,0,0,0,0,0,1,1
46DC7B3A-0B53-4B00-A5AF-46062C7D5D2E,2013,92,0,0,0,0,1,0,0,0,0,1,0,0,1,0,0,0,0,0,0,0,0,0,0,1,0
610852d0-d6dc-11f0-901b-c962ba1dfe3a,2025,00,1,0,0,0,0,0,0,1,1,0,0,0,0,0,0,0,1,0,0,0,0,0,0,1,0
46F14811-A578-4889-8B7D-7BBAA89E8903,2008,00,0,0,0,0,0,1,0,0,0,1,0,0,0,1,0,0,0,0,0,0,0,0,0,1,0
71fab7e0-7605-11e7-9d88-ab89f89c69db,2017,00,0,0,0,0,1,0,0,0,1,1,0,0,1,0,0,0,0,0,0,0,0,0,0,1,0
46FBC07D-8EEA-4EE9-AE83-D817329AC5E0,2013,00,1,1,1,0,0,0,0,0,1,0,0,0,0,0,0,0,0,1,0,0,0,0,0,1,0
fe6e7c50-3609-11e9-bfa7-0593a63883d2,2018,51,0,1,0,0,0,0,0,0,1,0,0,0,0,0,0,1,0,0,0,0,0,0,0,1,0
127ab140-1d19-11ea-b436-a7f38e8d15a2,2019,51,0,0,0,0,0,0,0,1,1,0,0,0,0,0,0,0,0,0,0,1,0,0,0,1,0
47050599-2315-4DE1-8243-8CC69D3BB643,2013,00,0,1,0,0,0,0,0,0,1,0,0,0,0,0,0,1,0,0,0,0,1,0,0,0,0
470744D0-1D16-4E05-A86D-5C012A272094,2014,72,0,0,0,0,1,0,0,0,0,1,0,0,1,0,0,0,0,0,0,0,0,0,0,1,0
4713D9B6-BAFD-4E83-BEB1-E3E23E9E57CB,2015,00,0,0,0,0,0,1,0,0,0,1,0,0,0,1,0,0,0,0,0,0,0,0,0,1,0
471920F4-066A-4864-B8BD-08FD01DD01A9,2005,00,0,0,0,0,1,0,0,0,0,1,0,0,1,0,0,0,0,0,0,0,0,0,0,1,0
4729DDEB-9BD1-483A-AAE7-2C2EE5AB4F43,2016,52,0,0,1,1,0,0,0,0,1,0,0,0,0,0,0,0,0,1,0,0,0,0,0,1,0
FED0031A-CB54-4E9F-A9BA-3C85534D3648,2015,62,0,0,0,0,0,1,0,0,0,1,0,0,0,1,0,0,0,0,0,0,0,0,0,1,0
3E75C8FE-BD64-4489-9206-F7DDE4B0239E,2015,44,0,0,0,0,0,1,0,0,0,1,0,1,0,1,0,0,0,0,0,0,0,0,0,1,0
2918bf10-1298-11ed-b2f5-3585c75e0457,2020,92,0,0,0,0,1,0,0,0,0,1,0,0,1,0,0,0,0,0,0,0,0,0,0,1,0
ebdaece0-0a0c-11ea-9e73-f15207d33dcb,2018,62,0,1,0,0,0,0,0,0,1,0,0,0,0,0,0,1,0,0,0,0,0,0,0,1,0
4747399D-A83D-4C91-8798-1BBD2136495F,2010,62,0,0,0,1,0,0,0,0,1,0,0,0,0,0,1,0,0,0,0,0,0,1,0,0,0
E87F2D70-5D58-4D57-A879-AD511977C9B3,2016,62,0,1,0,0,0,0,0,0,1,0,0,0,0,0,0,0,1,0,0,0,0,0,0,1,0
6361d110-89aa-11e7-bf1d-81579668407a,2017,62,0,0,0,1,0,1,0,0,1,1,0,0,0,0,1,0,0,0,0,0,0,0,0,1,0
474D2C9C-CD7C-49EE-8684-5017A25DED49,2012,92,0,0,0,1,0,0,0,0,1,0,0,0,0,0,1,0,0,0,0,0,0,0,0,1,0
d083baf0-c330-11e7-8a32-4d861156a278,2017,62,0,0,0,0,0,1,0,0,0,0,1,0,0,1,0,0,0,0,0,0,0,0,0,1,0
4483a670-ac80-11e8-8036-a30436c88231,2018,33,1,0,0,0,0,0,0,0,1,0,0,0,0,0,0,0,1,0,0,0,0,0,0,1,0
656b4d50-15e0-11ea-ba54-075d8b11bbd2,2019,44,0,1,0,0,0,0,0,0,1,0,0,0,0,0,0,1,0,0,0,0,0,0,0,1,0
47627A25-A50D-4E68-B887-8F44C03E02BF,2014,61,0,0,0,0,0,1,0,0,0,1,0,0,0,1,0,0,0,0,0,0,0,0,0,1,0
4765F3B9-7659-4688-82FC-4CD3224218A2,2015,62,0,0,0,0,0,1,0,0,0,1,0,0,0,1,0,0,0,0,0,0,0,0,0,1,0
4766EBBD-54B5-4F79-9421-2D9C7D3ADCA1,2015,56,0,0,0,0,0,1,0,0,0,1,0,0,0,1,0,0,0,0,0,0,0,0,0,1,0
1E828B7B-B5E1-428F-98D3-ACEF7976CAEF,2015,51,0,1,0,0,0,0,0,0,1,0,0,0,0,0,0,0,1,0,0,0,0,0,0,1,0
07424230-996c-11e7-a8f4-3b6b04fdb9a4,2015,62,0,0,0,0,0,1,0,0,0,1,0,0,0,1,0,0,0,0,0,0,0,1,0,0,0
47836BA4-9960-46C0-BF3F-C052F25DDF84,2012,71,0,0,0,0,0,1,0,0,0,1,0,0,0,1,0,0,0,0,0,0,0,0,0,1,0
4783D3A7-3739-4977-A90D-929BF840B702,2009,52,0,0,0,1,0,0,0,0,1,0,0,0,0,0,1,0,0,0,0,0,0,1,0,0,0
478B5B58-3F70-447D-BDCE-3FFA984F79B1,2010,62,0,0,0,1,0,0,0,0,1,0,0,0,0,0,1,0,0,0,0,0,0,1,0,0,0
422104D4-4D4A-4A85-A5CA-D70855EE28E3,2015,92,0,0,0,1,0,0,0,0,1,0,0,0,0,0,1,0,0,0,0,0,0,1,0,0,0
4792F6E4-E605-4441-90B4-E38D232C02AB,2011,52,0,0,0,1,0,0,0,0,1,0,0,0,0,0,1,0,0,0,0,0,0,1,0,0,0
479A74D7-A165-48EB-829C-002E3C828A7A,2012,92,0,0,0,0,0,1,0,0,0,1,0,0,0,1,0,0,0,0,0,0,0,0,0,1,0
479B903A-60C8-4775-B40C-4FEB6BEC7FC1,2012,51,0,1,0,0,0,0,0,0,1,0,0,0,0,0,0,0,1,0,0,0,0,1,0,0,0
91826e80-a4aa-11e8-b571-7db57cad93dd,2018,62,0,0,0,0,0,1,0,0,0,1,0,0,0,1,0,0,0,0,0,0,0,1,0,0,0
1576776B-2992-41A2-A64C-DC3BA8E52619,2016,62,0,0,0,1,1,1,0,0,1,0,0,0,0,0,1,0,0,0,0,0,0,0,0,1,0
ef930ef0-e423-11e7-8742-2bc46bd10713,2015,92,0,0,0,0,1,0,0,0,1,0,0,0,1,0,0,0,0,0,0,0,0,0,0,1,0
47B12092-D159-46ED-90C6-A8E0631B774E,2013,44,0,1,0,0,0,0,0,0,1,0,0,0,0,0,0,0,1,0,0,0,0,1,0,0,0
fb72ebc0-a16d-11e8-a73d-8bf9996ed0ad,2018,62,0,0,0,0,0,1,0,0,0,1,0,0,0,1,0,0,0,0,0,0,0,0,0,1,0
7AEF1E8B-2A35-4AF7-9396-26BD6441CFD0,2023,61,1,1,0,0,0,0,0,0,1,0,0,0,0,0,0,0,1,0,0,0,0,0,0,1,1
E8AA22DE-57C1-41A2-8AE5-D158EE89901A,2016,71,0,1,0,0,0,0,0,0,1,0,0,0,0,0,0,0,0,0,0,1,0,0,0,1,0
47F2F904-BA6C-4825-B7C7-8B295F55D215,2013,62,0,0,0,1,0,0,0,0,1,0,0,0,0,0,1,0,0,0,0,0,0,1,0,0,0
47F54170-B6EF-42B7-9AD2-533C9B343872,2011,92,0,0,0,0,1,0,0,0,0,1,0,0,1,0,0,0,0,0,0,0,0,0,0,1,0
cde3a660-811e-11e7-8520-b5d4bef506ca,2016,52,0,0,0,1,0,0,0,0,1,0,0,0,0,0,1,0,0,0,0,0,0,0,1,0,0
f78a6060-0fcf-11eb-afe7-87eff9df4bdb,2020,00,0,1,0,0,0,0,0,0,1,0,0,0,0,0,0,0,1,0,0,0,0,0,0,1,0
DB6259D0-3687-48C5-9393-447F440B1F34,2023,61,1,1,0,0,0,0,0,0,1,0,0,0,0,0,0,0,1,0,0,0,0,0,0,1,1
480A3058-26EA-43E3-8792-FE5B60315C98,2014,62,0,0,0,1,0,0,0,0,1,0,0,0,0,0,1,0,0,0,0,0,0,0,0,1,0
480D23BD-57EB-4442-B9DF-4628B0552AA0,2011,56,0,1,0,0,0,0,0,0,1,0,0,0,0,0,0,1,0,0,0,0,0,0,0,1,0
480D49AA-5006-4E39-B595-83C9ADEF4D6D,2012,72,1,1,0,0,0,0,0,0,1,0,0,0,0,0,0,0,1,0,0,0,0,0,0,1,0
480FB8D3-4BBA-43BB-85CA-11C2C93A7CC9,2014,51,0,1,0,0,0,0,0,0,1,0,0,0,0,0,0,0,0,0,0,1,0,0,0,1,0
4817272B-136A-4992-A533-D46D66A573CB,2014,62,0,0,0,0,1,0,0,0,0,1,0,0,1,0,0,0,0,0,0,0,0,0,0,1,0
481AC9C4-40FC-408F-936A-CF8BC8FF76EC,2014,00,0,0,0,0,0,1,0,0,1,1,0,0,0,1,0,0,0,0,0,0,0,0,0,1,0
380541e0-2395-11eb-a2fc-cdee479fbead,2020,53,0,0,0,0,0,1,0,0,0,1,0,0,0,1,0,0,0,0,0,0,0,0,0,1,0
482ABC7D-B313-4A61-AF41-2E5E23DCB67A,2012,49,0,0,0,1,0,0,0,0,0,1,0,0,0,0,1,0,0,0,0,0,0,0,0,1,0
482BF0E7-F54F-4B2F-AF96-56992AD9DF69,2013,03,0,0,0,0,1,0,0,0,0,1,0,0,1,0,0,0,0,0,0,0,0,0,0,1,0
41C14EA1-73CE-4F01-9306-67FEFE413BEE,2023,61,1,1,0,0,0,0,0,0,1,0,0,0,0,0,0,0,1,0,0,0,0,0,0,1,1
4848314F-7E84-4405-8F51-D47D896C7FA1,2008,00,0,0,0,0,1,0,0,0,0,1,0,0,1,0,0,0,0,0,0,0,0,0,0,1,0
7a7f0760-e451-11e9-ae80-e5ad9aac92e3,2017,62,1,0,0,0,0,0,0,0,1,0,0,0,0,0,0,0,1,0,0,0,1,0,0,0,0
48584010-18FA-48F6-8E5D-B4B2B580F9F1,2014,51,0,1,0,0,0,0,0,0,1,0,0,0,0,0,0,1,0,0,0,0,0,0,0,1,0
48604AC1-A511-45DB-AF7E-243CD25E8BE2,2008,53,0,0,0,1,0,0,0,0,1,0,0,0,0,0,1,0,0,0,0,0,0,1,0,0,0
5f6db670-8e7b-11ec-8536-fdd879d89dfb,2021,62,0,1,0,0,0,0,0,1,1,0,0,0,0,0,0,0,0,0,0,1,0,0,0,1,0
487E285B-439E-47A4-BE6A-0A4A78F58CD5,2013,92,0,0,0,0,0,0,0,1,0,1,0,0,0,0,0,0,0,0,0,1,0,0,0,1,0
488462DC-0675-415F-8C46-C0C7FB49A591,2014,62,0,0,0,1,0,0,0,0,1,0,0,0,0,0,1,0,0,0,0,0,0,0,0,1,0
0E38F091-3360-4492-B5CC-EBA7B71417C9,2023,61,1,1,0,0,0,0,0,0,1,0,0,0,0,0,0,0,1,0,0,0,0,0,0,1,1
b1c2bd90-84b9-11ee-898d-0f9c5bf59690,2023,92,1,1,0,0,0,0,0,0,1,0,0,0,0,0,0,0,1,0,0,0,0,0,0,1,0
10ced630-93d4-11e7-967f-a9fa27eb51b9,2017,44,1,1,0,0,0,0,0,0,1,0,0,0,0,0,0,0,1,0,0,0,0,0,0,1,0
48A1F0F0-C0BB-4D0B-B6F6-316E4FBAE23B,2012,44,0,0,0,0,0,1,0,0,0,1,0,0,0,1,0,0,0,0,0,0,0,0,0,1,0
48AB12CE-5479-48FC-924D-8CDE6CD2D569,2015,92,0,1,0,0,0,0,0,0,1,0,0,0,0,0,0,0,0,0,0,1,0,0,0,1,0
e1fcb180-ef5a-11e9-8b51-736a93581b2e,2017,92,0,1,1,1,0,0,0,0,0,1,0,0,0,0,0,0,0,1,0,0,0,0,0,1,0
48AFB7A4-19C3-4037-82BE-FB79F9EFE879,2012,45,0,0,0,1,0,0,0,0,1,0,0,0,0,0,1,0,0,0,0,0,0,1,0,0,0
19067ec0-e442-11e7-977c-0b3846f56840,2014,62,0,0,0,0,0,1,0,0,0,1,0,0,0,1,0,0,0,0,0,0,0,0,0,1,0
48C08C17-4B80-4342-BD02-2043894D38FF,2012,92,0,0,0,0,0,1,0,0,0,1,0,0,0,1,0,0,0,0,0,0,0,0,0,1,0
8C3A8AF3-B297-4D86-A2BD-EE1D879E1C05,2012,23,0,0,1,0,1,0,0,0,0,1,0,0,1,0,0,0,0,0,0,0,0,0,0,1,0
0debf4f0-db7a-11e7-b589-fd57f91024a3,2017,00,0,0,0,0,1,0,0,0,0,1,0,0,1,0,0,0,0,0,0,0,0,0,0,1,0
48CD7CE0-D5BF-4775-8260-4564B5558183,1994,62,0,1,0,0,0,0,0,0,0,1,0,0,0,0,0,0,0,0,0,1,0,0,0,1,0
48D085F3-90D3-489B-BB3E-3C323EF5D580,2014,54,0,1,0,0,0,0,0,0,1,0,0,0,0,0,0,0,1,0,0,0,1,0,0,0,0
48D6884D-5008-437C-B304-C089890A903A,2006,48,0,1,0,0,0,0,0,0,1,0,0,0,0,0,0,0,0,0,0,1,0,0,0,1,0
10749060-b3c3-11e9-8244-abb132467e1d,2018,00,0,0,0,0,1,0,0,0,0,1,0,0,1,0,0,0,0,0,0,0,0,0,0,1,0
48F0D580-18BF-4CAE-8F3C-90BE43218A5B,2014,00,0,1,0,0,0,0,0,0,1,0,0,0,0,0,0,1,0,0,0,0,1,0,0,0,0
17862c90-77b3-11e7-a457-a5a222e6d450,2016,52,0,0,0,0,1,0,0,0,0,1,0,0,1,0,0,0,0,0,0,0,0,0,0,1,0
bb455f50-eab7-11e7-92b6-dfe49f9d7042,2016,06,0,1,0,0,0,0,0,0,1,0,0,0,0,0,0,0,1,0,0,0,0,0,0,1,0
cd505a20-9953-11e7-a069-d9175a67bd3e,2017,51,1,0,1,0,0,0,0,0,1,0,0,0,0,0,0,0,1,1,0,0,0,0,1,0,0
d36c0920-38f1-11ed-abeb-7bd6dfb554a8,2022,71,1,1,0,0,0,0,0,1,1,0,0,0,0,0,0,0,1,0,0,0,0,0,0,1,0
490AD16C-4484-4841-AEB9-60F544DA7A53,2014,92,0,0,0,0,0,1,0,0,0,1,0,0,0,1,0,0,0,0,0,0,0,1,0,0,0
5003DFA7-9D46-45BD-A6C7-73868697449A,2016,62,0,1,0,0,0,0,0,0,1,0,0,0,0,0,0,0,0,0,0,1,0,0,0,1,0
4914079A-787A-4A95-852B-15B79E1FD960,2012,00,1,1,1,0,0,0,0,0,1,0,0,0,0,0,0,0,0,1,0,0,0,0,0,1,0
675E6393-597A-474D-A812-274A44DE4049,2023,61,1,1,0,0,0,0,0,0,1,0,0,0,0,0,0,0,1,0,0,0,0,0,0,1,1
de6e2370-8aaf-11e8-874b-dd84fb61b260,2017,92,0,0,0,0,0,1,0,0,0,1,0,0,0,1,0,0,0,0,0,0,0,0,0,1,0
D1707C2D-D647-4209-81E9-DF04F9EC7227,2023,61,1,1,0,0,0,0,0,0,1,0,0,0,0,0,0,0,1,0,0,0,0,0,0,1,1
DDDB75FF-9152-404D-B552-AB17D67F0DE6,2023,61,1,1,0,0,0,0,0,0,1,0,0,0,0,0,0,0,1,0,0,0,0,0,0,1,1
49463E59-0584-4411-B405-D309B54E8FFC,2012,92,0,0,0,0,0,1,0,0,0,1,0,0,0,1,0,0,0,0,0,0,0,0,0,1,0
ebbf14d0-0498-11ea-ad43-7952870528d4,2019,61,0,0,0,0,0,1,0,0,0,1,0,0,0,1,0,0,0,0,0,0,0,0,0,1,0
4947CF6D-9486-4B44-A1CA-364343FA8907,2012,72,1,1,0,0,0,0,0,0,1,0,0,0,0,0,0,0,1,0,0,0,0,0,0,1,0
D953FE45-4276-44C8-828D-BB544637CD9F,2023,61,1,1,0,0,0,0,0,0,1,0,0,0,0,0,0,0,1,0,0,0,0,0,0,1,1
87775c50-6c8b-11e7-8419-7d473c8dcba3,2015,54,0,1,0,0,0,0,0,0,1,0,0,0,0,0,0,1,0,0,0,0,0,0,0,1,0
494FCE92-FD57-4D2D-B7AE-F7976DCC6A56,2011,62,0,0,0,1,0,0,0,0,1,0,0,0,0,0,1,0,0,0,0,0,0,1,0,0,0
acd58490-e2e2-11e7-a8b4-b50015373b0a,2017,62,0,0,0,0,1,0,0,0,0,1,0,0,1,0,0,0,0,0,0,0,0,0,0,1,0
495C442A-28ED-4374-9085-373DE6B5F981,2012,92,0,0,0,0,0,1,0,0,0,1,0,0,0,0,1,0,0,0,0,0,0,0,0,1,0
39e13e20-382d-11ed-abeb-7bd6dfb554a8,2021,00,1,1,0,0,0,0,0,1,1,0,0,0,0,0,0,0,1,0,0,0,0,0,0,1,0
496B53C2-39D7-44C0-9E92-8667CA4DA9DC,2014,51,0,0,0,0,0,0,0,1,1,0,0,0,0,0,0,0,0,0,0,1,0,0,0,1,0
496B958F-15F3-4C4E-A0A1-87D2F879C71C,2012,45,0,1,0,0,0,0,0,0,1,0,0,0,0,0,0,1,0,0,0,0,0,0,0,1,0
497007EB-E282-433A-982D-89E6BE570B1B,2011,92,0,0,0,0,0,1,0,0,0,1,0,0,0,1,0,0,0,0,0,0,0,0,0,1,0
26DFD04E-7CBA-4E17-BFBA-1229E5CC0D2F,2016,51,0,1,0,0,0,0,0,0,1,0,0,0,0,0,0,1,0,0,0,0,0,0,0,1,0
497A7CBD-6957-4292-AF2F-EF490E67CF0B,2023,00,1,1,0,0,0,0,0,0,1,0,0,0,0,0,0,1,1,0,0,0,0,0,0,1,0
DEB455D0-1D65-44A9-B03E-9511E0C82640,2012,62,0,0,0,0,1,0,0,0,0,1,0,0,1,0,0,0,0,0,0,0,0,0,0,1,0
0b9f7f90-2496-11ed-b733-8d4034cd5130,2019,61,1,0,0,0,0,0,0,1,1,0,0,0,0,0,0,0,1,0,0,0,0,1,0,0,0
499BF662-A221-4C6A-A472-E81DA98658BE,2013,00,1,0,0,0,0,0,0,0,1,0,0,0,0,0,0,0,1,0,0,0,0,0,0,1,0
D45BE98A-ADE4-4032-BE9C-9344DC1333B7,2023,61,1,1,0,0,0,0,0,0,1,0,0,0,0,0,0,0,1,0,0,0,0,0,0,1,1
49A807C5-9600-45C0-B3EF-354DD9CA920E,2012,05,0,1,0,0,0,0,0,0,1,0,0,0,0,0,0,1,0,0,0,0,0,0,0,1,0
49B197DA-A47E-4448-8F72-E8EAC9489653,2012,92,0,0,0,0,0,1,0,0,0,1,0,0,0,1,0,0,0,0,0,0,0,0,0,1,0
2835aa70-e960-11eb-9aea-07892f56ef76,2021,54,1,0,0,0,0,0,0,0,1,0,0,0,0,0,0,0,1,0,0,0,0,0,0,1,0
49E230C5-7478-468C-9066-BE39B77DA2E2,2014,54,0,1,0,0,0,0,0,0,1,0,0,0,0,0,0,1,0,0,1,0,1,0,0,0,0
49E476BC-7B08-41C7-9864-B14A6B0D64AD,2026,31,1,0,1,0,0,0,0,0,1,0,0,0,0,0,0,0,1,0,0,0,0,0,0,1,0
49EBCC80-43B6-46AE-8D66-04CA07AC0064,2007,52,1,1,0,0,0,0,0,0,1,0,0,0,0,0,0,0,1,0,0,0,0,0,0,1,0
4A044A16-CD9E-45EA-AB57-4F9F7C3E1442,2013,72,1,1,0,0,0,0,0,0,1,0,0,0,0,0,0,0,1,0,0,0,0,0,0,1,0
f779d570-2da6-11eb-8132-47626699b560,2003,92,0,0,0,0,1,0,0,0,0,1,0,0,1,0,0,0,0,0,0,0,0,0,0,1,0
89dd54a0-d9af-11eb-96ea-fd8a03dbb673,2021,54,0,1,0,0,0,0,0,0,1,0,0,0,0,0,0,0,1,0,0,0,0,0,0,1,0
4A0E2D60-5CD7-4E88-B364-19351B7538D2,2013,00,0,0,0,0,0,0,0,1,0,1,0,0,0,0,0,0,0,0,0,1,0,0,0,1,0
4A11225F-4AEF-44DA-BE9A-BCBE362867FF,2013,00,0,1,0,0,0,0,0,0,1,0,0,0,0,0,0,1,0,0,0,0,1,0,0,0,0
4A35D1FF-E685-4ED9-852F-83D53FB099D0,2010,52,0,0,0,0,0,1,0,0,0,1,0,0,0,1,0,0,0,0,0,0,0,1,0,0,0
f17d2ad0-c55a-11e7-8460-859aaa890f03,2016,00,0,1,0,0,0,0,0,0,1,0,0,0,0,0,0,0,0,0,1,0,1,0,0,0,0
8f7c43a0-35d3-11ec-9ec7-15e66f657ea5,2021,61,1,0,0,0,0,0,0,0,1,0,0,0,0,0,0,0,1,0,0,0,0,1,0,0,0
4A434748-67B6-4336-A175-16FA0144AB5A,2013,92,0,1,0,0,0,0,0,0,1,0,0,0,0,0,0,0,1,0,0,0,0,0,0,1,0
4A45A9D8-7382-4E4C-BF42-7E18CADFC227,2011,62,0,1,0,1,0,0,0,0,1,0,0,0,0,0,1,0,0,0,0,0,0,0,0,1,0
CA887394-779D-4F57-9C78-8B3002D4C33F,2016,54,0,0,0,0,1,1,0,0,1,1,0,0,0,1,0,0,0,0,0,0,0,1,0,0,0
4A5D8DD7-F411-4580-A9FF-023CFA93AFD4,2013,51,0,0,0,0,0,1,0,0,0,1,0,0,0,1,0,0,0,0,0,0,0,0,0,1,0
4A5E4055-B2CE-4BED-809E-71AA637FEE15,2013,09,0,0,0,0,0,1,0,0,0,1,0,0,0,1,0,0,0,0,0,0,0,0,0,1,0
1DFC81D8-FD52-406B-83C7-9FBB2C4658B1,2023,61,1,1,0,0,0,0,0,0,1,0,0,0,0,0,0,0,1,0,0,0,0,0,0,1,1
4A61CE3A-28E0-4AB0-B706-9A40A06596A5,2013,51,0,0,0,0,0,1,0,0,0,1,0,0,0,1,0,0,0,0,0,0,0,1,0,0,0
4A706641-2FCE-4FFA-8C77-2DBB6698B7E5,2009,52,0,0,0,0,0,1,0,0,0,1,0,0,0,1,0,0,0,0,0,0,0,0,0,1,0
63DFF062-D800-4917-B6B3-C8F0B02D511D,2015,62,0,0,0,0,1,0,0,0,0,1,0,0,1,0,0,0,0,0,0,0,0,0,0,1,0
C51878FB-9EDB-4607-8AE0-BA2447C69F60,2015,62,0,0,0,0,1,0,0,0,0,1,0,0,1,0,0,0,0,0,0,0,0,0,0,1,0
4A88B628-B47E-42C6-AD9D-D7D73E55DE0F,2012,62,0,0,0,1,0,0,0,0,1,0,0,0,0,0,1,0,0,0,0,0,0,1,0,0,0
4A88D87C-CDCE-4E46-8509-B375577E5919,2012,92,0,0,0,0,1,0,0,0,0,1,0,0,1,0,0,0,0,0,0,0,0,0,0,1,0
96DD95AC-870F-42E3-B605-5A549219C5FE,2023,61,1,1,0,0,0,0,0,0,1,0,0,0,0,0,0,0,1,0,0,0,0,0,0,1,1
16c3a1f0-a7ad-11e7-9f87-7fffd7137a55,2015,00,0,0,0,0,0,1,0,0,0,1,0,0,0,1,0,0,0,0,0,0,0,0,0,1,0
59AA4FB1-B842-4B36-A455-06E694812EC9,2023,61,1,1,0,0,0,0,0,0,1,0,0,0,0,0,0,0,1,0,0,0,0,0,0,1,1
42DE2429-6524-4EA1-AED9-62A4986EFAE3,2023,61,1,1,0,0,0,0,0,0,1,0,0,0,0,0,0,0,1,0,0,0,0,0,0,1,1
4ABAB245-B300-43B0-AA00-D4952BDACBDB,2012,00,0,1,0,0,0,0,0,0,1,0,0,0,0,0,0,1,0,0,0,0,0,0,0,1,0
4AC2A3F5-7EEC-46B7-B168-0A483C8428CF,2012,92,1,1,1,0,0,0,0,0,1,0,0,0,0,0,0,0,0,1,0,0,0,0,0,1,0
1ce3d010-38ed-11ed-abeb-7bd6dfb554a8,2022,56,0,0,0,0,0,1,0,0,0,1,0,0,0,1,0,0,0,0,0,0,0,0,0,1,0
4AC6E49D-73F4-493A-A71A-10A2B6915B69,2013,51,0,1,0,0,0,0,0,0,1,0,0,0,0,0,0,0,1,0,0,0,1,0,0,0,0
fef7ef70-e0c7-11ef-bb83-fdfe95aef2b7,2024,54,1,1,0,0,0,0,0,0,1,0,0,0,0,0,0,0,1,0,0,0,0,0,0,1,0
4ACE59EE-9898-419B-9AD4-113BC72A5A5E,2015,56,0,0,0,0,1,0,0,0,0,1,0,0,1,0,0,0,0,0,0,0,0,0,0,1,0
4AD28B5F-FEAA-456F-A197-3482F9D1E0E3,2013,33,0,1,0,0,0,0,0,0,1,0,0,0,0,0,0,0,1,0,0,0,0,1,0,0,0
4AD3E592-0F4A-454D-B0EE-6428340D9178,2012,61,0,0,0,0,1,0,0,0,0,1,0,0,1,0,0,0,0,0,0,0,0,0,0,1,0
ef22c2a0-83c6-11ee-94c6-6fecd7388f85,2022,05,1,1,0,0,0,0,0,0,1,0,0,0,0,0,0,0,1,0,0,0,0,0,0,1,0
4AD6E322-7D57-434F-B6C7-3417D3794250,2008,52,0,0,0,0,1,0,0,0,0,1,0,0,1,0,0,0,0,0,0,0,0,0,0,1,0
8eb1d360-a2d2-11e7-a67b-81fbdaca3f85,2017,61,0,0,1,0,1,0,0,0,0,1,1,0,1,0,0,0,0,0,0,0,0,0,0,1,0
4AF0ED70-9936-44F7-89B7-5C526A7056E6,2012,33,0,1,0,0,0,0,0,0,1,0,0,0,0,0,0,0,0,0,0,1,0,0,0,1,0
4AF16838-DB1C-4967-BFB6-3D4762C69318,2012,56,0,1,1,0,0,0,0,0,1,0,0,0,0,0,0,1,0,0,0,0,0,0,0,1,0
4AF1808C-8B17-48C3-9C68-3652AF824A5F,2012,54,0,1,0,0,0,0,0,0,1,0,0,0,0,0,0,0,0,0,0,1,0,0,0,1,0
F9716A1D-A679-453F-83AD-0FDD3D69CF74,2023,61,1,1,0,0,0,0,0,0,1,0,0,0,0,0,0,0,1,0,0,0,0,0,0,1,1
4AFFBDC8-59BE-46A8-B9B9-EA4337770B8D,2014,00,0,1,0,0,0,0,0,0,1,0,0,0,0,0,0,0,0,0,1,0,1,0,0,0,0
4B041779-20CC-47D8-8754-C99247946442,2015,62,0,0,0,0,0,1,0,0,0,1,0,0,0,1,0,0,0,0,0,0,0,0,0,1,0
b22948c0-9acc-11ee-b607-85600d104e11,2023,51,1,1,0,0,0,0,0,0,1,0,0,0,0,0,0,0,1,0,0,0,0,0,0,1,0
3d7c6f20-98e4-11e7-a6db-535ccd646699,2017,62,0,0,0,0,0,1,0,0,0,1,0,0,0,1,0,0,0,0,0,0,0,0,0,1,0
4B1282E2-2602-47F7-A68E-49696084E9F9,2013,92,0,0,0,0,0,1,0,0,0,1,0,0,0,1,0,0,0,0,0,0,0,0,0,1,0
4B134F51-50E2-409F-A831-680174806FED,2011,06,0,0,0,0,1,0,0,0,1,1,0,0,1,0,0,0,0,0,0,0,0,0,0,1,0
4B13EC1D-E9A6-4C81-8925-6E7FD7C14E12,2014,00,0,0,0,1,0,0,0,0,1,0,0,0,0,0,1,0,0,0,0,0,0,1,0,0,0
4B162A7B-43E7-4687-B726-5CC35E5E9D98,2007,92,0,0,0,0,1,0,0,0,0,1,0,0,1,0,0,0,0,0,0,0,0,0,0,1,0
B2563EB8-3912-4545-BB82-3C0BE0815254,2023,61,1,1,0,0,0,0,0,0,1,0,0,0,0,0,0,0,1,0,0,0,0,0,0,1,1
687EF940-E942-4438-AE46-AE8222226D19,2015,92,0,0,0,0,0,1,0,0,0,1,0,0,0,1,0,0,0,0,0,0,0,0,0,1,0
4B1B9992-947F-4CF2-A5C3-FE7222D378D1,2010,92,0,0,0,0,1,0,0,0,0,1,0,0,1,0,0,0,0,0,0,0,0,0,0,1,0
04fe34c0-0b5e-11e8-985b-1119ad21cbad,2017,51,0,0,0,0,0,1,0,0,0,1,0,0,0,1,0,0,0,0,0,0,0,0,0,1,0
4B3287E2-BD21-4D7D-B52A-2A3B2A231618,2013,51,0,1,0,0,0,0,0,0,0,0,0,1,0,0,0,0,1,0,0,0,0,0,0,1,0
AA08FE5F-3D48-40DE-883C-E11633E276A7,2016,62,0,0,0,0,1,1,0,0,0,1,0,0,0,1,0,0,0,0,0,0,0,0,0,1,0
4B392686-FDCA-4519-9389-D76096039401,2015,62,0,0,0,0,0,1,0,0,0,1,0,0,0,1,1,0,0,0,0,0,0,1,0,0,0
B539892D-7A2B-46D5-B21A-26BA786F9FDF,2023,61,1,1,0,0,0,0,0,0,1,0,0,0,0,0,0,0,1,0,0,0,0,0,0,1,1
4B492479-EF98-4426-8FA2-81843D407844,2013,62,0,0,0,1,0,0,0,0,1,0,0,0,0,0,1,0,0,0,0,0,0,1,0,0,0
4B4BDE4A-4BF4-4152-B5F1-FC33AD99F21D,2009,33,0,0,0,0,1,0,0,0,0,0,1,0,1,0,0,0,0,0,0,0,0,0,0,1,0
FA813620-DAF0-4A0C-A090-E91B1E9CE0D7,2023,61,1,1,0,0,0,0,0,0,1,0,0,0,0,0,0,0,1,0,0,0,0,0,0,1,1
01398F49-8A74-49E9-83C5-EA00C76AE2C8,2023,61,1,1,0,0,0,0,0,0,1,0,0,0,0,0,0,0,1,0,0,0,0,0,0,1,1
c1a7f4b0-023a-11ea-ad43-7952870528d4,2019,51,0,0,0,0,0,1,0,0,0,0,1,0,0,1,0,0,0,0,0,0,0,0,0,1,0
4B5F2840-5DEB-4E35-A6F8-5DABD9720D15,2016,51,0,1,0,0,0,0,0,0,1,0,0,0,0,0,0,1,0,0,0,0,0,1,0,0,0
E980507E-7ABF-4593-8EF9-B2E4192F1FCD,2015,08,0,0,0,0,0,1,0,0,0,1,0,0,0,1,0,0,0,0,0,0,0,0,0,1,0
0FF40F60-C658-4A2A-85F4-01747585ED49,2016,51,0,1,0,0,0,0,0,0,1,0,0,0,0,0,0,1,0,0,0,0,0,0,0,1,0
4B6434EC-6AA1-4966-97D8-0BDCAED0C50B,2013,62,0,0,0,1,0,0,0,0,1,0,0,0,0,0,1,0,0,0,0,0,0,1,0,0,0
9B624817-AD5C-4D34-99A0-A0BFB25B119D,2023,51,1,1,0,0,0,0,0,0,1,0,0,0,0,0,0,0,1,0,0,0,0,0,0,1,1
4B7CB866-2E05-42FD-B4ED-7ACB9D6DF39C,2013,00,1,1,1,0,0,0,0,0,1,0,0,0,0,0,0,0,0,1,0,0,0,0,0,1,0
1b564b40-228f-11eb-940b-ff2256f17cee,2018,00,0,1,0,0,0,0,0,0,1,0,0,0,0,0,0,0,1,0,0,0,0,0,0,1,0
4B8309A3-83FD-40EC-A5B9-8B5031332352,2013,81,0,0,0,0,1,0,0,0,0,1,0,0,1,0,0,0,0,0,0,0,1,0,0,0,0
4B8A0F36-987D-44B9-B540-72DF2FF76EE0,2013,52,0,0,0,0,0,1,0,0,0,1,0,0,0,1,0,0,0,0,0,0,0,0,0,1,0
4B9113D1-629D-4B73-94FF-95913B671642,2012,92,1,1,1,0,0,0,0,0,1,0,0,0,0,0,0,0,0,1,0,0,0,0,0,1,0
4B950D87-8407-4842-B772-2955411A13B2,2013,51,0,1,0,0,0,0,0,0,1,0,0,0,0,0,0,1,0,0,0,0,0,1,0,0,0
4BA15195-E02D-4FD2-8D70-890ECB719EAB,2011,92,0,0,0,0,0,1,0,0,0,1,0,0,0,1,0,0,0,0,0,0,0,0,0,1,0
6185EC46-0DF9-4C9A-9DC4-2A597741597B,2023,61,1,1,0,0,0,0,0,0,1,0,0,0,0,0,0,0,1,0,0,0,0,0,0,1,1
A2E51216-F1A6-46BB-8EC5-266965622F30,2015,52,0,0,0,1,0,0,0,0,1,0,0,0,0,0,0,0,0,0,0,1,0,0,0,1,0
E61F704F-1E75-4415-B6BF-C217AF4E678F,2016,62,0,0,0,0,0,1,0,0,1,1,1,0,0,1,0,0,0,0,0,0,0,0,0,1,0
d3a45c30-c4f0-11e9-bbcb-6517d645041f,2016,54,0,1,0,0,0,0,0,0,1,0,0,0,0,0,0,1,0,0,0,0,0,0,0,1,0
4BB56443-9C97-4527-8D9A-F458717AA845,2011,54,1,0,0,0,0,0,0,0,1,0,0,0,0,0,0,0,1,0,0,0,0,0,0,1,0
1d53cd90-aef6-11e9-82a5-498009bfd296,2018,51,0,1,0,0,0,0,0,0,1,0,0,0,0,0,0,0,1,0,0,0,0,0,0,1,0
538062C0-8501-4B8B-835F-53971677E646,2024,54,0,1,0,0,0,0,0,0,1,0,0,0,0,0,0,1,0,0,0,0,0,0,0,1,0
2412f0c0-a0a1-11e8-899a-23ad2f84ca7d,2018,52,0,1,0,0,0,0,0,0,1,0,0,0,0,0,0,1,0,0,0,0,1,0,0,0,0
D7B7B913-1090-4DC6-ABE5-898659BA908C,2012,62,0,0,0,0,1,0,0,0,0,1,0,0,1,0,0,0,0,0,0,0,0,0,0,1,0
4BC5C5DD-95D8-491F-9839-30CDE7FD35A6,2013,62,0,0,0,1,0,0,0,0,1,0,0,0,0,0,1,0,0,0,0,0,0,0,0,1,0
4BCDACCB-8614-407C-BF9E-3FB64569EFF1,2012,62,0,0,1,0,0,0,0,0,1,0,1,0,0,0,0,0,0,1,0,0,0,0,0,1,0
4BCDBCC6-4F77-46AE-916D-82A13ED4C6CB,2010,52,0,0,0,0,0,1,0,0,0,1,0,0,0,1,0,0,0,0,0,0,0,1,0,0,0
24eb6da0-8113-11e7-9cfb-2f8f443557c3,2017,00,1,0,0,0,0,0,0,0,1,0,0,0,0,0,0,0,1,0,0,0,1,0,0,0,0
24eb6da0-8113-11e7-9cfb-2f8f443557ce,2016,00,0,1,0,0,0,0,0,0,1,0,0,0,0,0,0,0,0,0,0,1,0,0,0,1,0
4BD4707D-F010-40D3-959B-7ABA7163B3B0,2012,62,0,0,0,0,1,0,0,0,0,1,0,0,1,0,0,0,0,0,0,0,0,0,0,1,0
850686f0-d9a9-11eb-96ea-fd8a03dbb673,2017,92,0,1,0,0,0,0,0,0,1,0,0,0,0,0,0,1,0,0,0,0,1,0,0,0,0
e36f5ee0-1294-11ed-b2f5-3585c75e0457,2019,81,1,0,0,0,0,0,0,0,1,0,0,0,0,0,0,0,1,0,0,0,0,1,0,0,0
4BDD4E32-D6A0-4DE2-B103-0271D66EE441,2010,62,0,0,0,1,0,0,0,0,1,0,0,0,0,0,1,0,0,0,0,0,0,1,0,0,0
008639D4-0040-4CD2-B8D0-B36A70CFA271,2016,92,0,1,0,0,0,0,0,0,1,0,0,0,0,0,0,1,0,0,0,0,0,0,0,1,0
4BE7E4D9-6E05-4906-B726-36B4C09063F5,2012,81,0,1,0,0,0,0,0,0,1,0,0,0,0,0,0,1,0,0,0,0,0,0,0,1,0
4BEDE02B-16F8-46C9-AF14-747E896C36D3,2014,61,0,0,0,1,0,0,0,0,1,0,0,0,0,0,1,0,0,0,0,0,0,1,0,0,0
4BF65853-0881-4039-92A8-FD44ED9FC6EB,2011,92,0,0,0,0,0,1,0,0,0,1,0,0,0,1,0,0,0,0,0,0,0,0,1,0,0
4D2CE939-62EF-4AFC-B2D6-DCB9851CCA79,2015,22,1,1,0,0,0,0,0,0,1,0,0,0,0,0,0,0,1,0,0,0,0,0,0,1,0
4BFCCC3B-12B4-4725-BA89-00D419ED5F78,2012,62,0,0,0,0,1,0,0,0,0,1,0,0,1,0,0,0,0,0,0,0,0,0,0,1,0
28daba60-251b-11eb-af35-ed9bb3f10d5f,2020,00,0,1,0,0,0,0,0,0,1,0,0,0,0,0,0,1,0,0,0,0,0,1,0,0,0
E0EA3856-AA96-4D40-940A-F2BA88D1FD78,2014,62,0,0,0,0,1,0,0,0,0,1,0,0,1,0,0,0,0,0,0,0,0,0,0,1,0
4C1BC05B-81AF-4C3C-AA31-96B6A21FE29A,2010,09,0,0,0,0,1,0,0,0,0,1,0,0,1,0,0,0,0,0,0,0,0,0,0,1,0
4C1D23DD-6DDA-4E8A-8BD1-96C5C035143A,2010,92,0,0,0,0,0,1,0,0,0,1,0,0,0,1,0,0,0,0,0,0,0,0,0,1,0
35497490-1983-11ed-ac8d-a1874ec50e39,2022,48,1,1,0,0,0,0,0,0,1,0,0,0,0,0,0,0,1,0,0,0,0,0,0,1,0
4C2A23D2-6A42-4AE8-95A8-A45CAFCFDC7F,2008,52,0,0,0,0,0,1,0,0,0,1,0,0,0,1,0,0,0,0,0,0,0,0,0,1,0
4C308866-625F-433E-AD03-7563C4298FF3,2014,52,0,0,0,1,0,0,0,0,1,0,0,0,0,0,1,0,0,0,0,0,0,1,0,0,0
b8d78900-3b57-11ed-a11a-bb811330b875,2022,61,1,0,0,0,0,0,0,1,1,0,0,0,0,0,0,0,1,0,0,0,0,0,0,1,0
4C3D58F3-E3F2-45BD-8CC9-928985478671,2014,92,0,1,0,0,0,0,0,0,1,0,0,0,0,0,0,1,0,0,0,0,1,0,0,0,0
4C523FCC-16A6-4511-BF60-A9DEE1E085C2,2013,61,0,0,0,0,0,1,0,0,0,1,0,0,0,1,0,0,0,0,0,0,0,0,0,1,0
36ee1e50-0b59-11e8-985b-1119ad21cbad,2016,00,0,0,0,0,0,1,0,0,0,1,0,0,0,1,0,0,0,0,0,0,0,0,0,1,0
2fee0350-4894-11ec-be64-495e033b0bce,2021,56,0,1,0,0,0,0,0,0,1,0,0,0,0,0,0,0,1,0,0,0,0,0,0,1,0
0426959A-D571-4B91-8B41-2186E57427F3,2023,61,1,1,0,0,0,0,0,0,1,0,0,0,0,0,0,0,1,0,0,0,0,0,0,1,1
4C5CACD2-28BA-474A-A8BE-786C482BC71F,2012,00,0,1,0,0,0,0,0,0,1,0,0,0,0,0,0,1,0,0,0,0,0,0,0,1,0
4C5D14A2-CB54-4655-9681-CC38A56AB24C,2013,62,0,1,0,0,0,0,0,0,1,0,0,0,0,0,0,0,1,0,0,0,0,0,0,1,0
4C5E1D53-CBD0-4DED-A6D3-8F95DAE5813B,2011,00,0,0,0,0,1,0,0,0,0,1,0,0,1,0,0,0,0,0,0,0,0,0,0,1,0
4C5E40C4-E6D7-41AD-8237-7EE36E0DDAF1,2007,00,0,0,0,0,0,1,0,0,0,1,0,0,0,1,0,0,0,0,0,0,0,0,0,1,0
89640456-6942-4A0A-B0A8-259553554E1D,2015,62,0,0,0,0,0,1,0,0,0,1,0,0,0,1,0,0,0,0,0,0,0,0,0,1,0
489fd740-a0c0-11e8-899a-23ad2f84ca7d,2018,92,0,0,0,0,0,1,0,0,0,1,0,0,0,1,0,0,0,0,0,0,0,0,0,1,0
4C67C9D3-9D12-4839-93FA-3BC16DC4527C,2013,45,1,1,0,0,0,0,0,0,1,0,0,0,0,0,0,0,1,0,0,0,0,0,0,1,0
4C7A1489-329E-406D-8AEE-469641E80054,2013,61,0,0,0,0,0,1,0,0,0,0,1,0,0,1,0,0,0,0,0,0,0,0,0,1,0
4C7B9E21-D759-44D6-AC76-5AE1B2881B3C,2012,54,1,1,0,0,0,0,0,0,1,0,0,0,0,0,0,1,1,0,0,0,0,0,0,1,0
4C831E1F-8B83-4F80-B6D6-FE032EEE9484,2013,81,0,0,0,0,1,0,0,0,1,0,0,0,1,0,0,0,0,0,0,0,0,0,0,1,0
4C890F2B-7552-47D8-AE95-0AAA07564A25,2009,52,0,0,0,0,0,1,0,0,0,1,0,0,0,1,0,0,0,0,0,0,0,1,0,0,0
4C8E0DC6-5E12-43E2-9327-19A9C4E8AB4A,2015,61,0,0,0,0,0,0,0,1,0,0,0,1,0,0,0,0,0,0,0,1,0,0,0,1,0
6E217C8B-E75E-48D2-B5F0-A24C3872363D,2015,62,0,0,0,1,0,0,0,0,1,0,0,0,0,0,1,0,0,0,0,0,0,0,0,1,0
4C9DE7A2-A039-43A3-A977-99CBB0C04656,2014,00,0,0,0,0,0,1,0,0,0,1,0,0,0,1,0,0,0,0,0,0,0,0,0,1,0
093F65E0-80A2-95F8-076B-1C5722A46AA2,2025,31,0,1,0,0,0,0,0,0,1,0,0,0,0,0,0,1,0,0,0,0,0,0,0,1,0
4CA67861-C681-4020-A2DC-D14D12BC682E,2011,62,0,1,0,0,0,0,0,0,1,0,0,0,0,0,0,0,0,0,0,1,0,0,0,1,0
4CA6FBC4-1E45-430A-8FED-085578FF7332,2014,92,0,0,0,0,0,1,0,0,0,1,0,0,0,1,0,0,0,0,0,0,0,0,0,1,0
4CA905ED-C81E-4A5F-A406-9062E67FA5E8,2014,52,1,1,0,0,0,0,0,0,1,0,0,0,0,0,0,1,0,0,0,0,0,0,0,1,0
4CA99342-3621-4920-8D8A-2DBA5D90E4C6,2011,92,0,0,0,0,0,1,0,0,0,1,0,0,0,1,0,0,0,0,0,0,0,0,0,1,0
4CA9A72F-9FDC-4003-8E9A-5E24BA5B461B,2012,62,1,0,0,0,0,0,0,0,1,0,0,0,0,0,0,0,1,0,0,0,0,1,0,0,0
4CB5C57C-7DFD-4813-8B63-C7A7EB4FA45A,2012,62,0,0,0,1,0,0,0,0,1,0,0,0,0,0,1,0,0,0,0,0,0,1,0,0,0
4CBAF006-47BE-4F37-B14A-3D7B1642A7EA,2013,62,0,0,0,1,0,0,0,0,1,0,0,0,0,0,1,0,0,0,0,0,0,1,0,0,0
22361A4F-5AB7-4C92-A0AC-FB740515A416,2015,61,0,0,0,1,0,0,0,0,1,0,0,0,0,0,1,0,0,0,0,0,0,1,0,0,0
639C4C76-085C-4068-A007-B0195D71C323,2016,62,0,1,0,0,0,0,0,0,1,0,0,0,0,0,0,0,1,0,0,0,0,0,0,1,0
49509A7F-5588-4786-A29B-C4097480B48A,2015,92,0,0,0,0,0,1,0,0,0,1,0,0,0,1,0,0,0,0,0,0,0,0,0,1,0
FC8F4B84-EA63-4213-9279-5A43AA071E1D,2013,62,0,0,0,0,1,0,0,0,0,1,0,0,1,0,0,0,0,0,0,0,0,0,0,1,0
B027FEC2-A8EA-4F59-81F3-F0747619449E,2015,51,0,1,1,1,1,0,0,0,1,0,0,0,0,0,0,0,1,1,0,0,0,1,0,0,0
4CDE70F4-D8B1-4782-8823-6FAB5534519C,2012,92,0,0,0,0,0,1,0,0,0,1,0,0,0,1,0,0,0,0,0,0,1,0,0,0,0
4B1EFB10-1D53-471A-82EB-40DEA7147259,2016,62,0,0,0,1,0,0,0,0,1,0,0,0,0,0,1,0,0,0,0,0,0,0,0,1,0
7F39F831-7FBD-B198-8EF4-C628EBA02591,2025,81,0,1,0,0,0,0,0,0,1,0,0,0,0,0,0,1,0,0,0,0,0,0,0,1,0
4CEA8F81-1A9A-4890-B88D-B1237679B4C3,2015,62,1,0,1,0,0,0,0,0,1,0,0,0,0,0,0,0,0,1,0,0,0,0,0,1,0
74E63A88-380D-4BBF-84EB-40B94CE50270,2023,52,1,1,0,0,0,0,0,0,1,0,0,0,0,0,0,0,1,0,0,0,0,0,0,1,1
4CF35E9F-0838-4A9F-8CE6-A33817CDB149,2012,00,0,1,0,0,0,0,0,0,1,0,0,0,0,0,0,0,0,0,0,1,0,1,0,0,0
4CF4894F-7ED5-40BE-B3A7-F0CA6C95400C,2013,92,0,0,0,0,0,1,0,0,0,1,0,0,0,1,0,0,0,0,0,0,0,0,0,1,0
4CF529BF-B044-490C-8280-074A03780222,2014,00,0,1,0,0,0,0,0,0,1,0,0,0,0,0,0,1,1,0,0,0,1,0,0,0,0
4CFEEA22-7865-4EA5-981B-E56F733B85B9,2015,54,0,0,0,0,0,1,0,0,0,1,0,0,0,1,0,0,0,0,0,0,0,0,0,1,0
4D00E63A-E509-4421-BF87-7DB145AA70CD,2014,61,0,0,0,0,0,1,0,0,0,1,0,0,0,1,0,0,0,0,0,0,1,0,0,0,0
9997afc0-3be4-11ec-963f-f964320be408,2021,61,1,0,0,0,0,0,0,0,1,0,0,0,0,0,0,0,1,0,0,0,0,1,0,0,0
4D0D7538-266F-4E02-80D7-59C1428845D3,2013,92,0,1,0,0,0,0,0,0,1,0,0,0,0,0,0,0,1,0,0,0,0,0,0,1,0
4D218085-78AA-4FF4-B52B-5A48D7E67B1B,2014,51,0,1,0,0,0,0,0,0,1,0,0,0,0,0,0,1,0,0,0,0,0,0,0,1,0
228A53A4-7C0D-480B-8742-C6946372E062,2023,52,1,1,0,0,0,0,0,0,1,0,0,0,0,0,0,0,1,0,0,0,0,0,0,1,1
4D2852D2-536B-4B88-A6A3-E293340F256B,2012,31,1,1,0,0,0,0,0,0,1,0,0,0,0,0,0,0,1,0,0,0,0,0,0,1,0
4D30B911-D73B-4ECE-ABAC-BA4B9810AACC,2013,54,0,0,0,0,0,1,0,0,0,1,0,0,0,1,0,0,0,0,0,0,0,0,0,1,0
40c10060-6bc1-11e7-97f1-7f40b0b1fd66,2017,00,1,0,0,0,0,0,0,0,1,0,0,0,0,0,0,0,1,0,0,0,1,0,0,0,0
18154283-0607-4F62-8D89-0A64B28BF7EA,2023,61,1,1,0,0,0,0,0,0,1,0,0,0,0,0,0,0,1,0,0,0,0,0,0,1,1
4D3E405F-3E15-4631-ADB8-8632D918BD87,2011,92,0,0,0,0,0,1,0,0,0,1,0,0,0,1,0,0,0,0,0,0,0,0,1,0,0
4D4786A8-0526-4246-B810-F1E61056CFCA,2013,92,0,1,0,0,0,0,0,0,1,0,0,0,0,0,0,0,1,0,0,0,0,0,0,1,0
4D4EE546-AB71-443E-821D-F3F6BC678449,2014,62,0,1,0,0,0,0,0,0,1,0,0,0,0,0,0,1,0,0,0,0,0,0,0,1,0
4D55F456-BC52-4C5A-A986-43FE5ECB2821,2012,44,0,0,0,0,0,0,0,1,0,0,0,1,0,0,0,0,0,0,0,1,0,1,0,0,0
401AA10B-A5B6-4264-B2D1-8CA8802544AA,2023,61,1,1,0,0,0,0,0,0,1,0,0,0,0,0,0,0,1,0,0,0,0,0,0,1,1
4D630A26-B2FC-4A39-BD6E-7D7DA968B17C,2014,52,0,1,0,0,0,0,0,0,1,0,0,0,0,0,0,0,0,0,1,0,1,0,0,0,0
c9b2d9c0-8a92-11e8-ba1e-e3857583ba43,2018,56,0,1,0,0,0,0,0,0,1,0,0,1,0,0,0,1,0,0,0,0,0,1,0,0,0
0d9199a0-dfe7-11ef-8e7d-5bcd93832819,2024,92,0,0,0,0,0,0,0,1,1,0,0,0,0,0,0,0,0,0,0,1,0,0,0,1,0
4D89C7E4-4077-447A-9D75-2A5BFFCFA8B9,2012,00,0,1,0,0,0,0,0,0,1,0,0,0,0,0,0,1,0,0,0,0,0,0,0,1,0
4D8B3C4F-A6AB-4ACF-8663-8D711455707A,2013,72,0,0,0,1,0,0,0,0,0,1,0,0,0,0,0,0,0,0,0,1,0,0,0,1,0
3334ADC2-CC98-481B-AE73-5A13CA5D6755,2023,61,1,1,0,0,0,0,0,0,1,0,0,0,0,0,0,0,1,0,0,0,0,0,0,1,1
4D9563C2-D148-43B0-B769-E7458AC80BDF,2013,06,0,0,0,0,1,0,0,0,0,1,0,0,1,0,0,0,0,0,0,0,0,0,0,1,0
f5043db0-af6c-11f0-a027-d955a4d2f085,2023,54,0,1,0,0,0,0,0,0,1,0,0,0,0,0,0,0,1,0,0,0,0,0,0,1,0
4D973F45-F24E-4574-B9E5-B6EBF9A50EAD,2013,52,1,1,1,0,0,0,0,0,1,0,0,0,0,0,0,0,0,1,0,0,1,0,0,0,0
4DA1FC2C-EB9B-46C6-A76A-3E055F7BC71C,2014,52,0,0,0,1,0,0,0,0,1,0,0,0,0,0,1,0,0,0,0,0,0,0,0,1,0
4DAFCAAD-FDF3-49E1-AF7F-97FC0D60AAE3,2013,92,0,0,0,0,1,0,0,0,0,1,0,0,1,0,0,0,0,0,0,0,0,0,0,1,0
4DB55278-9BCC-4DD9-835C-CE3F331A0491,2013,92,0,0,0,0,0,1,0,0,0,1,0,0,0,1,0,0,0,0,0,0,0,0,0,1,0
f89e5ec0-c491-11e7-9a8b-47d1b690bc01,2017,92,0,0,0,0,0,1,0,0,0,1,0,0,0,1,0,0,0,0,0,0,0,0,0,1,0
4DBDAE09-AC5E-43AE-A5C1-C88DFC4EB175,2012,61,0,0,0,0,0,0,0,1,0,1,0,0,0,0,0,0,0,0,0,1,0,0,0,1,0
4DC627D4-21CC-44CD-976A-1B181C2127BF,2012,00,0,1,0,0,0,0,0,0,1,0,0,0,0,0,0,1,0,0,1,0,1,0,0,0,0
13C06D11-C59C-4536-B9CE-FCA0CCD79C1A,2023,61,1,1,0,0,0,0,0,0,1,0,0,0,0,0,0,0,1,0,0,0,0,0,0,1,1
3226e3d0-0254-11eb-8781-bfb630cdf748,2020,51,0,0,0,0,0,1,0,0,0,1,0,0,0,1,0,0,0,0,0,0,0,0,0,1,0
4DD79E62-7083-42DA-91CF-8C2E0B8497DF,2011,44,0,0,0,0,1,0,0,0,0,0,1,0,1,0,0,0,0,0,0,0,0,0,0,1,0
C7ED3083-7E0D-4707-BC26-8184AFE4D6DC,2023,61,1,1,0,0,0,0,0,0,1,0,0,0,0,0,0,0,1,0,0,0,0,0,0,1,1
4DDF61A5-1C5D-4E74-BD6B-EBCBF6005090,2012,51,0,1,0,0,0,0,0,0,1,0,0,0,0,0,0,0,1,0,0,0,0,0,0,1,0
4DE31A1F-829D-444B-B0A0-E6989B226B8B,2012,92,0,0,0,0,0,1,0,0,0,1,0,0,0,1,0,0,0,0,0,0,0,0,0,1,0
661000d0-2376-11eb-b77f-316b5c5dd5eb,2020,54,0,1,0,0,0,0,0,0,1,0,0,0,0,0,0,1,1,0,0,0,0,0,0,1,0
4DE43778-BE78-44EE-8D2C-09DB28E01816,2015,92,0,0,0,1,0,0,0,0,0,1,0,0,0,0,0,0,0,0,0,1,0,0,0,1,0
A2F92741-C643-4E24-B233-7C68DF13B963,2015,92,0,0,0,0,0,1,0,0,0,1,0,0,0,0,1,0,0,0,0,0,0,1,0,0,0
FD20AB46-ED89-4864-B056-E01253577148,2023,61,1,1,0,0,0,0,0,0,1,0,0,0,0,0,0,0,1,0,0,0,0,0,0,1,1
642E92EF-B794-2173-4881-B53E1E1B18B6,2025,44,0,1,0,0,0,0,0,0,1,0,0,0,0,0,0,1,0,0,0,0,0,0,0,1,0
3318d260-ffe1-11e9-830f-9f9afa6b578d,2014,92,0,0,0,0,1,0,0,0,0,1,0,0,1,0,0,0,0,0,0,0,0,0,0,1,0
4E18F2B5-434C-4D9C-B5CF-4BFDCB6DE08F,2010,92,0,0,0,0,0,1,0,0,0,1,0,0,0,1,0,0,0,0,0,0,0,0,1,0,0
4E1ABF53-342F-435D-AFCF-0B1AC625A1D6,2013,00,0,1,0,0,0,0,0,0,1,0,0,0,0,0,0,1,0,0,0,0,0,0,0,1,0
75840bc0-0938-11ed-95e3-a9380a6c86ae,2022,92,0,1,0,0,0,0,0,0,1,0,0,0,0,0,0,1,0,0,0,0,0,0,0,1,0
91588190-c57d-11e7-8053-ff1e84d2b694,2017,62,0,0,0,0,0,1,0,0,0,1,0,0,0,1,0,0,0,0,0,0,0,0,0,1,0
4E25230D-A295-45F9-8750-DCA0AC83E6DC,2012,62,0,0,0,0,0,1,0,0,0,0,1,0,0,1,1,0,0,0,0,0,0,0,0,1,0
02B41566-0A74-4E8E-B1BE-5096C7C04718,2023,61,1,1,0,0,0,0,0,0,1,0,0,0,0,0,0,0,1,0,0,0,0,0,0,1,1
9AC1DDBF-32AE-49C6-A749-9623C88D615F,2016,51,0,1,0,0,0,0,0,0,1,0,0,0,0,0,0,1,0,0,0,0,0,0,0,1,0
57A5D128-3DCC-46A1-8BBD-6024B0BDDF19,2023,61,1,1,0,0,0,0,0,0,1,0,0,0,0,0,0,0,1,0,0,0,0,0,0,1,1
178B47B3-4C8E-4CDD-AFA0-063C4DADCE77,2023,61,1,1,0,0,0,0,0,0,1,0,0,0,0,0,0,0,1,0,0,0,0,0,0,1,1
89b859a0-74a8-11eb-a956-8766d2dd0181,2020,54,0,0,0,0,0,1,0,0,0,1,0,0,0,1,0,0,0,0,0,0,0,0,0,1,0
4E3D8F06-35AC-435E-AACF-CF38EA9292F5,2014,62,0,0,0,0,1,0,0,0,0,1,0,0,1,0,0,0,0,0,0,0,0,0,0,1,0
4E42B2F1-0CED-4050-B512-F99E5819226C,2013,62,0,0,0,0,1,0,0,0,0,1,0,0,1,0,0,0,0,0,0,0,0,0,0,1,0
4E62DC08-71E6-46B0-AC56-8A9214826281,2012,62,0,1,0,0,0,0,0,0,1,0,0,0,0,0,0,0,1,0,0,0,0,0,0,1,0
01A8AB26-EB06-4723-A927-46BE7C4A244E,2023,61,1,1,0,0,0,0,0,0,1,0,0,0,0,0,0,0,1,0,0,0,0,0,0,1,1
4E7643E8-C303-4F09-86AA-EC0AC340FDD9,2013,61,0,1,0,0,0,0,0,0,1,0,0,0,0,0,0,1,0,0,0,0,1,0,0,0,0
4E790BF2-7A96-4D6D-AF8F-8DFF3C3DF69F,2011,62,0,1,0,0,0,0,0,0,1,0,0,0,0,0,0,0,1,0,0,0,0,0,0,1,0
5F7B7E32-05B2-45D4-8D48-BE2A05687D14,2023,61,1,1,0,0,0,0,0,0,1,0,0,0,0,0,0,0,1,0,0,0,0,0,0,1,1
4EA24B5C-AC1E-43E0-BADB-184B9D085F23,2012,62,0,0,0,0,0,0,0,1,0,0,0,1,0,0,0,0,0,0,0,1,0,1,0,0,0
94feee20-464b-11ed-9a6c-911ade1670b5,2020,62,0,1,1,0,0,0,0,1,1,0,0,0,0,0,0,0,0,1,0,0,0,0,0,1,0
37DF279C-5E68-45E1-BD6F-5407961FE474,2023,61,1,1,0,0,0,0,0,0,1,0,0,0,0,0,0,0,1,0,0,0,0,0,0,1,1
327a6380-d953-11f0-82e6-074fe481ef29,2024,52,0,1,0,0,0,0,0,1,1,0,0,0,0,0,0,0,1,0,0,0,0,0,0,1,0
1C383CD3-0B7C-298A-B502-93ADFECB7B18,2025,54,0,1,0,0,0,0,0,0,1,0,0,0,0,0,0,1,0,0,0,0,0,0,0,1,0
4EBCB01F-1FAF-4FE1-90F6-47287E4B02A5,2013,52,0,0,0,0,0,0,0,1,1,0,0,0,0,0,0,0,0,0,0,1,0,0,0,1,0
6C2A653D-B295-4E12-8433-6C1BFB6B6D64,2015,62,0,0,0,0,1,0,0,0,0,1,0,0,1,0,0,0,0,0,0,0,0,0,0,1,0
4EC34922-CF48-4DF4-8AB4-D531E62B509C,2013,44,0,0,0,1,0,0,0,0,1,0,0,0,0,0,0,0,0,0,0,1,0,0,0,1,0
4ECBC18B-2288-4E96-B37C-F3FEC0300697,2013,51,0,1,0,0,0,0,0,0,1,0,0,0,0,0,0,1,0,0,0,0,0,0,0,1,0
d193ecb0-a1b0-11ea-aa67-0b6b068266ad,2020,61,0,1,0,0,0,0,0,0,1,0,0,0,0,0,0,1,0,0,0,0,0,0,0,1,0
D90BD9FD-A438-4F2A-AE2B-840BE7533278,2015,62,0,0,0,0,0,1,0,0,0,1,0,0,0,1,0,0,0,0,0,0,0,1,0,0,0
4ED41059-C1EF-4010-84C5-E1F64804CC84,2013,56,1,1,0,0,0,0,0,0,1,0,0,0,0,0,0,0,1,0,0,0,0,0,0,1,0
4EDA48B0-8978-440B-9E19-970FF569F1C9,2005,52,0,0,0,0,0,1,0,0,0,0,1,0,0,1,1,0,0,0,0,0,0,1,0,0,0
9a4cd4a0-a22b-11e8-ae61-0fc7f403e976,2018,92,0,0,0,0,0,1,0,0,0,1,0,0,0,1,0,0,0,0,0,0,0,0,0,1,0
08779ee0-8f46-11e8-a74f-e5450456a5bf,2018,92,0,1,1,0,0,0,0,0,1,0,0,0,0,0,0,0,0,1,0,0,0,0,0,1,0
81FBB749-EACF-4CD6-AA5E-AE91BBB20866,2015,45,0,1,0,0,0,0,0,0,1,0,0,0,0,0,0,1,0,0,0,0,0,0,0,1,0
a9a8c670-9b41-11e8-8c28-77aa5b8d940e,2018,52,0,0,0,1,0,0,0,0,1,0,0,0,0,0,0,0,0,0,0,1,0,0,0,1,0
4EEC65C6-B345-477B-9656-00360847F0BE,2014,00,0,1,0,0,0,0,0,0,1,0,0,0,0,0,0,1,0,0,0,0,1,0,0,0,0
F47262C8-EADB-4358-8282-A2A0AFAA7FE9,2016,51,0,1,1,0,0,0,0,0,1,0,0,0,0,0,0,0,0,1,1,0,1,0,0,0,0
4EF65150-7604-4BD6-9027-24722A761540,2012,45,1,1,0,0,0,0,0,0,1,0,0,0,0,0,0,0,1,0,0,0,0,0,0,1,0
F79354B8-2F30-4AA7-8833-BC9CFF714B47,2012,62,0,0,0,0,1,0,0,0,0,1,0,0,1,0,0,0,0,0,0,0,0,0,0,1,0
4F01D807-AA42-4D27-B0BE-9357D7B2EE8F,2011,00,0,0,0,0,0,1,0,0,0,1,0,0,0,1,0,0,0,0,0,0,0,0,0,1,0
4F032707-4BFB-4228-AAF0-9055B5D0ACFF,2016,62,1,1,1,0,0,0,0,1,1,0,0,0,0,0,0,0,0,1,0,0,0,0,0,1,0
4F03A16F-8FB1-46C0-A165-403015A402BE,2009,92,0,0,0,0,0,1,0,0,0,0,1,0,0,1,0,0,0,0,0,0,0,0,0,1,0
4F0595F7-5FE0-48E1-90EC-B7F33E0C369F,2013,00,0,1,0,0,0,0,0,0,1,0,0,0,0,0,0,0,0,0,1,0,1,0,0,0,0
4F075974-834C-4C6B-A3C2-105DBA421DD2,2011,92,0,0,0,0,1,0,0,0,0,1,0,0,1,0,0,0,0,0,0,0,0,0,0,1,0
4F0BECD5-A793-4F8B-BC9D-391861B61064,2014,62,0,1,0,0,0,0,0,0,1,0,0,0,0,0,0,0,0,0,0,1,0,0,0,1,0
4F0CCF06-1DDC-4642-8F9A-9A014E30C523,2010,62,0,0,0,0,1,0,0,0,0,1,0,0,1,0,0,0,0,0,0,0,0,1,0,0,0
4F151AEB-3F3C-4913-897D-128B632FEF33,2007,92,0,0,0,0,0,0,0,1,1,0,0,0,0,0,0,0,0,0,0,1,0,0,0,1,0
a5ab9860-1469-11eb-ac54-3bea5c26f172,2016,00,0,1,0,0,0,0,0,0,1,0,0,0,0,0,0,1,0,0,0,0,0,1,0,0,0
874c0d30-8e7b-11e8-8003-e3ff5269fee2,2016,62,0,0,0,0,1,0,0,0,0,1,0,0,1,0,0,0,0,0,0,0,0,0,0,1,0
0a3ed660-c8ef-11e9-9c16-3f32faecab86,2019,62,0,0,0,0,0,1,0,0,0,1,0,0,0,1,0,0,0,0,0,0,0,0,0,1,0
4F2CB788-892C-4721-9150-C8C977F363BB,2012,56,0,0,0,0,1,0,0,0,0,1,0,0,1,0,0,0,0,0,0,0,0,0,0,1,0
4F2D1D4A-3FD6-46DC-B2B8-D296DEE0463D,2013,51,0,0,0,0,0,0,0,1,0,0,0,1,0,0,0,1,0,0,0,0,1,0,0,0,0
4F36BEEF-6538-48F1-9226-1A8F1CD2012C,2015,44,0,0,0,0,0,1,0,0,0,1,0,0,0,1,0,0,0,0,0,0,0,0,0,1,0
AA6C4CD6-DC5C-49BA-B869-2C962D704DAE,2016,00,0,0,0,0,1,0,0,0,0,1,0,0,1,0,0,0,0,0,0,0,0,0,0,1,0
35DB8868-C032-42B3-A722-BB0FE97DBA69,2023,61,1,1,0,0,0,0,0,0,1,0,0,0,0,0,0,0,1,0,0,0,0,0,0,1,1
84A5008B-7F28-429E-BEBE-37E959CB7A44,2023,22,1,1,0,0,0,0,0,0,1,0,0,0,0,0,0,0,1,0,0,0,0,0,0,1,1
4F431B29-C3F0-400A-9D93-3C4AEC034DB6,2012,72,0,0,0,0,1,0,0,0,0,1,0,0,1,0,0,0,0,0,0,0,0,0,0,1,0
4F43990C-EE45-4BF3-B7B5-B4476A882D4C,2010,62,0,0,0,0,0,1,0,0,0,0,1,0,0,1,0,0,0,0,0,0,0,1,0,0,0
D645920E-395F-EDAD-7BBB-ED0ECA3FE2E0,2025,51,0,1,0,0,0,0,0,0,1,0,0,0,0,0,0,1,0,0,0,0,0,0,0,1,0
4ADC04AB-6B96-4FE1-BF07-2BD41CAFF250,2016,62,1,0,0,0,0,0,0,0,1,0,0,0,0,0,0,0,1,0,0,0,0,0,0,1,0
5449b810-72d5-11eb-b847-53c7fcddcc7a,2020,51,0,0,0,0,0,1,0,0,0,1,0,0,0,1,0,0,0,0,0,0,0,0,0,1,0
4F6F10A3-228D-4D28-BAF9-8618C65DF44D,2013,62,0,1,0,0,0,0,0,0,0,0,1,0,0,0,0,0,0,0,0,1,0,1,0,0,0
82753383-BCE5-4D9A-A103-D9BE04F02471,2023,61,1,1,0,0,0,0,0,0,1,0,0,0,0,0,0,0,1,0,0,0,0,0,0,1,1
4F71DFA6-CEDF-4B1B-9B72-69F98409D9F0,2014,62,0,0,0,1,0,0,0,0,1,0,0,0,0,0,1,0,0,0,0,0,0,1,0,0,0
4F797501-69F4-4414-BE75-B50EDCF93D6B,2012,92,1,1,1,0,0,0,0,0,1,0,0,0,0,0,0,0,0,1,0,0,0,0,0,1,0
F8B1B67A-8318-4085-8FAA-AD67A12B9B4E,2023,61,1,1,0,0,0,0,0,0,1,0,0,0,0,0,0,0,1,0,0,0,0,0,0,1,1
4F916098-22D7-4EE5-B20E-251CA28EDFD1,2013,62,0,0,0,1,0,0,0,0,1,0,0,0,0,0,1,0,0,0,0,0,0,1,0,0,0
4F92AED3-94C0-4496-BA31-B33294BC630F,2014,62,1,1,0,0,0,0,0,0,1,0,0,0,0,0,0,0,1,0,0,0,0,0,0,1,0
4F9747D5-0AB0-4082-9D5B-2332ECB1F50B,2015,00,0,0,0,1,0,0,0,0,1,0,0,0,0,0,0,0,0,0,0,1,1,0,0,0,0
c8da47e0-cd35-11e9-a052-6392f3b8c0e8,2019,05,0,0,0,0,0,1,0,0,0,1,0,0,0,1,0,0,0,0,0,0,0,0,0,1,0
4F9EAF7B-9C0C-4F3F-8B49-FAAA202F5DBF,2012,62,0,0,0,0,0,1,0,0,0,1,0,0,0,1,0,0,0,0,0,0,0,0,0,1,0
224D5E0D-6CE9-4414-8E37-67E549D21530,2016,62,0,1,0,0,0,0,0,0,1,0,0,0,0,0,0,0,0,0,0,1,0,1,0,0,0
4FA32E37-4C51-4995-BD80-6817A9EF92B0,2015,00,0,0,0,1,0,0,0,0,1,0,0,0,0,0,0,0,0,0,0,1,0,0,0,1,0
4FA4790C-ECA8-497C-AFE3-4E01EDCE0E14,2013,00,0,0,0,0,0,1,0,0,0,1,0,0,0,1,0,0,0,0,0,0,0,0,0,1,0
4FA49C60-8FD6-4A0A-850B-8AE6F28840C9,2013,00,0,0,0,0,1,0,0,0,0,1,0,0,1,0,0,0,0,0,0,0,0,0,0,1,0
4FAA6BDE-7CC5-45C6-AF6E-66F1FFC89A5E,2012,62,0,0,0,1,0,0,0,0,1,0,0,0,0,0,1,0,0,0,0,0,0,1,0,0,0
4FABD5F7-6825-42D1-B5E1-C6D2D64B3D24,2015,00,0,0,0,0,0,1,0,0,0,1,0,0,0,1,0,0,0,0,0,0,0,0,0,1,0
e2079850-e473-11e7-977c-0b3846f56840,2017,92,0,0,0,0,0,1,0,0,0,1,0,0,0,1,0,0,0,0,0,0,0,0,0,1,0
4FD45130-141B-4B1C-902E-922B4C6DA99A,2012,52,0,0,0,0,0,1,0,0,0,1,0,0,0,1,0,0,0,0,0,0,0,0,0,1,0
4FD49A21-495A-4024-B524-6BB7A873B65A,2009,33,1,1,1,0,0,0,0,0,1,0,0,0,0,0,0,0,0,1,0,0,0,0,0,1,0
A5B714BD-9B59-4C94-B19A-831C55528569,2023,61,1,1,0,0,0,0,0,0,1,0,0,0,0,0,0,0,1,0,0,0,0,0,0,1,1
4FD73293-DAB1-43D0-9552-492144ED489D,2013,51,0,1,0,0,0,0,0,0,1,0,0,0,0,0,0,1,0,0,0,0,0,0,0,1,0
ee3b2830-c81a-11e9-8a5a-abdcbb867af8,2019,51,0,0,0,0,0,1,0,0,0,1,0,0,0,1,0,0,0,0,0,0,0,0,0,1,0
7c215bd0-723b-11eb-b847-53c7fcddcc7a,2015,54,0,0,0,0,0,1,0,0,0,1,0,0,0,1,0,0,0,0,0,0,0,0,0,1,0
4FEFF3CB-4DE2-4442-A350-8662AB3F348E,2012,31,0,1,0,0,0,0,0,0,1,0,0,0,0,0,0,0,1,0,0,0,0,0,0,1,0
4FF224CC-CD4A-46D0-83AD-CF423CF57950,2013,81,0,0,0,0,0,1,0,0,0,1,0,0,0,1,1,0,0,0,0,0,0,1,0,0,0
500311F2-6CE4-4558-AA47-AA028ADAFB8A,2012,62,0,0,0,0,1,0,0,0,0,1,0,0,1,0,0,0,0,0,0,0,0,0,0,1,0
C5063787-10D5-417C-9F24-F1B4262548E6,2016,72,1,1,0,0,0,0,0,0,1,0,0,0,0,0,0,0,1,0,0,0,0,0,0,1,0
edb48950-87bb-11ee-b955-bdb463ad03be,2023,54,1,0,0,0,0,0,0,0,1,0,0,0,0,0,0,0,1,0,0,0,0,1,0,0,0
50108842-B865-464F-8C69-8851762F7600,2014,52,0,1,0,0,0,0,0,0,1,0,0,0,0,0,0,0,0,0,0,1,0,0,0,1,0
26a837d0-94a6-11e7-9340-f70be1ebf87c,2016,54,0,0,0,0,0,1,0,0,0,1,0,0,0,1,0,0,0,0,0,0,0,0,0,1,0
c0e96510-7230-11eb-a674-05cfd55ad89e,2019,51,0,1,0,0,0,0,0,0,1,0,0,0,0,0,0,0,0,0,0,1,0,0,0,1,0
f0060fe0-345f-11ed-b144-457a87672420,2022,00,0,1,0,0,0,0,0,0,1,0,0,0,0,0,0,0,0,0,1,0,1,0,0,0,0
E4CB6DFF-8305-4C25-B182-69BCE53253B2,2023,61,1,1,0,0,0,0,0,0,1,0,0,0,0,0,0,0,1,0,0,0,0,0,0,1,1
6a669590-da31-11e7-a58f-dff506a792fb,2014,00,0,0,0,0,1,0,0,0,0,1,0,0,1,0,0,0,0,0,0,0,0,0,0,1,0
0A3779CB-C0D6-40BC-B869-A990B1C59FD3,2016,52,0,0,0,1,0,0,0,0,1,0,0,0,0,0,0,0,0,0,0,1,0,0,0,1,0
50403DDC-1C7C-491B-8E51-9E2A43C2D382,2013,92,1,1,0,0,0,0,0,0,1,0,0,0,0,0,0,1,0,0,0,0,1,0,0,0,0
504273CF-C450-4673-AD26-702CFD78EB14,2013,00,0,0,0,1,0,0,0,0,1,0,0,0,0,0,1,0,0,0,0,0,0,1,0,0,0
a249e570-f2ac-11ea-8781-7798bdcc4349,2020,62,0,1,0,0,0,0,0,0,1,0,0,0,0,0,0,1,0,0,0,0,0,0,0,1,0
690e7200-027e-11e9-aee0-f7420d4f3238,2018,00,0,1,1,0,0,0,0,0,1,0,0,0,0,0,0,0,0,1,0,0,0,0,0,1,0
504800A3-3FAB-4567-A1CE-49C06225F713,2012,33,0,1,0,0,0,0,0,0,1,0,0,0,0,0,0,0,1,0,0,0,0,0,0,1,0
9F9D8144-6A8E-4F1B-86F5-E174E2B50B78,2023,61,1,1,0,0,0,0,0,0,1,0,0,0,0,0,0,0,1,0,0,0,0,0,0,1,1
504C8B52-4E90-479F-B2ED-09C223D2A4D3,2012,05,0,1,0,0,0,0,0,0,1,0,0,0,0,0,0,1,0,0,0,0,0,0,0,1,0
50510AC2-EA43-473A-BE08-8D18D385B44B,2010,62,0,0,0,0,0,1,0,0,0,1,0,0,0,1,0,0,0,0,0,0,0,1,0,0,0
79253309-BF84-42A7-9B1C-FAA3F25B2741,2023,61,1,1,0,0,0,0,0,0,1,0,0,0,0,0,0,0,1,0,0,0,0,0,0,1,1
c2c5d350-04ad-11eb-8c43-8ded27596b66,2020,62,1,1,0,0,0,0,0,0,1,0,0,0,0,0,0,0,1,0,0,0,0,0,0,1,0
10b98c60-15de-11ea-ba54-075d8b11bbd2,2019,92,0,0,0,0,1,0,0,0,0,1,0,0,1,0,0,0,0,0,0,0,1,0,0,0,0
b6833390-3523-11e9-8dbb-275658e06f31,2018,00,0,0,0,0,0,1,0,0,0,1,0,0,0,1,0,0,0,0,0,0,0,0,0,1,0
180AA6E1-5076-4EC9-BB73-88F81D927257,2023,61,1,1,0,0,0,0,0,0,1,0,0,0,0,0,0,0,1,0,0,0,0,0,0,1,1
504548b0-d96d-11e7-8b17-fdfed30923dd,2017,00,0,0,0,1,0,0,0,0,0,1,0,0,0,0,1,0,0,0,0,0,0,0,0,1,0
506BBE2B-7DEC-453C-B963-17F189894719,2013,00,0,1,0,0,0,0,0,0,1,0,0,0,0,0,0,1,0,0,0,0,0,0,0,1,0
506E2E75-EC1B-42ED-AFBE-A45DC4D1C508,2011,92,0,0,0,0,1,0,0,0,0,1,0,0,1,0,0,0,0,0,0,0,0,0,0,1,0
5078C0CE-EDBB-4EAF-A528-996B85CE7094,2013,00,0,0,0,0,1,0,0,0,0,0,1,0,1,0,0,0,0,0,0,0,0,0,0,1,0
507FF1DB-2F89-4383-A739-BD4D0C65A09A,2012,52,0,0,0,1,0,0,0,0,1,0,0,0,0,0,1,0,0,0,0,0,0,0,0,1,0
50898BF8-453A-4005-9DDD-79AB9BE0A668,2010,51,1,1,1,0,0,0,0,0,1,0,0,0,0,0,0,0,0,1,0,0,0,0,0,1,0
93A5AEF3-3CF5-4750-AE05-5683AE9BD38D,2015,61,0,1,0,0,0,0,0,0,1,0,0,0,0,0,0,1,0,0,0,0,0,0,0,1,0
508E2680-75C4-440F-8116-9803477056E0,2014,62,0,0,0,0,0,1,0,0,0,0,1,0,0,1,1,0,0,0,0,0,0,0,0,1,0
508E6A35-FD8A-4E5C-A6DE-803E8B89FAE4,2010,92,0,0,0,0,1,0,0,0,0,1,0,0,1,0,0,0,0,0,0,0,0,0,0,1,0
508E99C3-7976-498B-BC54-C081A8D477F7,2010,51,1,1,1,0,0,0,0,0,1,0,0,0,0,0,0,0,0,1,0,0,0,0,0,1,0
E8D51AC0-053B-4978-9B4B-37B09DAA88EE,2016,62,0,0,0,1,0,0,0,0,1,0,0,0,0,0,0,0,0,0,0,1,0,1,0,0,0
0c7c9390-20e2-11ea-8baf-97ebc0c111f5,2017,00,0,0,0,1,0,0,0,0,1,0,0,0,0,0,0,0,0,0,0,1,0,1,0,0,0
ea428360-1d0d-11eb-a925-afd7acbe9906,2017,54,0,0,0,0,0,1,0,0,0,1,0,0,0,1,0,0,0,0,0,0,0,0,0,1,0
6992fbf0-811b-11e7-9cfb-2f8f443557c3,2017,00,0,0,0,0,0,1,0,0,0,1,0,0,0,1,0,0,0,0,0,0,0,0,0,1,0
50AE857A-767B-4A66-AE2A-B56C39118A00,2014,52,0,0,0,0,0,1,0,0,0,1,0,0,0,1,0,0,0,0,0,0,0,0,0,1,0
FDC7131F-3AA8-4529-99EA-B0D81929F5A9,2016,00,1,0,1,0,0,0,0,0,1,0,0,0,0,0,0,0,0,1,0,0,0,0,1,0,0
50B355C7-176B-42D9-8305-35AA80419D63,2012,09,0,0,0,0,0,1,0,0,0,0,1,0,0,1,0,0,0,0,0,0,0,1,0,0,0
50BCAD67-A423-4DF2-A0FE-991F7322546A,2014,71,0,1,0,0,0,0,0,0,1,0,0,0,0,0,0,1,0,0,0,0,0,0,0,1,0
50BCC245-20B2-4B4F-8DE6-C00AB1924AE5,2013,92,0,1,0,0,0,0,0,0,1,0,0,0,0,0,0,1,0,0,0,0,1,0,0,0,0
50CFA3A4-E6F3-4125-B18C-F4818A8A4278,2015,61,0,0,0,1,0,0,0,0,1,0,0,0,0,0,1,0,0,0,0,0,0,0,0,1,0
50D5AFD3-51F0-4456-BA7E-32F569E4BE59,2012,52,0,0,0,0,1,0,0,0,0,1,0,0,1,0,0,0,0,0,0,0,0,0,0,1,0
50D9D6C4-2760-4B78-8CCC-3AC069F203CC,2012,92,0,0,0,0,0,1,0,0,0,0,0,1,0,1,0,0,0,0,0,0,0,0,0,1,0
50DCBA06-B693-47DD-A586-C72457BE1AB2,2013,61,0,0,0,0,0,0,0,1,1,0,0,0,0,0,0,0,0,0,0,1,0,0,0,1,0
50EBE785-CD50-4D7C-8427-6DBB743AC8E4,2009,44,0,0,0,0,1,0,0,0,0,1,0,0,1,0,0,0,0,0,0,0,0,0,0,1,0
50ECFF79-135D-4CCB-B3CF-6F0F9825476D,2012,00,0,0,0,0,0,1,0,0,0,1,0,0,0,1,0,0,0,0,0,0,0,0,0,1,0
50ED1C3E-8AB0-4AB6-993F-2D273E7783C8,2013,62,0,0,0,1,0,0,0,0,1,0,0,0,0,0,1,0,0,0,0,0,0,1,0,0,0
44324af0-2bf5-11ea-b50d-3fd6f00cf940,2019,51,0,0,0,0,0,1,0,0,0,1,0,0,0,1,0,0,0,0,0,0,0,0,0,1,0
50F0C9FB-F607-4335-A76B-57C1AAEF6F78,2014,51,0,1,0,0,0,1,0,0,1,0,0,0,0,0,0,1,0,0,0,0,1,0,0,0,0
50F3A5DE-0154-4774-97E5-A6922E252BC2,2008,62,0,0,0,0,1,0,0,0,0,1,0,0,1,0,0,0,0,0,0,0,0,0,0,1,0
35d1ca70-c117-11e8-a33a-95e6749d3999,2018,62,0,1,1,0,0,0,0,0,1,0,0,0,0,0,0,0,0,1,0,0,1,0,0,0,0
50F703C9-2584-42D6-AA7D-3DA0943F44A2,2005,52,0,0,0,0,1,0,0,0,0,1,0,0,1,0,0,0,0,0,0,0,0,0,0,1,0
510331ED-7396-425F-9148-C6B61074043A,2012,62,0,0,0,1,0,0,0,0,1,0,0,0,0,0,1,0,0,0,0,0,0,1,0,0,0
511C2AD1-FFE8-4BEC-9DFC-23D0B1FBBA75,2013,92,0,0,1,0,1,0,0,0,1,1,0,0,0,0,0,0,0,1,0,0,0,0,0,1,0
5127FA36-0133-4FCB-AC19-EBA5C15DE142,2014,00,0,1,0,0,0,0,0,0,1,0,0,0,0,0,0,1,0,0,0,0,1,0,0,0,0
07bbefc0-0fe4-11ec-8c66-bd734728b5ba,2020,56,1,1,0,0,0,0,0,0,1,0,0,0,0,0,0,0,1,0,0,0,0,0,0,1,0
5133F18B-600C-474A-B8D9-FFC4CFF35928,2012,00,0,1,0,0,0,0,0,0,1,0,0,0,0,0,0,1,0,0,0,0,0,0,0,1,0
51398B0F-BDEB-41D1-8DD1-6A01E3C76CA7,2014,51,0,0,0,0,0,1,0,0,0,1,0,0,0,1,0,0,0,0,0,0,0,0,0,1,0
5D742FB7-ABF6-409D-9BB1-1CF1C84B41FC,2015,92,0,0,0,0,1,0,0,0,1,0,1,0,1,0,0,0,0,0,0,0,0,0,0,1,0
1567a8c0-28d9-11e9-adf7-352895b3dcd2,2018,52,0,0,0,0,0,1,0,0,0,1,0,0,0,1,0,0,0,0,0,0,0,0,0,1,0
6B385679-A011-49FA-8FE5-97497A6E4301,2014,92,0,0,0,1,0,0,0,0,1,0,0,0,0,0,1,0,0,0,0,0,0,0,0,1,0
5159F126-C17C-47BB-951B-2CBD1F6E41D1,2009,00,0,0,0,0,1,0,0,0,0,1,0,0,1,0,0,0,0,0,0,0,0,0,0,1,0
7d276370-e441-11e7-977c-0b3846f56840,2015,62,0,0,0,0,1,0,0,0,0,1,0,0,1,0,0,0,0,0,0,0,0,0,0,1,0
8A333DB1-15CA-463A-B10C-FD51F85992C1,2016,81,0,1,1,1,0,0,0,0,1,0,1,0,0,0,0,0,0,1,0,0,1,0,0,0,0
51A3474C-68F8-4F40-891F-C33C9C8B6A38,2015,62,0,0,0,0,1,0,0,0,0,1,0,0,1,0,0,0,0,0,0,0,0,0,0,1,0
51A44E29-75F4-4779-B2D3-DB5C7A336A42,2013,62,0,0,0,1,0,0,0,0,0,0,0,1,0,0,1,0,0,0,0,0,0,1,0,0,0
5745b4c0-ad38-11e8-9e5a-c1f99505e93a,2017,44,0,0,0,0,1,0,0,0,0,1,0,0,1,0,0,0,0,0,0,0,0,0,0,1,0
b372a5a0-dc34-11ef-94f8-638529e3ff3b,2024,00,0,1,0,0,0,0,0,0,1,0,0,0,0,0,0,0,0,0,0,1,0,0,0,1,0
b273d450-caa9-11e9-be6a-93e1b0174537,2019,54,0,0,0,0,0,1,0,0,0,1,0,0,0,1,0,0,0,0,0,0,0,0,0,1,0
51AE032F-48C0-43BB-B488-5697A98016E7,2014,92,0,0,0,0,0,1,0,0,0,1,0,0,0,1,0,0,0,0,0,0,0,0,0,1,0
d04bc550-0a9d-11e8-827c-bba53cbad290,2017,00,0,1,0,0,0,0,0,0,1,0,0,0,0,0,0,1,0,0,0,0,0,0,0,1,0
51B0603E-FE1A-4581-BAA6-6FAF5A496C64,2015,92,0,1,0,0,0,0,0,0,1,0,0,0,0,0,0,0,0,0,1,0,1,0,0,0,0
6C903AA9-2FDA-481F-92FE-B6DCEF1C0C1A,2023,61,1,1,0,0,0,0,0,0,1,0,0,0,0,0,0,0,1,0,0,0,0,0,0,1,1
51CCF2BE-FBB1-4B24-B4AE-D60C4E2BBDD1,2015,92,0,0,0,0,0,1,0,0,0,1,0,0,0,0,1,0,0,0,0,0,0,1,0,0,0
51CDFE37-0D00-4013-B012-6AAA88CE2055,2013,00,0,1,0,0,0,0,0,0,1,0,0,0,0,0,0,0,1,0,0,0,0,0,0,1,0
51D09252-4375-4705-BFEC-DA55AE9FF782,2013,62,0,0,0,1,0,0,0,0,1,0,0,0,0,0,1,0,0,0,0,0,0,1,0,0,0
51D65ABE-59D3-44D3-98B0-1890BAC1DCB4,2013,05,0,0,0,0,0,1,0,0,0,1,0,0,0,1,0,0,0,0,0,0,0,0,0,1,0
8ae863f0-22a7-11ea-a520-cb05efb19081,2012,00,0,0,1,0,1,0,0,0,0,1,0,0,1,0,0,0,0,0,0,0,0,0,0,1,0
51F4DF73-2178-44B4-B11D-B3922A5A1649,2013,62,0,0,0,0,0,1,0,0,0,1,0,0,0,1,0,0,0,0,0,0,0,0,0,1,0
51FFA7D0-522B-45CA-BAC9-ECD6622514AD,2012,92,0,0,0,0,0,1,0,0,0,1,0,0,0,1,0,0,0,0,0,0,0,0,0,1,0
9ac51270-d586-11e7-af4f-6b5d4514198e,2017,62,0,0,0,0,0,1,0,0,0,1,0,0,0,0,1,0,0,0,0,0,0,1,0,0,0
52087F21-575F-4D08-BBDF-E360ABFA0BBF,2013,62,0,0,0,0,1,0,0,0,0,1,0,0,1,0,0,0,0,0,0,0,0,0,0,1,0
9A3321B8-DEBC-49D9-92C4-32C75E7EBF5D,2016,81,0,1,0,0,1,0,0,0,1,0,0,0,0,0,0,1,0,0,0,0,0,0,0,1,0
E1B4CBCA-A981-45AC-9D44-E896E22F16CD,2015,52,1,1,0,0,0,0,0,0,1,0,0,0,0,0,0,0,1,0,0,0,0,0,0,1,0
52152E4A-33F8-4998-BDEB-BF7AC9E0FAFB,2010,62,0,0,0,1,0,0,0,0,1,0,0,0,0,0,1,0,0,0,0,0,0,1,0,0,0
B53B3A3D-6AB9-0CE0-2682-29151C9BDE11,2025,44,0,1,0,0,0,0,0,0,1,0,0,0,0,0,0,1,0,0,0,0,0,0,0,1,0
52185E76-1C0A-4B78-999D-1654E3D58477,2013,44,0,0,0,1,0,0,0,0,1,0,0,0,0,0,0,0,0,0,0,1,0,0,0,1,0
a8dbacf0-d966-11e7-8b17-fdfed30923dd,2016,62,0,0,1,0,0,0,0,0,1,0,0,0,0,0,0,0,0,1,0,0,0,0,0,1,0
521FE781-73B2-470E-A92B-F0223976E839,2010,92,0,0,0,0,0,0,0,1,0,1,0,1,0,0,0,0,0,0,0,1,0,0,0,1,0
5229CF68-16A1-40A9-B60A-F670EF5FCAAE,2014,62,0,0,0,1,0,0,0,0,1,0,0,0,0,0,1,0,0,0,0,0,0,0,0,1,0
522F02F5-5B04-4CAA-AC38-E02566E7522C,2012,00,0,1,0,0,0,0,0,0,1,0,0,0,0,0,0,0,0,0,0,1,0,0,0,1,0
524BA61A-5C62-4E1E-AD00-4CB5749A837F,2013,71,1,0,0,0,0,0,0,0,1,0,0,0,0,0,0,0,1,0,0,0,1,0,0,0,0
524CDEAE-468F-403F-B07C-9670AB76CD03,2014,51,0,1,0,0,0,0,0,0,1,0,0,0,0,0,0,0,0,0,1,0,1,0,0,0,0
CAFD4358-4762-4027-A8C9-321592CB9D2F,2016,52,1,1,0,1,0,0,0,0,1,0,0,0,0,0,0,0,1,0,0,0,1,0,0,0,0
525666BA-35CE-4B28-A9A2-2E2336CBCD02,2015,00,0,1,0,0,0,0,0,0,1,0,0,0,0,0,0,0,0,0,1,0,1,0,0,0,0
5261DA39-9C00-4125-88C3-66F69EE9973A,2010,92,0,0,0,0,0,1,0,0,0,1,0,0,0,1,0,0,0,0,0,0,0,0,1,0,0
c3ba75a0-a11a-11ea-878c-ff8a51fa1e8f,2020,54,1,0,0,0,0,0,0,0,1,0,0,0,0,0,0,0,1,0,0,0,0,0,0,1,0
526C72E8-24B3-443E-837B-E982C5EDB73B,2014,52,0,0,0,1,0,0,0,0,1,0,0,0,0,0,0,0,0,0,0,1,0,0,0,1,0
70BA9914-BA7B-4737-AA12-F12A1AC17A8E,2015,54,1,0,0,0,0,0,0,0,1,0,0,0,0,0,0,0,1,0,0,0,0,0,0,1,0
55F2A373-B26E-477C-83DB-D0B522753337,2023,61,1,1,0,0,0,0,0,0,1,0,0,0,0,0,0,0,1,0,0,0,0,0,0,1,1
52942CCF-A5B4-4A75-B56D-F48D801ED490,2010,62,0,0,0,0,1,0,0,0,0,1,0,0,1,0,0,0,0,0,0,0,0,1,0,0,0
52959184-5495-45B2-9621-2A096DE29555,2013,52,0,0,0,0,0,1,0,0,0,1,0,0,0,1,0,0,0,0,0,0,0,0,0,1,0
529719B8-605A-459A-AF5B-E28CDAEB6152,2014,62,0,0,0,1,0,0,0,0,1,0,0,0,0,0,1,0,0,0,0,0,0,1,0,0,0
81d08bf0-9cd7-11e8-8225-e3fd0e7757b5,2018,52,0,0,0,1,0,0,0,0,1,0,0,0,0,0,0,0,0,0,0,1,0,1,0,0,0
a2e29d10-cd32-11e9-a052-6392f3b8c0e8,2019,52,0,0,0,0,0,1,0,0,0,1,0,0,0,1,0,0,0,0,0,0,0,0,0,1,0
529D58DD-6F30-485F-8AD0-CA40FC41724F,2014,00,0,0,0,1,0,0,0,0,0,0,0,1,0,0,1,0,0,0,0,0,0,1,0,0,0
52A2D2DD-5838-44B6-9BEA-FEA374550204,2012,92,0,0,0,0,0,1,0,0,0,1,0,0,0,1,0,0,0,0,0,0,0,0,0,1,0
52A96C8F-6A43-40EA-BC3B-2E736A3B541A,2012,54,0,0,0,1,0,0,0,0,1,0,0,0,0,0,1,0,0,0,0,0,0,1,0,0,0
F68E83D2-78C0-4164-B645-59D5C4981B66,2015,92,0,0,1,0,0,1,0,0,1,0,0,0,0,0,0,0,0,1,0,0,0,0,0,1,0
D5FB6FAB-0A8A-4AAB-8FB1-D91F9EEF19A6,2016,04,0,0,0,1,0,0,0,0,1,0,0,0,0,0,1,0,0,0,0,0,0,1,0,0,0
2A4478CD-2410-446C-ABB6-AFA5499F3C74,2023,61,1,1,0,0,0,0,0,0,1,0,0,0,0,0,0,0,1,0,0,0,0,0,0,1,1
4c3d68a0-2501-11eb-af35-ed9bb3f10d5f,2020,62,1,0,0,0,0,0,0,0,1,0,0,0,0,0,0,0,1,0,0,0,0,0,0,1,0
52CEC1DF-2509-4453-9242-8BC62665F15B,2012,62,0,0,0,1,0,0,0,0,1,0,0,0,0,0,1,0,0,0,0,0,0,1,0,0,0
52D417E0-1FE0-4ABE-82B0-5D5EAAD580A0,2014,81,0,0,0,0,0,1,0,0,0,1,0,0,0,1,0,0,0,0,0,0,0,0,0,1,0
7C39C24E-F765-4D01-9F09-F4816B6BF85C,2014,62,0,0,0,0,1,1,0,0,0,0,1,0,0,1,0,0,0,0,0,0,0,0,0,1,0
8f1fa920-034e-11e9-aee0-f7420d4f3238,2018,52,0,0,0,1,0,0,0,0,1,0,0,0,0,0,0,0,0,0,0,1,0,0,0,1,0
edc83180-3a78-11ed-a8d9-e567d58abfd4,2021,31,0,0,0,0,0,0,0,1,0,0,0,1,0,0,0,0,0,0,0,1,1,0,0,0,0
A47B7D04-F74A-4FC7-8D71-D8C0B79A2360,2016,92,0,0,0,0,0,1,0,0,0,1,0,0,0,1,0,0,0,0,0,0,0,0,0,1,0
ca0bc760-636c-44b8-acc4-3731540d014c,2024,54,0,1,0,0,0,0,0,0,1,0,0,0,0,0,0,1,0,0,0,0,0,0,0,1,0
52EB7757-DFC3-4840-9179-4387BE140338,2015,92,0,0,0,0,1,0,0,0,0,1,0,0,1,0,0,0,0,0,0,0,0,0,0,1,0
4369df70-7f2a-11ee-a021-bbe4713468e2,2023,52,1,1,0,0,0,0,0,0,1,0,0,0,0,0,0,0,1,0,0,0,0,0,0,1,1
52F008F1-E8F2-4A99-9D8A-F1239077DE23,2014,62,0,0,1,0,0,0,0,0,1,0,0,0,0,0,0,0,0,1,0,0,0,0,0,1,0
31a0ee90-9cba-11e7-bdec-d715fa410d81,2017,61,0,1,1,0,0,0,0,0,1,0,0,0,0,0,0,0,0,1,0,0,0,0,0,1,0
52F2FBDD-1570-436C-A8EE-AC02EFEA4CC1,2013,00,0,0,0,1,0,0,0,0,1,0,0,0,0,0,1,0,0,0,0,0,0,0,0,1,0
bd056f50-92a2-11ec-a39a-3584eb2df2ab,2021,51,1,1,0,0,0,0,0,0,1,0,0,0,0,0,0,0,1,0,0,0,0,1,0,0,0
52F94818-FD82-4642-ABC6-BF79F8D0FCC8,2011,92,0,0,0,0,0,1,0,0,0,1,0,0,0,1,0,0,0,0,0,0,0,0,0,1,0
52FA150F-B0E7-46D2-A4DA-DE6FBABC72A6,2008,00,0,0,0,0,1,0,0,0,0,1,0,0,1,0,0,0,0,0,0,0,1,0,0,0,0
530FFCA7-123E-47E7-800E-93254296994A,2015,62,0,0,0,0,1,0,0,0,0,1,0,0,1,0,0,0,0,0,0,0,0,0,0,1,0
319402D4-F6B2-4321-8F6C-695F1F3B16CE,2023,61,1,1,0,0,0,0,0,0,1,0,0,0,0,0,0,0,1,0,0,0,0,0,0,1,1
532CFE1F-E1D1-471E-A5DC-140703F28553,2012,51,0,0,0,0,1,0,0,0,1,0,0,0,1,0,0,0,0,0,0,0,0,0,0,1,0
5332700C-3A03-4DCF-BE93-C4010B2583ED,2015,00,0,1,0,0,0,0,0,0,1,0,0,0,0,0,0,1,0,0,0,0,0,0,0,1,0
53440EAB-890C-45A6-82FA-383DCABD6A06,2014,00,0,0,1,0,1,0,0,0,1,1,0,0,1,0,0,0,0,0,0,0,0,0,0,1,0
534C81DA-FE38-4CA0-98E1-185B4FE224C1,2011,62,0,0,0,0,0,0,0,1,0,0,0,1,0,0,0,0,0,0,0,1,0,1,0,0,0
d496f1c0-0c93-11eb-ac0d-91a70ee1d655,2020,00,0,0,0,0,1,0,0,0,0,1,0,0,1,0,0,0,0,0,0,0,0,0,0,1,0
36200D7F-0693-41C0-90F7-112BAAE1D3F2,2023,61,1,1,0,0,0,0,0,0,1,0,0,0,0,0,0,0,1,0,0,0,0,0,0,1,1
5356E5E5-3420-4B6B-9A03-5F10666D6BBF,2010,92,0,0,0,0,0,1,0,0,0,1,0,0,0,1,0,0,0,0,0,0,0,0,0,1,0
535A6DF2-7B0B-466E-B572-6EEA78B352BE,2014,62,0,0,0,0,0,1,0,0,0,0,1,0,0,1,0,0,0,0,0,0,0,0,0,1,0
2D25AD7D-DB00-488E-8D5B-86A0E7CF5EF8,2023,61,1,1,0,0,0,0,0,0,1,0,0,0,0,0,0,0,1,0,0,0,0,0,0,1,1
949e3930-d433-11eb-a192-c5509024cd4a,2021,51,0,0,0,0,0,1,0,0,0,1,0,0,0,1,0,0,0,0,0,0,0,0,0,1,0
5370F663-AC43-430C-94E1-93095FD51973,2014,00,0,0,0,0,0,0,0,1,1,0,0,0,0,0,0,0,0,0,0,1,0,1,0,0,0
9d043c10-2a9b-11eb-9486-e305299943be,2018,00,0,0,0,0,0,1,0,0,0,1,0,0,0,1,0,0,0,0,0,0,0,0,0,1,0
0ff48230-073b-11ec-bbb9-7de9addd16c3,2020,52,0,1,0,0,0,0,0,0,1,0,0,0,0,0,0,0,1,0,0,0,0,0,0,1,0
538AA381-41F0-4E7C-ACFF-BB526BC99B60,2015,44,1,1,0,0,0,0,0,0,1,0,0,0,0,0,0,0,1,0,0,0,0,0,0,1,0
C722891F-B0C1-46C2-A8B6-EC9413B4E443,2015,62,0,0,0,1,0,0,0,0,1,0,0,0,0,0,1,0,0,0,0,0,0,1,0,0,0
539BEA4A-11EB-4A91-B216-79ADEC884A0B,2012,22,1,1,1,0,0,0,0,0,1,0,0,0,0,0,0,0,0,1,0,0,0,0,0,1,0
539C41A9-C70B-4DF0-8E29-36C5FF1EE639,2010,92,0,0,0,0,0,1,0,0,0,1,0,0,0,1,0,0,0,0,0,0,0,0,1,0,0
539FBB94-9BEA-4D75-B97A-B3B06AD08F57,2013,52,0,0,0,0,0,1,0,0,0,1,0,0,0,1,0,0,0,0,0,0,0,0,0,1,0
120386b0-0999-11ec-863c-8359987c65e0,2020,42,0,1,0,0,0,0,0,0,1,0,0,0,0,0,0,1,1,0,0,0,0,0,0,1,0
53A84833-1CA7-47F7-BD4F-F2C265EAB816,2013,51,0,1,0,0,0,0,0,0,1,0,0,0,0,0,0,0,0,0,1,0,1,0,0,0,0
53A90BC9-EF80-4E67-BD53-6570BD46B7B9,2015,54,0,0,0,0,0,1,0,0,0,1,0,0,0,1,0,0,0,0,0,0,0,0,0,1,0
79401f80-918a-11e8-ad4c-017f2df1a0a0,2017,62,0,1,0,0,0,0,0,0,1,0,0,0,0,0,0,0,1,0,0,0,0,0,0,1,0
bc1d49b0-72c2-11eb-a674-05cfd55ad89e,2020,51,0,1,0,0,0,0,0,0,1,0,0,0,0,0,0,1,0,0,0,0,0,0,0,1,0
53B0938C-5433-4D1F-B153-5844A00D4E9C,2012,00,0,0,0,0,0,1,0,0,0,1,0,0,0,1,0,0,0,0,0,0,0,0,0,1,0
aeca6660-9cd4-11e8-875e-27a7b7789f98,2005,92,0,0,0,0,0,1,0,0,0,1,0,0,0,1,0,0,0,0,0,0,0,0,0,1,0
199DAEE5-03C5-407A-8730-A7DF34EEDD53,2009,62,0,0,0,0,1,0,0,0,0,1,0,0,1,0,0,0,0,0,0,0,0,0,0,1,0
b4a77450-084c-11e8-8ccf-e3865b9fabe5,2017,00,0,1,0,0,0,0,0,0,1,0,0,0,0,0,0,1,0,0,0,0,0,0,0,1,0
53C8505F-B71D-426A-B34C-A4808BDB2B94,2010,44,0,0,0,0,1,0,0,0,0,1,0,0,1,0,0,0,0,0,0,0,0,0,0,1,0
03AFDBD6-6E79-29B1-25F8-597834FA83A4,2025,45,0,1,0,0,0,0,0,0,1,0,0,0,0,0,0,1,0,0,0,0,0,0,0,1,0
c2c9a4a0-a9e1-11e7-bafd-1552bcc84b5b,2016,72,1,0,0,0,0,0,0,0,1,0,0,0,0,0,0,0,1,0,0,0,1,0,0,0,0
53E07328-6A11-418A-9077-8EA3787FFF42,2013,51,0,0,0,0,0,1,0,0,0,1,0,0,0,1,0,0,0,0,0,0,0,0,0,1,0
9ff4ce50-058d-11ea-a6b7-b9a04765ea4f,2019,92,0,0,0,0,0,1,0,0,0,1,0,0,0,1,0,0,0,0,0,0,0,0,0,1,0
d9db5b80-768e-11ef-927d-1558a141866c,2023,52,1,1,0,0,0,0,0,0,1,0,0,0,0,0,0,0,1,0,0,0,0,0,0,1,0
53FFC72D-9656-4C4E-B200-098F9C0A6CCF,2011,92,0,0,0,0,1,0,0,0,0,1,0,0,1,0,0,0,0,0,0,0,0,0,0,1,0
3F2CA7E5-4264-4C46-85FC-E1B41D68AC41,2010,92,0,0,0,0,1,0,0,0,0,1,0,0,1,0,0,0,0,0,0,0,0,0,0,1,0
54119DE6-083F-442E-8BD2-BE6A9435E8AA,2013,62,0,0,0,0,1,0,0,0,0,1,0,0,1,0,0,0,0,0,0,0,0,0,0,1,0
61F5D620-6DD4-4757-B662-E6696557ED7D,2023,61,1,1,0,0,0,0,0,0,1,0,0,0,0,0,0,0,1,0,0,0,0,0,0,1,1
54169DC0-E965-421D-A4C5-2413DD9A453B,2014,62,0,0,0,1,0,0,0,0,1,0,0,0,0,0,1,0,0,0,0,0,0,1,0,0,0
54186EB2-FD19-4F73-81DE-A5597CDEBAE1,2013,92,0,0,0,0,0,1,0,0,0,1,0,0,0,1,0,0,0,0,0,0,0,0,0,1,0
541E3F2B-8969-4FA6-95F8-8FDC3550B4AC,2011,00,0,0,0,0,1,0,0,0,0,1,0,0,1,0,0,0,0,0,0,0,0,0,0,1,0
551F7BB4-5DE8-4A9B-B23E-DBA464E69064,2016,56,1,1,0,0,0,0,0,0,1,0,0,0,0,0,0,0,1,0,0,0,0,0,0,1,0
F5525FA9-ACBC-46E1-B572-4661B3251067,2023,52,1,1,0,0,0,0,0,0,1,0,0,0,0,0,0,0,1,0,0,0,0,0,0,1,1
711B88B1-0E32-40B7-B469-0D951E3439CA,2016,51,0,0,0,0,0,1,0,0,0,1,0,0,0,1,0,0,0,0,0,0,0,0,0,1,0
4574AC35-0637-4813-ADB9-C6551033C816,2015,62,0,0,0,0,1,0,0,0,0,1,0,0,1,0,0,0,0,0,0,0,0,0,0,1,0
542C0D70-9E7B-4FF4-8EE2-128800B5FE49,2013,55,0,0,0,0,0,1,0,0,0,1,0,0,0,1,0,0,0,0,0,0,1,0,0,0,0
542F477F-1154-49BD-94B1-F2CD0BD3F065,2013,62,0,0,0,0,1,0,0,0,0,1,0,0,1,0,0,0,0,0,0,0,0,0,0,1,0
aa644750-ce68-11e9-b4e5-4769cce343a0,2019,52,0,0,0,0,0,1,0,0,0,1,0,0,0,1,0,0,0,0,0,0,0,0,0,1,0
901612AF-8C2C-4231-B537-68994FB15F05,2023,61,1,1,0,0,0,0,0,0,1,0,0,0,0,0,0,0,1,0,0,0,0,0,0,1,1
5447F473-1FE3-4095-B721-8C5E90994B91,2014,56,0,1,0,0,0,0,0,0,1,0,0,0,0,0,0,1,0,0,0,0,1,0,0,0,0
544D856A-2EF8-42A7-A713-22EA9D9343C7,2014,81,0,1,0,0,0,0,0,0,1,0,0,0,0,0,0,0,0,0,1,0,1,0,0,0,0
54537485-2A04-40C9-80E6-3D414F2C9E60,2001,62,0,0,0,0,0,1,0,0,0,1,0,0,0,1,0,0,0,0,0,0,0,1,0,0,0
5455CCA3-15A7-42F4-BBD2-4B892CCE8CF5,2011,00,0,0,1,0,1,0,0,0,1,1,0,0,1,0,0,0,0,0,0,0,0,0,0,1,0
5dd57d30-749a-11eb-b6c3-130fdd35ca3d,2020,00,0,0,0,0,0,1,0,0,0,1,0,0,0,1,0,0,0,0,0,0,0,0,0,1,0
545A1F0C-A09C-40C5-A758-E6F4D853B6CC,2014,62,0,0,0,0,0,1,0,0,0,1,0,0,0,1,0,0,0,0,0,0,0,0,0,1,0
545A64F6-DC89-4B2F-B327-DA614EF9AE3C,2013,52,0,0,0,0,0,1,0,0,0,1,0,0,0,1,0,0,0,0,0,0,0,0,0,1,0
545E6FD7-4DFA-434D-8FC5-561A24F3FFF0,2015,06,0,1,0,0,0,0,0,0,1,0,0,0,0,0,0,1,0,0,0,0,0,0,0,1,0
7BA0D0C5-3A59-4ECD-AB7C-3BB2E6E52792,2023,61,1,1,0,0,0,0,0,0,1,0,0,0,0,0,0,0,1,0,0,0,0,0,0,1,1
de45a6a0-1495-11e9-9b0e-db2459a65ffe,2018,52,0,0,0,0,1,0,0,0,0,1,0,0,1,0,0,0,0,0,0,0,0,0,0,1,0
c78a67e0-fe77-11e8-aee0-f7420d4f3238,2018,00,1,0,0,0,0,0,0,0,0,1,0,0,0,0,0,0,1,0,0,0,1,0,0,0,0
D53A71CB-335C-4AC2-99B8-BC7A19140314,2016,51,0,0,0,0,0,1,0,0,0,1,0,0,0,1,0,0,0,0,0,0,0,0,0,1,0
5476074D-ECF9-4031-B9E8-0B47B1DEBA84,2013,44,0,0,0,0,0,0,0,1,0,0,0,1,0,0,0,0,0,0,0,1,0,0,0,1,0
a22fb320-0c89-11eb-ac0d-91a70ee1d655,2019,72,0,1,0,0,0,0,0,0,1,0,0,0,0,0,0,0,1,0,0,0,0,0,0,1,0
54797080-3495-4ECD-A3AF-014785F1D383,2012,92,0,0,0,0,1,0,0,0,0,1,0,0,1,0,0,0,0,0,0,0,0,0,0,1,0
43C61A71-5002-47C5-8B77-3F3FE0AA07E3,2016,92,0,0,0,0,0,1,0,0,0,1,0,0,0,1,0,0,0,0,0,0,0,0,0,1,0
54822B02-C23F-4028-869D-4188A9B1A95B,2011,61,0,0,0,1,0,0,0,0,1,0,0,0,0,0,1,0,0,0,0,0,0,1,0,0,0
5BB8948A-B752-4BC4-B0EB-00D9125B21CF,2023,61,1,1,0,0,0,0,0,0,1,0,0,0,0,0,0,0,1,0,0,0,0,0,0,1,1
548F08D7-96B2-4BC9-9A3F-591C986C228B,2013,62,0,0,0,0,0,1,0,0,0,1,0,0,0,1,0,0,0,0,0,0,0,0,0,1,0
6B46BD1D-8EF2-4A50-A665-C0ED5CFAA078,2012,92,0,0,0,0,0,1,0,0,0,1,0,0,0,1,1,0,0,0,0,0,0,1,0,0,0
FD87BD4B-99F4-4552-A38C-3204EABBAB81,2023,61,1,1,0,0,0,0,0,0,1,0,0,0,0,0,0,0,1,0,0,0,0,0,0,1,1
54A417C9-C7CA-4114-BB7D-BED0D5331F0F,2013,61,0,0,0,0,0,1,0,0,0,1,0,0,0,1,0,0,0,0,0,0,0,1,0,0,0
54AFDB82-686F-4D8A-A271-74C06E506326,2009,62,0,0,0,0,0,1,0,0,0,0,1,0,0,1,0,0,0,0,0,0,0,0,0,1,0
54B11548-4C8C-4374-9239-CC259F3CB2C6,2012,92,0,0,0,0,0,1,0,0,0,1,0,0,0,1,0,0,0,0,0,0,0,0,0,1,0
54B743A7-158B-454E-B47D-62C3622BE541,2013,92,0,0,0,0,0,1,0,0,0,1,0,0,0,1,0,0,0,0,0,0,0,0,0,1,0
54C2F0B2-A4D5-42AD-BC68-17DB06066A59,2015,52,0,1,0,0,0,0,0,0,1,0,0,0,0,0,0,0,1,0,0,0,0,1,0,0,0
f2809da1-c3c0-4808-9279-3952466aa33c,2024,00,0,0,0,0,0,1,0,0,0,1,0,0,0,1,0,0,0,0,0,0,0,0,0,1,0
54CBBA16-B80E-4D43-9237-E2147DC57AB0,2013,52,0,0,0,1,0,0,0,0,1,0,0,0,0,0,1,0,0,0,0,0,0,0,0,1,0
54D04554-CA98-417C-9D15-C750D77838CC,2013,00,0,0,1,0,1,0,0,0,0,1,0,0,1,0,0,0,0,0,0,0,0,0,0,1,0
aea75790-7125-4bc0-8806-9733eafb9978,2024,51,0,1,0,0,0,0,0,0,1,0,0,0,0,0,0,1,0,0,0,0,0,0,0,1,0
54D682E2-479C-4644-A504-872166386DC9,2013,62,0,0,0,1,0,0,0,0,1,0,0,0,0,0,1,0,0,0,0,0,0,1,0,0,0
A9DB3B93-FC35-4693-BCFA-885F272D2758,2014,62,0,0,0,0,1,0,0,0,1,1,0,0,1,0,0,0,0,0,0,0,0,0,0,1,0
6f2cb230-2aa6-11eb-9486-e305299943be,2018,00,0,0,0,0,0,1,0,0,0,1,0,0,0,1,1,0,0,0,0,0,0,0,0,1,0
55051A8F-4AD4-4587-AE19-278B5E531763,2012,05,0,1,0,0,0,0,0,0,1,0,0,0,0,0,0,1,0,0,0,0,0,0,0,1,0
BF998CD9-4078-41F8-9D82-6B600DC07E7D,2023,61,1,1,0,0,0,0,0,0,1,0,0,0,0,0,0,0,1,0,0,0,0,0,0,1,1
dca5b490-391f-11ed-a11a-bb811330b875,2022,00,1,0,0,0,0,0,0,1,1,0,0,0,0,0,0,0,1,0,0,0,0,0,0,1,0
FA2AE973-3617-45E1-AB99-3D19643652B3,2015,71,0,1,0,0,0,0,0,0,1,0,0,0,0,0,0,0,0,0,0,1,0,0,0,1,0
63b9e450-0e58-11eb-ad9a-2114263f926d,2018,53,0,0,0,0,0,0,0,1,1,0,0,0,0,0,0,0,0,0,0,1,0,0,0,1,0
55130CAA-B623-4356-B20F-2B5B257A5587,2012,00,0,0,0,0,0,1,0,0,0,1,0,0,0,1,0,0,0,0,0,0,0,0,0,1,0
55156380-8A97-48B8-B9C7-FCE80CE7B9CA,2013,51,0,1,0,0,0,0,0,0,1,0,0,0,0,0,0,1,0,0,0,0,1,0,0,0,0
5524880E-9EAA-4889-830C-9B52B44CBC8E,2012,09,0,0,0,0,0,1,0,0,0,1,0,0,0,1,0,0,0,0,0,0,0,0,0,1,0
552945F3-58F8-44E0-B974-6D9E9F0E87F3,2010,92,0,0,0,0,0,1,0,0,0,1,0,0,0,1,0,0,0,0,0,0,0,0,0,1,0
552AA5AA-A8D7-4AF1-B739-87DFA2CD1BB8,2011,42,0,0,0,1,0,0,0,0,1,0,0,0,0,0,1,0,0,0,0,0,0,1,0,0,0
552CB23E-2C89-47E5-AF60-1F0570B204FD,2014,61,0,0,0,0,1,0,0,0,1,0,0,0,1,0,0,0,0,0,0,0,0,1,0,0,0
a46c7250-463e-11ec-b26b-73b5a62f8946,2021,51,0,1,0,0,0,0,0,0,1,0,0,0,0,0,0,0,1,0,0,0,0,0,0,1,0
553E7277-4C8B-4210-A3C0-8FE8FEEE5B65,2013,92,0,1,0,0,0,0,0,0,1,0,0,0,0,0,0,1,0,0,0,0,0,1,0,0,0
5103D87D-4B92-40A7-9A41-144131DEE4D1,2015,62,0,0,0,0,1,0,0,0,1,0,0,0,1,0,0,0,0,0,0,0,0,0,0,1,0
5549506A-E66B-4714-93A2-F19519E07AE1,2014,56,0,1,0,0,0,0,0,0,1,0,0,0,0,0,0,1,0,0,0,0,0,0,0,1,0
55504DEB-92C8-484F-AA6D-D720C4960EFB,2012,61,0,0,0,1,0,0,0,0,1,0,0,0,0,0,1,0,0,0,0,0,0,0,0,1,0
9A5848DF-9898-4F37-8018-D00BF02F41C3,2016,52,0,0,0,1,0,0,0,0,1,0,0,0,0,0,0,0,0,0,0,1,0,0,0,1,0
556777D4-EC0B-4BA2-8163-DEA385222C7C,2012,62,0,0,0,1,0,0,0,0,1,0,0,0,0,0,1,0,0,0,0,0,0,0,0,1,0
296df8b0-8e7a-11ec-a600-657ec2694f8f,2020,52,0,0,0,0,0,1,0,0,0,1,0,0,0,1,0,0,0,0,0,0,0,0,0,1,0
556EEE60-A0F6-40ED-ACE1-A8C820FBC02D,2004,44,0,0,0,0,1,0,0,0,0,1,0,0,1,0,0,0,0,0,0,0,1,0,0,0,0
5572E2DE-D0ED-48EC-B45A-A84862A8C819,2010,62,0,0,0,1,0,0,0,0,1,0,0,0,0,0,1,0,0,0,0,0,0,1,0,0,0
73375610-1f04-11ed-a957-9f20ba7b4dd5,2021,45,0,1,0,0,0,0,0,0,1,0,0,0,0,0,0,0,1,0,0,0,0,0,0,1,0
0749F49D-726E-49F6-BFF6-B26C8F31FF84,2023,61,1,1,0,0,0,0,0,0,1,0,0,0,0,0,0,0,1,0,0,0,0,0,0,1,1
558C6B5D-71F4-45C4-A333-BDAB757C7610,2013,92,0,1,0,0,0,0,0,0,1,0,0,0,0,0,0,1,0,0,0,0,0,0,0,1,0
55955697-FA0D-4465-8A2B-A31A37D0981E,2013,62,0,0,0,0,0,1,0,0,0,1,0,0,0,1,0,0,0,0,0,0,0,0,0,1,0
5599F122-D09D-4BB8-90A5-8A7D0FC91C0D,2014,62,0,1,1,0,0,0,0,0,1,0,0,0,0,0,0,0,0,1,0,0,0,1,0,0,0
ece5b760-eab4-11e7-92b6-dfe49f9d7042,2014,92,0,0,1,0,1,0,0,0,1,1,0,0,1,0,0,0,0,0,0,0,0,0,0,1,0
55AF3878-09A9-43A8-A4F9-5412C1B2AF0C,2011,62,0,0,0,1,0,0,0,0,1,0,0,0,0,0,1,0,0,0,0,0,0,1,0,0,0
74C74A51-D98A-4C74-ADCD-45B6A59D78AB,2015,62,0,0,0,1,0,0,0,0,1,0,0,0,0,0,1,0,0,0,0,0,0,1,0,0,0
55BF5F01-BA11-411E-BAA6-465E5FDEA0A4,2015,62,0,0,0,0,0,1,0,0,0,0,1,0,0,1,0,0,0,0,0,0,0,1,0,0,0
55C1ED02-0B84-4829-85F4-726ACC5C70C5,2012,00,0,0,0,0,0,1,0,0,0,1,0,0,0,1,0,0,0,0,0,0,0,0,0,1,0
55CED6F3-E34F-4D5B-8797-14D40E8C072B,2014,00,0,0,0,1,0,0,0,0,1,0,0,0,0,0,0,0,0,0,0,1,1,0,0,0,0
55D20C99-F5E9-4BFB-8721-8F7B652C010A,2013,92,0,1,0,0,0,0,0,0,1,0,0,0,0,0,0,1,0,0,0,0,0,0,0,1,0
d994b160-72c0-11eb-a46e-831b23dc7360,2020,61,1,1,0,0,0,0,0,0,1,0,0,0,0,0,0,0,1,0,0,0,0,0,0,1,0
39E9B13C-F976-46AD-BD21-6822DBC9327D,2023,61,1,1,0,0,0,0,0,0,1,0,0,0,0,0,0,0,1,0,0,0,0,0,0,1,1
d2d26f30-8e7e-11e8-8003-e3ff5269fee2,2018,62,0,0,0,0,1,0,0,0,0,1,0,0,1,0,0,0,0,0,0,0,0,0,0,1,0
55E05305-1FF8-439E-B123-B73FA241B8EB,2013,51,0,1,0,0,0,0,0,0,1,0,0,0,0,0,0,1,0,0,0,0,1,0,0,0,0
a4989990-b028-11f0-a027-d955a4d2f085,2024,52,1,1,0,0,0,0,0,0,1,0,0,0,0,0,0,0,1,0,0,0,0,0,0,1,0
55E8C348-C7C9-4676-964F-0F45D62BD631,2013,92,0,0,0,0,0,1,0,0,0,1,0,0,0,1,0,0,0,0,0,0,0,0,0,1,0
498b98a0-a085-11e8-899a-23ad2f84ca7d,2017,00,1,0,0,0,0,0,0,0,1,0,0,0,0,0,0,0,1,0,0,0,0,1,0,0,0
55EB654A-15C6-454D-800F-0D0081E8F565,2013,51,0,1,0,0,0,0,0,0,1,0,0,0,0,0,0,1,0,0,0,0,1,0,0,0,0
55F078A6-A2E9-4CC3-B9DA-784A69CDE41E,2014,54,0,0,0,1,0,0,0,0,1,0,0,0,0,0,1,0,0,0,0,0,0,0,0,1,0
0cb7fc70-238c-11eb-b77f-316b5c5dd5eb,2020,23,1,0,0,0,0,0,0,0,1,0,0,0,0,0,0,0,1,0,0,0,0,0,0,1,0
55FCFE86-48C5-40E1-9569-CB16445B5A70,2012,92,0,0,0,0,1,0,0,0,0,1,0,0,1,0,0,0,0,0,0,0,0,0,0,1,0
736fa460-2c00-11ea-b50d-3fd6f00cf940,2019,62,0,0,0,0,1,0,0,0,0,1,0,0,1,0,0,0,0,0,0,0,0,0,0,1,0
bf687b90-904c-11e8-8b32-9bc4732308c2,2015,00,0,1,0,0,0,0,0,0,0,0,0,1,0,0,0,0,0,0,0,1,0,0,0,1,0
56074026-1981-4B1B-B422-71DD74451E8C,2010,62,0,0,0,0,0,1,0,0,0,1,0,0,0,1,0,0,0,0,0,0,0,1,0,0,0
560825F4-4321-44F9-9473-8E9E33C09E58,2013,52,0,0,0,0,0,1,0,0,0,1,0,0,0,1,0,0,0,0,0,0,1,0,0,0,0
9cab9ec0-de25-11e9-b511-f75921c18742,2019,62,0,0,0,0,0,1,0,0,0,1,0,0,0,1,0,0,0,0,0,0,0,0,0,1,0
560E9A75-68F0-4BAB-B35F-98C897A5D7BB,2014,00,1,0,0,0,0,0,0,0,1,0,0,0,0,0,0,0,1,0,0,0,0,0,0,1,0
56115EC3-BD0A-4C0B-A50E-497DA7DC917E,2013,05,0,0,0,0,1,0,0,0,0,1,0,0,1,0,0,0,0,0,0,0,0,0,0,1,0
7EE24C94-6C7E-432A-8FC3-DA44A782B98F,2016,62,0,0,0,0,0,1,0,0,0,1,0,0,0,1,0,0,0,0,0,0,0,0,0,1,0
FF8E6DC5-2087-4312-8E1C-D97C0A2DC9C0,2023,52,1,1,0,0,0,0,0,0,1,0,0,0,0,0,0,0,1,0,0,0,0,0,0,1,1
56206A9B-9CC4-4534-A428-06BD67A01576,2014,92,0,0,0,0,0,1,0,0,0,1,0,0,0,1,0,0,0,0,0,0,0,0,0,1,0
b81856f0-8e79-11e8-a4dd-a79288b2b9fd,2018,62,0,0,0,1,0,0,0,0,1,0,0,0,0,0,1,0,0,0,0,0,0,0,0,1,0
3040FBF4-681E-45BD-8599-E6A66B819CB6,2023,54,1,1,0,0,0,0,0,0,1,0,0,0,0,0,0,0,1,0,0,0,0,0,0,1,1
56362DDC-705E-4DBA-A78A-5189DB438E86,2014,00,0,0,0,0,0,0,0,1,0,0,0,1,0,0,0,0,0,0,0,1,0,0,0,1,0
563F195F-2760-48BB-853E-09570F898267,2013,92,0,0,0,0,0,1,0,0,0,1,0,0,0,1,0,0,0,0,0,0,0,0,0,1,0
563FB679-2E25-4B5A-9114-DCCEE50D4ECD,2010,92,0,0,0,0,0,1,0,0,0,1,0,0,0,1,0,0,0,0,0,0,0,0,0,1,0
979158C3-5E65-43B6-B5DF-C729845D5DEB,2015,62,0,0,0,0,0,1,0,0,0,1,0,0,0,1,0,0,0,0,0,0,0,0,0,1,0
564620A1-8C2E-4AAC-A967-E0249F9EEA44,2014,00,0,0,0,1,0,0,0,0,1,0,0,0,0,0,0,0,0,0,0,1,0,0,0,1,0
56484370-2893-47C8-ADF8-33215200E70E,2012,00,0,0,0,0,1,0,0,0,0,1,0,0,1,0,0,0,0,0,0,0,0,1,0,0,0
5648F5EB-D89E-49D4-9879-F25DB1F8CEF4,2013,92,0,0,0,0,0,1,0,0,0,1,0,0,0,1,0,0,0,0,0,0,0,0,0,1,0
564A2BB8-A01B-4EF3-9217-3A86502CCB54,2012,00,0,0,0,1,0,0,0,0,1,0,0,0,0,0,1,0,0,0,0,0,0,1,0,0,0
564A32C5-205A-417A-9755-096F02BC546E,2013,92,0,0,0,0,1,0,0,0,0,1,0,0,1,0,0,0,0,0,0,0,0,0,0,1,0
565ACD2F-8C78-4B11-B019-90F6DE1B060C,2012,52,0,1,0,0,0,0,0,0,1,0,0,0,0,0,0,0,1,0,0,0,0,0,0,1,0
1ba368d0-d5e0-11f0-8f89-6d14fba40689,2025,00,0,1,0,0,0,0,0,1,1,0,0,0,0,0,0,0,0,0,0,1,0,0,0,1,0
62061F57-B3AF-432B-B129-AC742C405A2E,2023,61,1,1,0,0,0,0,0,0,1,0,0,0,0,0,0,0,1,0,0,0,0,0,0,1,1
2A04C7C9-6758-4D47-9823-87588C9E62AD,2023,61,1,1,0,0,0,0,0,0,1,0,0,0,0,0,0,0,1,0,0,0,0,0,0,1,1
86956d80-1d15-11ea-93dd-ad92e007263c,2019,62,0,1,0,0,0,0,0,0,1,0,0,0,0,0,0,1,1,0,0,0,0,0,0,1,0
9d9c17c0-7830-11ee-aff5-65f5e013890e,2022,04,0,1,0,0,0,0,0,0,1,0,0,0,0,0,0,1,0,0,0,0,0,0,0,1,0
5682B8E5-F425-4DA9-96C0-720096115C4B,2008,52,0,0,0,0,0,0,0,1,0,0,0,1,0,0,0,0,0,0,0,1,0,0,0,1,0
b7d579f0-1d0e-11ea-b436-a7f38e8d15a2,2018,44,0,0,0,1,0,0,0,0,1,0,0,0,0,0,0,0,0,0,0,1,0,0,0,1,0
6352dbb0-de08-11e9-92e6-b7a271e742aa,2019,62,0,1,1,0,0,0,0,0,1,0,0,0,0,0,0,0,0,1,0,0,0,0,0,1,0
18BE0658-E2C9-40A3-A748-4AF26C10A2A7,2023,61,1,1,0,0,0,0,0,0,1,0,0,0,0,0,0,0,1,0,0,0,0,0,0,1,1
C8579E7A-8E6E-4FB7-840A-34A287193523,2023,00,1,1,0,0,0,0,0,0,1,0,0,0,0,0,0,0,1,0,0,0,0,0,0,1,1
568EB56B-ECB5-4D75-908A-1C0BA0673EBB,2014,52,0,1,0,0,0,0,0,0,1,0,0,0,0,0,0,0,1,0,0,0,0,0,0,1,0
56987653-DBEC-4BC7-BBB4-32752D2AF123,2013,62,0,0,0,0,0,1,0,0,0,0,1,0,0,1,0,0,0,0,0,0,0,0,0,1,0
56A5DF35-7E12-4CAC-9AF6-11D78CDD566A,2013,00,1,1,1,0,0,0,0,0,1,0,0,0,0,0,0,0,0,1,0,0,0,0,0,1,0
56B02E4F-F21F-4BB3-9842-211F4E6499DE,2013,61,0,0,0,0,0,1,0,0,0,0,0,1,0,1,0,0,0,0,0,0,0,1,0,0,0
85077D48-10D5-4119-A09E-FDFA26B3639C,2023,61,1,1,0,0,0,0,0,0,1,0,0,0,0,0,0,0,1,0,0,0,0,0,0,1,1
56B4544A-FCF7-48E4-9D98-0A07F5ED99E1,2012,61,0,0,0,0,1,0,0,0,0,1,0,0,1,0,0,0,0,0,0,0,1,0,0,0,0
05fd69c0-f6c7-11ea-b7b2-2361ceadc5c7,2019,51,0,0,0,0,0,1,0,0,0,1,0,0,0,1,0,0,0,0,0,0,0,0,0,1,0
34A476C1-3CC9-408B-8244-17D678C123DA,2016,45,0,0,0,0,1,0,0,0,0,0,1,0,1,0,0,0,0,0,0,0,0,0,0,1,0
2E6061D6-4C1D-49BB-BC77-DB4008826C89,2023,61,1,1,0,0,0,0,0,0,1,0,0,0,0,0,0,0,1,0,0,0,0,0,0,1,1
56D4AD6E-AAB7-40D3-A08D-292E3D2A422B,2008,52,0,0,0,0,0,1,0,0,0,0,1,0,0,0,1,0,0,0,0,0,0,1,0,0,0
D908F5B4-6B87-4637-BBA6-20F910FBD07C,2015,62,0,0,0,0,1,0,0,0,0,1,0,0,1,0,0,0,0,0,0,0,0,0,0,1,0
36418350-a19d-11e7-bd2e-43ac41b832c9,2017,62,0,0,0,0,1,0,0,0,0,1,0,0,1,0,0,0,0,0,0,0,0,0,0,1,0
eca17ad0-09ad-11eb-a175-e162319ad19d,2020,51,0,0,0,0,0,1,0,0,0,1,0,0,0,1,0,0,0,0,0,0,0,0,0,1,0
7405B5B9-E071-4430-92F5-0094B1B6D3DC,2016,52,0,1,0,1,0,0,0,0,1,0,0,0,0,0,0,1,0,0,1,0,1,0,0,0,0
56F3C3EF-1E1B-4C51-BF25-85A718CA15C7,2012,62,0,0,0,0,0,0,0,1,0,0,0,1,0,0,0,0,0,0,0,1,0,1,0,0,0
56F76EC7-9976-49C7-9E95-E0A53FB78963,2013,61,0,0,0,0,1,0,0,0,0,1,0,0,1,0,0,0,0,0,0,0,0,0,0,1,0
56F8D536-1F28-4757-9460-7A808D579EC6,2014,06,0,0,0,1,0,0,0,0,1,0,0,0,0,0,1,0,0,0,0,0,0,1,0,0,0
570148F4-C919-4FA5-BD74-C805D6B36063,2011,62,0,0,0,1,0,0,0,0,1,0,0,0,0,0,1,0,0,0,0,0,0,1,0,0,0
0cf3c530-9711-11e7-a11c-5542f7e3819f,2017,06,1,0,0,0,0,0,0,0,1,0,0,0,0,0,0,0,1,0,0,0,0,0,0,1,0
fe6558a0-46e8-4334-905b-e01e1ffc323a,2023,00,0,1,0,0,0,0,0,0,1,0,0,0,0,0,0,1,0,0,0,0,0,0,0,1,0
7FF3EB17-D9EB-440C-925B-529FDE50D829,2016,62,0,0,0,0,0,1,0,0,1,0,0,0,0,1,0,0,0,0,0,0,0,1,0,0,0
5735358E-CEDF-488E-ABB3-62B88F233239,2010,92,0,0,0,0,0,1,0,0,0,1,0,0,0,1,0,0,0,0,0,0,0,0,1,0,0
8A8D4ED0-67F6-4C3E-99DA-34AFB58F70D8,2023,61,1,1,0,0,0,0,0,0,1,0,0,0,0,0,0,0,1,0,0,0,0,0,0,1,1
BFBB9D89-E686-43AB-8FFC-005AEAAC6C52,2016,51,0,1,0,0,0,0,0,0,1,0,0,0,0,0,0,0,1,0,0,0,0,0,0,1,0
574A9C36-3C6F-43C9-939C-7B4745D19027,2012,92,0,0,0,0,0,1,0,0,0,1,0,0,0,1,0,0,0,0,0,0,0,0,0,1,0
57613EFA-09B7-44A7-A9E4-2BE3D06F2132,2010,52,0,0,0,0,0,1,0,0,0,0,1,0,0,1,0,0,0,0,0,0,0,1,0,0,0
8742b780-3e6c-11ed-8ffa-ebb9abb0c009,2021,62,0,1,0,0,0,0,0,1,1,0,0,0,0,0,0,0,0,0,0,1,0,0,0,1,0
576712A6-2108-4C64-8B66-72A298266E0A,2013,51,0,1,0,0,0,0,0,0,1,0,0,0,0,0,0,1,0,0,0,0,0,0,0,1,0
9ba63530-7603-11e7-9d88-ab89f89c69db,2017,61,1,0,0,0,0,0,0,0,1,0,0,0,0,0,0,0,1,0,0,0,1,0,0,0,0
577E9020-87C0-4B2A-AB03-BC1D2371AE37,2013,62,0,0,0,0,0,1,0,0,0,1,0,0,0,1,0,0,0,0,0,0,0,1,0,0,0
5783DFB0-AF62-4A98-8AB8-B420C4730A2F,2012,62,0,0,0,1,0,0,0,0,1,0,0,0,0,0,1,0,0,0,0,0,0,1,0,0,0
ca423640-e916-11e9-b01d-8d8474fb7a4b,2017,92,0,0,0,1,0,0,0,0,0,1,0,0,0,0,1,0,0,0,0,0,0,0,0,1,0
57854608-9AC5-4B4D-91B9-33818AD46B1A,2014,00,0,0,0,0,1,0,0,0,0,1,0,0,1,0,0,0,0,0,0,0,0,0,0,1,0
57991851-E459-4801-AE79-C555DEE6EDFA,2014,00,0,0,0,1,0,0,0,0,1,0,0,0,0,0,1,0,0,0,0,0,0,1,0,0,0
57A23FAC-7BDE-4332-8F15-7255CFFFA58F,2012,92,1,1,1,0,0,0,0,0,1,0,0,0,0,0,0,0,0,1,0,0,0,0,0,1,0
9dfee740-3436-11ed-b144-457a87672420,2022,51,0,1,1,0,0,0,0,0,1,0,0,0,0,0,0,0,0,1,0,0,0,0,0,1,0
A95457A5-916C-4794-8C61-C5B0A8E22652,2023,61,1,1,0,0,0,0,0,0,1,0,0,0,0,0,0,0,1,0,0,0,0,0,0,1,1
57B329DC-381D-4460-AE0F-BAA0DF743746,2015,92,0,0,0,0,1,0,0,0,0,1,0,0,1,0,0,0,0,0,0,0,0,0,0,1,0
57B6FA41-1E6F-4469-BB81-D0631D19A6E0,2014,62,0,0,0,0,1,0,0,0,0,1,0,0,1,0,0,0,0,0,0,0,0,0,0,1,0
BF6C1C83-8927-4AE2-9129-255264615C63,2023,61,1,1,0,0,0,0,0,0,1,0,0,0,0,0,0,0,1,0,0,0,0,0,0,1,1
ee9956a0-0c35-11ed-91ff-0b0a6a79f02d,2021,05,0,0,0,1,0,0,0,0,1,0,0,0,0,0,1,0,0,0,0,0,0,0,0,1,0
EAB77276-8590-437A-A3FF-92ED1DC23123,2023,00,1,1,0,0,0,0,0,0,1,0,0,0,0,0,0,0,1,0,0,0,0,0,0,1,1
7A00869B-D847-41AD-B5B0-F28AE6915BEC,2014,62,0,0,0,0,0,1,0,0,0,1,0,0,0,1,0,0,0,0,0,0,0,0,0,1,0
14e98e00-da32-11e7-a58f-dff506a792fb,2017,61,0,0,0,0,0,1,0,0,0,1,0,0,0,1,0,0,0,0,0,0,0,0,0,1,0
4B1BC856-5503-4325-B925-C96704D40ECA,2023,61,1,1,0,0,0,0,0,0,1,0,0,0,0,0,0,0,1,0,0,0,0,0,0,1,1
57E1EAC1-C992-4365-AF58-F1270F6F5E46,2012,62,0,0,0,0,1,0,0,0,0,1,0,0,1,0,0,0,0,0,0,0,0,0,0,1,0
57EBE49A-4A36-43E3-948A-72FAE1FEC58E,2013,00,1,1,1,0,0,0,0,0,1,0,0,0,0,0,0,0,0,1,0,0,0,0,0,1,0
277f9950-48ce-11ed-8c60-33546f64e3dc,2022,92,1,0,0,0,0,0,0,1,1,0,0,0,0,0,0,0,1,0,0,0,0,1,0,0,0
F37B91A4-4EBE-4827-92FC-385490A96260,2016,51,0,1,0,0,0,0,0,0,1,0,0,0,0,0,0,1,0,0,0,0,0,0,0,1,0
FF6A99C8-EDEA-4217-A5B1-23DCFC3E9FDA,2015,51,0,1,0,0,0,0,0,0,1,0,0,0,0,0,0,0,1,0,0,0,0,0,0,1,0
58095EE3-AD13-4786-89A2-6031FB1E1A90,2010,62,0,1,0,0,0,0,0,0,1,0,0,0,0,0,0,0,0,0,0,1,0,1,0,0,0
cbd6a9c0-8ddb-11ec-bb25-234a6ad089e5,2021,61,0,0,0,0,0,1,0,0,0,1,0,0,0,1,0,0,0,0,0,0,0,0,0,1,0
0D1911C1-9308-4AAF-A258-65091960E535,2023,61,1,1,0,0,0,0,0,0,1,0,0,0,0,0,0,0,1,0,0,0,0,0,0,1,1
5820EB16-C04D-49BA-A842-F455A11E1B95,2013,62,0,0,0,1,0,0,0,0,1,0,0,0,0,0,1,0,0,0,0,0,0,1,0,0,0
B197BEB7-0AA5-4589-A89B-1F84FC4A60F9,2023,61,1,1,0,0,0,0,0,0,1,0,0,0,0,0,0,0,1,0,0,0,0,0,0,1,1
5cfa3090-8dda-11ec-bb25-234a6ad089e5,2020,51,1,1,0,0,0,0,0,0,1,0,0,0,0,0,0,0,1,0,0,0,0,0,0,1,0
58411537-222B-403F-818A-F958DC9BD7DB,2014,00,0,1,0,0,0,0,0,0,1,0,0,0,0,0,0,1,0,0,0,0,1,0,0,0,0
24059780-d965-11e7-8b17-fdfed30923dd,2017,00,0,0,1,0,0,0,0,0,1,0,0,0,0,0,0,0,0,1,0,0,0,0,0,1,0
5844FF61-21A9-4003-B6D8-751BFDEE181D,2012,42,0,0,0,0,0,1,0,0,0,1,0,0,0,1,0,0,0,0,0,0,0,0,0,1,0
5846A172-A489-4950-A9E9-1A712610B020,2014,44,1,1,0,0,0,0,0,0,1,0,0,0,0,0,0,0,1,0,0,0,0,1,0,0,0
5851EDA4-8B1C-4C49-9DDE-5D440BEB223A,2014,00,0,0,0,1,0,0,0,0,1,0,0,0,0,0,1,0,0,0,0,0,1,0,0,0,0
b6882810-de05-11e9-92e6-b7a271e742aa,2019,62,0,0,0,1,0,0,0,0,0,1,0,0,0,0,1,0,0,0,0,0,0,0,0,1,0
58701CE8-27D2-4453-887A-DA8A7E6E6078,2014,92,0,0,0,0,0,1,0,0,0,1,0,0,0,1,0,0,0,0,0,0,0,0,0,1,0
51D992C5-1A00-4A28-9497-EDD204351D31,2015,92,0,0,0,0,0,1,0,0,0,1,0,0,0,0,1,0,0,0,0,0,0,0,0,1,0
58782940-5E96-4CE2-BAD6-A5F41BEA655B,2010,62,0,0,0,0,0,0,0,1,0,0,0,1,0,0,0,0,0,0,0,1,0,1,0,0,0
587B713E-130F-4415-B25E-38FFC8F00B93,2011,00,0,0,0,1,0,0,0,0,0,0,0,1,0,0,1,0,0,0,0,0,0,1,0,0,0
766BD600-82E9-47CB-AE2F-8C4FF6B5DD56,2023,61,1,1,0,0,0,0,0,0,1,0,0,0,0,0,0,0,1,0,0,0,0,0,0,1,1
587E963B-1ECB-4F4C-BF86-B6999D2BD03F,2011,92,0,0,0,0,0,1,0,0,0,1,0,0,0,1,0,0,0,0,0,0,0,0,0,1,0
5884C116-0D86-4D08-B289-CD6D9F0236DE,2015,62,0,0,0,1,0,0,0,0,1,0,0,0,0,0,1,0,0,0,0,0,0,1,0,0,0
58886EEE-5EF1-4291-BB60-EE0E7BE6F681,2013,62,0,0,0,0,1,0,0,0,0,1,0,0,1,0,0,0,0,0,0,0,0,0,0,1,0
36ADE060-B6B7-4327-A77A-D193EB2F863B,2016,00,0,0,0,0,0,1,0,0,0,1,0,0,0,1,0,0,0,0,0,0,0,0,0,1,0
58909D9D-B4F9-4034-8366-201036A8E5BB,2012,92,0,0,0,0,0,1,0,0,0,1,0,0,0,1,0,0,0,0,0,0,0,0,0,1,0
59f90940-d631-11f0-901b-c962ba1dfe3a,2024,56,1,0,0,0,0,0,0,1,1,0,0,0,0,0,0,0,1,0,0,0,0,0,0,1,0
75887510-c960-11e7-a5ba-7f961e325ca3,2014,92,0,1,0,0,0,0,0,0,1,0,0,0,0,0,0,0,1,0,0,0,0,0,0,1,0
242C88C1-0958-411A-A082-9D8013AFC68D,2023,61,1,1,0,0,0,0,0,0,1,0,0,0,0,0,0,0,1,0,0,0,0,0,0,1,1
28fada60-811e-11e7-9cfb-2f8f443557c3,2017,61,0,0,1,0,0,0,0,0,1,0,0,0,0,0,0,0,0,1,0,0,1,0,0,0,0
424287FD-A8F3-4962-B564-29D135C5D8E0,2023,61,1,1,0,0,0,0,0,0,1,0,0,0,0,0,0,0,1,0,0,0,0,0,0,1,1
cdf6fc90-af5b-11e7-b9c1-d3b3b0fdcbd2,2017,52,0,0,0,1,0,0,0,0,1,0,0,0,0,0,0,0,0,0,0,1,0,0,0,1,0
58DD9676-52A4-40CB-895C-8358D52DB62D,2014,62,0,0,0,1,0,0,0,0,1,0,0,0,0,0,1,0,0,0,0,0,0,1,0,0,0
f58294d0-a7be-11e7-9f87-7fffd7137a55,2017,62,0,0,0,1,0,0,0,0,1,0,0,0,0,0,1,0,0,0,0,0,0,1,0,0,0
58EBCAF2-6BA7-4883-88E0-E45702110B85,2013,51,0,1,0,0,0,0,0,0,1,0,0,0,0,0,0,1,0,0,0,0,1,0,0,0,0
60451ca0-6bee-11e7-97f1-7f40b0b1fd66,2016,92,0,0,0,0,1,0,0,0,0,1,0,0,1,0,0,0,0,0,0,0,0,0,0,1,0
58F9BEE9-595F-477B-8F03-CB74AB83AEA2,2011,62,0,0,0,1,0,0,0,0,1,0,0,0,0,0,1,0,0,0,0,0,0,1,0,0,0
58FADF45-4AB7-441F-B10D-6830F268F4AE,2011,62,0,0,0,1,0,0,0,0,1,0,0,0,0,0,1,0,0,0,0,0,0,1,0,0,0
5903A726-34D2-40C3-9A18-A6B34FB09491,2013,62,0,0,0,0,0,1,0,0,0,1,0,0,0,1,1,0,0,0,0,0,0,1,0,0,0
59045243-98F3-421C-8096-9EB26E3B2AA9,2012,62,0,0,0,1,0,0,0,0,1,0,0,0,0,0,1,0,0,0,0,0,0,1,0,0,0
590BA770-3A10-4DF2-BF15-F3B70E5741F2,2012,62,0,0,0,0,0,1,0,0,0,1,0,0,0,0,1,0,0,0,0,0,0,0,0,1,0
BDDACB68-06E7-43FA-B872-000875EC3AF3,2016,71,1,0,1,0,0,0,0,0,1,0,0,0,0,0,0,0,1,0,0,0,0,0,0,1,0
5924E26D-93DA-45F7-B674-A353E0A368BF,2013,51,0,1,0,0,0,0,0,0,1,0,0,0,0,0,0,0,0,0,1,0,1,0,0,0,0
593264EF-9A29-458B-AEA6-F72339A306DF,2012,61,0,0,0,0,0,1,0,0,0,1,0,0,0,1,0,0,0,0,0,0,0,0,0,1,0
59385D17-0156-47FB-A593-12070AF7B04F,2014,00,0,0,0,0,0,1,0,0,0,1,0,0,0,1,0,0,0,0,0,0,0,0,0,1,0
00a2d140-e1da-11e7-8553-197c24c367d2,2017,62,0,1,1,0,0,0,0,0,1,0,0,0,0,0,0,0,0,1,0,0,0,0,0,1,0
8acc4a80-1e4e-11ed-a957-9f20ba7b4dd5,2022,61,1,1,0,0,0,0,0,0,1,0,0,0,0,0,0,0,1,0,0,0,0,1,0,0,0
59479089-D587-4A95-A1E2-B164FB99E23A,2012,54,0,1,0,0,0,0,0,0,1,0,0,0,0,0,0,0,1,0,0,0,0,1,0,0,0
6BDF90D5-B00E-4466-AEE9-C34C8A2A7569,2023,61,1,1,0,0,0,0,0,0,1,0,0,0,0,0,0,0,1,0,0,0,0,0,0,1,1
595042FB-3E33-48B5-B46B-4BCB38F99432,2013,51,0,0,0,0,1,0,0,0,0,1,0,0,1,0,0,0,0,0,0,0,1,0,0,0,0
1814EBA1-6124-43C9-A9B1-A66B4AE90411,2023,61,1,1,0,0,0,0,0,0,1,0,0,0,0,0,0,0,1,0,0,0,0,0,0,1,1
eee3c050-402e-11ed-a8d9-e567d58abfd4,2021,03,1,1,0,0,0,0,0,1,1,0,0,0,0,0,0,0,1,0,0,0,0,0,0,1,0
63937782-ECAF-40EE-9F6A-9B8ED4F99585,2015,92,0,0,0,0,1,0,0,0,0,1,0,0,1,0,0,0,0,0,0,0,0,0,0,1,0
A68380EC-B9D9-4529-9EA7-B2BC85FC3BFD,2023,61,1,1,0,0,0,0,0,0,1,0,0,0,0,0,0,0,1,0,0,0,0,0,0,1,1
90785d90-58e1-4d3d-9353-b7a60315ffa5,2024,00,1,0,0,0,0,0,0,1,1,0,0,0,0,0,0,0,1,0,0,0,0,0,0,1,0
E8188F81-0CCF-4E2A-860A-15D236D3D1D5,2015,62,1,0,0,0,0,0,0,0,1,0,0,0,0,0,0,0,1,0,0,0,0,1,0,0,0
c72c0920-0ae2-11ea-a7de-15b14f857e77,2019,00,0,0,0,0,0,1,0,0,0,1,0,0,0,1,0,0,0,0,0,0,0,0,0,1,0
a00223a0-156f-11eb-b788-65a639ed21e8,2020,44,0,0,0,0,0,1,0,0,0,1,0,0,0,1,0,0,0,0,0,0,0,0,0,1,0
597E31F5-9066-4F0C-A789-2DE40077715A,2010,92,0,0,0,0,0,1,0,0,0,1,0,0,0,1,0,0,0,0,0,0,0,0,1,0,0
49690c00-f0ec-11e9-84f1-e9d602503a96,2018,44,0,0,0,1,0,0,0,0,1,0,0,0,0,0,1,0,0,0,0,0,0,0,0,1,0
F0F64821-393E-40D7-8010-5E4A822F5AC0,2023,61,1,1,0,0,0,0,0,0,1,0,0,0,0,0,0,0,1,0,0,0,0,0,0,1,1
2ca41da0-f206-11ea-9eb3-fb45745214a6,2020,62,0,0,0,0,1,0,0,0,0,1,0,0,1,0,0,0,0,0,0,0,0,0,0,1,0
59A75079-9339-4704-869A-798DEF88273D,2013,09,0,0,0,0,0,1,0,0,0,1,0,0,0,1,0,0,0,0,0,0,0,0,0,1,0
51DEB88F-D09A-4104-A5BC-E6D0A805C778,2023,54,1,1,0,0,0,0,0,0,1,0,0,0,0,0,0,0,1,0,0,0,0,0,0,1,1
c43dc50b-9014-4a5a-8687-465b8f8462d1,2024,92,1,0,0,0,0,0,0,1,1,0,0,0,0,0,0,0,1,0,0,0,0,0,0,1,0
4E732CED-3463-D06D-E0CA-9A15B6153677,2025,51,0,1,0,0,0,0,0,0,1,0,0,0,0,0,0,1,0,0,0,0,0,0,0,1,0
59BE8596-209D-403C-8628-6E6E233DBC57,2010,92,0,0,0,0,0,1,0,0,0,1,0,0,0,1,0,0,0,0,0,0,0,0,1,0,0
59C007D3-B34E-4C4F-A4CF-7540327FB421,2012,09,0,1,0,0,0,0,0,0,1,0,0,0,0,0,0,1,0,0,0,0,0,0,0,1,0
59CA466B-70E9-4F28-A6D8-4102BBE87197,2013,62,0,0,0,0,0,1,0,0,1,0,0,0,0,1,0,0,0,0,0,0,1,0,0,0,0
59CD581F-F358-4FDA-9CDF-E7CEE3F99FA5,2015,45,1,0,0,0,0,0,0,0,1,0,0,0,0,0,0,0,1,0,0,0,0,1,0,0,0
59D01D1C-4227-4405-BE14-269D58B7CC59,2023,00,1,1,0,0,0,0,0,0,1,0,0,0,0,0,0,0,1,0,0,0,0,0,0,1,1
59D18579-8D00-4193-8F56-09FC6D968796,2009,52,0,0,0,0,1,1,0,0,0,1,0,0,0,1,1,0,0,0,0,0,0,1,0,0,0
40A30166-0DE5-4BB6-B5B0-8D064A3F7178,2015,92,0,0,0,0,0,1,0,0,0,1,0,0,0,1,0,0,0,0,0,0,0,0,0,1,0
E12D449C-E9C9-43F9-A72D-E4AA8F5E72AE,2023,61,1,1,0,0,0,0,0,0,1,0,0,0,0,0,0,0,1,0,0,0,0,0,0,1,1
59E0A533-C878-4729-8A5D-4889EBD2ECEB,2013,62,0,0,0,0,0,1,0,0,0,1,0,0,0,1,0,0,0,0,0,0,0,0,0,1,0
59E15734-8C2D-4081-BB18-C83A39F202DA,2012,62,0,0,0,0,1,0,0,0,0,0,1,0,1,0,0,0,0,0,0,0,0,0,0,1,0
59E37F28-80F0-4805-A508-0D3FF39AC9C9,2012,92,0,1,0,0,0,0,0,0,1,0,0,0,0,0,0,0,0,0,0,1,0,0,0,1,0
DF7373C5-355B-4C76-89B1-2AD179E79F50,2023,61,1,1,0,0,0,0,0,0,1,0,0,0,0,0,0,0,1,0,0,0,0,0,0,1,1
59EAACB3-BB07-4182-AF65-9184093DA166,2013,44,0,1,0,0,0,0,0,0,1,0,0,0,0,0,0,1,0,0,0,0,0,0,0,1,0
46B300AF-E14E-4567-A610-5FD6FCF05183,2016,62,0,0,0,0,0,1,0,0,0,1,0,0,0,1,0,0,0,0,0,0,0,0,0,1,0
59FAF83E-10B7-49EF-A454-C63C7F05119F,2014,00,0,1,0,0,0,0,0,0,1,0,0,0,0,0,0,0,0,0,1,0,1,0,0,0,0
B63A2C20-63FB-4210-921D-8FB8544492E2,2015,42,0,0,0,0,1,0,0,0,0,1,0,0,1,0,0,0,0,0,0,0,0,0,0,1,0
D234A10E-7874-4E1E-ADEA-98969208FB00,2016,92,0,0,0,0,1,1,0,0,0,1,0,0,0,1,0,0,0,0,0,0,0,0,0,1,0
5A0E29EB-0FBF-4E42-A548-979D97F23768,2003,00,0,0,0,0,1,0,0,0,0,1,0,0,1,0,0,0,0,0,0,0,0,0,0,1,0
5A122E8F-BF98-470E-B61D-44EA0A9B7F38,2013,00,0,0,0,1,0,0,0,0,1,0,0,0,0,0,1,0,0,0,0,0,0,1,0,0,0
5A1542D8-EA47-47DB-8375-7FA5052D2382,2013,92,0,0,0,0,0,1,0,0,0,1,0,0,0,1,0,0,0,0,0,0,0,0,0,1,0
27C13E31-F87D-4DEE-9EA9-A3854E339EFC,2023,42,1,1,0,0,0,0,0,0,1,0,0,0,0,0,0,0,1,0,0,0,0,0,0,1,1
5A1D0AB7-A914-44A3-B5CE-558B5823C090,2014,51,1,1,0,0,0,0,0,0,0,0,0,1,0,0,0,0,1,0,0,0,0,0,0,1,0
d9591be0-d55d-11e7-bfad-07ede9e0bc7c,2017,62,0,0,0,0,1,0,0,0,0,1,0,0,1,0,0,0,0,0,0,0,0,0,0,1,0
851bbcf0-d953-11e7-a452-77d2890a67ae,2016,52,0,0,0,0,0,1,0,0,0,1,0,0,0,1,0,0,0,0,0,0,0,0,0,1,0
61a62450-10c6-11ec-ac2c-abfc822846a5,2020,06,0,0,0,0,0,1,0,0,0,1,0,0,0,1,0,0,0,0,0,0,0,0,0,1,0
a78379f0-2823-11eb-8365-4f57e2156a07,2020,48,0,0,0,0,1,0,0,0,0,1,0,0,1,0,0,0,0,0,0,0,0,0,0,1,0
5A323F49-4F8B-45AA-A4A9-058A193649F7,2013,52,0,0,0,1,0,0,0,0,1,0,0,0,0,0,1,0,0,0,0,0,0,1,0,0,0
5A34DCCB-8C86-4333-AE6D-03BFAFBBFFF0,2007,32,0,0,0,0,1,0,0,0,0,1,0,0,1,0,0,0,0,0,0,0,0,0,0,1,0
5A36AFE8-FD46-42C2-A9F6-252318342CE4,2013,92,0,0,0,0,0,1,0,0,0,1,0,0,0,1,0,0,0,0,0,0,0,0,0,1,0
5A3B22CB-4892-4587-9652-2CA14A888E0E,2012,51,0,1,0,0,0,0,0,0,1,0,0,0,0,0,0,1,0,0,0,0,0,0,0,1,0
5A3B518C-1B3B-4952-87EC-AC75F0F82C44,2014,62,0,0,0,1,0,0,0,0,1,0,0,0,0,0,1,0,0,0,0,0,0,1,0,0,0
42107f50-ca3e-11e7-8487-35d59b80f11b,2017,44,0,0,0,1,0,0,0,0,1,0,0,0,0,0,0,0,0,0,0,1,0,0,0,1,0
DEF10D37-FFC9-4AFB-BD3F-614BA7B8263B,2023,61,1,1,0,0,0,0,0,0,1,0,0,0,0,0,0,0,1,0,0,0,0,0,0,1,1
82270E95-F348-4EA0-9E43-3DDE2921305A,2023,61,1,1,0,0,0,0,0,0,1,0,0,0,0,0,0,0,1,0,0,0,0,0,0,1,1
5A5568FE-BBAD-4091-82D2-852811B80789,2013,51,0,1,0,0,0,0,0,0,1,0,0,0,0,0,0,1,0,0,0,0,0,0,0,1,0
f334b690-b6a4-11e8-b56a-011002460f8b,2018,61,0,0,0,0,1,0,0,0,0,1,0,0,1,0,0,0,0,0,0,0,0,1,0,0,0
5A7AB444-991E-4F47-8A9F-0AFDA2FD33AA,2013,55,0,1,0,0,0,0,0,0,1,0,0,0,0,0,0,1,0,0,0,0,1,0,0,0,0
BBBA1105-EF05-46F8-98D6-32280BC528D1,2023,61,1,1,0,0,0,0,0,0,1,0,0,0,0,0,0,0,1,0,0,0,0,0,0,1,1
43e4b860-0fcc-11eb-afe7-87eff9df4bdb,2019,00,0,0,0,0,0,1,0,0,0,1,0,0,0,1,0,0,0,0,0,0,0,0,0,1,0
5A90CFAA-F288-4CBA-9133-6998A318307D,2014,54,1,0,1,0,0,0,0,0,1,0,0,0,0,0,0,0,0,1,0,0,1,0,0,0,0
0b538ec0-a951-11e7-bb38-a97a354bfe15,2016,51,0,0,0,1,0,0,0,0,1,0,0,0,0,0,1,0,0,0,0,0,0,1,0,0,0
5A986B73-57D8-472C-9315-B44E6E346F10,2010,92,0,0,0,0,0,1,0,0,0,1,0,0,0,1,0,0,0,0,0,0,0,0,1,0,0
677463f0-e20e-11e7-8553-197c24c367d2,2015,62,0,0,0,0,1,0,0,0,0,1,0,0,1,0,0,0,0,0,0,0,0,0,0,1,0
48254d90-74bc-11eb-a956-8766d2dd0181,2020,49,0,1,0,0,0,0,0,0,1,0,0,0,0,0,0,1,0,0,0,0,0,0,0,1,0
628e4880-085e-11e8-8ccf-e3865b9fabe5,2012,54,0,1,0,0,0,0,0,0,1,0,0,0,0,0,0,1,0,0,0,0,0,0,0,1,0
5AA49BCD-3D1C-457D-B534-BE303CA67B05,2013,00,0,1,0,0,0,0,0,0,1,0,0,0,0,0,0,1,0,0,0,0,1,0,0,0,0
5AA7EF31-5CE1-4FA3-99CC-98F017619318,2012,92,0,0,0,0,1,0,0,0,0,1,0,0,1,0,0,0,0,0,0,0,0,0,0,1,0
47595c50-d0ca-11e8-bbbb-67b2993a8980,2018,62,0,1,0,0,0,0,0,0,1,0,0,0,0,0,0,0,0,0,0,1,0,0,0,1,0
98EDA9F4-745B-4DFF-86D1-404894E6188A,2023,61,1,1,0,0,0,0,0,0,1,0,0,0,0,0,0,0,1,0,0,0,0,0,0,1,1
5ABBA843-11D4-49D7-A7F2-7DDDE6FE3F6F,2012,44,0,1,0,0,0,0,0,0,1,0,0,0,0,0,0,1,0,0,0,0,0,1,0,0,0
c44d0c10-da73-11eb-bcc7-b7194a064c3e,2021,62,1,0,0,0,0,0,0,0,1,0,0,0,0,0,0,0,1,0,0,0,0,1,0,0,0
5ACC229C-D16B-40EA-80B5-3A00878C694C,2011,62,0,0,0,0,1,0,0,0,0,1,0,0,1,0,0,0,0,0,0,0,0,0,0,1,0
7866a3c0-e354-11e7-bf7a-0771e1cc9602,2017,62,0,1,0,0,0,0,0,0,1,0,0,0,0,0,0,0,1,0,0,0,0,0,0,1,0
5AE0AA46-6AAA-41AD-957B-20E4261EA32F,2009,51,1,1,1,0,0,0,0,0,1,0,0,0,0,0,0,0,0,1,0,0,0,0,0,1,0
0404932F-7D61-4965-BFB5-D7DBBA346069,2012,92,0,0,0,0,1,0,0,0,0,1,0,0,1,0,0,0,0,0,0,0,0,0,0,1,0
BF2C1216-F662-41DF-B595-EEBE44C4A5FE,2023,05,1,1,0,0,0,0,0,0,1,0,0,0,0,0,0,0,1,0,0,0,0,0,0,1,1
37d1eea0-aa0a-11e8-b272-396d7fe012b7,2018,48,0,0,0,0,1,0,0,0,0,1,0,0,1,0,0,0,0,0,0,0,0,0,0,1,0
5AEAF0CE-7E92-4019-B7EF-AE1FB97B0028,2013,09,0,1,0,0,0,0,0,0,1,0,0,0,0,0,0,1,0,0,0,0,1,0,0,0,0
fb4daa30-e019-11ef-8e7d-5bcd93832819,2024,52,1,1,0,0,0,0,0,0,1,0,0,0,0,0,0,0,1,0,0,0,0,0,0,1,0
6AFB317A-8218-4F53-A482-8157CB27FB87,2016,61,0,0,0,0,1,1,0,0,0,1,0,0,1,0,0,0,0,0,0,0,0,0,0,1,0
1132591C-2971-4E80-B0B6-15C5BB843E38,2015,61,0,0,1,0,0,0,0,0,1,0,0,0,0,0,0,0,0,1,0,0,1,0,0,0,0
B9C14A02-F487-4D2A-A61E-30FBB362A15B,2023,61,1,1,0,0,0,0,0,0,1,0,0,0,0,0,0,0,1,0,0,0,0,0,0,1,1
5B069AB2-9346-4CDA-8C5E-C6CD9D3CCA22,2015,44,0,1,0,0,0,0,0,0,1,0,0,0,0,0,0,0,1,0,0,0,0,0,0,1,0
AF95D3AA-B283-4DB0-BB67-8A068AD86F1A,2015,92,0,0,0,0,0,1,0,0,0,1,0,0,0,1,0,0,0,0,0,0,0,0,0,1,0
d2796730-1627-11ec-8258-83f74c3914c9,2018,52,0,0,0,1,0,0,0,0,1,0,0,0,0,0,1,0,0,0,0,0,0,0,0,1,0
5B17F1FB-53D7-43EC-8780-0D926FC87591,2012,62,0,0,0,0,0,1,0,0,0,1,0,0,0,0,1,0,0,0,0,0,0,1,0,0,0
5B22DC12-FD70-411E-B642-36433B48507F,2013,52,0,1,0,0,0,0,0,0,1,0,0,0,0,0,0,0,1,0,0,0,0,1,0,0,0
A3F390D8-8E4C-41F2-747B-FA2F1B5F87DB,2025,33,0,1,0,0,0,0,0,0,1,0,0,0,0,0,0,1,0,0,0,0,0,0,0,1,0
5B261D37-3630-4474-B709-86B447EEC2FD,2010,92,0,0,0,0,0,1,0,0,0,1,0,0,0,0,1,0,0,0,0,0,0,0,0,1,0
5B279927-00E9-41B0-8DF7-95417D7A5993,2011,62,0,0,0,1,0,0,0,0,1,0,0,0,0,0,1,0,0,0,0,0,0,1,0,0,0
5B2A07EE-E4C7-4D23-8764-2CF66100BFA4,2014,00,0,0,0,0,0,1,0,0,0,1,0,0,0,0,1,0,0,0,0,0,0,1,0,0,0
5B2C9D3E-D8B5-44E9-A31B-5993BF1791D7,2013,22,0,1,0,0,0,0,0,0,1,0,0,0,0,0,0,1,0,0,0,0,1,0,0,0,0
ad362d70-9cb6-11e8-ace0-d908cba85008,2018,61,0,1,0,0,0,0,0,0,1,0,0,0,0,0,0,0,1,0,0,0,0,0,0,1,0
5B307927-EDB6-4CC7-ADC0-F90941119A93,2015,72,1,0,0,0,0,0,0,0,1,0,0,0,0,0,0,0,1,0,0,0,0,0,0,1,0
5B31A243-A17B-4428-A934-8D7C32D009D3,2012,92,1,1,1,0,0,0,0,0,1,0,0,0,0,0,0,0,0,1,0,0,0,0,0,1,0
ce6d5c90-b412-11f0-83f6-c95449796b4b,2025,03,0,1,0,0,0,0,0,0,1,0,0,0,0,0,0,0,1,0,0,0,0,0,0,1,0
5B3CB0D2-F2FA-4FAD-8904-4E5451A0E9D4,2012,62,0,0,0,0,0,1,0,0,0,1,0,0,0,1,0,0,0,0,0,0,0,0,0,1,0
5B3E901D-BEA6-41C3-AEC9-AE9FAB89BA61,2012,71,0,0,0,0,1,0,0,0,0,1,0,0,1,0,0,0,0,0,0,0,0,0,0,1,0
5B426009-CF27-4807-9EC5-420035CFA0C3,2013,51,1,0,0,0,0,0,0,0,1,0,0,0,0,0,0,0,1,0,0,0,1,0,0,0,0
5B4505C3-A9DD-453D-92DC-EA1AA8AA2996,2009,48,0,0,0,0,0,0,1,0,0,1,0,0,0,0,0,0,0,0,0,1,1,0,0,0,0
607b2040-c833-11e9-b045-b11609af3ce0,2019,81,0,0,0,0,0,0,0,1,1,0,0,0,0,0,0,0,0,0,0,1,0,0,0,1,0
D5EDAEB8-0425-431C-A325-8B366E8E9FF4,2014,44,0,0,0,1,0,0,0,0,0,0,0,1,0,0,0,0,0,0,0,1,0,0,0,1,0
B938D911-5389-49A8-816D-B7E6B380CDF2,2023,61,1,1,0,0,0,0,0,0,1,0,0,0,0,0,0,0,1,0,0,0,0,0,0,1,1
5B55E755-BB32-41D2-91F1-7200D1242ABE,2011,62,0,0,0,0,1,0,0,0,0,1,0,0,1,0,0,0,0,0,0,0,0,0,0,1,0
33E75FF0-9DD6-01BB-E69F-351039152189,2025,51,0,1,0,0,0,0,0,0,1,0,0,0,0,0,0,1,0,0,0,0,0,0,0,1,0
ce4f7140-c55e-11e7-9e23-d39fd27e665b,2017,52,0,0,0,1,0,0,0,0,1,0,0,0,0,0,0,0,0,0,0,1,0,0,0,1,0
5B59C22F-2FFB-42DA-B5AF-8F05E5F39BFD,2012,92,0,0,0,0,1,0,0,0,0,1,0,0,1,0,0,0,0,0,0,0,0,0,0,1,0
5B5AEDC8-754A-42A4-93CC-62D13FFD8841,2011,92,0,0,0,0,1,0,0,0,0,1,0,0,1,0,0,0,0,0,0,0,0,0,0,1,0
5B69F776-2026-41C0-815E-CADB566848E8,2014,51,0,1,0,0,0,0,0,0,1,0,0,0,0,0,0,0,1,0,0,0,0,0,1,0,0
D432CC1D-91D4-4449-A050-7AC6B0890A7D,2011,62,0,0,0,0,1,0,0,0,0,1,0,0,1,0,0,0,0,0,0,0,0,0,0,1,0
2F44EA49-F62D-40D8-8A78-BF74450E7C36,2023,61,1,1,0,0,0,0,0,0,1,0,0,0,0,0,0,0,1,0,0,0,0,0,0,1,1
749D01A5-3C1E-4709-899C-09A585638BF2,2023,61,1,1,0,0,0,0,0,0,1,0,0,0,0,0,0,0,1,0,0,0,0,0,0,1,1
4680b990-3cd3-11ec-b63a-33c287a8ec4a,2020,54,1,0,0,0,0,0,0,0,1,0,0,0,0,0,0,0,1,0,0,0,0,1,0,0,0
24FCFCA0-D1AF-4DBA-AD76-52A6710C0648,2015,62,0,0,0,0,1,0,0,0,0,0,1,0,1,0,0,0,0,0,0,0,0,0,0,1,0
5B93A9BC-8178-418B-83E6-6FDF0413CF0A,2013,54,0,1,0,0,0,0,0,0,1,0,0,0,0,0,0,0,1,0,0,0,0,0,0,1,0
5B97C14D-A6C3-4DC1-BADF-0B57FE9B2A27,2013,33,0,0,0,1,0,0,0,0,1,0,0,0,0,0,1,0,0,0,0,0,0,1,0,0,0
5B97EBF3-5545-404B-8B0C-64942FC21453,2013,62,0,0,0,1,0,0,0,0,1,0,0,0,0,0,1,0,0,0,0,0,0,1,0,0,0
5BA06BEC-54A3-425D-B066-75D98FFA17C0,2013,92,0,0,0,0,0,1,0,0,0,1,0,0,0,1,0,0,0,0,0,0,0,1,0,0,0
4d3e5650-a055-11ef-859f-c58fde63a385,2024,22,0,1,0,0,0,0,0,0,0,0,0,1,0,0,0,1,1,0,0,0,0,1,0,0,0
5BB117D1-E49C-4190-8346-9CBF00F1450E,2013,62,0,0,0,0,0,1,0,0,0,1,0,0,0,1,0,0,0,0,0,0,0,0,0,1,0
6C484FE9-A5B2-492E-982E-406D3DA3A3B2,2023,61,1,1,0,0,0,0,0,0,1,0,0,0,0,0,0,0,1,0,0,0,0,0,0,1,1
5BBFBE10-2329-4577-94E8-639617676D8B,2007,42,0,0,0,0,1,0,0,0,0,1,0,0,1,0,0,0,0,0,0,0,0,0,0,1,0
5BBFC006-6C77-4DCB-9BD7-8432EA743893,2008,54,0,0,0,0,1,0,0,0,0,1,0,0,1,0,0,0,0,0,0,0,0,0,0,1,0
5BC06D9F-21C1-4725-AE20-B27355CAEB72,2013,51,0,0,0,0,0,1,0,0,0,1,0,0,0,1,0,0,0,0,0,0,1,0,0,0,0
5BC2C0E0-98D0-4B90-A76E-4DF7EF569385,2012,62,0,0,1,0,0,0,0,0,1,0,0,0,0,0,0,0,0,1,0,0,0,0,0,1,0
5BC69DFA-EF1D-42FA-BF0A-5B029D62DBBA,2013,53,1,0,0,0,0,0,0,0,1,0,0,0,0,0,0,0,1,0,0,0,0,1,0,0,0
5BD1CDC9-F16F-44D2-86C9-807DC4D3031C,2015,61,0,1,0,0,0,0,0,0,1,0,0,0,0,0,0,0,0,0,1,0,1,0,0,0,0
5BDC5852-2BEA-46F4-8E98-6726ED0108EA,2012,53,0,1,0,0,0,0,0,0,1,0,0,0,0,0,0,1,0,0,0,0,0,0,0,1,0
9B7555E3-6DF8-4B29-B084-3240EDFB3414,2023,61,1,1,0,0,0,0,0,0,1,0,0,0,0,0,0,0,1,0,0,0,0,0,0,1,1
5BE6E921-7C6E-4079-A754-A91D21DE7F69,2013,00,0,1,0,0,0,0,0,0,1,0,0,0,0,0,0,1,0,0,0,0,0,0,0,1,0
9c35e170-2f2e-11eb-be94-ff2f41197b3c,2019,62,1,0,0,0,0,0,0,0,1,0,0,0,0,0,0,0,1,0,0,0,0,1,0,0,0
C5C77144-79BF-47AC-AF6B-F60E52E688E4,2023,52,1,1,0,0,0,0,0,0,1,0,0,0,0,0,0,0,1,0,0,0,0,0,0,1,1
08a69320-8813-11e7-9a4a-fb58f2b09996,2016,92,0,0,0,0,1,1,0,0,0,1,0,0,1,0,0,0,0,0,0,0,0,0,0,1,0
5BF522B4-8C30-4714-BEB2-F2B237C333BC,2013,62,0,0,0,0,1,0,0,0,0,1,0,0,1,0,0,0,0,0,0,0,0,0,0,1,0
d1d700d3-6146-4a51-975e-3e9f8ee485f9,2024,44,1,0,0,0,0,0,0,1,1,0,0,0,0,0,0,0,1,0,0,0,0,0,0,1,0
5BF7798D-793D-487C-AA73-C55A23964805,2010,92,0,0,0,0,0,1,0,0,0,1,0,0,0,0,1,0,0,0,0,0,0,0,1,0,0
5C051617-5B99-4747-9908-0470682548EF,2013,81,0,0,0,0,1,0,0,0,0,1,0,0,1,0,0,0,0,0,0,0,0,0,0,1,0
5C11DD34-8E5A-449D-9B23-94D36184C8F3,2013,72,0,0,0,1,0,0,0,0,0,1,0,0,0,0,0,0,0,0,0,1,0,0,0,1,0
f3457340-ca32-11e7-a7a2-ef5723624be0,2017,51,0,0,0,0,0,1,0,0,1,0,0,0,0,1,0,0,0,0,0,0,0,0,0,1,0
5C21444F-9269-4F1D-9A9F-B238F80180D5,2014,52,0,0,0,0,0,1,0,0,0,1,0,0,0,1,0,0,0,0,0,0,0,0,0,1,0
5C2435DA-77B3-4B57-8222-AC67BC31463F,2011,52,0,0,0,0,0,0,0,1,0,0,0,1,0,0,0,0,0,0,0,1,0,1,0,0,0
e4d7cfc0-761c-11e7-9d88-ab89f89c69db,2016,00,0,1,0,0,0,0,0,0,1,0,0,0,0,0,0,0,0,0,1,0,1,0,0,0,0
6512BD43-D9CA-A6E0-2C99-0B0A82652DCA,2025,48,0,1,0,0,0,0,0,0,1,0,0,0,0,0,0,1,0,0,0,0,0,0,0,1,0
B108822E-CB38-4C15-A6A7-C56B031C76A2,2023,61,1,1,0,0,0,0,0,0,1,0,0,0,0,0,0,0,1,0,0,0,0,0,0,1,1
A0E69DB4-6B39-4FE2-86F0-3704984E2F55,2016,52,0,0,0,0,0,1,0,0,0,1,1,0,0,1,0,0,0,0,0,0,0,0,0,1,0
82EEA48A-AEE3-42DA-9611-5CF02E07F849,2023,61,1,1,0,0,0,0,0,0,1,0,0,0,0,0,0,0,1,0,0,0,0,0,0,1,1
5C33DBEE-838F-4C84-B7DF-2DB2BB5EB8E9,2013,42,0,1,0,0,0,0,0,0,1,0,0,0,0,0,0,1,0,0,0,0,0,0,0,1,0
2fcc18c0-ddfd-11e9-92e6-b7a271e742aa,2019,92,0,0,0,1,0,0,0,0,1,0,0,0,0,0,1,0,0,0,0,0,0,0,0,1,0
5C3A08BE-EF75-4011-8150-B0B02C2ED9BA,2014,51,0,1,0,0,0,0,0,0,1,0,0,0,0,0,0,0,0,0,0,1,0,1,0,0,0
2852E9A7-BE32-49A5-89D6-7E281ACBBBCC,2016,51,1,1,0,0,0,0,0,0,1,0,0,0,0,0,0,0,1,0,0,0,0,1,0,0,0
5C4F55DB-3C03-4B1A-B98D-14D35061E97B,2007,62,0,0,0,0,0,1,0,0,0,1,0,0,0,1,0,0,0,0,0,0,0,0,0,1,0
5C51642C-1D09-4C8D-863B-11171D35D0DC,2014,52,0,0,0,1,0,0,0,0,1,0,0,0,0,0,0,0,0,0,0,1,0,0,0,1,0
5C5D8C14-9751-4EA9-90F6-2F89A71A4B73,2010,62,0,0,0,1,0,0,0,0,1,0,0,0,0,0,1,0,0,0,0,0,0,1,0,0,0
5C5F2DEC-02EC-4D99-BCB2-1F5651C31A89,2012,61,0,1,0,0,0,0,0,0,1,0,0,0,0,0,0,0,0,0,0,1,0,1,0,0,0
5C61E8BA-E015-467C-91EC-0E3DA06E4ABE,2012,09,0,0,0,1,0,0,0,0,1,0,0,0,0,0,1,0,0,0,0,0,0,1,0,0,0
5C6CA34E-57FF-4BEA-95E8-52A9B95A590C,2010,92,0,0,0,0,0,1,0,0,0,1,0,0,0,0,1,0,0,0,0,0,0,0,0,1,0
67dd0700-79a4-11ee-bc37-a72cd56f0af8,2023,00,0,1,0,0,0,1,0,0,1,1,0,0,0,1,0,0,0,0,0,0,0,0,0,1,1
7161d530-d90b-11f0-82e6-074fe481ef29,2024,00,0,0,0,0,0,1,0,0,0,1,0,0,0,1,0,0,0,0,0,0,0,0,0,1,0
5C73080F-6AE6-4B24-A2A1-6FB59E49A066,2012,62,0,0,0,0,1,0,0,0,0,1,0,0,1,0,0,0,0,0,0,0,0,0,0,1,0
ef6f8c20-c274-11e8-bf07-99bafabab839,2018,00,0,0,0,0,0,1,0,0,0,1,0,0,0,1,0,0,0,0,0,0,0,0,0,1,0
5C9F305E-6BD1-45D5-8B98-5D49B4BDB164,2013,92,0,0,0,0,1,0,0,0,0,1,0,0,1,0,0,0,0,0,0,0,0,0,0,1,0
5CA35432-61AB-4FDB-8ECD-84297C231C2C,2015,62,0,0,1,0,1,0,0,0,1,1,0,0,1,0,0,0,0,0,0,0,0,0,0,1,0
BD4AA216-12FA-4E45-9576-55591B968D5F,2023,61,1,1,0,0,0,0,0,0,1,0,0,0,0,0,0,0,1,0,0,0,0,0,0,1,1
5CA4C9BB-6731-4BAE-B0D6-DCEC6EBD00CC,2012,00,0,1,0,0,0,0,0,0,1,0,0,0,0,0,0,1,0,0,0,0,0,0,0,1,0
5CA8D5A4-D9D6-4D67-8A0E-06B66CA317ED,2014,92,0,0,0,0,0,1,0,0,0,1,0,0,0,1,0,0,0,0,0,0,0,0,0,1,0
5CAB8519-1C4F-4D42-B7A0-1E004D3744D7,2013,92,0,0,0,0,1,0,0,0,0,1,0,0,1,0,0,0,0,0,0,0,0,0,0,1,0
5CAF2AA3-3FEF-4950-9388-54BDB6F1E5A6,2012,61,0,0,0,0,1,0,0,0,0,1,0,0,1,0,0,0,0,0,0,0,0,0,0,1,0
58533E3A-FE19-43F1-B20F-78B190D5EF47,2023,61,1,1,0,0,0,0,0,0,1,0,0,0,0,0,0,0,1,0,0,0,0,0,0,1,1
D0BFD11D-AE29-47B0-AC17-B81230EFC055,2023,61,1,1,0,0,0,0,0,0,1,0,0,0,0,0,0,0,1,0,0,0,0,0,0,1,1
193acb60-997f-11e8-b882-6b7d0605ee5d,2018,92,0,1,0,0,0,0,0,0,0,1,0,0,0,0,0,1,1,0,0,0,1,0,0,0,0
5CEC2C43-45A3-4ED0-A940-F5E3A459352B,2011,62,0,1,0,0,0,0,0,0,1,0,0,0,0,0,0,0,0,0,0,1,0,0,0,1,0
f62baab0-0b56-11e8-985b-1119ad21cbad,2017,00,0,0,0,0,0,1,0,0,0,1,0,0,0,1,0,0,0,0,0,0,0,0,0,1,0
5CF0BE4C-0030-491C-A26A-C4DFEFCC9693,2014,52,0,0,0,0,0,1,0,0,0,1,0,0,0,0,1,0,0,0,0,0,0,1,0,0,0
b3d19430-d8ce-11e9-ad21-67a23ae027d2,2019,61,0,0,0,1,0,0,0,0,1,0,0,0,0,0,1,0,0,0,0,0,0,1,0,0,0
5CF4C633-1914-4907-B0C9-59ECCDD64BBA,2014,62,0,0,0,1,0,0,0,0,1,0,0,0,0,0,1,0,0,0,0,0,0,1,0,0,0
5CF8C51E-1190-469B-A992-BE1664A2948B,2002,62,0,0,0,0,1,0,0,0,0,1,0,0,1,0,0,0,0,0,0,0,0,0,0,1,0
5CFD3DE1-A01A-45B7-AC79-862F9D8B436D,2015,62,0,0,0,0,1,0,0,0,0,1,0,0,1,0,0,0,0,0,0,0,0,0,0,1,0
5D0436CA-F4FA-4406-A868-190A4075C006,2011,62,0,0,0,1,0,0,0,0,1,0,0,0,0,0,1,0,0,0,0,0,0,1,0,0,0
5D06A24B-DAB5-4239-8288-6B9E8F0547B5,2014,54,0,0,0,0,0,0,0,1,1,0,0,0,0,0,0,0,0,0,0,1,1,0,0,0,0
4F7DBD42-3425-4175-813F-2A5CFAEE970A,2016,45,0,1,1,0,0,0,0,0,1,0,0,0,0,0,0,0,0,1,0,0,0,0,0,1,0
5D0C474D-07A7-4C13-917E-C1768FF5F9E6,2011,62,0,0,0,1,0,0,0,0,1,0,0,0,0,0,1,0,0,0,0,0,0,1,0,0,0
bfeae920-1197-11ec-a044-77090c8577a4,2018,00,0,0,1,0,0,0,0,0,1,0,0,0,0,0,0,0,0,1,0,0,1,0,0,0,0
5D5271AD-A39C-4B0C-A2E4-1A20FD9E7198,2012,00,0,0,0,1,0,0,0,0,1,0,0,0,0,0,1,0,0,0,0,0,0,0,0,1,0
f47b5580-04b4-11eb-8c43-8ded27596b66,2020,61,0,1,0,0,0,0,0,0,1,0,0,0,0,0,0,0,1,0,0,0,0,0,0,1,0
5D5AF22F-00A1-4591-973C-543CD8066178,2007,00,0,0,1,0,1,0,0,0,1,1,0,0,1,0,0,0,0,0,0,0,0,0,0,1,0
5D5BC7F7-FF13-423C-825A-5786741039BF,2012,52,0,0,0,0,1,0,0,0,0,0,1,0,1,0,0,0,0,0,0,0,0,0,0,1,0
5D5E290B-4202-4EB4-A0EF-2919E0A38DEC,2012,92,0,0,0,0,0,1,0,0,0,1,0,0,0,1,0,0,0,0,0,0,0,0,0,1,0
5D643740-0538-409F-8570-104CAD5BA5D5,2014,62,0,1,0,0,0,0,0,0,1,0,0,0,0,0,0,0,0,0,0,1,0,0,0,1,0
5D776443-6054-451D-80ED-8B7577938EF9,2014,62,0,0,0,1,0,0,0,0,1,0,0,0,0,0,1,0,0,0,0,0,0,1,0,0,0
ffe1f970-72c7-11eb-a674-05cfd55ad89e,2020,61,0,1,0,0,0,0,0,0,1,0,0,0,0,0,0,0,1,0,0,0,0,0,0,1,0
5D7CB445-4174-4C34-A09A-0D9BFFA99AB6,2011,51,1,1,0,0,0,0,0,0,1,0,0,0,0,0,0,0,1,0,0,0,0,0,0,1,0
5D820A86-5110-4240-A391-218247E89DDB,2012,62,0,0,0,0,0,1,0,0,0,1,0,0,0,1,0,0,0,0,0,0,0,1,0,0,0
5D858868-FEFF-4AB7-94E2-DCD9C5EFAFD4,2013,62,0,0,0,1,0,0,0,0,1,0,0,0,0,0,1,0,0,0,0,0,0,1,0,0,0
5D89EFB3-49BF-4D67-8057-48139F5B4216,2013,44,0,0,0,1,0,0,0,0,1,0,0,0,0,0,0,0,0,0,0,1,0,0,0,1,0
E3135038-657B-4B51-860F-12510498A811,2015,51,0,1,0,0,0,0,0,0,1,0,0,0,0,0,0,0,0,0,1,0,1,0,0,0,0
5DAB2EBF-F831-4AE4-992F-D64D8C54ADB7,2013,61,0,0,1,0,0,0,0,0,1,0,0,0,0,0,0,0,0,1,0,0,0,1,0,0,0
5DAC5BD0-09FD-4ED9-9E09-908E4A6B43B8,2011,51,0,1,0,0,0,0,0,0,1,0,0,0,0,0,0,0,0,0,0,1,0,0,0,1,0
5DB1CE74-5996-47B1-9B19-BA02130F68B0,2010,92,0,0,0,0,0,1,0,0,0,1,0,0,0,1,0,0,0,0,0,0,0,0,1,0,0
5DB32A25-E8DE-4DE3-8307-46B0E2FCDAAB,2014,00,0,0,0,1,0,0,0,0,1,0,0,0,0,0,1,0,0,0,0,0,0,1,0,0,0
5DB3BFD5-CDA6-40C0-8F9A-99592EF6E8C9,2012,00,1,1,1,0,0,0,0,0,1,0,0,0,0,0,0,0,0,1,0,0,0,0,0,1,0
5DC7F44C-B350-4578-8948-86974D1C5028,2014,51,0,0,0,0,0,0,0,1,1,0,0,0,0,0,0,1,0,0,0,0,1,0,0,0,0
5DCF9A54-B8A1-482C-A524-87AD1F52E3E2,2008,92,0,0,0,0,1,0,0,0,0,0,1,0,1,0,0,0,0,0,0,0,0,0,0,1,0
C20AD4D7-6FE9-7759-AA27-A0C99BFF6710,2025,61,0,1,0,0,0,0,0,0,1,0,0,0,0,0,0,1,0,0,0,0,0,0,0,1,0
5DD52A14-23DB-4BAE-80EE-A537AF3A5233,2013,51,0,0,0,1,0,0,0,0,1,0,0,0,0,0,1,0,0,0,0,0,0,0,0,1,0
5DD712EE-C7EF-4AE4-9143-C392D291833E,2010,61,0,0,0,1,0,0,0,0,1,0,0,0,0,0,1,0,0,0,0,0,0,1,0,0,0
5DDEE8C0-CB93-4CAA-9A85-2844076B1E9B,2013,00,1,1,1,0,0,0,0,0,1,0,0,0,0,0,0,0,0,1,0,0,0,0,0,1,0
5DEAD589-FE8D-41D1-A262-9519FDF72087,2014,61,0,0,0,0,0,1,0,0,0,1,0,0,0,1,1,0,0,0,0,0,0,1,0,0,0
db604b87-0add-4ce1-a650-95a0e112bc5c,2023,31,1,0,0,0,0,0,0,1,1,0,0,0,0,0,0,0,1,0,0,0,0,0,0,1,0
5DFB257E-75C9-4C54-8254-5616B882A1C0,2014,56,0,0,0,0,1,0,0,0,0,1,0,0,1,0,0,0,0,0,0,0,1,0,0,0,0
FF9E09B7-530D-44A7-87F3-EECE3F1A2E84,2023,52,1,1,0,0,0,0,0,0,1,0,0,0,0,0,0,0,1,0,0,0,0,0,0,1,1
5E0559E4-A74F-4ED4-8FF0-C2A57FE2E082,2015,53,0,0,0,0,0,1,0,0,1,0,0,0,0,1,0,0,0,0,0,0,0,0,0,1,0
CE27A740-BA14-4A0C-8B58-0C90B4A9DE57,2016,00,0,0,0,0,1,0,0,0,0,1,0,0,1,0,0,0,0,0,0,0,0,0,0,1,0
5E07BE95-734A-423C-8453-11D902DB0349,2010,92,0,0,0,0,0,1,0,0,0,1,0,0,0,1,0,0,0,0,0,0,0,0,1,0,0
3c2b6f70-72c7-11eb-a674-05cfd55ad89e,2020,09,0,0,0,0,0,1,0,0,0,1,0,0,0,1,0,0,0,0,0,0,0,0,0,1,0
1eafd320-df70-11e7-98c9-5b20d709bc39,2017,62,0,1,0,0,0,0,0,0,1,0,0,0,0,0,0,1,0,0,0,0,0,1,0,0,0
36f0bcc0-1e35-11ed-a957-9f20ba7b4dd5,2022,00,1,1,0,0,0,0,0,0,1,0,0,0,0,0,0,0,1,0,0,0,0,1,0,0,0
86E92590-DB08-4BFE-A911-3E5D5D9F4AB1,2023,61,1,1,0,0,0,0,0,0,1,0,0,0,0,0,0,0,1,0,0,0,0,0,0,1,1
5E22C279-BB2C-422B-82F1-7B8D8EB6961D,2013,62,0,0,0,0,0,1,0,0,0,1,0,0,0,1,0,0,0,0,0,0,0,0,0,1,0
5E2ABF42-0795-4592-908F-A496F31B6916,2013,81,0,0,0,1,0,0,0,0,1,0,0,0,0,0,1,0,0,0,0,0,0,0,0,1,0
5E3165C4-1FC9-4F82-9F8A-081A41183F89,2014,62,1,0,1,0,0,0,0,0,1,0,0,0,0,0,0,0,0,1,0,0,0,0,0,1,0
5E34A10C-5D45-427B-97CC-284A9E828CDF,2013,00,0,0,0,0,0,0,0,1,0,0,0,1,0,0,0,0,0,0,0,1,0,1,0,0,0
83bdb720-eab8-11e7-92b6-dfe49f9d7042,2016,92,0,0,0,0,1,0,0,0,0,1,0,0,1,0,0,0,0,0,0,0,0,0,0,1,0
8875E99E-3F61-494D-B71C-233D8ECCE725,2016,62,0,0,0,0,0,1,0,0,0,1,1,0,0,1,0,0,0,0,0,0,0,0,0,1,0
5E3FE25D-D9AC-450C-8D7C-A5EECF7E88FA,2012,00,0,1,0,0,0,0,0,0,1,0,0,0,0,0,0,1,0,0,0,0,0,0,0,1,0
cdd11390-2095-11ec-82c4-4d3486f21395,2021,51,0,1,0,0,0,0,0,0,1,0,0,0,0,0,0,1,0,0,1,0,1,0,0,0,0
3c3e03f0-e44e-11e9-ae80-e5ad9aac92e3,2017,72,0,0,0,0,0,1,0,0,0,1,0,0,0,1,0,0,0,0,0,0,0,0,0,1,0
8EE349BD-C5B1-470E-9D0A-7A73BC4AFBE0,2016,62,0,0,0,1,0,0,0,0,1,0,0,0,0,0,1,0,0,0,0,0,0,0,0,1,0
9314DF98-DCDA-490F-A915-66F23BD47024,2015,61,0,0,0,1,0,0,0,0,1,0,0,0,0,0,1,0,0,0,0,0,0,1,0,0,0
FEE23AEC-0181-49DF-A694-B8A839C00011,2016,62,0,0,0,0,0,1,0,0,0,1,0,0,0,1,0,0,0,0,0,0,0,0,0,1,0
DD2EFB35-664B-4298-9C73-AF5EB9851118,2016,81,0,1,0,0,0,0,0,0,1,0,0,0,0,0,0,1,0,0,0,0,0,0,0,1,0
D376AC9C-D89C-40A6-A0B1-F53B672E630F,2023,61,1,1,0,0,0,0,0,0,1,0,0,0,0,0,0,0,1,0,0,0,0,0,0,1,1
5E6E0241-A4BD-49F5-996B-204A3D761BD6,2012,62,0,0,0,0,0,1,0,0,0,1,0,0,0,1,0,0,0,0,0,0,0,0,0,1,0
94b701d0-aa2a-11e8-b2b4-5de6d270e153,2018,52,0,0,0,1,0,0,0,0,1,0,0,0,0,0,0,0,0,0,0,1,0,0,0,1,0
b6cfc590-72e1-11eb-a674-05cfd55ad89e,2020,54,0,0,0,0,0,1,0,0,0,1,0,0,0,1,0,0,0,0,0,0,0,0,0,1,0
45C48CCE-2E2D-7FBD-EA1A-FC51C7C6AD26,2025,52,0,1,0,0,0,0,0,0,1,0,0,0,0,0,0,0,0,0,0,1,0,0,0,1,0
27c67ed0-72d5-11e7-ace1-3bcdf5dc8d5d,2017,52,0,0,0,0,0,1,0,0,0,1,0,0,0,1,0,0,0,0,0,0,0,0,0,1,0
44a33c60-d8cb-11e9-80ba-0957c6f5f6bb,2019,61,0,0,0,1,0,0,0,0,1,0,0,0,0,0,1,0,0,0,0,0,0,1,0,0,0
5E814071-C010-4522-B765-EE94FA74FDA6,2012,00,0,0,0,0,0,0,0,1,0,0,0,1,0,0,0,0,0,0,0,1,0,0,0,1,0
5743AD83-DF27-4340-A4DE-54539F061D9B,2023,61,1,1,0,0,0,0,0,0,1,0,0,0,0,0,0,0,1,0,0,0,0,0,0,1,1
5E8970A5-C141-4639-87A0-D8DCB29DF2CB,2013,48,0,0,0,0,1,0,0,0,1,0,0,0,1,0,0,0,0,0,0,0,1,0,0,0,0
5E95B763-86A2-4442-99DB-E09D094BAC16,2014,62,0,0,0,1,0,0,0,0,0,0,0,1,0,0,1,0,0,0,0,0,0,1,0,0,0
c5d54650-9b39-11e8-8c28-77aa5b8d940e,2017,48,1,1,0,0,0,0,0,0,1,0,0,0,0,0,0,0,1,0,0,0,0,0,0,1,0
5EAF8FE8-88A3-4B1D-A47B-98D972E456F9,2010,92,0,0,0,0,1,0,0,0,0,1,0,0,1,0,0,0,0,0,0,0,0,0,0,1,0
d8a84370-da34-11e7-a58f-dff506a792fb,2016,62,0,0,0,0,0,1,0,0,0,0,1,0,0,1,0,0,0,0,0,0,0,0,0,1,0
5EC21DA3-C761-4628-99CD-5C63793B6ABE,2009,61,0,0,0,0,0,1,0,0,0,1,0,0,0,1,0,0,0,0,0,0,0,0,0,1,0
5ED3973D-1F1F-43A5-9D42-C22A38E0A65F,2012,54,1,1,0,0,0,0,0,0,1,0,0,0,0,0,0,1,1,0,0,0,0,0,0,1,0
AEBD9411-ABA0-45B0-A993-39F3F8B01F53,2015,62,0,0,0,0,1,0,0,0,0,1,0,0,1,0,0,0,0,0,0,0,0,0,0,1,0
5EDD4CBA-56E2-4818-BFEA-3DB28334A278,2013,52,0,0,0,1,0,0,0,0,1,0,0,0,0,0,0,0,0,0,0,1,0,0,0,1,0
64772ec0-d2eb-11e8-9b3a-b50b161886e9,2018,62,0,0,0,0,1,0,0,0,0,1,0,0,1,0,0,0,0,0,0,0,0,0,0,1,0
5EF1F442-413F-45C2-8E2D-B910A3641D34,2011,92,0,0,0,0,0,1,0,0,0,1,0,0,0,1,0,0,0,0,0,0,0,0,0,1,0
5EFA49A8-C7EE-4921-A022-3180246A09A8,2014,00,0,0,1,0,1,0,0,0,1,1,0,0,1,0,0,0,0,1,0,0,0,0,0,1,0
5EFD9617-786F-4849-A66B-96DB61E0188A,2012,92,0,0,0,0,0,1,0,0,0,1,0,0,0,1,0,0,0,0,0,0,0,0,0,1,0
5ae39280-1d0f-11ea-93dd-ad92e007263c,2019,61,0,0,1,0,0,0,0,0,1,0,0,0,0,0,0,0,0,1,0,0,0,0,0,1,0
8F324476-3869-4461-865B-2C1F9EC8C299,2015,62,0,1,0,0,0,0,0,0,1,0,0,0,0,0,0,1,0,0,0,0,0,0,0,1,0
f6094a50-35ff-11ed-9153-3540a8e4c67f,2022,44,0,0,0,1,0,0,0,0,1,0,0,0,0,0,0,0,0,0,0,1,0,0,0,1,0
2480a2e0-e659-11eb-b667-c585fe0ca11b,2021,53,1,0,0,0,0,0,0,0,1,0,0,0,0,0,0,0,1,0,0,0,0,0,0,1,0
5F23E0A0-296A-48E9-8719-1E3C233C60B3,2011,61,0,0,0,0,0,1,0,0,0,1,0,0,0,1,0,0,0,0,0,0,0,0,0,1,0
5F2BB805-EBEB-469A-8DDF-F0DD08F4FBF5,2012,61,0,0,0,0,0,1,0,0,0,1,0,0,0,1,0,0,0,0,0,0,0,1,0,0,0
5F2F7FB0-7798-4AF8-A105-C78300D3F6AE,2012,92,0,1,0,0,0,0,0,0,1,0,0,0,0,0,0,0,0,0,0,1,0,0,0,1,0
a06e67d0-351b-11e9-86d0-2ffc8e66db8e,2018,44,0,1,0,0,0,0,0,0,1,0,0,0,0,0,0,1,0,0,0,0,0,0,0,1,0
64ef4f70-dfe3-11ef-8e7d-5bcd93832819,2024,92,0,1,0,0,0,0,0,0,1,0,0,0,0,0,0,0,1,0,0,0,0,0,0,1,0
1b0d7140-af5b-11e7-b9c1-d3b3b0fdcbd2,2017,52,0,0,0,1,0,0,0,0,1,0,0,0,0,0,0,0,0,0,0,1,0,0,0,1,0
5F415256-EB02-40C7-BDBF-BF2409E56671,2013,32,0,0,0,0,1,0,0,0,0,1,0,0,1,0,0,0,0,0,0,0,0,0,0,1,0
BD298B02-6B30-4817-AA81-6C20B4841D87,2023,61,1,1,0,0,0,0,0,0,1,0,0,0,0,0,0,0,1,0,0,0,0,0,0,1,1
5F53468A-A827-49EE-8429-5851DA7AD0F4,2013,00,0,1,0,0,0,0,0,0,1,0,0,0,0,0,0,1,0,0,0,0,1,0,0,0,0
5F56B0F3-DB31-45FD-B495-1FBFCFEFACAA,2013,00,0,1,0,0,0,0,0,0,1,0,0,0,0,0,0,0,0,0,0,1,0,1,0,0,0
5F5FBD41-76A0-4A4A-8B86-8D864582803F,2011,54,0,0,0,1,0,0,0,0,1,0,0,0,0,0,1,0,0,0,0,0,0,1,0,0,0
5F6148EB-D935-478C-9873-5CAE18AC7E81,2012,92,1,1,1,0,0,0,0,0,1,0,0,0,0,0,0,0,0,1,0,0,0,0,0,1,0
42f48e40-457f-11ed-a8d9-e567d58abfd4,2021,54,1,1,0,0,0,0,0,1,1,0,0,0,0,0,0,0,1,0,0,0,0,0,0,1,0
B44F3BEA-CE3B-4EBA-A88D-1BA7B87B1BF2,2016,62,0,1,0,0,0,1,0,0,1,0,1,0,0,0,0,0,0,0,0,1,0,0,0,1,0
5F6CDFE1-2A28-471E-BA81-82ED0A047C9F,2012,00,0,0,0,1,0,0,0,0,1,0,0,0,0,0,1,0,0,0,0,0,0,1,0,0,0
5F754B9D-D5ED-4903-85CA-411F499D7B92,2005,09,0,0,0,0,1,0,0,0,0,1,0,0,1,0,0,0,0,0,0,0,0,0,0,1,0
40377130-6844-4836-979D-7DEAF377D1E5,2023,61,1,1,0,0,0,0,0,0,1,0,0,0,0,0,0,0,1,0,0,0,0,0,0,1,1
5F845C9C-94EB-4E3F-ACA9-2CD808C1BE54,2012,62,0,0,0,0,0,1,0,0,0,1,0,0,0,1,0,0,0,0,0,0,0,0,0,1,0
85D28315-5AFB-45AF-8624-EFC0526653E1,2015,62,0,0,0,1,0,0,0,0,1,0,0,0,0,0,1,0,0,0,0,0,0,1,0,0,0
5FB8F81A-B07E-46ED-9AF7-6F453C06E707,2010,71,0,1,0,0,0,0,0,0,1,0,0,0,0,0,0,0,0,0,0,1,0,0,0,1,0
511fbaf0-e475-11e7-977c-0b3846f56840,2015,06,0,0,0,0,1,0,0,0,0,1,0,0,1,0,0,0,0,0,0,0,0,0,0,1,0
57156B5B-9BB6-450C-A8E9-849AC20517AE,2023,61,1,1,0,0,0,0,0,0,1,0,0,0,0,0,0,0,1,0,0,0,0,0,0,1,1
5FDEAD1E-927C-4606-A4CD-E185F225FDC3,2012,32,0,0,0,0,1,0,0,0,1,0,0,0,1,0,0,0,0,0,0,0,0,0,0,1,0
5FE37BAC-5036-416D-A448-778C5618333A,2013,62,0,0,0,0,0,1,0,0,0,1,0,0,0,1,0,0,0,0,0,0,0,0,0,1,0
b1d13ff0-a4e8-11ea-a769-1f53f53c0c37,2020,09,0,0,0,0,0,1,0,0,0,1,0,0,0,1,0,0,0,0,0,0,0,0,0,1,0
142FD4D4-C9EB-4A63-A63A-B9F936B51D38,2023,61,1,1,0,0,0,0,0,0,1,0,0,0,0,0,0,0,1,0,0,0,0,0,0,1,1
5ec09cb0-b3b3-11e9-8244-abb132467e1d,2019,62,0,1,1,0,0,0,0,0,1,0,0,0,0,0,0,0,0,1,0,0,0,0,0,1,0
2bc671a0-6c92-11e7-8419-7d473c8dcba3,2015,92,0,1,0,0,0,0,0,0,1,0,0,0,0,0,0,1,1,0,0,0,1,0,0,0,0
6016869B-CDEA-4662-BE20-A0AFC5267A54,2010,92,0,0,0,0,0,1,0,0,0,1,0,0,0,1,0,0,0,0,0,0,0,0,1,0,0
601DB840-1A29-42DB-91AC-89BC6BD2D567,2010,92,0,0,0,0,0,1,0,0,0,1,0,0,0,1,0,0,0,0,0,0,0,1,0,0,0
013EB45A-58BF-4B03-B4C0-992BB5C18E57,2015,44,0,0,0,1,0,0,0,0,1,0,0,0,0,0,0,0,0,0,0,1,0,0,0,1,0
6FB84119-D26D-45F8-B949-E2A065CA381C,2023,61,1,1,0,0,0,0,0,0,1,0,0,0,0,0,0,0,1,0,0,0,0,0,0,1,1
C35C66B9-4785-468E-A1F1-F3FE65586628,2015,92,0,0,0,0,0,1,0,0,0,1,0,0,0,1,0,0,0,0,0,0,0,0,0,1,0
2b219d40-2393-11eb-a2fc-cdee479fbead,2020,53,0,0,0,0,0,0,0,1,1,0,0,0,0,0,0,0,0,0,0,1,0,0,0,1,0
602AFBE0-3364-4903-9101-4580188C5E01,2014,62,0,0,0,0,1,0,0,0,0,1,0,0,1,0,0,0,0,0,0,0,0,0,0,1,0
C2275DDB-2D01-4564-8170-1C5068574BAC,2023,61,1,1,0,0,0,0,0,0,1,0,0,0,0,0,0,0,1,0,0,0,0,0,0,1,1
5806e090-1423-11ed-8e9a-8d190bbfd024,2022,52,0,0,0,0,0,1,0,0,0,1,0,0,0,1,0,0,0,0,0,0,0,0,0,1,0
AA3E23DF-D79A-4834-9A2F-6B4B6BF3997A,2023,61,1,1,0,0,0,0,0,0,1,0,0,0,0,0,0,0,1,0,0,0,0,0,0,1,1
604A27A9-A409-4808-A1FD-59BB96F47FFC,2014,00,0,1,0,0,0,0,0,0,1,0,0,0,0,0,0,1,0,0,0,0,1,0,0,0,0
604B416A-6EC4-4FC6-9914-9D4538021CB1,2014,52,0,0,0,0,0,1,0,0,0,0,1,0,0,1,0,0,0,0,0,0,0,0,0,1,0
E58C212F-DA46-4BF8-9EAE-06B0FB1EE158,2016,62,1,0,0,0,0,0,0,0,1,0,0,0,0,0,0,0,1,0,0,0,0,1,0,0,0
ACC107A6-5AD6-4D60-8B2C-A3EF1A9BFE3A,2023,61,1,1,0,0,0,0,0,0,1,0,0,0,0,0,0,0,1,0,0,0,0,0,0,1,1
60592A66-4BA9-407D-B2CD-81CDF2DD438C,2011,92,0,0,0,0,1,0,0,0,0,1,0,0,1,0,0,0,0,0,0,0,0,0,0,1,0
e6d47f60-2b52-11ea-9dc8-9fe5cd17ac1d,2019,54,1,1,0,0,0,0,0,0,1,0,0,0,0,0,0,0,1,0,0,0,1,0,0,0,0
0660dc30-b119-11e8-ac9c-a56a5b5fabb0,2014,62,0,0,0,0,1,0,0,0,0,1,0,0,1,0,0,0,0,0,0,0,0,0,0,1,0
69c6e940-a954-11e7-bb38-a97a354bfe15,2017,62,0,1,1,0,0,0,0,0,1,0,0,0,0,0,0,1,1,1,0,0,0,0,0,1,0
9A0DBAAB-7202-4870-A147-5C12855A9B9D,2023,04,1,1,0,0,0,0,0,0,1,0,0,0,0,0,0,0,1,0,0,0,0,0,0,1,1
6070E93E-51D2-4887-8F3E-EB7FD1C3A6C6,2012,92,1,1,1,0,0,0,0,0,1,0,0,0,0,0,0,0,0,1,0,0,0,0,0,1,0
d51c7080-1d1d-11eb-866e-51f25f42af12,2020,62,1,0,0,0,0,0,0,0,1,0,0,0,0,0,0,0,1,0,0,0,0,1,0,0,0
A0206F95-421D-44E2-AECF-8F11869730AC,2009,62,0,0,0,1,0,0,0,0,1,0,0,0,0,0,1,0,0,0,0,0,0,0,0,1,0
c45e53a0-8c18-11e8-bfaf-f7b4555dc539,2018,48,0,0,0,0,0,1,0,1,0,0,1,0,0,1,0,0,0,0,0,0,0,0,0,1,0
6082D873-B6AB-40A9-842C-E330E500A9C4,2005,33,0,0,0,0,1,0,0,0,0,1,0,0,1,0,0,0,0,0,0,0,0,0,0,1,0
608E0D20-4F08-47AF-ADD5-0E05BDBD6176,2012,00,1,1,1,0,0,0,0,0,1,0,0,0,0,0,0,0,0,1,0,0,0,0,0,1,0
608F63BE-D2C5-4253-ADED-11C7C48438DD,2015,62,0,0,0,1,0,0,0,0,1,0,0,0,0,0,1,0,0,0,0,0,0,1,0,0,0
60939153-8772-48E9-A515-0863873FABF5,2012,00,0,0,0,0,1,0,0,0,0,1,0,0,1,0,0,0,0,0,0,0,0,0,0,1,0
60A3400A-11BB-42FE-BBCA-0B8FB3B4A707,2004,81,0,0,0,0,1,0,0,0,0,1,0,0,1,0,0,0,0,0,0,0,0,0,0,1,0
002d1420-d90a-11f0-82e6-074fe481ef29,2024,00,0,1,0,0,0,0,0,0,1,0,0,0,0,0,0,0,0,0,0,1,0,0,0,1,0
60A730F2-39C9-43FA-A5FB-630AB8CD18ED,2014,48,0,0,0,0,0,1,0,0,0,1,0,0,0,1,1,0,0,0,0,0,0,1,0,0,0
60C5AFD6-BC4D-41EB-9283-17A5DD533ACA,2010,92,0,0,0,0,0,1,0,0,0,1,0,0,0,0,1,0,0,0,0,0,0,0,1,0,0
60C7FF53-0B9F-478C-8C05-BD00A42AE832,2010,52,0,0,0,1,0,0,0,0,1,0,0,0,0,0,1,0,0,0,0,0,0,1,0,0,0
C72BC0DC-5B35-401D-AC27-ED326ED43C62,2023,61,1,1,0,0,0,0,0,0,1,0,0,0,0,0,0,0,1,0,0,0,0,0,0,1,1
60D3C546-28D3-45C9-9F03-939E7882731E,2013,54,0,0,0,0,1,0,0,0,0,1,0,0,1,0,0,0,0,0,0,0,0,0,0,1,0
4f392a20-a624-11e8-b17d-c5c01e287634,2018,62,0,0,0,0,0,1,0,0,0,1,0,0,0,1,0,0,0,0,0,0,0,0,0,1,0
60E66832-7DB6-45C1-903D-5E779A65995B,2012,62,0,1,0,0,0,0,0,0,1,0,0,0,0,0,0,0,1,0,0,0,0,0,0,1,0
60EA15BD-1807-40AD-98BA-7A2B6D7C22E5,2010,92,0,0,0,0,0,1,0,0,0,1,0,0,0,1,0,0,0,0,0,0,0,0,1,0,0
60EC6B21-02E7-4FF9-AC82-B320DECAF131,2013,09,0,1,0,0,0,0,0,0,1,0,0,0,0,0,0,1,0,0,0,0,1,0,0,0,0
2f46fa50-a781-11e7-ae18-bd2df8850f54,2017,44,0,0,0,1,0,0,0,0,1,0,0,0,0,0,0,0,0,0,0,1,0,0,0,1,0
60F46D3F-BA4F-462C-B258-4D85838D943F,2013,55,0,0,0,0,1,0,0,0,0,0,1,0,1,0,0,0,0,0,0,0,0,0,0,1,0
60F9E43E-7043-4FE9-89D6-7BAD51ED2DE8,2012,56,0,0,0,0,1,0,0,0,0,1,0,0,1,0,0,0,0,0,0,0,0,0,0,1,0
610227A8-54AC-4C45-A318-13863761671C,2012,51,0,0,0,0,1,0,0,0,0,1,0,0,1,0,0,0,0,0,0,0,0,0,0,1,0
6102699B-FF77-4844-A8F7-64E4318BA3A2,2014,00,0,0,0,0,1,0,0,0,0,1,0,0,1,0,0,0,0,0,0,0,0,0,0,1,0
6107956D-833B-4CED-9076-131790AE42D3,2008,92,0,0,0,0,0,1,0,0,0,1,0,0,0,0,1,0,0,0,0,0,0,1,0,0,0
61087A58-5CB0-40E7-A89A-86F95350A651,2011,62,0,0,0,0,1,0,0,0,0,1,0,0,1,0,0,0,0,0,0,0,0,1,0,0,0
610C7B85-6AB0-4278-88B4-234C3AB9F2EC,2012,52,0,0,0,1,0,0,0,0,1,0,0,0,0,0,0,0,0,0,0,1,0,0,0,1,0
610EAC63-00BA-45AB-A9DA-9EEF93086A8B,2014,62,0,0,0,0,0,1,0,0,0,1,0,0,0,1,0,0,0,0,0,0,0,0,0,1,0
7431597F-A2DB-462E-8A01-A27F8D5DD3A5,2014,44,1,1,0,0,0,0,0,0,1,0,0,0,0,0,0,0,1,0,0,0,0,1,0,0,0
61325611-F90F-4B16-92BB-C6F3A8705846,2013,61,0,1,0,0,0,0,0,0,1,0,0,0,0,0,0,0,0,0,0,1,0,0,0,1,0
614A97FB-B1D5-4CDD-8713-7006874E379B,2013,00,0,0,0,1,0,0,0,0,1,0,0,0,0,0,1,0,0,0,0,0,0,0,0,1,0
614C6EC6-A57E-4B1D-9F3D-6096F72DFE6E,2010,92,0,0,0,0,0,1,0,0,0,1,0,0,0,1,0,0,0,0,0,0,0,0,1,0,0
d90a83e0-df67-11e7-98c9-5b20d709bc39,2017,62,0,0,0,0,1,0,0,0,1,0,0,0,1,0,0,0,0,0,0,0,0,1,0,0,0
6155DA32-DEC0-4E9B-97D3-85F6D7260FBA,2014,92,0,1,0,0,0,0,0,0,1,0,0,0,0,0,0,1,0,0,0,0,0,0,1,0,0
616C7BEB-4F4C-4673-8177-BAD8DC5A9658,2013,92,0,0,0,0,1,1,0,0,0,0,1,0,1,1,0,0,0,0,0,0,0,0,0,1,0
6170DADB-046C-4094-9DD4-7FB05E36C459,2014,52,0,0,0,1,0,0,0,0,1,0,0,0,0,0,1,0,0,0,0,0,0,1,0,0,0
6171024E-1F60-40C5-A9F2-C35A90302777,2011,00,1,0,0,0,0,0,0,0,1,0,0,0,0,0,0,0,1,0,0,0,0,0,0,1,0
61715C8E-E3CA-4705-A458-F37A5945AEFD,2013,42,0,0,0,1,0,0,0,0,1,0,0,0,0,0,1,0,0,0,0,0,0,1,0,0,0
617431E1-E6A5-41BD-8143-06A9BF368F8D,2011,92,0,0,0,0,1,0,0,0,0,1,0,0,1,0,0,0,0,0,0,0,0,0,0,1,0
2ddb2b30-1647-11ec-8258-83f74c3914c9,2021,45,0,0,0,0,0,1,0,0,0,1,0,0,0,1,0,0,0,0,0,0,0,0,0,1,0
61821260-8E5C-4A8C-B954-6BA83D1CDA69,2012,62,0,0,0,1,0,0,0,0,1,0,0,0,0,0,1,0,0,0,0,0,0,1,0,0,0
c6fde2a0-72d5-11eb-a674-05cfd55ad89e,2019,51,0,0,0,0,0,1,0,0,0,1,0,0,0,1,0,0,0,0,0,0,0,0,0,1,0
61859EDB-B3D3-4C7E-88A1-A83043C98B74,2010,92,0,0,0,0,0,1,0,0,0,1,0,0,0,1,0,0,0,0,0,0,0,0,1,0,0
D00DD7D0-73A4-4FDB-858C-BFC225564D36,2023,61,1,1,0,0,0,0,0,0,1,0,0,0,0,0,0,0,1,0,0,0,0,0,0,1,1
7E42A1AC-7E48-4D28-A91D-A70635ED5851,2023,61,1,1,0,0,0,0,0,0,1,0,0,0,0,0,0,0,1,0,0,0,0,0,0,1,1
619D0EDC-D415-479F-93F0-2FF9AB9B5F91,2014,62,0,0,0,0,1,0,0,0,0,1,0,0,1,0,0,0,0,0,0,0,0,0,0,1,0
2A85CC34-5181-499E-938E-C9191233F02A,2023,61,1,1,0,0,0,0,0,0,1,0,0,0,0,0,0,0,1,0,0,0,0,0,0,1,1
61B5EB1D-E684-4456-9E7C-43FD6C6BDD05,2013,62,0,0,0,1,0,0,0,0,1,0,0,0,0,0,1,0,0,0,0,0,0,1,0,0,0
61BCDB75-75F7-4B2D-9BEB-53E126E667DD,2014,51,0,1,0,0,0,1,0,0,1,0,0,0,0,0,0,0,0,0,1,0,1,0,0,0,0
61C210BD-511F-42FA-8429-2FD78BB5A83F,2014,62,0,0,0,1,0,0,0,0,1,0,0,0,0,0,1,0,0,0,0,0,0,1,0,0,0
61C58523-CD97-4AAB-BBB7-471012CA57F2,2010,92,0,0,0,0,0,1,0,0,0,1,0,0,0,0,1,0,0,0,0,0,0,0,0,1,0
d5e196a0-d584-11e7-af4f-6b5d4514198e,2016,00,0,0,0,0,1,0,0,0,0,1,0,0,1,0,0,0,0,0,0,0,0,1,0,0,0
61C6DBDF-A649-4636-8347-4F6759688CEF,2015,92,1,0,0,0,0,0,0,0,1,0,0,0,0,0,0,0,1,0,0,0,0,0,1,0,0
0056A54E-A29A-431E-94C5-E6448FA007D2,2023,61,1,1,0,0,0,0,0,0,1,0,0,0,0,0,0,0,1,0,0,0,0,0,0,1,1
094d6740-ac57-11e8-8036-a30436c88231,2017,00,0,0,0,1,0,0,0,0,1,0,0,0,0,0,0,0,0,0,0,1,0,1,0,0,0
61DF7FB8-E1E6-4566-9BD1-DF615CE8CCC1,2014,62,0,0,0,0,0,1,0,0,0,1,0,0,0,1,0,0,0,0,0,0,0,0,0,1,0
61E18813-E1B8-424E-BD4A-BA4D665A4A6F,2013,00,0,1,0,0,0,0,0,0,1,0,0,0,0,0,0,1,0,0,0,0,0,0,1,0,0
61E5C0CB-A86B-487B-8D9A-71FECAA34355,2012,62,0,0,0,0,0,1,0,0,0,0,1,0,0,1,0,0,0,0,0,0,0,1,0,0,0
16be08e0-81eb-11e7-ace7-c5c15a923e51,2017,61,0,1,0,0,0,0,0,0,1,0,0,0,0,0,0,1,0,0,0,0,0,0,0,1,0
8cfa85b0-d583-11e7-af4f-6b5d4514198e,2016,06,1,1,0,0,0,0,0,0,1,0,0,0,0,0,0,0,1,0,0,0,0,1,0,0,0
61F0CC85-8D49-444A-9133-F018311085A0,2012,62,0,0,0,1,0,0,0,0,1,0,0,0,0,0,1,0,0,0,0,0,0,0,0,1,0
61175D39-06FC-4B92-A11B-48AA3EDF4D58,2015,44,0,0,1,0,1,0,0,0,1,1,0,0,1,0,0,0,0,0,0,0,0,0,0,1,0
61FE43EF-F22E-4467-B5CD-3A8883FE6EDF,2013,49,0,0,0,0,0,1,0,0,0,1,0,0,0,1,0,0,0,0,0,0,0,0,0,1,0
61FED834-E733-4B6B-B840-AD5BA8112B05,2016,81,0,0,0,0,0,0,0,1,0,0,0,1,0,0,0,0,0,0,0,1,0,0,0,1,0
62010F81-F73A-4FE7-927F-A06BC848425E,2013,92,0,0,0,0,0,1,0,0,0,1,0,0,0,1,0,0,0,0,0,0,0,0,0,1,0
62049047-3B23-47F0-A876-826DA8ECF70D,2014,51,1,1,0,0,0,0,0,0,0,0,0,1,0,0,0,0,1,0,0,0,0,0,0,1,0
071afb80-0843-11e8-8ccf-e3865b9fabe5,2015,51,0,0,0,0,0,1,0,0,0,1,0,0,0,1,0,0,0,0,0,0,0,0,0,1,0
62095717-3E33-4540-B6F8-55CC6B2D8232,2004,44,0,1,0,0,0,0,0,0,1,0,0,0,0,0,0,0,1,0,0,0,0,0,0,1,0
6210CE5F-E777-44EA-BBFF-074141873FD7,2012,00,0,0,0,0,0,1,0,0,0,1,0,0,0,1,0,0,0,0,0,0,0,0,0,1,0
1ad68bc0-8ab2-11e8-aafc-8b374e4aa1f3,2017,00,0,0,0,0,1,0,0,0,0,1,0,0,1,0,0,0,0,0,0,0,0,0,0,1,0
62170885-6627-42E2-9EBF-574F8DC67680,2014,00,0,1,0,0,0,0,0,1,0,0,0,1,0,0,0,0,0,0,0,1,0,0,0,1,0
E40CFD4C-62D2-438F-A22B-2987083618C3,2016,62,0,0,0,0,0,1,0,0,0,1,1,0,0,1,0,0,0,0,0,0,1,0,0,0,0
4b526b10-748f-11eb-b6c3-130fdd35ca3d,2020,00,0,0,0,0,0,1,0,0,0,1,0,0,0,1,0,0,0,0,0,0,0,0,0,1,0
6219E3F2-EEFF-43D1-91E8-48B9C704D888,2013,00,1,1,1,0,0,0,0,0,1,0,0,0,0,0,0,0,0,1,0,0,0,0,0,1,0
621E03E8-6D61-4A06-B78B-0A3DF974AE43,2014,00,0,1,0,0,0,0,0,0,1,0,0,0,0,0,0,1,0,0,0,0,0,0,1,0,0
E6171AB4-884A-4D28-AB5B-BB9E10BEF1BC,2015,92,0,0,0,0,0,1,0,0,0,1,0,0,0,1,0,0,0,0,0,0,0,1,0,0,0
62247F2D-D7D3-4507-8896-5E5B1A18C82B,2009,62,0,1,0,0,0,0,0,0,1,0,0,0,0,0,0,1,0,0,0,0,0,0,0,1,0
62289799-7131-405B-A205-3156BB184126,2012,61,0,1,0,0,0,0,0,0,1,0,0,0,0,0,0,1,0,0,0,0,0,1,0,0,0
62293FE7-E0F4-4167-A49B-A22D3643B97B,2014,52,0,0,0,1,0,0,0,0,1,0,0,0,0,0,0,0,0,0,0,1,0,0,0,1,0
4A3DDA64-91D7-47A4-86A7-786AEFB5CA78,2023,61,1,1,0,0,0,0,0,0,1,0,0,0,0,0,0,0,1,0,0,0,0,0,0,1,1
6234B624-6251-442D-B387-0FBDBC76CF46,2012,52,0,1,0,0,0,0,0,0,1,0,0,0,0,0,0,0,0,0,0,1,0,0,0,1,0
96fc28b0-992d-11ee-8b73-1b1171019a98,2022,05,0,1,0,0,0,0,0,0,1,0,0,0,0,0,0,1,0,0,0,0,0,0,0,1,0
62436D3D-21C6-48E4-81B2-2847A9071120,2012,71,0,1,0,0,0,0,0,0,1,0,0,0,0,0,0,0,1,0,0,0,0,0,0,1,0
b63b53f0-7d5f-4764-95d8-8495246d54dd,2024,09,0,1,0,0,0,0,0,0,1,0,0,0,0,0,0,1,0,0,0,0,0,0,0,1,0
624BE66F-5041-4E5D-8910-5C13A2ED4E10,2013,52,0,0,0,0,0,1,0,0,0,1,0,0,0,1,0,0,0,0,0,0,0,0,0,1,0
62525E18-B3A1-40CE-AFB7-BF556616F349,2013,55,0,0,0,1,0,0,0,0,1,0,0,0,0,0,1,0,0,0,0,0,0,1,0,0,0
62549AAA-0D1E-4518-AAC4-E24B37A1DB73,2014,92,0,0,0,0,0,1,0,0,0,1,0,0,0,1,0,0,0,0,0,0,0,0,0,1,0
B1AE125E-EC8F-427E-92CB-9C03DEDA8078,2023,61,1,1,0,0,0,0,0,0,1,0,0,0,0,0,0,0,1,0,0,0,0,0,0,1,1
62591138-DAC8-4299-ADDF-A2CC574812FC,2011,06,0,0,0,1,0,0,0,0,1,0,0,0,0,0,1,0,0,0,0,0,0,1,0,0,0
becd6e20-eea8-11e7-b683-c1703914e4a4,2017,92,0,0,0,0,0,1,0,0,0,1,0,0,0,1,0,0,0,0,0,0,0,0,0,1,0
6262F7C4-05E7-4010-8FB6-081048890DA0,2010,61,0,1,0,0,0,0,0,0,1,0,0,0,0,0,0,0,0,0,0,1,0,0,0,1,0
65942fe0-aa0c-11e8-b272-396d7fe012b7,2018,52,0,0,0,1,0,0,0,0,1,0,0,0,0,0,0,0,0,0,0,1,0,0,0,1,0
3F9E0EAE-9BBD-41DD-B0A5-A7D0DCB925DC,2016,52,0,0,0,1,0,0,0,0,1,0,0,0,0,0,0,0,0,0,0,1,0,0,0,1,0
552989b0-0fcd-11eb-afe7-87eff9df4bdb,2018,62,0,0,0,0,1,0,0,0,0,1,0,0,1,0,0,0,0,0,0,0,0,0,0,1,0
627EF7AE-C448-4340-9005-C17D1A538D67,2012,61,0,0,0,0,0,1,0,0,0,1,0,0,0,1,0,0,0,0,0,0,0,0,0,1,0
627F460D-A472-4333-B8E7-0EC59D0FD4DA,2010,62,0,0,0,0,1,0,0,0,0,1,0,0,1,0,0,0,0,0,0,0,0,0,0,1,0
1C635767-CAF8-46AB-A67F-8904B06D84A7,2016,92,0,0,0,1,1,1,0,0,0,1,0,0,1,1,0,0,0,0,0,0,0,0,0,1,0
A0504126-BDD2-41A2-BAA2-31E6CE3E0D2C,2023,61,1,1,0,0,0,0,0,0,1,0,0,0,0,0,0,0,1,0,0,0,0,0,0,1,1
629135E1-1430-4020-879E-436B035C793C,2014,62,0,0,0,0,0,1,0,0,0,1,0,0,0,1,0,0,0,0,0,0,0,0,0,1,0
FE4FC4B7-2537-40EF-B3EF-C1A366007FA5,2023,52,1,1,0,0,0,0,0,0,1,0,0,0,0,0,0,0,1,0,0,0,0,0,0,1,1
62945AFB-B628-4F19-8551-3D06B33D899D,2014,52,0,0,0,0,1,0,0,0,0,1,0,0,1,0,0,0,0,0,0,0,0,0,0,1,0
6BBAFB6E-2DBD-459B-B683-8EED92FBE5E8,2015,62,0,0,0,0,1,0,0,0,0,1,0,0,1,0,0,0,0,0,0,0,0,0,0,1,0
62980911-9065-4E5B-9CF8-AAFF2D1F6D50,2014,62,0,0,0,1,0,0,0,0,1,0,0,0,0,0,1,0,0,0,0,0,0,1,0,0,0
030ED21C-F50D-4894-B70F-8F3C4122093A,2023,61,1,1,0,0,0,0,0,0,1,0,0,0,0,0,0,0,1,0,0,0,0,0,0,1,1
629D43E9-4C80-40BF-A02F-67216D82B070,2013,00,0,1,0,0,0,0,0,0,1,0,0,0,0,0,0,1,0,0,0,0,0,0,0,1,0
62D7029D-C38F-4FB0-B039-06FC2D02B811,2013,51,0,0,0,0,0,0,0,1,1,0,0,0,0,0,0,0,0,0,0,1,1,0,0,0,0
EC0A011A-E24B-4CB4-830E-DF5AEB3B9367,2023,61,1,1,0,0,0,0,0,0,1,0,0,0,0,0,0,0,1,0,0,0,0,0,0,1,1
90DF3E87-D57F-42D2-B48F-40DCCDA1CFBD,2016,71,0,0,0,1,0,0,0,0,1,0,0,0,0,0,1,0,0,0,0,0,0,1,0,0,0
62E422AD-BEBA-462D-829C-B07364ADFAD0,2011,92,0,0,0,0,0,1,0,0,0,1,0,0,0,1,0,0,0,0,0,0,0,0,0,1,0
E20F9CCA-8E45-43AA-AD4A-31213CB7D424,2023,61,1,1,0,0,0,0,0,0,1,0,0,0,0,0,0,0,1,0,0,0,0,0,0,1,1
71BFD163-4DBE-427C-A64F-5C845616DAD2,2023,61,1,1,0,0,0,0,0,0,1,0,0,0,0,0,0,0,1,0,0,0,0,0,0,1,1
62F5000E-A9D7-41E6-823E-281065CD18F2,2012,62,0,0,0,0,0,1,0,0,0,0,1,0,0,1,0,0,0,0,0,0,0,1,0,0,0
62FA19AF-54A9-41F5-833E-A09F6A0266F2,2013,92,0,0,0,1,0,0,0,0,1,0,0,0,0,0,1,0,0,0,0,0,0,1,0,0,0
B221A831-5F8F-4A4D-A02C-BB26CC14835A,2023,61,1,1,0,0,0,0,0,0,1,0,0,0,0,0,0,0,1,0,0,0,0,0,0,1,1
6F046154-5AB7-4395-9C4B-F17706FBF7FB,2023,61,1,1,0,0,0,0,0,0,1,0,0,0,0,0,0,0,1,0,0,0,0,0,0,1,1
6752d5e0-9cd1-11e8-875e-27a7b7789f98,2018,92,0,0,0,0,0,1,0,0,0,1,0,0,0,0,1,0,0,0,0,0,1,0,0,0,0
6302089D-4848-46FD-AAD0-23E9766A1F90,2012,45,0,1,0,0,0,0,0,0,1,0,0,0,0,0,0,1,0,0,0,0,0,0,0,1,0
1b3bf8e0-d96c-11e7-8b17-fdfed30923dd,2017,00,0,0,1,0,0,0,0,0,1,0,0,0,0,0,0,0,0,1,0,0,0,0,0,1,0
48e11560-1484-11e9-9b0e-db2459a65ffe,2016,51,0,1,0,0,0,0,0,0,1,0,0,0,0,0,0,1,0,0,0,0,0,0,0,1,0
e0d06340-0349-11e9-aee0-f7420d4f3238,2018,00,0,1,0,0,0,0,0,0,1,0,0,0,0,0,0,1,0,0,0,0,1,0,0,0,0
630EBF30-BFC9-4EA9-B363-B653E76F1D13,2008,92,0,0,0,0,1,0,0,0,0,1,0,0,1,0,0,0,0,0,0,0,0,1,0,0,0
6099E577-90D3-415E-8F39-29A5209556F0,2023,61,1,1,0,0,0,0,0,0,1,0,0,0,0,0,0,0,1,0,0,0,0,0,0,1,1
B412CEBE-CA04-433E-B210-631779A3469F,2016,62,1,0,0,0,0,0,0,0,1,0,0,0,0,0,0,0,1,0,0,0,0,1,0,0,0
d43647d0-a1ae-11ea-aa67-0b6b068266ad,2020,92,0,1,0,0,0,0,0,0,1,0,0,0,0,0,0,1,0,0,0,0,0,0,0,1,0
632B57F0-983D-461F-940E-B0D3D98A9579,2015,52,0,0,0,0,0,1,0,0,0,1,0,0,0,1,0,0,0,0,0,0,0,0,0,1,0
83ec8e30-034f-11eb-9654-9589698754ac,2017,62,1,1,0,0,0,0,0,0,1,0,0,0,0,0,0,0,1,0,0,0,0,1,0,0,0
A1D0C6E8-3F02-7327-D846-1063F4AC58A6,2025,33,0,1,0,0,0,0,0,0,1,0,0,0,0,0,0,1,0,0,0,0,0,0,0,1,0
179B6A6D-C3D5-4945-BD19-591272049A11,2025,51,1,0,0,0,0,0,0,0,1,0,0,0,0,0,0,0,1,0,0,0,0,0,0,1,0
633EE011-3DB1-43D3-B7A2-74C87FAA038C,2013,62,0,0,0,0,1,0,0,0,0,1,0,0,1,0,0,0,0,0,0,0,0,0,0,1,0
18e0dc90-4886-11ec-9b2e-07c484f260d1,2015,51,1,0,0,0,0,0,0,0,1,0,0,0,0,0,0,0,1,0,0,0,0,1,0,0,0
969f8680-d969-11e7-8b17-fdfed30923dd,2017,62,0,0,0,0,1,0,0,0,0,1,0,0,1,0,0,0,0,0,0,0,0,0,0,1,0
544da580-d9a8-11eb-96ea-fd8a03dbb673,2020,61,1,0,1,0,0,0,0,0,1,0,0,0,0,0,0,0,1,0,0,0,0,1,0,0,0
6358E8EF-A84E-46DD-8628-6BF62C519D99,2013,62,0,0,0,1,0,0,0,0,1,0,0,0,0,0,1,0,0,0,0,0,0,0,0,1,0
82C71FC3-1F12-461D-AECF-45B2B33489A2,2023,61,1,1,0,0,0,0,0,0,1,0,0,0,0,0,0,0,1,0,0,0,0,0,0,1,1
46937300-f6c5-11ea-b7b2-2361ceadc5c7,2018,51,0,0,0,0,0,1,0,0,0,1,0,0,0,1,0,0,0,0,0,0,0,0,0,1,0
63660DBA-9106-4FEC-8AAF-5ACEF2E76ACE,2011,92,0,0,0,0,0,1,0,0,0,1,0,0,0,1,0,0,0,0,0,0,0,0,1,0,0
7F6C3EEE-6E9F-4084-89B7-0E542D75B4DF,2015,62,0,0,0,0,1,0,0,0,0,1,0,0,1,0,0,0,0,0,0,0,0,0,0,1,0
636AD962-6582-43B5-AB2F-6302D2C4E903,2013,92,0,0,0,0,0,1,0,0,0,1,0,0,0,1,0,0,0,0,0,0,0,0,0,1,0
636F79EC-BA24-4FF5-9CF6-4F1AF46340DD,2010,44,0,0,0,0,1,0,0,0,0,1,0,0,1,0,0,0,0,0,0,0,1,0,0,0,0
63781729-A919-4F31-AA16-07769E5379C4,2013,62,0,0,0,0,1,0,0,0,0,1,0,0,1,0,0,0,0,0,0,0,0,1,0,0,0
9fb76770-e0a4-11ef-bb83-fdfe95aef2b7,2023,00,0,1,0,0,0,0,0,0,1,0,0,0,0,0,0,0,0,0,0,1,0,0,0,1,0
63865538-F4CB-4745-B174-B84760FEA872,2010,92,0,0,0,0,0,1,0,0,0,1,0,0,0,1,0,0,0,0,0,0,0,0,1,0,0
17eb3e60-af76-11f0-a027-d955a4d2f085,2025,00,0,0,0,0,0,1,0,0,0,1,0,0,0,1,0,0,0,0,0,0,0,0,0,1,0
615e70a0-ca7e-11e9-9a33-13e06a29212c,2019,54,0,1,0,0,0,0,0,0,1,0,0,0,0,0,0,1,0,0,0,0,0,0,0,1,0
639771A7-8C1F-4A6C-9BB9-9318AFAFBE54,2012,92,0,0,0,0,0,1,0,0,0,1,0,0,0,1,0,0,0,0,0,0,0,0,0,1,0
560E9918-3D6E-4B10-A99D-400BB8884A3C,2023,61,1,1,0,0,0,0,0,0,1,0,0,0,0,0,0,0,1,0,0,0,0,0,0,1,1
CB23077C-894D-48BE-9B02-B1E3DDF64A87,2023,61,1,1,0,0,0,0,0,0,1,0,0,0,0,0,0,0,1,0,0,0,0,0,0,1,1
63A4CAF8-2F1D-4CB9-A1AF-E1A426EE5F04,2014,52,0,0,0,0,1,0,0,0,0,1,0,0,1,0,0,0,0,0,0,0,0,1,0,0,0
C6BC31E8-9812-4C07-B17A-D83708C18061,2023,61,1,1,0,0,0,0,0,0,1,0,0,0,0,0,0,0,1,0,0,0,0,0,0,1,1
ce93ad00-e01e-11ef-8e7d-5bcd93832819,2024,00,0,1,1,0,0,0,0,0,1,0,0,0,0,0,0,0,0,1,0,0,0,0,0,1,0
63BB2825-1095-4B6F-B54B-62558C8B6783,2014,92,0,0,0,1,0,0,0,0,1,0,0,0,0,0,1,0,0,0,0,0,0,1,0,0,0
8232E6D9-2571-4DCB-94F3-A8CE1D91E51E,2015,00,0,0,0,0,1,0,0,0,0,1,0,0,1,0,0,0,0,0,0,0,0,1,0,0,0
63C77F22-82F6-4A7F-AB6D-A637BB616857,2011,52,0,1,0,0,0,0,0,0,1,0,0,0,0,0,0,0,1,0,0,0,0,0,0,1,0
F878890E-1CBD-4C09-9437-8BAE96821BB5,2016,54,0,1,0,0,0,0,0,0,1,0,0,0,0,0,0,1,0,0,0,0,0,0,0,1,0
63D27EB1-6933-4E15-9192-B77D944A7A0A,2012,62,0,0,0,1,0,0,0,0,1,0,0,0,0,0,1,0,0,0,0,0,0,1,0,0,0
427EE83E-EAFB-456C-A10A-6297B56246BD,2023,61,1,1,0,0,0,0,0,0,1,0,0,0,0,0,0,0,1,0,0,0,0,0,0,1,1
63D72315-DA6B-4D99-8DA3-3C8F9D2B20B2,2014,56,0,1,0,0,0,0,0,0,1,0,0,0,0,0,0,1,0,0,0,0,0,0,0,1,0
63DF75F3-C4A4-494A-A65B-29BA8ED136D0,2013,53,0,0,0,0,1,0,0,0,0,1,0,0,1,0,0,0,0,0,0,0,0,0,0,1,0
63EFE748-17B7-430B-9736-6ECE78B0CC48,2010,92,0,0,0,0,0,1,0,0,0,1,0,0,0,1,0,0,0,0,0,0,0,0,1,0,0
63F5B065-2551-41DE-B3FD-3ACA839EDB28,2013,92,0,0,0,0,0,1,0,0,0,1,0,0,0,1,0,0,0,0,0,0,0,0,0,1,0
63F5C971-8B48-4D09-8186-57FFBBDFED7D,2010,61,0,0,0,1,0,0,0,0,1,0,0,0,0,0,1,0,0,0,0,0,0,1,0,0,0
63FCD635-13DD-46EF-A14F-A2684D1BFEF3,2013,61,0,0,0,1,1,0,0,0,1,1,0,0,0,0,1,0,0,0,0,0,0,0,0,1,0
64006832-161F-4352-813E-A77E88DB7EBA,2014,00,0,0,0,0,1,0,0,0,0,1,0,0,1,0,0,0,0,0,0,0,0,1,0,0,0
6403609E-2416-4684-BC90-2FD42E981A83,2012,92,0,0,0,0,0,1,0,0,0,1,0,0,0,1,0,0,0,0,0,0,0,0,0,1,0
0A9B4471-474D-400C-9F0B-BB3D79744F4B,2015,62,0,0,0,0,1,0,0,0,0,1,0,0,1,0,0,0,0,0,0,0,0,0,0,1,0
4A9C05FA-10CB-4D95-BC8D-9F4C6B8421D7,2016,92,1,0,0,0,0,0,0,0,1,0,0,0,0,0,0,0,1,0,0,0,1,0,0,0,0
41cf5b40-8e7c-11ec-ab9f-33907697f3a6,2020,61,0,1,0,0,0,0,0,0,1,0,0,0,0,0,0,1,0,0,0,0,0,0,0,1,0
7da5a3a0-d6d9-11f0-901b-c962ba1dfe3a,2025,00,0,0,0,0,0,1,0,0,0,1,0,0,0,1,0,0,0,0,0,0,0,0,0,1,0
0EE9C471-5D8F-4E20-9DFF-EF08DFAEDD44,2016,61,1,1,0,0,0,0,0,0,1,0,0,0,0,0,0,0,1,0,0,0,1,0,0,0,0
6448D9EF-CCA8-4DDC-9FDD-A0BA8F02D3AD,2013,51,0,1,0,0,0,0,0,0,1,0,0,0,0,0,0,0,1,0,1,0,0,1,0,0,0
644C276B-D520-4139-B0B5-7CC10D3A1CF5,2013,09,0,0,0,0,1,0,0,0,0,1,0,0,1,0,0,0,0,0,0,0,0,0,0,1,0
645472C8-30F8-4D59-AD86-BC19E8E964B7,2014,61,0,1,0,0,0,0,0,0,1,0,0,0,0,0,0,0,1,0,0,0,1,0,0,0,0
E50FD0BB-EF94-4FA9-812F-9B5F4CB153E3,2016,72,1,0,0,0,0,0,0,0,1,0,0,0,0,0,0,0,1,0,0,0,1,0,0,0,0
e91449c0-c9fa-11eb-8af5-ed6b4a3c0fb5,2020,81,0,1,0,0,0,0,0,0,1,0,0,0,0,0,0,0,1,0,0,0,0,0,0,1,0
5e272a70-c59a-11e7-8053-ff1e84d2b694,2013,06,0,1,0,0,0,0,0,0,1,0,0,0,0,0,0,1,0,0,0,0,0,0,0,1,0
670385EC-C5CB-4C8B-8B35-23B2001BEF8D,2016,62,0,1,0,0,0,0,0,0,1,0,0,0,0,0,0,1,0,0,0,0,0,0,0,1,0
0d0a2d40-e219-11e7-a8b4-b50015373b0a,2017,62,0,0,0,1,0,0,0,0,1,0,0,0,0,0,1,0,0,0,0,0,0,0,0,1,0
646A08FD-0067-43D8-AE69-B19B1E706CCA,2010,62,0,0,0,0,0,1,0,0,0,1,0,0,0,1,0,0,0,0,0,0,0,1,0,0,0
fc9ace90-055e-11ea-889a-bd9e961d3ab1,2016,21,0,0,0,1,0,0,0,0,1,0,0,0,0,0,0,0,0,0,0,1,0,1,0,0,0
1C6C0B06-91E1-4D8E-A86D-73E575C390F2,2015,81,0,0,0,0,1,0,0,0,0,1,0,0,1,0,0,0,0,0,0,0,0,0,0,1,0
64c1d190-e0b9-11ef-bb83-fdfe95aef2b7,2023,62,1,1,0,0,0,0,0,0,1,0,0,0,0,0,0,0,1,0,0,0,0,0,0,1,0
687AF9E8-70A3-4C88-93EF-DB390EDF40CD,2023,52,1,1,0,0,0,0,0,0,1,0,0,0,0,0,0,0,1,0,0,0,0,0,0,1,1
648B911B-F831-4B13-903F-628FA21D169D,2015,61,0,1,0,0,0,0,0,0,1,0,0,0,0,0,0,1,0,0,0,0,0,0,0,1,0
648DC21D-7296-4A53-95BC-66F8C8B377A6,2012,72,0,0,0,0,1,0,0,0,0,1,0,0,1,0,0,0,0,0,0,0,0,0,0,1,0
FAF0FCCA-0191-4AF8-8AE2-B1DEC9EBB653,2015,62,0,0,0,0,0,1,0,0,0,1,0,0,0,1,1,0,0,0,0,0,0,1,0,0,0
648E9563-B314-4D10-8D9B-D506E9392CB8,2012,44,0,1,0,0,0,0,0,0,1,0,0,0,0,0,0,1,1,0,0,0,0,0,0,1,0
64926F12-E053-4905-833E-CF2A22E1AAFD,2013,52,0,1,0,0,0,0,0,0,1,0,0,0,0,0,0,1,0,0,0,0,0,0,0,1,0
6496DB03-11D1-4331-B33A-BCBC4D7DDBC8,2014,61,0,0,0,0,0,1,0,0,0,1,0,0,0,1,0,0,0,0,0,0,0,0,0,1,0
0dd51e00-c965-11e7-93c5-ff5db9c7b572,2015,92,0,0,0,0,0,1,0,0,0,1,0,0,0,0,1,0,0,0,0,0,0,1,0,0,0
26C520CF-5204-45BE-8A93-48AC93B2B42E,2016,33,0,0,0,1,0,0,0,0,1,0,0,0,0,0,1,0,0,0,0,0,0,1,0,0,0
64A292BF-A387-4B3D-8EA1-AEBADEAA76C0,2009,62,0,0,0,0,1,0,0,0,0,1,0,0,1,0,0,0,0,0,0,0,0,0,0,1,0
9380cce0-b523-11f0-8923-2be2b684169f,2025,62,0,0,0,0,0,1,0,0,0,1,0,0,0,1,0,0,0,0,0,0,0,0,0,1,0
C9AB10E3-EDFB-440F-B19B-68AB065D393E,2016,44,0,0,1,0,1,0,0,0,0,1,0,0,1,0,0,0,0,1,0,0,0,0,0,1,0
64BD86D9-5B5B-44D9-A4BB-D46F766F858E,2004,56,0,0,1,0,1,0,0,0,1,1,0,0,1,0,0,0,0,0,0,0,0,0,0,1,0
64C3D97B-80B7-49FD-84D2-0394223F9C9F,2011,00,0,0,0,0,0,0,0,1,0,0,0,1,0,0,0,0,0,0,0,1,0,1,0,0,0
64C8AC3B-115F-4644-944A-DAF253B46EA4,2013,00,1,1,1,0,0,0,0,0,1,0,0,0,0,0,0,0,0,1,0,0,0,0,0,1,0
64CA370E-C824-4416-8E0A-5D23ED01DC61,2013,00,1,1,1,0,0,0,0,0,1,0,0,0,0,0,0,0,0,1,0,0,0,0,0,1,0
64D210B5-1744-48CF-82E4-7FE711133C6E,2012,62,0,0,0,1,0,0,0,0,1,0,0,0,0,0,1,0,0,0,0,0,0,1,0,0,0
7b1d5ab0-d317-11e8-91e9-41882cf52742,2018,62,1,0,0,0,0,0,0,0,1,0,0,0,0,0,0,0,1,0,0,0,0,1,0,0,0
64E37D4A-C3E7-4369-8809-0E5D46AAB546,2014,54,0,0,0,1,0,0,0,0,1,0,0,0,0,0,1,0,0,0,0,0,0,1,0,0,0
64F18520-F75E-42E4-A1FB-793B150A27B9,2012,54,1,0,0,0,0,0,0,0,1,0,0,0,0,0,0,0,1,0,0,0,0,1,0,0,0
64FD2691-3210-4E17-B848-40ACAC25858D,2013,54,0,1,0,0,0,0,0,0,1,0,0,0,0,0,0,1,0,0,0,0,0,0,0,1,0
6510C2EC-9CD8-4257-B783-FA6770533B18,2010,92,0,0,0,0,0,1,0,0,0,1,0,0,0,1,0,0,0,0,0,0,0,0,0,1,0
324D6D3A-2DB9-4952-B83B-53F371EC7F7A,2016,44,0,0,0,1,0,0,0,0,1,0,0,0,0,0,0,0,0,0,0,1,0,0,0,1,0
9ffa86c0-811d-11e7-9cfb-2f8f443557c3,2017,00,0,0,0,0,0,1,0,0,0,1,0,0,0,1,0,0,0,0,0,0,0,0,0,1,0
a65b77a0-1c38-11ea-a0aa-479da677bbbc,2019,72,0,0,0,0,0,1,0,0,0,1,0,0,0,1,0,0,0,0,0,0,0,0,0,1,0
6518041B-EA5D-41DC-96CB-A869FB84FFD7,2010,92,0,0,0,0,0,0,0,1,0,0,0,1,0,0,0,0,0,0,0,1,0,1,0,0,0
6527D1DA-32C7-4B10-8582-6A4F8C261173,2013,23,0,1,0,0,0,0,0,0,1,0,0,0,0,0,0,0,0,0,0,1,0,0,0,1,0
652BF8D8-80F7-4A08-B13D-78987548D87A,2012,62,0,1,0,0,0,0,0,0,1,0,0,0,0,0,0,0,0,0,0,1,0,0,0,1,0
654339BC-64C5-47D8-8071-0F14CB2350E1,2012,51,0,1,0,0,0,0,0,0,1,0,0,0,0,0,0,1,0,0,0,0,0,0,0,1,0
01E021B8-D53B-4F32-93FE-EF90FCFB10C6,2015,92,0,0,0,0,0,1,0,0,0,1,0,0,0,1,0,0,0,0,0,0,0,0,0,1,0
6547F59D-C915-4137-A239-F2A31C3EB909,2010,62,0,0,0,0,0,1,0,0,0,0,1,0,0,1,0,0,0,0,0,0,0,1,0,0,0
83029d60-d905-11e7-be42-df02fe7390b5,2017,33,0,0,0,0,0,1,0,0,0,1,0,0,0,1,0,0,0,0,0,0,0,0,0,1,0
654D977D-3D6E-4273-8AC3-6E1F9F9C63E1,2012,45,0,1,0,0,0,0,0,0,1,0,0,0,0,0,0,1,0,0,0,0,0,0,0,1,0
65522236-D8D9-4C7B-BA3C-26F7F5D69085,2012,00,0,0,0,0,1,1,0,0,1,1,0,0,0,1,0,0,0,0,0,0,0,0,0,1,0
52979d10-7618-11e7-9d88-ab89f89c69db,2017,00,0,1,0,0,0,0,0,0,1,0,0,0,0,0,0,0,1,0,0,0,0,0,0,1,0
A029E259-0B9B-4405-AF1E-5AE74A8134BA,2013,62,0,0,0,1,0,0,0,0,1,0,0,0,0,0,1,0,0,0,0,0,0,0,0,1,0
4B08DBFC-CB39-4DA6-A80B-4E5A9518ABA6,2023,61,1,1,0,0,0,0,0,0,1,0,0,0,0,0,0,0,1,0,0,0,0,0,0,1,1
655C9DE6-6377-4942-96F2-C8CCFEC0BE7E,2013,62,0,0,0,1,0,0,0,0,0,1,0,0,0,0,1,0,0,0,0,0,0,1,0,0,0
656B0D58-EE71-4D79-9EAA-BB2714D73694,2012,00,0,0,0,1,0,0,0,0,1,0,0,0,0,0,1,0,0,0,0,0,0,0,0,1,0
aa7bffa0-4fc8-11ed-b425-911ebaacea9c,2022,54,0,0,0,0,1,0,0,0,0,1,0,0,1,0,0,0,0,0,0,0,0,0,0,1,0
0424c6f0-e44b-11e9-ae80-e5ad9aac92e3,2017,00,0,1,1,0,0,0,0,0,1,0,0,0,0,0,0,0,0,1,0,0,0,0,0,1,0
6588FA69-2800-452E-AB9A-A2012DFA0F2E,2015,00,0,1,0,0,0,0,0,0,1,0,0,0,0,0,0,0,0,0,0,1,0,0,0,1,0
BAA7B824-DE1B-4407-9ECE-896C575B4D14,2015,62,0,0,0,0,1,0,0,0,0,1,0,0,1,0,0,0,0,0,0,0,0,0,0,1,0
6594FFEB-8837-4958-82A0-10562F365B7F,2012,92,0,0,0,0,0,1,0,0,0,1,0,0,0,1,0,0,0,0,0,0,0,0,0,1,0
ddc3bf30-98e7-11e7-a6db-535ccd646699,2017,00,0,0,0,1,0,0,0,0,1,0,0,0,0,0,1,0,0,0,0,0,0,0,0,1,0
BFD6BC27-EFC7-4FAF-B9D3-27A2C4C282CB,2015,45,0,1,0,0,0,0,0,0,1,0,0,0,0,0,0,1,0,0,0,0,0,0,0,1,0
cb269d10-8929-11e8-8760-271b3d9edf6d,2018,92,0,0,0,0,0,1,0,0,0,1,0,0,0,0,1,0,0,0,0,0,0,0,0,1,0
65BC9D93-E1AB-44DB-A470-28CA80C35AF4,2011,52,0,0,0,0,0,0,0,1,0,0,0,1,0,0,0,0,0,0,0,1,0,1,0,0,0
504ff4e0-0fc6-11ea-997d-ff527b87f439,2019,62,1,0,0,0,0,0,0,0,1,0,0,0,0,0,0,0,1,0,0,0,1,0,0,0,0
65CCDBC1-9715-4A08-B6FC-B28DEC1E332F,2013,00,0,0,0,0,1,0,0,0,0,1,0,0,1,0,0,0,0,0,0,0,1,0,0,0,0
65D4C141-7045-4767-A9B9-FDBAA392FABB,2011,51,0,1,0,0,0,0,0,0,1,0,0,0,0,0,0,1,1,0,0,0,1,0,0,0,0
65D93B3D-1235-432B-A563-BBA359EC8848,2014,92,0,0,0,0,0,1,0,0,0,1,0,0,0,1,0,0,0,0,0,0,0,0,0,1,0
6EF6C903-12E0-4D3D-B36C-8A78518E7C8E,2023,00,1,1,0,0,0,0,0,0,1,0,0,0,0,0,0,0,1,0,0,0,0,0,0,1,1
e443e940-8e94-11e8-8003-e3ff5269fee2,2018,62,0,1,0,0,0,0,0,0,0,0,0,1,0,0,0,0,1,0,0,0,0,1,0,0,0
65E4905C-9756-49FD-8923-4276830F194C,2014,52,0,0,0,1,0,0,0,0,1,0,0,0,0,0,0,0,0,0,0,1,0,0,0,1,0
65ED6D32-2E2C-4881-8EA8-40042AEF5D2F,2014,44,0,0,0,1,0,0,0,0,1,0,0,0,0,0,0,0,0,0,0,1,0,0,0,1,0
8c5d88f0-8f3c-11e8-a74f-e5450456a5bf,2016,62,0,0,0,0,1,0,0,0,0,1,0,0,1,0,0,0,0,0,0,0,0,0,0,1,0
65F48FB1-1D19-4F32-8497-3D938190845F,2011,92,0,0,0,0,0,1,0,0,0,1,0,0,0,1,0,0,0,0,0,0,0,0,0,1,0
65F565DF-46B1-4DE1-BF3C-719B89296F58,2013,45,0,0,0,0,0,0,0,1,0,0,0,1,0,0,0,0,0,0,0,1,0,1,0,0,0
a87bafb0-79e3-11ef-927d-1558a141866c,2023,62,0,1,1,0,0,0,0,0,1,0,0,0,0,0,0,0,0,1,0,0,0,0,0,1,0
C1CFDE70-C50E-4380-8ED2-3A306AB1A4BC,2012,48,0,1,0,0,0,0,0,0,1,0,0,0,0,0,0,1,1,0,0,0,1,0,0,0,0
66099CB7-F369-45C3-A960-BB41E4989C21,2013,92,0,0,0,0,0,1,0,0,0,1,0,0,0,1,0,0,0,0,0,0,0,0,0,1,0
660C9AE8-99C2-4732-8268-B3D9572F09D0,2013,92,0,0,0,0,0,1,0,0,0,1,0,0,0,0,1,0,0,0,0,0,0,1,0,0,0
1b28bf80-aa24-11e8-9604-77188de09ef1,2015,00,0,1,0,0,0,0,0,0,1,0,0,0,0,0,0,1,1,0,0,0,1,0,0,0,0
661CF4C9-B10F-4C3E-BEDE-5FD1768865E8,2013,62,0,0,0,0,0,1,0,0,0,1,0,0,0,1,0,0,0,0,0,0,0,0,0,1,0
661D0A63-9C3E-4FD3-A851-F3BCAD78BDB9,2011,92,0,0,0,0,0,1,0,0,0,1,0,0,0,1,0,0,0,0,0,0,0,0,0,1,0
CA1FB6CD-5C83-4B42-B736-0883CDF82AC2,2016,92,0,0,0,0,0,1,0,0,1,1,0,0,0,1,0,0,0,0,0,0,0,1,0,0,0
4E6C4FB1-34D0-46DC-80B6-597FB1A114E0,2023,61,1,1,0,0,0,0,0,0,1,0,0,0,0,0,0,0,1,0,0,0,0,0,0,1,1
961f7b60-345a-11ed-b144-457a87672420,2022,62,1,0,0,0,0,0,0,1,1,0,0,0,0,0,0,0,1,0,0,0,0,0,0,1,0
664745CE-A24B-4C20-8527-96EFC0F7D918,2013,00,0,0,0,0,0,1,0,0,0,1,0,0,0,1,0,0,0,0,0,0,0,0,0,1,0
F3F94FC3-7DA5-4FE0-BD38-5D94FA56E56C,2023,61,1,1,0,0,0,0,0,0,1,0,0,0,0,0,0,0,1,0,0,0,0,0,0,1,1
6650DD6D-6142-48DA-BF6D-D5A8A96361BF,2012,51,0,1,0,0,0,0,0,0,1,0,0,0,0,0,0,1,0,0,0,0,0,0,0,1,0
665A1899-2422-409E-83B6-8802F8D20A55,2011,52,0,0,0,1,0,0,0,0,1,0,0,0,0,0,1,0,0,0,0,0,0,1,0,0,0
32BFB5C7-6499-40E2-9DD7-B478DFBF0EE9,2023,61,1,1,0,0,0,0,0,0,1,0,0,0,0,0,0,0,1,0,0,0,0,0,0,1,1
66650162-DAB0-4C82-A32A-0DEC83735370,2012,51,0,1,0,0,0,0,0,0,1,0,0,0,0,0,0,0,0,0,1,0,0,1,0,0,0
66670517-B391-4CF9-B929-3CB6206BAFFF,2011,54,0,0,0,0,1,0,0,0,0,1,0,0,1,0,0,0,0,0,0,0,0,0,0,1,0
666AA510-80BF-448E-A580-AFCE28A4A0A4,2012,51,0,0,0,0,1,0,0,0,0,1,0,0,1,0,0,0,0,0,0,0,0,1,0,0,0
bc76ffb0-e39f-11e7-8742-2bc46bd10713,2016,62,0,1,0,0,0,0,0,0,1,0,0,0,0,0,0,0,1,0,0,0,0,0,0,1,0
667542B0-F06D-40F8-BCB1-E0C5FE80A400,2005,52,0,0,0,1,0,0,0,0,1,0,0,0,0,0,1,0,0,0,0,0,0,1,0,0,0
668D4C0E-4CDC-4709-BEDA-76A4479465B9,2013,52,0,1,0,0,0,0,0,0,1,0,0,0,0,0,0,0,1,0,0,0,0,0,0,1,0
66904561-7076-4819-93AC-BD5812201D93,2015,62,0,0,0,0,1,0,0,0,1,0,0,0,1,0,0,0,0,0,0,0,0,0,0,1,0
CC25785E-AB39-4DEB-81CC-5127A787BD4E,2023,61,1,1,0,0,0,0,0,0,1,0,0,0,0,0,0,0,1,0,0,0,0,0,0,1,1
66971F0C-2885-4B07-9A04-3DAAF12505C1,2014,62,0,0,0,0,1,0,0,0,0,1,0,0,1,0,0,0,0,0,0,0,0,0,0,1,0
1bd46500-0c76-11ea-bb2f-edf349509116,2016,92,0,0,0,0,1,0,0,0,1,1,0,0,1,0,0,0,0,0,0,0,0,0,0,1,0
F1BDD0AC-49B1-44AA-AC17-939F7D24950A,2015,52,0,0,0,0,0,1,0,0,0,1,0,0,0,1,0,0,0,0,0,0,0,1,0,0,0
66ABAE42-C861-4755-AB15-4367257313E2,2014,00,0,0,0,1,0,0,0,0,1,0,0,0,0,0,1,0,0,0,0,0,0,1,0,0,0
66AF984E-3513-4190-B689-248DED9B5702,2013,51,0,1,0,0,0,0,0,0,1,0,0,0,0,0,0,0,0,0,0,1,0,0,0,1,0
66B0829C-6CCC-4941-8523-1398CBF499C4,2008,05,0,1,0,0,0,0,0,0,1,0,0,0,0,0,0,0,0,0,0,1,0,0,0,1,0
66B1D96B-A72A-4BBE-B547-661C9A2EC058,2012,61,0,1,0,0,0,0,0,0,1,0,0,0,0,0,0,0,0,0,0,1,0,0,0,1,0
66C4F97C-4661-4AA3-A4D7-D72A0E2BC03E,2015,45,0,1,0,0,0,0,0,0,0,1,0,0,0,0,0,1,0,0,0,0,0,1,0,0,0
82F2C014-3806-432D-99BC-8BE4F45E9C1C,2023,61,1,1,0,0,0,0,0,0,1,0,0,0,0,0,0,0,1,0,0,0,0,0,0,1,1
856b7ff0-8e77-11ec-8536-fdd879d89dfb,2021,56,0,1,0,0,0,0,0,0,1,0,0,0,0,0,0,1,0,0,0,0,0,0,0,1,0
66D9713B-E61D-4562-9DE1-7A5047939FF3,2011,62,0,0,0,0,0,0,0,1,0,0,0,1,0,0,0,0,0,0,0,1,0,1,0,0,0
f2b0f4c0-a47d-11e7-b5cf-fd750643ba69,2017,62,0,1,0,0,0,0,0,0,1,0,0,0,0,0,0,1,0,0,0,0,0,0,0,1,0
92142c80-ca79-11e9-9a33-13e06a29212c,2019,62,1,0,0,0,0,0,0,0,1,0,0,0,0,0,0,0,1,0,0,0,0,1,0,0,0
66F467D7-8D1D-4275-A6B5-3043F28FB6A4,2012,92,1,1,1,0,0,0,0,0,1,0,0,0,0,0,0,0,0,1,0,0,0,0,0,1,0
E2C2E56D-5D70-4CC4-9887-9B7E6BFECC4B,2016,72,1,1,0,0,0,0,0,0,1,0,0,0,0,0,0,0,1,0,0,0,1,0,0,0,0
26fe7430-72d6-11eb-a46e-831b23dc7360,2019,52,0,0,0,0,0,1,0,0,0,1,0,0,0,1,0,0,0,0,0,0,0,0,0,1,0
e20c6d00-da30-11e7-a58f-dff506a792fb,2017,00,0,0,0,1,0,0,0,0,1,0,0,0,0,0,1,0,0,0,0,0,0,1,0,0,0
aca999f0-9730-11e7-a11c-5542f7e3819f,2012,62,0,0,0,0,1,0,0,0,0,1,0,0,1,0,0,0,0,0,0,0,0,0,0,1,0
673146C8-F64B-472C-9D56-95275DD4430C,2014,54,0,0,0,0,0,1,0,0,0,1,0,0,0,1,0,0,0,0,0,0,0,0,0,1,0
5adf0d10-e968-11eb-9aea-07892f56ef76,2020,54,1,0,0,0,0,0,0,0,1,0,0,0,0,0,0,0,1,0,0,0,0,0,0,1,0
D9825E74-D4FA-4EB2-AD62-A146DA49E09D,2015,92,0,0,1,0,0,0,0,0,1,0,0,0,0,0,0,0,0,1,0,0,0,0,0,1,0
675F8789-FDC4-4B4D-B8C2-58B4C2EE41ED,2012,62,0,0,0,0,1,0,0,0,0,1,0,0,1,0,0,0,0,0,0,0,0,0,0,1,0
6764B054-3FD9-4A61-9671-BAC9809656DF,2013,51,0,0,0,1,0,0,0,0,1,0,0,0,0,0,1,0,0,0,0,0,0,0,0,1,0
597281EA-7C12-4E31-972B-61C6DDF9BF79,2015,62,0,0,0,0,0,1,0,0,0,1,0,0,0,1,0,0,0,0,0,0,0,0,0,1,0
cbe7c3b0-e075-11e9-9b3e-615de4b5b4cd,2019,51,0,1,0,0,0,0,0,0,1,0,0,0,0,0,0,1,1,0,0,0,0,0,0,1,0
9253E473-62A6-4042-845D-11CA33C52010,2015,54,1,1,0,0,0,0,0,0,1,0,0,0,0,0,0,0,1,0,0,0,0,0,0,1,0
BD47CA16-5F24-4192-B1BD-BAAF5F37FF77,2010,52,0,0,0,0,1,0,0,0,0,1,0,0,1,0,0,0,0,0,0,0,0,0,0,1,0
678B4FA1-376F-4EA9-90F7-E8FFD3754670,2014,00,0,1,0,0,0,0,0,0,1,0,0,0,0,0,0,0,0,0,1,0,1,0,0,0,0
EA4395B6-2B18-4BC3-8D2B-C8DF908E2C23,2023,52,1,1,0,0,0,0,0,0,1,0,0,0,0,0,0,0,1,0,0,0,0,0,0,1,1
67A66320-7DD9-44DC-A70E-05B2CDB3588C,2010,62,0,0,0,0,0,1,0,0,0,1,0,0,0,1,1,0,0,0,0,0,0,1,0,0,0
94daf8d0-2903-11e9-adf7-352895b3dcd2,2018,72,1,0,0,0,0,0,0,0,1,0,0,0,0,0,0,0,1,0,0,0,0,0,0,1,0
FC59DB49-F46D-4739-945A-F04F8062A780,2016,62,0,0,0,0,0,1,0,0,1,0,0,0,0,1,0,0,0,0,0,0,0,0,0,1,0
67AC8D2D-633F-471D-8A2E-443A5F58965B,2014,62,0,0,0,0,1,0,0,0,0,1,0,0,1,0,0,0,0,0,0,0,0,0,0,1,0
E6B08A21-282D-4096-80B0-D0E57A1E960D,2015,62,0,0,0,0,1,0,0,0,0,1,0,0,1,0,0,0,0,0,0,0,0,0,0,1,0
67ADA44C-5C15-4447-8991-63C34E2980F8,2015,62,0,0,0,0,0,1,0,0,0,1,0,0,0,1,1,0,0,0,0,0,0,1,0,0,0
BFCF60D4-F071-4B00-BC5D-DBDFD29D846E,2023,61,1,1,0,0,0,0,0,0,1,0,0,0,0,0,0,0,1,0,0,0,0,0,0,1,1
67BFC37E-BD53-4C6C-BFDB-5EBF78CADD01,2012,56,0,1,0,0,0,1,0,0,1,1,0,0,0,1,0,1,0,0,0,0,0,0,0,1,0
623304C8-ABE7-4289-BCA9-B7C03796F90A,2016,92,0,0,0,0,0,1,0,0,0,1,0,0,0,1,0,0,0,0,0,0,0,1,0,0,0
A72DCFA1-40AD-4D3A-BB8F-946A79B79646,2023,52,1,1,0,0,0,0,0,0,1,0,0,0,0,0,0,0,1,0,0,0,0,0,0,1,1
c4d56f60-af61-11e7-b9af-6daebc71dd3b,2017,62,0,0,0,0,0,1,0,0,1,1,0,0,0,1,0,0,0,0,0,0,0,0,0,1,0
720faac0-a9df-11e7-bafd-1552bcc84b5b,2016,92,0,1,0,0,0,0,0,1,1,0,0,0,0,0,0,0,0,0,0,1,0,1,0,0,0
bc086300-9a44-11e8-8652-5d096cfefbb4,2018,62,0,0,0,0,0,1,0,0,0,1,0,0,0,1,0,0,0,0,0,0,0,0,0,1,0
67EF335A-4A79-4B79-BBF3-6D86F97C3302,2012,32,0,0,0,1,0,0,0,0,1,0,0,0,0,0,1,0,0,0,0,0,0,1,0,0,0
67F0157D-E874-4F01-8818-398FAB1D45A9,2012,62,0,0,0,0,0,1,0,0,0,1,0,0,0,1,0,0,0,0,0,0,0,0,0,1,0
8BB03FF8-5647-4046-BABA-1A5B1A394EE0,2016,44,0,0,0,1,0,0,0,0,0,1,0,0,0,0,0,0,0,0,0,1,0,1,0,0,0
67FD854A-06FA-4E9A-A945-ABF557001FA1,2013,62,0,1,0,0,0,0,0,0,1,0,0,0,0,0,0,0,1,0,0,0,0,0,0,1,0
7b33b410-ef57-11e9-8b51-736a93581b2e,2019,92,0,0,0,0,0,0,0,1,1,0,0,0,0,0,0,0,0,0,0,1,0,0,0,1,0
680D4015-17B4-4576-8295-BCBF7D3735FE,2013,33,0,0,0,1,0,0,0,0,1,0,0,0,0,0,1,0,0,0,0,0,0,1,0,0,0
6812692F-A5FF-4E72-85C9-B24605EDD0B3,2013,61,0,0,0,0,0,1,0,0,0,1,0,0,0,1,0,0,0,0,0,0,0,1,0,0,0
6846CB41-0F3F-46B2-BFAA-B8D0EDC752F8,2015,62,0,0,0,1,0,0,0,0,1,0,0,0,0,0,1,0,0,0,0,0,0,0,0,1,0
6da62130-98eb-11e7-a6db-535ccd646699,2017,61,1,0,0,0,0,0,0,0,1,0,0,0,0,0,0,0,1,0,0,0,0,1,0,0,0
6854E61F-EB1E-4F03-82AA-CFD6E4388B06,2014,00,0,1,0,0,0,0,0,0,1,0,0,0,0,0,0,0,1,0,0,0,0,0,0,1,0
E482DFC5-F808-4399-B443-77BE8002406A,2015,92,0,0,0,0,0,1,0,0,0,1,0,0,0,0,1,0,0,0,0,0,0,0,0,1,0
755AA965-0905-4C98-884B-726D7A23FB64,2016,92,0,0,1,0,1,0,0,0,1,1,0,0,1,0,0,0,0,0,0,0,0,0,0,1,0
1b6a2e00-ce5b-11e9-b4e5-4769cce343a0,2019,62,0,1,0,0,0,0,0,0,1,0,0,0,0,0,0,0,1,0,0,0,0,0,0,1,0
68763E6A-8CBB-45A4-9E29-56EBD99FA592,2014,92,0,0,0,0,0,1,0,0,0,1,0,0,0,1,0,0,0,0,0,0,0,0,0,1,0
2869B8B6-7C10-4610-913C-DE94EC3F4E8C,2016,44,0,0,0,1,0,0,0,0,1,0,0,0,0,0,1,0,0,0,0,0,0,0,0,1,0
6881E006-BB63-41C1-A000-F3A73B24CA94,2014,51,0,1,0,0,0,0,0,0,1,0,0,0,0,0,0,1,0,0,0,0,0,0,0,1,0
8FD76913-EABE-41BD-A053-74D7CF5E9AED,2016,52,0,0,0,1,0,0,0,0,1,0,0,0,0,0,0,0,0,0,0,1,0,1,0,0,0
689B0A7C-9059-4D81-864F-81DAC72C58F1,2009,62,0,0,0,0,0,1,0,0,0,1,0,0,0,1,0,0,0,0,0,0,0,0,0,1,0
68A72F87-DCD5-47C7-A545-83CCFDA70034,2006,62,0,0,0,0,1,0,0,0,0,1,0,0,1,0,0,0,0,0,0,0,0,0,0,1,0
20C7CE4D-B888-453E-967E-3E05098217A9,2023,61,1,1,0,0,0,0,0,0,1,0,0,0,0,0,0,0,1,0,0,0,0,0,0,1,1
68AB8271-F57E-4447-BF4F-EF407BF386A5,2014,62,0,0,0,1,0,0,0,0,1,0,0,0,0,0,1,0,0,0,0,0,0,1,0,0,0
85A033C2-80E6-4EBA-982C-4502EC7AD041,2023,61,1,1,0,0,0,0,0,0,1,0,0,0,0,0,0,0,1,0,0,0,0,0,0,1,1
68B57F0D-4CD0-4B30-AB7A-7A16DF15628F,2014,61,0,0,0,1,0,0,0,0,1,0,0,0,0,0,1,0,0,0,0,0,0,1,0,0,0
68B747A3-DCBB-4E72-98A6-0155439FD478,2014,00,0,1,0,0,0,0,0,0,1,0,0,0,0,0,0,1,0,0,0,0,1,0,0,0,0
68BAA8CC-1A51-4047-B894-15738235F95B,2013,48,0,1,0,0,0,0,0,0,1,0,0,0,0,0,0,1,0,0,0,0,1,0,0,0,0
68C5457B-B93D-4D3A-B533-D581FC6E58B6,2009,62,0,0,0,0,1,0,0,0,0,1,0,0,1,0,0,0,0,0,0,0,0,0,0,1,0
68CA4F6D-E638-47CC-87A8-19C90AAD2BA0,2010,52,0,0,0,0,0,1,0,0,0,0,1,0,0,0,1,0,0,0,0,0,0,1,0,0,0
83568F0E-C7FA-4376-94B8-5FA76BF28C53,2023,52,1,1,0,0,0,0,0,0,1,0,0,0,0,0,0,0,1,0,0,0,0,0,0,1,1
0279F9F0-E3FD-484B-A536-537BB6A5257D,2023,61,1,1,0,0,0,0,0,0,1,0,0,0,0,0,0,0,1,0,0,0,0,0,0,1,1
68D73719-7364-4090-BB03-4BCE378F6DD2,2013,51,0,1,0,0,0,0,0,0,1,0,0,0,0,0,0,1,0,0,0,0,0,0,0,1,0
7DE8ACA0-7CE3-42B0-AB37-FCCB487E4CD0,2016,62,0,0,0,0,0,1,0,0,0,0,1,0,0,1,1,0,0,0,0,0,0,1,0,0,0
62efca60-dfed-11ef-8e7d-5bcd93832819,2024,51,0,1,0,0,0,0,0,0,1,0,0,0,0,0,0,0,0,0,0,1,0,0,0,1,0
2d443700-d3d9-11e9-9298-79b47a23a7bd,2018,92,0,0,0,0,1,0,0,0,0,1,0,0,1,0,0,0,0,0,0,0,0,0,0,1,0
69aecca0-9a73-11e8-b855-9f03b7750df7,2018,42,0,0,0,0,1,0,0,0,0,1,0,0,1,0,0,0,0,0,0,0,0,0,0,1,0
68EF076E-8D78-4A60-A398-86C38F4046C5,2014,56,0,1,0,0,0,0,0,0,1,0,0,0,0,0,0,0,1,0,0,0,0,0,0,1,0
f7fbe9a0-9a6b-11e8-8652-5d096cfefbb4,2018,51,0,1,0,0,0,0,0,0,1,0,0,0,0,0,0,0,0,0,0,1,0,0,0,1,0
6903BBCA-822A-448E-9ECF-859A8A9D3903,2014,52,0,0,0,1,0,0,0,0,1,0,0,0,0,0,1,0,0,0,0,0,0,0,0,1,0
6907CD8B-70AA-41C9-BB98-869802395735,2012,92,0,0,0,0,1,0,0,0,0,1,0,0,1,0,0,0,0,0,0,0,0,0,0,1,0
690D300E-98CF-42B4-89BF-23FB4852BFF3,2012,00,0,0,0,0,1,0,0,0,0,1,0,0,1,0,0,0,0,0,0,0,0,0,0,1,0
F542DF81-671A-475C-BA07-02790F330792,2023,61,1,1,0,0,0,0,0,0,1,0,0,0,0,0,0,0,1,0,0,0,0,0,0,1,1
45C6FC0B-F2D5-481A-ABBF-18E6407D8AB3,2023,61,1,1,0,0,0,0,0,0,1,0,0,0,0,0,0,0,1,0,0,0,0,0,0,1,1
691B7CAD-0356-4A88-B264-087FC3C2B71F,2013,62,0,0,0,0,0,0,0,1,0,0,0,1,0,0,0,0,0,0,0,1,0,0,0,1,0
691D5B38-0D0B-4C60-A320-BC6C6CAFA9AD,2013,49,0,0,0,1,0,0,0,0,1,0,0,0,0,0,0,0,0,0,0,1,0,0,0,1,0
692D46BC-8BBB-4881-833A-29D3143B29AD,2012,00,0,0,0,0,1,0,0,0,0,1,0,0,1,0,0,0,0,0,0,0,0,1,0,0,0
692DEEBA-F5CD-414E-B516-1ED7ABFB29C3,2012,00,0,1,0,0,0,0,0,0,1,0,0,0,0,0,0,1,0,0,0,0,0,0,0,1,0
693A2136-F8C0-49B3-9B2F-81E542929765,2010,51,1,1,1,0,0,0,0,0,1,0,0,0,0,0,0,0,0,1,0,0,0,0,0,1,0
F37ED474-5CF6-4435-9075-6ADF13BDD61A,2015,92,0,0,0,0,0,1,0,0,0,1,0,0,0,1,0,0,0,0,0,0,0,0,0,1,0
6b3dae90-d9d7-11e7-be42-df02fe7390b5,2017,62,0,0,0,0,0,1,0,0,0,1,0,0,0,1,0,0,0,0,0,0,0,0,0,1,0
6950113B-E09D-44E9-A394-9B36A1B25BB8,2012,62,0,0,0,0,1,0,0,0,0,1,0,0,1,0,0,0,0,0,0,0,0,1,0,0,0
69513EB9-04A9-4C04-81C1-BDB0D5B2ECBC,2013,23,1,0,1,0,0,0,0,0,1,0,0,0,0,0,0,0,1,0,0,0,1,0,0,0,0
c8a50420-0cbe-11ec-a2d0-f3cc343be99c,2020,56,0,0,0,0,0,1,0,0,0,1,0,0,0,1,0,0,0,0,0,0,0,0,0,1,0
6955F207-425C-40D2-86A6-DC028A0232DC,2014,62,0,0,0,1,0,0,0,0,1,0,0,0,0,0,1,0,0,0,0,0,0,0,0,1,0
753DC6D0-FB3B-45C0-94A1-93146C007611,2015,00,0,0,0,0,0,1,0,0,0,1,0,0,0,1,0,0,0,0,0,0,0,0,0,1,0
69631002-5577-4F9A-8905-2457712134E5,2008,52,0,0,1,0,1,0,0,0,1,1,0,0,1,0,0,0,0,0,0,0,0,0,0,1,0
427574A4-98D4-4255-ACDF-E0D80A4B03A4,2015,06,0,1,0,0,0,0,0,0,1,0,0,0,0,0,0,0,0,0,0,1,0,0,0,1,0
6966A968-9725-4D28-9FA8-FD9F81FD0112,2010,00,0,0,0,0,1,0,0,0,0,1,0,0,1,0,0,0,0,0,0,0,1,0,0,0,0
696CE7E5-A939-49CD-8C5E-1933E88775A5,2012,00,0,1,0,0,0,0,0,0,1,0,0,0,0,0,0,1,0,0,0,0,0,0,0,1,0
696DAF40-C970-4924-AA6A-3E0709C95E6B,2011,56,0,1,0,0,0,0,0,0,1,0,0,0,0,0,0,0,1,0,0,0,0,0,0,1,0
565c5150-aa26-11e8-9604-77188de09ef1,2016,72,0,0,0,0,1,0,0,0,0,1,0,0,1,0,0,0,0,0,0,0,0,0,0,1,0
6976B917-A49E-4181-9239-4E09A925EA86,2012,72,0,0,0,0,1,0,0,0,0,1,0,0,1,0,0,0,0,0,0,0,0,0,0,1,0
6979BD9C-BA30-459A-A206-657BCF156D56,2013,61,0,0,0,1,0,0,0,0,1,0,0,0,0,0,1,0,0,0,0,0,0,1,0,0,0
69827C0E-5B91-44FF-ABFF-177827B1CF91,2012,92,0,0,0,0,1,0,0,0,0,1,0,0,1,0,0,0,0,0,0,0,0,0,0,1,0
61c9a0c0-7f27-11ee-a021-bbe4713468e2,2023,54,0,1,0,0,0,0,0,0,1,0,0,0,0,0,0,0,1,0,0,0,0,0,0,1,0
698DD436-3B6E-4F02-886D-2894EF211108,2012,62,0,0,0,0,1,0,0,0,0,1,0,0,1,0,0,0,0,0,0,0,0,0,0,1,0
698FDF91-F2A6-4A85-BA11-22C7648E895A,2010,92,0,0,0,0,0,1,0,0,0,1,0,0,0,1,0,0,0,0,0,0,0,0,0,1,0
D75B395D-A14F-4DD5-8E75-013A64A2C928,2023,61,1,1,0,0,0,0,0,0,1,0,0,0,0,0,0,0,1,0,0,0,0,0,0,1,1
6993575E-08F7-493A-9220-240004A394B5,2013,00,0,1,0,0,0,0,0,0,1,0,0,0,0,0,0,1,0,0,0,0,0,1,0,0,0
1e033310-05ad-11ec-a755-057d35a918cc,2018,00,0,0,0,0,0,1,0,0,0,1,0,0,0,1,0,0,0,0,0,0,0,0,0,1,0
699CA1CB-35C2-4239-9CC7-DA58229FEC0E,2012,61,0,0,0,0,0,1,0,0,0,1,0,0,0,1,0,0,0,0,0,0,0,0,1,0,0
69A77A6C-4169-4DA7-93F6-36FDAE52D796,2013,54,0,0,0,0,1,0,0,0,0,1,0,0,1,0,0,0,0,0,0,0,0,0,0,1,0
9bb29070-d56a-11e7-bfad-07ede9e0bc7c,2017,62,0,0,0,0,0,1,0,0,0,1,0,0,0,1,0,0,0,0,0,0,0,0,0,1,0
69B28D44-C81F-4047-8559-BD223D7BA24B,2010,92,0,0,0,0,1,0,0,0,0,1,0,0,1,0,0,0,0,0,0,0,0,0,0,1,0
4e03a620-6c8d-11e7-8419-7d473c8dcba3,2017,54,1,0,0,0,0,0,0,0,1,0,0,0,0,0,0,0,1,0,0,0,1,0,0,0,0
69B69F68-6262-4F51-AD98-FD9E286AA20E,2012,62,0,0,0,0,1,0,0,0,0,1,0,0,1,0,0,0,0,0,0,0,0,0,0,1,0
69B97DCB-5061-421A-A996-821D79CB04C9,2013,33,0,1,0,0,0,0,0,0,1,0,0,0,0,0,0,0,0,0,0,1,0,0,0,1,0
d045de80-a1d4-11ea-aa67-0b6b068266ad,2020,92,0,0,0,0,0,1,0,0,0,1,0,0,0,1,0,0,0,0,0,0,0,0,0,1,0
216a8c80-9d68-11e7-af90-45f1ceac3d54,2017,61,0,0,0,1,0,0,0,0,1,0,0,0,0,0,1,0,0,0,0,0,0,1,0,0,0
A95B4DA7-3607-4CDA-99C5-301818C997DE,2015,52,0,0,0,1,0,0,0,0,1,0,0,0,0,0,0,0,0,0,0,1,0,0,0,1,0
69E0CFE8-6E3C-43BE-B8F1-9E92AAAF7CDD,2012,61,0,0,1,0,0,0,0,0,1,0,0,0,0,0,0,0,0,1,0,0,0,0,0,1,0
69E287CA-638D-45CB-8AD1-1F57893DEE9C,2013,62,0,0,0,0,1,0,0,0,0,1,0,0,1,0,0,0,0,0,0,0,0,0,0,1,0
69E8F5D3-4E01-44A0-B438-DC4BF0189187,2013,00,0,0,0,0,1,0,0,0,0,1,0,0,1,0,0,0,0,0,0,0,1,0,0,0,0
69EBD143-25E4-44FD-8849-032A9F7D42E4,2006,62,0,0,0,1,0,0,0,0,0,1,0,0,0,0,1,0,0,0,0,0,0,0,0,1,0
69F9B082-81A8-4223-B246-852824CF0437,2013,00,0,1,0,0,0,0,0,0,1,0,0,0,0,0,0,1,0,0,0,0,1,0,0,0,0
69FAAF0D-31BB-4A5F-BDAD-6F45C2743314,2013,48,0,0,0,0,0,0,0,1,1,0,0,0,0,0,0,0,0,0,0,1,0,1,0,0,0
69FCB0F6-4AEC-4577-99FB-4851F1FE5BA8,2010,92,0,0,0,0,0,1,0,0,0,1,0,0,0,1,0,0,0,0,0,0,0,0,1,0,0
99686d90-0cd4-11eb-9ca0-972c112a0cb8,2020,56,0,1,0,0,0,0,0,0,1,0,0,0,0,0,0,1,0,0,0,0,1,0,0,0,0
6A13E255-CE39-4486-B8EC-2FD7A596AD20,2011,62,0,0,0,0,0,1,0,0,0,1,0,0,0,1,0,0,0,0,0,0,0,0,0,1,0
8f97c8a0-d5ed-11f0-8f89-6d14fba40689,2025,00,0,0,0,0,0,1,0,0,0,1,0,0,0,1,0,0,0,0,0,0,0,0,0,1,0
6A26AC2B-55E7-41F7-99F7-06F6CB870301,2013,72,0,0,0,0,0,1,0,0,0,1,0,0,0,1,0,0,0,0,0,0,0,0,0,1,0
a2d88230-0c70-11ea-bb2f-edf349509116,2019,61,1,0,0,0,0,0,0,1,1,0,0,0,0,0,0,0,1,0,0,0,0,0,1,0,0
9AC872D0-5F48-45DE-938E-6F649737855B,2015,44,0,0,0,0,1,0,0,0,0,1,0,0,1,0,0,0,0,0,0,0,0,0,0,1,0
6A2EC215-834B-421A-84DD-74B1EF95DB3B,2012,54,0,0,0,1,0,0,0,0,1,0,0,0,0,0,1,0,0,0,0,0,0,1,0,0,0
6A40C47D-D143-4CCA-AE83-D64FBE154E21,2013,00,1,1,0,0,0,0,0,0,1,0,0,0,0,0,0,0,1,0,0,0,0,1,0,0,0
423fded0-25c1-11eb-a3b1-07c4769263ea,2019,51,0,1,0,0,0,0,0,0,1,0,0,0,0,0,0,1,0,0,0,0,0,0,0,1,0
0E4F5487-1DFF-4A4E-9ABA-9786DDB0FA33,2023,61,1,1,0,0,0,0,0,0,1,0,0,0,0,0,0,0,1,0,0,0,0,0,0,1,1
f16254f0-2da1-11eb-8132-47626699b560,2020,00,1,0,0,0,0,0,0,0,1,0,0,0,0,0,0,0,1,0,0,0,0,0,0,1,0
1b450930-f6c9-11ea-b7b2-2361ceadc5c7,2020,51,0,0,0,0,0,1,0,0,0,1,0,0,0,1,0,0,0,0,0,0,0,0,0,1,0
C3205A2D-992C-4087-8FFA-35A7458B927E,2014,62,0,0,0,0,1,0,0,0,0,1,0,0,1,0,0,0,0,0,0,0,0,0,0,1,0
20b03600-a058-11ef-859f-c58fde63a385,2024,51,0,0,0,0,0,1,0,0,0,1,0,0,0,1,0,0,0,0,0,0,0,0,0,1,0
6e8216d0-72d2-11eb-a674-05cfd55ad89e,2019,62,0,1,1,0,0,0,0,0,1,0,0,0,0,0,0,0,0,1,0,0,0,0,0,1,0
6A5AEB65-2A7B-4877-9D8C-D757AE060B5F,2015,51,0,0,0,0,1,0,0,0,1,0,1,0,1,0,0,0,0,0,0,0,0,0,0,1,0
225edd30-359e-11ec-be76-613d00a742ca,2021,92,0,0,0,0,0,1,0,0,0,1,0,0,0,1,0,0,0,0,0,0,0,0,0,1,0
6A6EFCC3-0823-4F5F-9FC7-9A1704C837A3,2012,92,0,0,0,0,0,1,0,0,0,1,0,0,0,1,0,0,0,0,0,0,0,0,0,1,0
6A80F24F-20A7-48D1-BCF6-63A5C2BC1247,2013,61,0,0,0,0,0,1,0,0,0,0,1,0,0,0,1,0,0,0,0,0,0,0,0,1,0
5845C881-8D8C-4892-A4C8-BEF03B35E46D,2023,61,1,1,0,0,0,0,0,0,1,0,0,0,0,0,0,0,1,0,0,0,0,0,0,1,1
6A89C3DD-7A0E-42A9-9FA2-4C7FD30C7777,2013,51,0,1,0,0,0,0,0,0,1,0,0,0,0,0,0,1,0,0,0,0,1,0,0,0,0
6A90A881-B0E0-41F5-A8E1-BD70203FB226,2010,62,0,0,0,0,0,1,0,0,0,0,1,0,0,0,1,0,0,0,0,0,0,1,0,0,0
54224f30-9379-11e7-a11c-5542f7e3819f,2017,51,0,1,0,0,0,0,0,0,1,0,0,0,0,0,0,1,0,0,0,0,0,0,0,1,0
285B5198-C44E-4705-993D-BD67C76C1FB4,2023,52,1,1,0,0,0,0,0,0,1,0,0,0,0,0,0,0,1,0,0,0,0,0,0,1,1
135a4820-c34e-11e9-9e37-df5a0636e02f,2015,55,0,0,0,0,1,0,0,0,0,1,0,0,1,0,0,0,0,0,0,0,0,0,0,1,0
6AA78C32-C0F3-44BE-A5E5-22515E4D5A51,2011,92,0,0,0,0,1,0,0,0,0,1,0,0,1,0,0,0,0,0,0,0,0,0,0,1,0
dd3c0ab0-af66-11f0-a027-d955a4d2f085,2025,00,0,1,0,0,0,0,0,0,1,0,0,0,0,0,0,1,0,0,0,0,0,0,0,1,0
484959FB-9E89-41EB-86D5-D6238DC6698B,2015,92,0,0,0,0,0,1,0,0,0,1,0,0,0,1,0,0,0,0,0,0,0,0,0,1,0
6AB47FA2-1149-49A5-901F-ADA2E70CF6F6,2013,51,1,1,1,0,0,0,0,0,1,0,0,0,0,0,0,0,0,1,0,0,1,0,0,0,0
6ACA9BA4-7FDB-450D-8C48-F213FCC3914D,2013,61,0,1,0,0,0,0,0,0,1,0,0,0,0,0,0,1,0,0,0,0,1,0,0,0,0
6ACE3048-8684-48C7-97A2-D7A9FDC6351F,2013,62,0,0,0,0,1,0,0,0,0,1,0,0,1,0,0,0,0,0,0,0,0,0,0,1,0
CCBEFD24-C0EF-427A-A54D-BC7018C6F165,2015,00,0,0,0,1,0,0,0,0,1,0,0,0,0,0,0,0,0,0,0,1,0,0,0,1,0
6AD36141-ADEC-44F3-A224-4CE0B38716E4,2012,44,0,0,0,0,1,0,0,0,0,1,0,0,1,0,0,0,0,0,0,0,0,0,0,1,0
9adb1a10-4167-11ec-b81c-33d442e55df8,2019,51,0,1,0,0,0,0,0,0,1,0,0,0,0,0,0,1,0,0,0,0,0,0,0,1,0
005E7AB2-7DB5-4041-BD7D-7AB4583EAAB6,2016,61,0,0,0,0,0,1,0,0,0,1,0,0,0,1,0,0,0,0,0,0,0,0,0,1,0
6AE50671-71FF-465E-ACC8-6D6077E054B6,2013,92,0,0,0,0,1,0,0,0,0,1,0,0,1,0,0,0,0,0,0,0,0,0,0,1,0
6AE7D6BB-41E7-42B1-9DDC-3F9B8CC69A0B,2007,00,0,0,0,1,0,0,0,0,1,0,0,0,0,0,1,0,0,0,0,0,0,1,0,0,0
6AEEDDE9-CB91-4193-829A-6D73C586F535,2011,92,0,0,1,0,1,0,0,0,0,1,0,0,1,0,0,0,0,0,0,0,0,0,0,1,0
B785FFBB-E185-494A-AC7A-0CD5D40520C5,2012,52,0,0,0,0,1,0,0,0,0,1,0,0,1,0,0,0,0,0,0,0,0,0,0,1,0
6B04926D-E79A-4812-B06B-FE666EB603EB,2011,33,0,0,1,0,1,0,0,0,1,1,0,0,1,0,0,0,0,0,0,0,0,0,0,1,0
861139AA-B8E4-4317-BB92-D6B0E5D98F73,2015,92,0,0,0,0,1,0,0,0,0,1,0,0,1,0,0,0,0,0,0,0,0,0,0,1,0
6B0BE5F4-394B-4A69-949A-62216EC69A57,2014,00,0,1,0,0,0,0,0,0,1,0,0,0,0,0,0,1,0,0,0,0,1,0,0,0,0
430B633B-71C5-445B-91F2-A1324395EA04,2015,62,0,0,0,0,0,1,0,0,1,0,1,0,0,1,0,0,0,0,0,0,0,1,0,0,0
6B10FA61-EA69-4372-A895-A9E12CF1E793,2010,92,0,0,0,0,0,1,0,0,0,1,0,0,0,1,0,0,0,0,0,0,0,0,1,0,0
6B129FE7-323E-4EE5-996E-74120D07AF2C,2013,00,0,0,0,0,0,1,0,0,0,1,0,0,0,1,0,0,0,0,0,0,0,0,0,1,0
d33f0060-0c28-11ed-91ff-0b0a6a79f02d,2021,54,0,0,0,0,0,1,0,0,0,1,0,0,0,1,0,0,0,0,0,0,0,0,0,1,0
6B21D344-E831-469C-B243-839A5747F74F,2012,62,0,0,0,1,0,0,0,0,1,0,0,0,0,0,1,0,0,0,0,0,0,1,0,0,0
8d700a84-94fc-4d6c-949f-f5438dfa2f56,2024,51,0,1,0,0,0,0,0,1,1,0,0,0,0,0,0,0,1,0,0,0,0,0,0,1,0
5b83e780-e4a5-11eb-8ef6-fbb8d39928b9,2021,92,1,0,0,0,0,0,0,0,1,0,0,0,0,0,0,0,1,0,0,0,0,1,0,0,0
6B26C97A-BA8E-4B81-9EB9-BB59AB985F21,2012,45,1,1,0,0,0,0,0,0,1,0,0,0,0,0,0,0,1,0,0,0,0,0,0,1,0
CF69EFA4-DF7C-4360-992F-B6809214452E,2016,51,0,1,0,0,0,0,0,0,1,0,0,0,0,0,0,1,0,0,0,0,0,0,0,1,0
0728b850-a926-11e7-a3c5-dbae2580635b,2014,62,0,0,0,0,1,0,0,0,0,1,0,0,1,0,0,0,0,0,0,0,0,0,0,1,0
AE0FE1BC-A526-4BEF-A255-ECBEA75B7D54,2023,61,1,1,0,0,0,0,0,0,1,0,0,0,0,0,0,0,1,0,0,0,0,0,0,1,1
1a0d7c10-3024-11ec-a5c2-337d0141f916,2020,00,0,0,0,0,0,1,0,0,0,1,0,0,0,1,0,0,0,0,0,0,0,0,0,1,0
6B572E3A-4CAE-4E16-8080-DBC080ACF1F7,2015,45,0,1,0,0,0,0,0,0,1,0,0,0,0,0,0,1,0,0,0,0,0,0,0,1,0
feb40900-d967-11e7-8b17-fdfed30923dd,2015,62,0,1,0,0,0,0,0,0,1,0,0,0,0,0,0,1,0,0,0,0,0,0,0,1,0
6B5F3183-7FFB-4DFC-BB6E-F54D0B8D87F6,2008,51,0,1,1,0,0,0,0,0,1,0,0,0,0,0,0,0,0,1,0,0,1,0,0,0,0
7de1f140-8122-11e7-abf2-119fe288b6e8,2013,62,0,0,0,0,0,0,0,1,0,0,0,1,0,0,0,0,0,0,0,1,0,0,0,1,0
ae8aa450-8ccf-11e7-811e-83915e56fc98,2017,62,0,0,0,0,1,0,0,0,1,1,0,0,1,0,0,0,0,0,0,0,0,0,0,1,0
6B7B5616-3763-40B7-93A7-26BFE1E4D03A,2012,51,0,0,0,0,1,0,0,0,1,0,0,0,1,0,0,0,0,0,0,0,0,0,0,1,0
6B7B573D-9545-4AAF-99ED-C288D95815E6,2010,92,0,0,0,0,0,1,0,0,0,1,0,0,0,1,0,0,0,0,0,0,0,0,0,1,0
6B7B5C12-FBDF-4A51-BB77-30BC24CB11E8,2012,61,0,1,0,0,0,0,0,0,1,0,0,0,0,0,0,1,0,0,0,0,0,0,0,1,0
dfd87b10-f2aa-11ea-8781-7798bdcc4349,2020,92,0,0,0,0,0,1,0,0,0,1,0,0,0,1,0,0,0,0,0,0,0,0,0,1,0
6B9DDFF0-6F92-4504-AE19-B20251612925,2014,00,0,1,0,0,0,0,0,0,1,0,0,0,0,0,0,1,0,0,0,0,1,0,0,0,0
45b17c30-995c-11e7-a069-d9175a67bd3e,2017,00,0,0,0,1,0,0,0,0,1,0,0,0,0,0,1,0,0,0,0,0,0,0,0,1,0
6BA5B1DA-7892-4261-91EB-CFA9903EA22A,2014,05,0,1,0,0,0,0,0,0,1,0,0,0,0,0,0,1,0,0,0,0,1,0,0,0,0
6BA5FB99-7436-4984-B611-918C8D6928F2,2010,62,0,0,0,0,0,1,0,0,0,0,1,0,0,0,1,0,0,0,0,0,0,1,0,0,0
370535EB-31DA-4059-8879-0AE17BDA0B86,2023,61,1,1,0,0,0,0,0,0,1,0,0,0,0,0,0,0,1,0,0,0,0,0,0,1,1
6BA8500B-E6B3-48A0-88EC-8F3061ACFBC2,2012,45,0,1,0,0,0,0,0,0,1,0,0,0,0,0,0,1,0,0,0,0,0,0,0,1,0
6BAF1FC0-1110-47DD-B4F5-9FBCC2465CFB,2015,00,0,0,0,0,1,0,0,0,0,1,0,0,1,0,0,0,0,0,0,0,0,0,0,1,0
6BB82443-CD6F-4E7C-91CF-BC0C5FCE27D0,2011,62,0,0,0,0,0,1,0,0,0,1,0,0,0,0,1,0,0,0,0,0,0,1,0,0,0
4E55315D-3947-41A8-82D9-6B41043940B6,2015,44,0,0,0,1,0,0,0,0,1,0,0,0,0,0,0,0,0,0,0,1,0,0,0,1,0
6BCB60E7-4A1A-4700-A56B-2B9E6B006EC1,2013,33,0,1,0,0,0,0,0,0,1,0,0,0,0,0,0,0,1,0,0,0,0,1,0,0,0
9c59a8e0-04b7-11eb-8c43-8ded27596b66,2020,62,0,1,0,0,0,0,0,0,1,0,0,0,0,0,0,1,0,0,0,0,0,0,0,1,0
A1F553CC-7CE8-49E7-BF70-B32E769BD257,2023,61,1,1,0,0,0,0,0,0,1,0,0,0,0,0,0,0,1,0,0,0,0,0,0,1,1
6BD56CB2-69A1-4352-BA4B-8C87759777CD,2012,62,0,0,0,1,0,0,0,0,1,0,0,0,0,0,1,0,0,0,0,0,0,0,0,1,0
6BD9D7E8-2161-4F21-AEE0-C9C8A9EA0B9C,2012,81,0,1,0,0,0,0,0,0,1,0,0,0,0,0,0,0,1,0,0,0,0,0,0,1,0
6BDDEF81-6CF9-4EFD-97A3-5F409F77A22C,2010,92,0,0,0,0,0,1,0,0,0,1,0,0,0,1,0,0,0,0,0,0,0,0,1,0,0
61e3af70-d9e1-11e7-be42-df02fe7390b5,2017,62,0,1,0,0,0,0,0,0,1,0,0,0,0,0,0,0,0,0,0,1,0,0,0,1,0
B8DD505C-9A65-4EA7-9178-B9E8E5FB666B,2015,62,0,0,0,0,0,1,0,0,0,1,0,0,0,1,0,0,0,0,0,0,0,0,0,1,0
6BEB4BBE-4072-4D0A-8F74-75932C6DE3F4,2012,05,0,1,0,0,0,0,0,0,1,0,0,0,0,0,0,1,0,0,0,0,0,0,0,1,0
6BEC2472-EEA3-4C8F-A6F5-3F9FF517A857,2013,72,0,0,0,0,1,0,0,0,0,1,0,0,1,0,0,0,0,0,0,0,0,0,0,1,0
00204495-81A8-4D51-B4FE-896AA0F89DA2,2016,62,0,0,0,0,0,1,0,0,0,0,1,0,0,1,0,0,0,0,0,0,0,0,0,1,0
6BFE451A-C5EF-443A-A215-562E75692FB6,2015,62,0,0,0,1,0,0,0,0,1,0,0,0,0,0,1,0,0,0,0,0,0,1,0,0,0
B64BA4B7-71CB-477E-AA34-2D48582F12DF,2015,62,0,0,0,0,0,1,0,0,0,1,0,0,0,1,0,0,0,0,0,0,0,0,0,1,0
6C086FA3-5776-43E6-AE66-9C93038C125E,2011,92,0,0,0,0,1,0,0,0,0,1,0,0,1,0,0,0,0,0,0,0,0,0,0,1,0
6C0DD39E-CACA-4A65-B302-B45FCC1051E6,2012,62,0,0,0,1,0,0,0,0,1,0,0,0,0,0,1,0,0,0,0,0,0,0,0,1,0
6C0DFEEA-CEAD-4B6D-B537-D79D3F329E6D,2005,09,0,0,0,0,1,0,0,0,0,1,0,0,1,0,0,0,0,0,0,0,0,1,0,0,0
56C452C6-DC38-4BBC-A5A3-BE55C9B368D3,2015,62,1,1,0,0,0,0,0,0,1,0,0,0,0,0,0,0,1,0,0,0,0,0,0,1,0
7dc8dc10-6b0a-11e7-9b43-bf152d61c1c6,2017,44,0,0,0,1,0,0,0,0,1,0,0,0,0,0,0,0,0,0,0,1,0,0,0,1,0
90D509D0-159D-4995-B8FC-2A271936A47D,2023,61,1,1,0,0,0,0,0,0,1,0,0,0,0,0,0,0,1,0,0,0,0,0,0,1,1
6C262E6A-D447-4FE2-8C8C-4653586F850D,2010,92,0,0,0,0,0,1,0,0,0,1,0,0,0,1,0,0,0,0,0,0,0,0,1,0,0
7136f990-996e-11e7-a069-d9175a67bd3e,2017,00,1,0,0,0,0,0,0,0,1,0,0,0,0,0,0,0,1,0,0,0,0,1,0,0,0
FB2988C3-4ED9-4519-BD57-1CB2D68EA435,2023,61,1,1,0,0,0,0,0,0,1,0,0,0,0,0,0,0,1,0,0,0,0,0,0,1,1
413f2aa0-b34a-11e7-9a94-230655e65ca5,2017,61,0,1,0,0,0,0,0,0,1,0,0,0,0,0,0,0,1,0,0,0,0,0,0,1,0
6C3DD443-9390-4752-9C37-E625CF96A165,2013,62,0,0,0,0,0,1,0,0,0,1,0,0,0,1,0,0,0,0,0,0,0,0,0,1,0
36FC11FE-1C08-4552-BB69-BD0620DA3CFF,2016,92,0,0,0,0,0,1,0,0,0,1,0,0,0,1,0,0,0,0,0,0,0,0,0,1,0
942f6eba-f9a9-44fa-ae76-0d4d8aa0369d,2024,51,0,1,0,0,0,0,0,1,1,0,0,0,0,0,0,0,1,0,0,0,0,0,0,1,0
c2f135d0-e4a7-11e9-8cfd-bf57b38104b7,2019,61,1,0,0,0,0,0,0,0,1,0,0,0,0,0,0,0,1,0,0,0,0,1,0,0,0
2cbf1240-148b-11e9-9b0e-db2459a65ffe,2012,00,0,0,0,0,1,0,0,0,0,1,0,0,1,0,0,0,0,0,0,0,0,0,0,1,0
6C578D9B-FB98-4458-8805-E236C2A3661E,2014,81,0,0,0,1,0,0,0,0,1,0,0,0,0,0,1,0,0,0,0,0,0,0,0,1,0
2010f9f0-a92f-11e7-b732-299fe2e433d1,2009,62,0,0,0,0,1,0,0,0,0,1,0,0,1,0,0,0,0,0,0,0,0,0,0,1,0
6C6DCD1A-C5A6-44F6-97CC-4887EB254A62,2011,62,0,0,0,0,0,1,0,0,0,1,0,0,0,1,0,0,0,0,0,0,0,1,0,0,0
70CCA44E-4149-414A-B43A-4F384659D980,2023,61,1,1,0,0,0,0,0,0,1,0,0,0,0,0,0,0,1,0,0,0,0,0,0,1,1
6C791A9B-32B0-4715-979A-404603CF498B,2013,51,0,1,0,0,0,0,0,0,1,0,0,0,0,0,0,1,0,0,0,0,0,0,0,1,0
6C7F71CB-3D8F-410A-9097-82140A45AB8F,2012,62,0,0,0,0,1,0,0,0,0,1,0,0,1,0,0,0,0,0,0,0,0,0,0,1,0
6C85557D-F69F-402D-A382-68DDC7ACB211,2010,62,0,0,0,0,0,0,0,1,0,0,0,1,0,0,0,0,0,0,0,1,0,1,0,0,0
7DD7FE37-6860-4ED3-BCC0-F9A5DB6859E5,2015,62,0,0,0,0,1,1,0,0,0,1,0,0,0,1,0,0,0,0,0,0,0,0,0,1,0
6C947AFD-A17E-4DE9-8B4C-BCEF6F38A7C5,2013,51,0,1,0,0,0,0,0,0,1,0,0,0,0,0,0,1,0,0,0,0,0,0,0,1,0
6C95593C-AAF7-4B57-B440-2391D21DE50B,2011,92,0,0,0,0,1,0,0,0,0,1,0,0,1,0,0,0,0,0,0,0,0,0,0,1,0
c267e230-e3a0-11e7-8742-2bc46bd10713,2016,62,1,0,0,0,0,0,0,0,1,0,0,0,0,0,0,0,1,0,0,0,0,1,0,0,0
03c2a6a0-c585-11e7-b1e8-038804741a6b,2016,00,0,1,0,0,0,0,0,0,1,0,0,0,0,0,0,1,0,0,0,0,0,1,0,0,0
A9C68B33-01E6-445F-97EC-E1778489AE61,2015,62,0,0,0,0,0,1,0,0,0,1,0,0,0,1,0,0,0,0,0,0,0,0,0,1,0
6C9F0464-5BB6-4FA5-8680-5F6E180EF960,2011,52,0,0,0,0,1,0,0,0,0,1,0,0,1,0,0,0,0,0,0,0,0,0,0,1,0
c71a0de0-a92f-11e7-b732-299fe2e433d1,2017,62,0,0,0,0,1,0,0,0,0,1,0,0,1,0,0,0,0,0,0,0,0,0,0,1,0
F609B785-E35F-453C-9103-DB895E759C13,2014,72,0,0,0,1,0,0,0,0,0,1,0,0,0,0,0,0,0,0,0,1,0,0,0,1,0
6CB53E4A-7B25-4E90-8F23-81F1849DE456,2012,52,0,0,0,0,0,1,0,0,0,0,1,0,0,1,1,0,0,0,0,0,0,0,0,1,0
6CB79FD2-124E-4B68-A73D-4F58913EE1EB,2015,44,0,0,0,0,0,1,0,0,0,1,0,0,0,1,0,0,0,0,0,0,0,0,0,1,0
7dec58b0-80fa-11e7-8520-b5d4bef506ca,2017,61,0,0,0,0,0,1,0,0,0,1,0,0,0,1,0,0,0,0,0,0,0,0,0,1,0
6CCFDF1C-8B08-4967-8DDA-12BAAB0988DF,2013,07,0,0,0,0,1,0,0,0,0,1,0,0,1,0,0,0,0,0,0,0,0,0,0,1,0
6CD3426E-E26C-4ADC-8C7E-8FDB5216552B,2012,62,0,0,0,1,0,0,0,0,1,0,0,0,0,0,1,0,0,0,0,0,0,1,0,0,0
6CD3D8A0-306E-4BE6-8E9C-BC41C5297C55,2011,92,0,0,0,0,1,0,0,0,0,1,0,0,1,0,0,0,0,0,0,0,0,0,0,1,0
61B6CC94-6EDB-4A78-A70B-69115B2B96CE,2016,44,0,0,0,1,0,0,0,0,1,0,0,0,0,0,1,0,0,0,0,0,0,1,0,0,0
6CD44468-F59D-4F7A-9D88-C9DCEA743969,2011,62,0,0,0,0,0,1,0,0,0,1,0,0,0,0,1,0,0,0,0,0,0,1,0,0,0
110DDA0D-EBF2-4D29-995E-387D26696CF6,2015,00,0,0,0,0,1,0,0,0,0,1,0,0,1,0,0,0,0,0,0,0,0,0,0,1,0
6CE11E00-941D-4825-9886-761F7A4DF908,2015,62,0,0,0,0,0,1,0,0,0,1,0,0,0,1,0,0,0,0,0,0,0,0,0,1,0
21B54A8F-7A1C-4EDC-B760-305823797581,2016,00,0,0,0,1,0,0,0,0,1,0,0,0,0,0,0,0,0,0,0,1,0,0,0,1,0
3554d220-af6e-11f0-a027-d955a4d2f085,2024,00,1,1,0,0,0,0,0,0,1,0,0,0,0,0,0,0,1,0,0,0,0,0,0,1,0
6CFBB55E-6F0A-4BC3-B6A4-629797691554,2008,62,0,0,0,0,1,0,0,0,0,1,0,0,1,0,0,0,0,0,0,0,0,0,0,1,0
6D05399A-7834-43CD-B409-0C6E598CB608,2012,32,0,1,0,0,0,0,0,0,1,0,0,0,0,0,0,1,0,0,0,0,0,0,0,1,0
6D09C7AF-54AF-40A4-842C-D7DF6227AF49,2013,62,0,0,0,1,0,0,0,0,1,0,0,0,0,0,1,0,0,0,0,0,0,1,0,0,0
6D15AF63-ACB9-49F8-8047-A4B3D123D2FF,2013,00,0,1,0,0,1,0,0,0,0,0,1,0,1,0,0,1,0,0,0,0,0,0,0,1,0
6D17744C-1DB8-457C-BAE8-D444471275C0,2011,92,1,0,0,0,0,0,0,0,1,0,0,0,0,0,0,0,1,0,0,0,0,1,0,0,0
6D1AC1F7-42DD-47B2-AC0C-9E7A03C8A0BF,2011,62,0,0,0,0,0,1,0,0,0,1,0,0,0,1,0,0,0,0,0,0,0,0,0,1,0
39805260-a776-11e7-ae18-bd2df8850f54,2017,44,0,0,0,1,0,0,0,0,1,0,0,0,0,0,1,0,0,0,0,0,0,0,0,1,0
71811fd0-28ff-11e9-adf7-352895b3dcd2,2018,54,0,1,0,0,0,0,0,0,1,0,0,0,0,0,0,1,0,0,0,0,0,0,0,1,0
6D25710C-2A5A-4132-A4A1-707359437164,2012,56,0,1,0,0,0,0,0,0,1,0,0,0,0,0,0,0,0,0,0,1,0,0,0,1,0
6D281852-BD13-48D1-9A49-E4DECFB88063,2012,00,0,1,0,0,0,0,0,0,1,0,0,0,0,0,0,1,0,0,0,0,0,1,0,0,0
6D292041-B110-4AA4-8A5D-EE062A061B4B,2014,61,0,0,0,0,0,1,0,0,0,1,0,0,0,1,0,0,0,0,0,0,0,0,0,1,0
3cfb9fb0-35cb-11ed-9153-3540a8e4c67f,2020,62,1,0,0,0,0,0,0,1,1,0,0,0,0,0,0,0,1,0,0,0,1,0,0,0,0
6D2F56B9-6C27-4D38-9D97-8A026140F830,2013,61,0,1,0,0,0,0,0,0,1,0,0,0,0,0,0,0,1,0,0,0,1,0,0,0,0
b3da8ef0-a23d-11e8-ae61-0fc7f403e976,2018,62,0,0,0,1,1,0,0,0,0,1,0,0,1,0,1,0,0,0,0,0,0,0,0,1,0
b1fbffe0-995d-11e7-a069-d9175a67bd3e,2017,00,0,0,0,0,0,1,0,0,0,1,0,0,0,1,0,0,0,0,0,0,0,0,0,1,0
3c576660-8ccb-11e7-811e-83915e56fc98,2017,00,0,0,0,0,1,0,0,0,0,1,0,0,1,0,0,0,0,0,0,0,0,0,0,1,0
ED28D1A4-7182-4DFB-963B-7585CA13E6C7,2016,61,0,1,0,0,0,0,0,0,1,0,0,0,0,0,0,0,0,0,0,1,0,0,0,1,0
6D41BF5C-AD11-494E-A94D-C5F41A3A2413,2013,92,0,0,0,0,1,0,0,0,0,1,0,0,1,0,0,0,0,0,0,0,0,0,0,1,0
6D4A5799-88D3-411E-B6DD-9CE2DE5546AF,2012,62,0,0,0,1,0,0,0,0,1,0,0,0,0,0,1,0,0,0,0,0,0,1,0,0,0
6D4D9E3C-FF07-481B-ADBC-53168E29FEAE,2013,72,0,0,0,0,1,0,0,0,0,1,0,0,1,0,0,0,0,0,0,0,0,0,0,1,0
3b2a2b90-9046-11e8-8b32-9bc4732308c2,2018,92,0,0,0,1,1,0,0,0,0,1,0,0,1,0,1,0,0,0,0,0,0,0,0,1,0
7e58cfa0-b34e-11e7-9de8-4bde146bf807,2015,52,0,0,0,1,0,0,0,0,1,0,0,0,0,0,0,0,0,0,0,1,0,0,0,1,0
6D60E042-36C7-4D4E-AC87-F2BF8A2FB5CF,2012,92,0,0,0,0,1,0,0,0,0,1,0,0,1,0,0,0,0,0,0,0,0,0,0,1,0
6D6B2D40-1247-4701-9A4D-793C0291AE3B,2012,33,0,0,0,0,1,0,0,0,0,1,0,0,1,0,0,0,0,0,0,0,0,1,0,0,0
c8d948e0-decb-11e7-aa62-a96e008cbc03,2017,22,0,0,1,0,0,0,0,0,1,0,0,0,0,0,0,0,0,1,0,0,0,1,0,0,0
6D7B8F2B-F990-40AA-9358-2C8EA4A6DCB5,2015,62,0,0,0,1,0,0,0,0,1,0,0,0,0,0,1,0,0,0,0,0,0,1,0,0,0
4B260809-1C59-4634-8411-470FF7E0E48D,2011,51,0,0,0,0,1,0,0,0,1,1,0,0,1,0,0,0,0,0,0,0,0,0,0,1,0
6D8F4359-D96E-4389-BB70-8E7DF55FFBF2,2013,62,0,0,0,0,0,1,0,0,0,1,0,0,0,1,0,0,0,0,0,0,0,0,0,1,0
6D9658BF-2960-47C9-989B-83804B8AE25D,2013,81,0,0,0,1,0,0,0,0,1,0,1,0,0,0,1,0,0,0,0,0,0,1,0,0,0
FAE70058-21AB-4C3C-A0C9-7360A405B9B9,2023,54,1,1,0,0,0,0,0,0,1,0,0,0,0,0,0,0,1,0,0,0,0,0,0,1,1
6DA80E03-26C7-48F0-BF6B-D65C7CFE530D,2014,62,0,0,0,0,1,0,0,0,0,0,1,0,1,0,0,0,0,0,0,0,0,0,0,1,0
4A58028D-6B5A-43B3-8913-6FF37ED4E532,2015,62,1,1,0,0,0,0,0,0,1,0,0,0,0,0,0,0,1,0,0,0,0,0,0,1,0
6DB23568-E73C-4E92-975D-3366D3C13C83,2010,71,0,1,0,0,0,0,0,0,1,0,0,0,0,0,0,0,0,0,0,1,0,0,0,1,0
6DB30869-87FF-42AB-BFBF-E40ED9CC9E44,2012,52,0,1,0,0,0,0,0,0,1,0,0,0,0,0,0,1,0,0,0,0,0,0,0,1,0
6DB60D29-FC6F-4840-9C2D-6DED22C1210E,2012,00,0,0,0,0,0,1,0,0,0,1,0,0,0,0,1,0,0,0,0,0,0,1,0,0,0
6DBBA0C7-0BC9-4CB5-A18F-F20D108C8A8E,2014,62,0,0,0,0,0,1,0,0,0,1,0,0,0,1,0,0,0,0,0,0,0,1,0,0,0
6DCAC08F-4602-4273-897F-ACF1592F4A2A,2015,72,0,0,0,0,1,0,0,0,0,1,0,0,1,0,0,0,0,0,0,0,0,1,0,0,0
6DCD8270-C3F4-485B-B542-C6DC8C413BF1,2013,92,0,0,0,0,0,1,0,0,0,1,0,0,0,1,0,0,0,0,0,0,0,0,0,1,0
6DD06240-746C-4AC3-BEE4-9420B10A41B4,2012,72,0,0,0,0,1,0,0,0,0,1,0,0,1,0,0,0,0,0,0,0,0,0,0,1,0
BF15B24A-2156-437A-8BDB-E4FC8278FC9F,2023,61,1,1,0,0,0,0,0,0,1,0,0,0,0,0,0,0,1,0,0,0,0,0,0,1,1
6DE4D114-AE14-4016-8495-8E432B1FB6D7,2013,52,0,0,0,0,1,0,0,0,0,1,0,0,1,0,0,0,0,0,0,0,0,0,0,1,0
C09DEFC0-F792-4ACD-A7A0-6A0960FC27EE,2016,62,0,0,0,0,0,1,0,0,0,1,0,0,0,1,0,0,0,0,0,0,0,1,0,0,0
EBF16BAA-92CF-49B0-AC31-B8BD65CE33FE,2023,72,1,1,0,0,0,0,0,0,1,0,0,0,0,0,0,0,1,0,0,0,0,0,0,1,1
06932B54-3695-48DC-B036-00D7827BDE6B,2023,61,1,1,0,0,0,0,0,0,1,0,0,0,0,0,0,0,1,0,0,0,0,0,0,1,1
6E1EBEA2-F164-4710-90E3-D3594B97149D,2014,06,0,0,0,1,0,0,0,0,1,0,0,0,0,0,1,0,0,0,0,0,0,0,0,1,0
6E2042E9-E3DA-4EBD-B887-F171D34E9F31,2010,92,0,0,0,0,0,1,0,0,0,1,0,0,0,1,0,0,0,0,0,0,0,0,1,0,0
6E2065F8-0D5A-4B07-859E-45A9C98EFC2D,2013,61,0,1,0,0,0,0,0,0,1,0,0,0,0,0,0,0,0,0,0,1,0,1,0,0,0
e0768610-e0ae-11ef-bb83-fdfe95aef2b7,2024,00,0,1,0,0,0,0,0,0,1,0,0,0,0,0,0,0,0,0,0,1,0,0,0,1,0
84D3682A-F418-4F8F-9E32-18FEE24D62B4,2016,72,1,1,0,0,0,0,0,0,1,0,0,0,0,0,0,0,1,0,0,0,0,0,0,1,0
6E32CBC0-D262-465E-9D89-A7B007A9CBB0,2014,52,0,0,0,0,0,0,0,1,0,0,0,1,0,0,0,0,0,0,0,1,0,0,0,1,0
2CCED73F-C7D3-4458-9D32-6A8ACD641B56,2023,61,1,1,0,0,0,0,0,0,1,0,0,0,0,0,0,0,1,0,0,0,0,0,0,1,1
6E4B2241-960D-4997-9677-1CB019D18EA5,2014,62,0,0,0,0,1,0,0,0,0,1,0,0,1,0,0,0,0,0,0,0,0,0,0,1,0
6E4E46A3-927F-4C0D-BCCB-BE3240FC9D53,2012,62,0,0,0,1,0,0,0,0,1,0,0,0,0,0,1,0,0,0,0,0,0,0,0,1,0
6E4E68A1-C346-47E3-99DC-FDDF4F7DE19F,2012,61,0,1,0,0,0,0,0,0,1,0,0,0,0,0,0,1,0,0,0,0,0,0,0,1,0
860e1870-c4a8-11e7-9a8b-47d1b690bc01,2017,00,0,0,0,0,0,1,0,0,0,0,1,0,0,1,0,0,0,0,0,0,0,0,0,1,0
6E53D63D-DFE5-42DF-AC71-5A089C156A44,2015,51,0,0,1,0,0,0,0,0,1,0,0,0,0,0,0,0,0,1,0,0,0,0,0,1,0
35a30010-8565-11ee-898d-0f9c5bf59690,2023,00,0,0,0,0,0,1,0,0,0,1,0,0,0,1,0,0,0,0,0,0,0,0,0,1,0
A9984DC0-6ED0-4074-9AEC-1138EBE4F5CC,2023,61,1,1,0,0,0,0,0,0,1,0,0,0,0,0,0,0,1,0,0,0,0,0,0,1,1
6E628248-F9D0-4696-B17E-B67C9F9CECAE,2013,00,0,1,0,0,0,0,0,0,1,0,0,0,0,0,0,1,0,0,0,0,1,0,0,0,0
6E711901-E481-4CEB-B430-46D86FAF8CD3,2014,00,0,0,0,1,0,0,0,0,0,0,0,1,0,0,0,0,0,0,0,1,0,0,0,1,0
6E762062-B7D8-429D-BD50-C041AF461C37,2015,62,0,0,0,1,0,0,0,0,1,0,0,0,0,0,1,0,0,0,0,0,0,1,0,0,0
6E7C7477-939B-431C-BFF0-274868332326,2013,49,0,0,0,0,1,0,0,0,0,1,0,0,1,0,0,0,0,0,0,0,0,0,0,1,0
6E8FAF73-96B6-41AB-AA5D-2B631004CD06,2013,54,0,1,0,0,0,0,0,0,1,0,0,0,0,0,0,0,0,0,0,1,0,0,0,1,0
0E1B2EAE-BB01-4219-9675-506D84521DFF,2016,44,0,0,0,0,0,1,0,0,0,1,0,0,0,1,0,0,0,0,0,0,0,0,0,1,0
cd86aef0-7c60-11e7-8ec0-e369e9638092,2017,44,0,1,0,0,0,0,0,0,1,0,0,0,0,0,0,1,0,0,0,0,0,0,0,1,0
6E9676F6-6D70-43B3-987F-974675F5037A,2013,00,0,0,0,0,0,1,0,0,0,1,0,0,0,1,0,0,0,0,0,0,0,0,0,1,0
50244a90-35d3-11ec-be76-613d00a742ca,2021,33,1,0,0,0,0,0,0,0,1,0,0,0,0,0,0,0,1,0,0,0,0,0,0,1,0
6EB18CB5-763F-47BF-8418-94ADBA1A22F6,2013,00,0,0,0,0,0,1,0,0,0,1,0,0,0,1,0,0,0,0,0,0,0,0,0,1,0
6EB866F3-D876-4704-BFD6-4AE4CB467C43,2013,92,0,1,0,0,0,0,0,0,1,0,0,0,0,0,0,1,0,0,1,0,1,0,0,0,0
b927b520-250a-11eb-af35-ed9bb3f10d5f,2020,00,0,0,0,0,0,1,0,0,0,1,0,0,0,1,0,0,0,0,0,0,0,0,0,1,0
A3CF084D-E41F-462B-84F7-1C8C4B804640,2023,61,1,1,0,0,0,0,0,0,1,0,0,0,0,0,0,0,1,0,0,0,0,0,0,1,1
fdba8b10-af68-11e7-b9c1-d3b3b0fdcbd2,2017,00,0,0,0,0,1,0,0,0,0,1,0,0,1,0,0,0,0,0,0,0,0,0,0,1,0
6ED63312-97CC-4701-99E0-19F6795E8DC1,2008,00,0,0,0,0,1,0,0,0,0,1,0,0,1,0,0,0,0,0,0,0,0,0,0,1,0
6EDF5178-3809-4611-B25E-A550246F4E72,2012,00,0,0,0,0,0,1,0,0,0,1,0,0,0,0,1,0,0,0,0,0,0,1,0,0,0
b6452210-0939-11e8-bbae-ed39c73f1398,2017,45,0,1,0,0,0,0,0,0,1,0,0,0,0,0,0,1,0,0,0,0,0,0,0,1,0
1a823110-780a-11ee-a9cf-35532141bb65,2022,92,0,1,0,0,0,0,0,0,1,0,0,0,0,0,0,1,1,0,0,0,0,0,0,1,0
247870a0-3278-11ec-a962-0f8a4d8d5131,2021,54,1,0,0,0,0,0,0,0,1,0,0,0,0,0,0,0,1,0,0,0,0,1,0,0,0
cd290890-9726-11e8-8342-0f8f10fcd812,2018,53,0,0,0,0,1,0,0,0,0,1,0,0,1,0,0,0,0,0,0,0,0,0,0,1,0
CDDDBE43-3D93-4D66-9EAE-5351DBDC86AA,2015,52,0,0,0,1,0,0,0,0,0,1,0,0,0,0,0,0,0,0,0,1,0,0,0,1,0
6F104F02-564F-4D70-85A8-F4D6B16E266E,2014,52,0,0,0,0,0,1,0,0,0,1,0,0,0,1,0,0,0,0,0,0,0,0,0,1,0
0FE6EC4E-928F-44C3-BEE6-05780E718F5F,2015,62,0,0,0,1,1,0,0,0,0,1,0,0,0,0,1,0,0,0,0,0,0,0,0,1,0
1AB04666-B499-4A7E-BC48-703FB9DC4168,2023,52,1,1,0,0,0,0,0,0,1,0,0,0,0,0,0,0,1,0,0,0,0,0,0,1,1
C6E2664A-4AA2-447F-A74B-774450571D11,2016,22,0,0,1,0,1,0,0,0,1,1,0,0,0,0,0,0,0,1,0,0,0,0,0,1,0
6F325081-CC1F-46F3-9C77-FA57BE5E513D,2013,72,0,1,0,0,0,0,0,0,1,0,0,0,0,0,0,0,1,0,0,0,0,0,0,1,0
6F33C831-FD34-4875-ADBB-C5AD1A9ED2A0,2012,05,0,0,0,0,0,1,0,0,0,1,0,0,0,1,0,0,0,0,0,0,0,0,0,1,0
2314def0-9d59-11e7-88fd-d58755d0feda,2015,92,0,0,0,0,0,1,0,0,0,1,1,0,0,1,0,0,0,0,0,0,0,0,0,1,0
3BA43505-A254-4322-B1A8-52676CB03B9C,2016,62,1,1,0,0,0,0,0,0,1,0,0,0,0,0,0,0,1,0,0,0,0,0,0,1,0
6F45152E-A12F-42C2-82D1-290AE906895F,2013,54,0,0,0,1,0,0,0,0,1,0,0,0,0,0,1,0,0,0,0,0,0,1,0,0,0
887bbf60-c5a0-11e7-8053-ff1e84d2b694,2017,62,0,0,0,0,1,0,0,0,0,1,0,0,1,0,0,0,0,0,0,0,0,0,0,1,0
80864D27-8AD1-449E-B21F-F251FA933375,2016,62,0,0,1,0,0,0,0,0,1,0,0,0,0,0,0,0,0,1,0,0,0,0,0,1,0
1E17954F-79AD-4318-9C28-79011D3A5612,2015,81,0,1,0,0,0,0,0,0,1,0,0,0,0,0,0,0,1,0,0,0,0,0,0,1,0
6F56D02A-E8D5-4172-A3CF-01D51CEDA865,2013,62,0,0,0,1,0,0,0,0,1,0,0,0,0,0,1,0,0,0,0,0,0,0,0,1,0
ae5dc830-6577-11ef-bf5d-c7aac65e2994,2023,62,1,0,0,0,0,0,0,1,1,0,0,0,0,0,0,0,1,0,0,0,0,0,0,1,0
6F5D3214-1E7A-49D7-A241-E98C9259589C,2014,51,0,1,0,0,0,0,0,0,1,0,0,0,0,0,0,0,1,0,0,0,1,0,0,0,0
6F6087AA-2509-4EE2-83CF-FA96B910E654,2012,00,0,1,0,0,0,0,0,0,1,0,0,0,0,0,0,1,0,0,0,0,0,0,0,1,0
6F6B5142-25B7-46D8-B703-76ABF067D00C,2012,00,0,0,0,1,0,0,0,0,1,0,0,0,0,0,1,0,0,0,0,0,0,1,0,0,0
8A48011D-0892-43F1-A321-8BC8B5C8B90D,2023,61,1,1,0,0,0,0,0,0,1,0,0,0,0,0,0,0,1,0,0,0,0,0,0,1,1
6F7B09DA-2508-4B05-82A1-F70365A8EF10,2014,62,0,0,0,1,0,0,0,0,1,0,0,0,0,0,1,0,0,0,0,0,0,1,0,0,0
ce1fdea0-1ae9-11ec-8477-47d0f236e203,2021,45,0,0,0,0,0,1,0,0,0,1,0,0,0,1,0,0,0,0,0,0,0,0,0,1,0
bf5bbc20-a9e3-11e7-bafd-1552bcc84b5b,2016,44,0,0,0,1,0,0,0,0,1,0,0,0,0,0,0,0,0,0,0,1,0,1,0,0,0
1584fe70-6b07-11e7-9b43-bf152d61c1c6,2017,61,1,0,0,0,0,0,0,0,1,0,0,0,0,0,0,0,1,0,0,0,1,0,0,0,0
6F9F266A-BE6A-4FFE-82C4-510D55C75E89,2012,92,0,0,0,0,0,1,0,0,0,1,0,0,0,1,0,0,0,0,0,0,0,0,0,1,0
6FA25B24-A227-45A0-9664-BA4601C64829,2009,62,0,0,0,0,1,0,0,0,0,1,0,0,1,0,0,0,0,0,0,0,0,0,0,1,0
9745352C-247F-4487-89BC-3F26EBDA2753,2016,52,0,0,0,0,1,0,0,0,0,1,0,0,1,0,0,0,0,0,0,0,0,1,0,0,0
6FA5ACA4-4951-4E63-954D-CF3DB0F4016D,2013,92,0,0,0,0,0,1,0,0,0,1,0,0,0,1,0,0,0,0,0,0,0,1,0,0,0
6FAD9B90-9C57-456A-A2B5-6C379CA58834,2011,06,0,0,0,1,0,0,0,0,1,0,0,0,0,0,1,0,0,0,0,0,0,1,0,0,0
6FB404A8-6611-4EA2-9B05-F685BAF210A6,2012,62,0,0,0,1,0,0,0,0,1,0,0,0,0,0,1,0,0,0,0,0,0,1,0,0,0
6FB8D06D-DDE6-4D66-B61F-F0E15196ACCD,2014,62,0,0,0,0,1,0,0,0,1,0,0,0,1,0,0,0,0,0,0,0,0,1,0,0,0
6FBE7156-1272-402A-BA4C-5A23A7D0C4D9,2013,62,0,0,0,0,0,1,0,0,0,1,0,0,0,1,1,0,0,0,0,0,0,0,0,1,0
6FC046B3-F684-485D-8760-0493B865ED9D,2009,05,0,0,0,1,1,0,0,0,0,1,0,0,1,0,0,0,0,0,0,0,0,0,0,1,0
d942ffe0-2398-11eb-a2fc-cdee479fbead,2016,52,0,0,1,0,1,0,0,0,1,1,0,0,1,0,0,0,0,1,0,0,0,0,0,1,0
6FD229BD-D270-435E-ADA3-BF449E35A196,2012,92,0,0,0,0,0,1,0,0,0,1,0,0,0,1,0,0,0,0,0,0,0,0,0,1,0
6FD8D4E8-2CFC-47D4-BBED-7EBAD5A4BCB7,2007,62,0,0,0,0,0,1,0,0,0,0,1,0,0,1,0,0,0,0,0,0,0,0,0,1,0
6FDFCBC8-D017-41DE-A7D6-3F7975E550B9,2013,62,0,0,0,1,0,0,0,0,1,0,0,0,0,0,1,0,0,0,0,0,0,1,0,0,0
6FEB644A-AA8F-471C-8B6B-86D671F73EA2,2013,51,1,0,0,0,0,0,0,0,0,1,0,0,0,0,0,0,1,0,0,0,0,1,0,0,0
6FFAFFAD-6545-4B89-9ECC-FA86557A46BF,2013,62,0,0,0,0,1,0,0,0,0,1,0,0,1,0,0,0,0,0,0,0,0,0,0,1,0
6FFCE6C6-6C12-4DED-A2B8-66DF9EC5F6A5,2012,92,1,1,1,0,0,0,0,0,1,0,0,0,0,0,0,0,0,1,0,0,0,0,0,1,0
70004333-E226-4B6C-BA4F-662DD995910F,2010,92,0,0,0,0,0,1,0,0,0,1,0,0,0,1,0,0,0,0,0,0,0,0,1,0,0
61f30dd0-df83-11ea-b677-2b9ec926ea06,2015,09,0,0,0,0,0,0,1,0,1,0,0,0,0,0,0,0,0,0,0,1,0,0,0,1,0
7007688A-41A8-4F55-BFA2-C0CEC47F05D1,2012,62,0,0,0,0,0,1,0,0,0,0,1,0,0,1,0,0,0,0,0,0,0,0,0,1,0
700990E5-25F8-48DF-A176-5B6CCD5142FE,2013,62,0,0,0,1,0,0,0,0,1,0,0,0,0,0,1,0,0,0,0,0,0,1,0,0,0
700A72DF-9C84-4E16-95A0-F6E0E95583E6,2013,54,0,0,0,0,1,0,0,0,0,1,0,0,1,0,0,0,0,0,0,0,0,1,0,0,0
0867EF91-E13F-46D0-B601-5B7ED0608693,2023,61,1,1,0,0,0,0,0,0,1,0,0,0,0,0,0,0,1,0,0,0,0,0,0,1,1
7019DB5A-D535-4C68-9FCC-DE62087BD64F,2013,06,0,0,0,0,1,0,0,0,0,1,0,0,1,0,0,0,0,0,0,0,0,0,0,1,0
701ED674-99AF-48A3-8D10-13D29A03A151,2014,62,0,0,0,0,1,0,0,0,0,1,0,0,1,0,0,0,0,0,0,0,0,0,0,1,0
01751630-b347-11e7-9de8-4bde146bf807,2017,44,0,0,0,1,0,0,0,0,1,0,0,0,0,0,0,0,0,0,0,1,0,1,0,0,0
702815B6-AE9E-4CDE-B546-9B39C2A02F79,2010,92,0,0,0,0,0,1,0,0,0,1,0,0,0,1,0,0,0,0,0,0,0,0,1,0,0
7032A74E-FF49-491E-95D4-1EF6B3CC7406,2012,92,1,1,1,0,0,0,0,0,1,0,0,0,0,0,0,0,0,1,0,0,0,0,0,1,0
703A334E-0F5C-43AC-8372-8D2546564813,2013,92,0,0,0,0,0,1,0,0,0,1,0,0,0,1,0,0,0,0,0,0,0,0,0,1,0
703D5187-7D5D-4471-A541-630C9554634B,2013,62,0,1,0,0,0,0,0,0,1,0,0,0,0,0,0,0,0,0,0,1,0,0,0,1,0
703D827B-8FA2-40A4-AC91-FE17DAC6B7F9,2010,92,0,0,0,1,0,0,0,0,1,0,0,0,0,0,1,0,0,0,0,0,0,1,0,0,0
703E6593-E90B-4811-BA22-FBBB884706EA,2010,92,0,0,0,0,0,0,0,1,0,0,0,1,0,0,0,0,0,0,0,1,0,1,0,0,0
703FEB41-FC12-4EB5-96DB-64ED896DBB2E,2010,62,0,0,0,1,0,0,0,0,1,0,0,0,0,0,1,0,0,0,0,0,0,1,0,0,0
70413C83-8E3B-444B-BEA2-472F52D5B1F4,2010,62,0,0,0,1,0,0,0,0,1,0,0,0,0,0,1,0,0,0,0,0,0,1,0,0,0
704DE8F6-B287-4FB5-A4AE-1C368C15D84D,2013,92,0,1,0,0,0,0,0,0,1,0,0,0,0,0,0,1,0,0,0,0,1,0,0,0,0
705B8294-3FF5-4BB3-A366-A3DB254FCCF4,2012,42,0,1,0,0,0,0,0,0,1,0,0,0,0,0,0,1,0,0,0,0,0,0,0,1,0
fa8e89d0-bd9d-11e7-822d-6d41de439a88,2017,61,0,0,0,0,1,0,0,0,0,1,0,0,1,0,0,0,0,0,0,0,0,0,1,0,0
45dcfdf0-d963-11e7-8b17-fdfed30923dd,2017,00,0,0,0,0,1,0,0,0,0,1,0,0,1,0,0,0,0,0,0,0,0,0,0,1,0
EE8B7740-CCEE-4EE1-8D82-7E096DE58825,2023,52,1,1,0,0,0,0,0,0,1,0,0,0,0,0,0,0,1,0,0,0,0,0,0,1,1
70857BCE-8328-4689-9995-81DDEC589F6C,2010,62,0,0,0,1,0,0,0,0,1,0,0,0,0,0,1,0,0,0,0,0,0,1,0,0,0
70915971-1474-41AB-937A-C062EB7D558D,2013,92,0,1,0,0,0,0,0,0,1,0,0,0,0,0,0,1,0,0,0,0,0,0,0,1,0
7091A44E-FBDE-4E74-9334-963EC3B8FF86,2015,52,0,0,0,1,0,0,0,0,0,0,0,1,0,0,0,0,0,0,0,1,0,0,0,1,0
147d3de0-467a-11ed-9a6c-911ade1670b5,2021,54,0,1,1,0,0,0,0,0,0,1,0,0,0,0,0,1,0,1,0,0,0,0,0,1,0
7093E6AD-E7FC-48ED-AB16-E0BCB1E768D7,2013,51,0,1,0,0,0,0,0,0,1,0,0,0,0,0,0,1,0,0,0,0,0,0,0,1,0
463F459B-3F1E-4595-B2B3-EA171588CC26,2023,61,1,1,0,0,0,0,0,0,1,0,0,0,0,0,0,0,1,0,0,0,0,0,0,1,1
EE5F5142-A7B3-446E-8A95-350F6BA51837,2016,92,0,0,0,0,1,0,0,0,0,1,0,0,1,0,0,0,0,0,0,0,0,0,0,1,0
70A24128-7490-4FF5-8007-3AF415EC0C9A,2012,92,0,0,0,0,0,1,0,0,0,1,0,0,0,1,0,0,0,0,0,0,0,0,0,1,0
70AE5FF8-CEB6-40B2-9014-F0405E533BE1,2014,92,0,0,0,0,0,1,0,0,0,1,0,0,0,1,0,0,0,0,0,0,0,0,0,1,0
5268e840-970f-11e7-a11c-5542f7e3819f,2017,51,0,1,0,0,0,0,0,0,1,0,0,0,0,0,0,1,0,0,0,0,0,0,0,1,0
7C600AF0-F4D2-4482-AB0F-6C965A2EDB15,2015,62,0,1,1,0,0,0,0,0,1,0,0,0,0,0,0,0,0,1,0,0,0,0,0,1,0
fe536a10-034f-11e9-aee0-f7420d4f3238,2018,52,0,0,0,1,0,0,0,0,1,0,0,0,0,0,0,0,0,0,0,1,0,0,0,1,0
70D6F5D8-F9F2-4414-99F5-0B0DB7D57227,2014,00,0,1,0,0,0,0,0,0,1,0,0,0,0,0,0,0,0,0,1,0,1,0,0,0,0
81A0B15E-D2A7-4A06-8756-859E96018213,2023,61,1,1,0,0,0,0,0,0,1,0,0,0,0,0,0,0,1,0,0,0,0,0,0,1,1
08d700e0-0a49-11ea-9821-617d71ee6253,2019,54,0,0,0,0,0,1,0,0,0,1,0,0,0,1,0,0,0,0,0,0,0,0,0,1,0
70EB2D8F-14B6-4767-8DAA-5789B43A1628,2012,48,0,0,0,1,0,0,0,0,1,0,0,0,0,0,1,0,0,0,0,0,0,1,0,0,0
70F8E7DD-AC06-4756-BAFD-B58F509892DD,2013,62,0,0,0,0,1,0,0,0,0,1,0,0,1,0,0,0,0,0,0,0,0,0,0,1,0
2aec3910-e9d9-11e9-bcf0-459173902f03,2018,52,0,0,0,0,0,0,0,1,0,0,0,1,0,0,0,0,0,0,0,1,0,0,0,1,0
4E45EF0C-9307-4C97-B17B-409F5F1EA964,2023,61,1,1,0,0,0,0,0,0,1,0,0,0,0,0,0,0,1,0,0,0,0,0,0,1,1
0190acb0-b476-11e9-b6ed-d1eb4820968c,2019,51,1,0,0,0,0,0,0,0,1,0,0,0,0,0,0,0,1,0,0,0,1,0,0,0,0
3bf32960-8c3f-11e8-bc15-3f53b8a95c12,2018,62,0,0,0,0,0,1,0,0,0,1,0,0,0,1,0,0,0,0,0,0,0,0,0,1,0
15b5c460-d560-11e7-bfad-07ede9e0bc7c,2017,92,0,0,0,1,0,0,0,0,1,0,0,0,0,0,1,0,0,0,0,0,0,1,0,0,0
3d8706d0-1d06-11ea-b94e-893211cca703,2018,00,0,0,0,0,1,0,0,0,0,1,0,0,1,0,0,0,0,0,0,0,0,0,0,1,0
F0FA33C9-1FBB-4CB9-B517-906D5DACA41E,2015,52,0,1,0,1,0,0,0,0,1,0,0,0,0,0,1,0,0,0,0,0,0,0,0,1,0
7124DCE6-7EFC-41A6-B42A-327AB259F76B,2013,92,0,1,0,0,0,0,0,0,1,0,0,0,0,0,0,1,0,0,0,0,1,0,0,0,0
712A4955-8DDC-45C5-8419-150849676057,2013,00,0,0,0,1,0,0,0,0,1,0,0,0,0,0,1,0,0,0,0,0,0,1,0,0,0
367D4172-49A3-492E-BC69-CE3F741962CC,2016,00,0,0,0,0,1,0,0,0,0,1,0,0,1,0,0,0,0,0,0,0,0,0,0,1,0
712C726D-887B-4E98-9299-FE409EB68087,2013,92,0,0,0,0,1,0,0,0,0,1,0,0,1,0,0,0,0,0,0,0,0,0,0,1,0
7133BB82-0DA2-4F38-AAC7-922BDE08C15B,2014,06,0,0,0,0,0,1,0,0,0,1,0,0,0,1,0,0,0,0,0,0,0,0,0,1,0
ED61FA9D-22DB-4DCE-B740-1BE716107BF2,2016,92,0,0,0,0,0,1,0,0,0,1,0,0,0,1,0,0,0,0,0,0,0,0,0,1,0
7153A4A7-4628-4B73-A015-7A0DE68DB59E,2012,62,0,0,0,1,0,0,0,0,1,0,0,0,0,0,1,0,0,0,0,0,0,1,0,0,0
712016a0-4597-11ed-9a6c-911ade1670b5,2022,62,1,1,0,0,0,0,0,1,1,0,0,0,0,0,0,0,1,0,0,0,0,0,0,1,0
716477BE-41AA-4EE3-9596-AA38C2811DA3,2010,00,0,0,0,0,0,1,0,0,0,0,1,0,0,0,1,0,0,0,0,0,0,1,0,0,0
71654763-C66E-40A3-BAE3-3C7C756ADCF3,2013,00,0,0,0,0,1,0,0,0,0,1,0,0,1,0,0,0,0,0,0,0,0,0,0,1,0
716C6ECC-CA3E-4E26-AACB-94459F86AF83,2012,92,0,0,0,0,1,0,0,0,0,1,0,0,1,0,0,0,0,0,0,0,0,0,0,1,0
372575D0-AB30-4BBF-8E2D-DA828986C59C,2023,61,1,1,0,0,0,0,0,0,1,0,0,0,0,0,0,0,1,0,0,0,0,0,0,1,1
294c7c30-0fbf-11ea-936a-1ffb751fb68b,2019,52,0,1,1,0,0,0,0,0,1,0,0,0,0,0,0,0,0,1,0,0,0,0,0,1,0
A405CEB2-09DD-4BA3-8B62-B0F8E48FDA48,2023,61,1,1,0,0,0,0,0,0,1,0,0,0,0,0,0,0,1,0,0,0,0,0,0,1,1
7193D55B-F53A-40AA-BE67-AB3FE7DC2793,2012,62,0,0,0,0,0,1,0,0,0,1,0,0,0,1,0,0,0,0,0,0,0,0,0,1,0
6512f7f0-c4fe-11e9-8a5a-abdcbb867af8,2012,00,0,0,0,0,0,1,0,0,0,1,0,0,0,1,0,0,0,0,0,0,0,0,0,1,0
719AC0BA-39F6-4F10-A7D3-141A1721DD78,2014,00,0,0,0,1,0,0,0,0,1,0,0,0,0,0,1,0,0,0,0,0,0,1,0,0,0
BBC03403-EA39-43EE-8141-BAFF84BCACA0,2023,00,1,1,0,0,0,0,0,0,1,0,0,0,0,0,0,0,1,0,0,0,0,0,0,1,1
719DDEEB-0CA3-4314-B6DA-5B3217C8BA7C,2009,09,0,0,0,0,1,0,0,0,0,1,0,0,1,0,0,0,0,0,0,0,0,0,0,1,0
71A8EA27-19F1-4DBD-892D-8BEC0690E98F,2013,52,0,1,0,0,0,0,0,0,1,0,0,0,0,0,0,1,0,0,0,0,1,0,0,0,0
71A92BB5-6EC1-493A-9B00-20AB61AD2322,2010,92,0,0,0,0,0,1,0,0,0,1,0,0,0,1,0,0,0,0,0,0,0,0,1,0,0
0381c9b0-0588-11ea-a6b7-b9a04765ea4f,2019,62,1,0,0,0,0,0,0,0,1,0,0,0,0,0,0,0,1,0,0,0,0,1,0,0,0
95023FDD-8147-4D59-8F6E-7F2892235EA9,2023,61,1,1,0,0,0,0,0,0,1,0,0,0,0,0,0,0,1,0,0,0,0,0,0,1,1
71B4D1E6-771B-47F7-8586-5564B17A2E05,2014,92,0,0,0,1,0,0,0,0,1,0,0,0,0,0,1,0,0,0,0,0,0,1,0,0,0
49f30070-2099-11ec-82c4-4d3486f21395,2019,51,0,1,0,0,0,0,0,0,1,0,0,0,0,0,0,0,0,0,0,1,0,0,0,1,0
651d6630-8438-11e7-a921-2d695ce70b69,2017,00,0,0,0,1,1,0,0,0,0,1,0,0,1,0,0,0,0,0,0,0,0,0,0,1,0
455474d0-8102-11e7-8520-b5d4bef506ca,2016,52,0,0,1,0,1,0,0,0,1,1,0,0,1,0,0,0,0,0,0,0,0,0,0,1,0
E2F85F17-2A2C-47DC-A04D-F386B68D8BC0,2023,61,1,1,0,0,0,0,0,0,1,0,0,0,0,0,0,0,1,0,0,0,0,0,0,1,1
71CC5B2B-AFDE-4E56-A218-524A9CBECA71,2010,92,0,0,0,0,0,1,0,0,0,1,0,0,0,1,0,0,0,0,0,0,0,0,1,0,0
e1a8ae40-d3f4-11e9-ab55-b7fffb94511d,2016,72,1,0,0,0,0,0,0,0,1,0,0,0,0,0,0,0,1,0,0,0,0,0,0,1,0
17E62166-FC85-86DF-A4D1-BC0E1742C08B,2025,49,0,1,0,0,0,0,0,0,1,0,0,0,0,0,0,1,0,0,0,0,0,0,0,1,0
71D4E39E-67B2-4ECA-9F20-CBEE8A63C666,2015,62,0,0,0,0,0,1,0,0,0,1,0,0,0,1,0,0,0,0,0,0,0,0,0,1,0
6813f4b0-cffb-11e9-8597-ff36b2265d64,2019,44,0,0,0,1,0,0,0,0,1,0,0,0,0,0,0,0,0,0,0,1,0,0,0,1,0
B302AFD4-1CE0-4585-B1EF-994988BF87E7,2016,52,0,0,0,0,1,0,0,0,0,1,0,0,1,0,0,0,0,0,0,0,0,0,0,1,0
71ECF633-26DB-40DE-B5CE-687A14B9F7B1,2015,23,1,0,1,0,0,0,0,0,1,0,0,0,0,0,0,0,0,1,0,0,0,1,0,0,0
73081A0D-6CFA-4A24-A701-0B01750A7B37,2015,54,0,0,0,0,0,1,0,0,0,1,0,0,0,1,0,0,0,0,0,0,0,0,0,1,0
71F02F6A-59F7-4BC5-B8DD-4D2B7C6D83D0,2013,92,0,1,0,0,0,0,0,0,1,0,0,0,0,0,0,1,0,0,0,0,0,1,0,0,0
71F168A2-2AF3-4E31-A5D5-F7E07F65D675,2013,92,0,0,0,0,0,1,0,0,0,1,0,0,0,1,0,0,0,0,0,0,0,0,0,1,0
720099DE-69A3-4762-B660-9825E00FE355,2013,54,0,0,0,0,0,1,0,0,0,1,0,0,0,1,0,0,0,0,0,0,0,0,0,1,0
c9330f10-7736-11ee-a9cf-35532141bb65,2022,52,1,1,1,0,0,0,0,0,1,0,0,0,0,0,0,0,0,1,0,0,0,0,0,1,0
720F30D5-32F1-44E2-97F2-06F4E2884C04,2012,33,0,0,0,1,0,0,0,0,1,0,0,0,0,0,1,0,0,0,0,0,0,1,0,0,0
746f7ae0-89ad-11e7-bf1d-81579668407a,2016,61,0,0,0,0,0,1,0,0,0,0,1,0,0,1,0,0,0,0,0,0,0,0,0,1,0
72181D76-C66F-4F87-85F7-FF93F482E1F7,2013,71,0,0,0,1,0,0,0,0,1,0,0,0,0,0,0,0,0,0,0,1,0,0,0,1,0
721C9587-5F45-4860-8378-6C92F7319DAA,2015,92,0,0,0,1,0,0,0,0,1,0,0,0,0,0,1,0,0,0,0,0,0,0,0,1,0
370F9037-921F-4357-94B5-8C484AA76B2D,2016,81,0,1,1,0,0,0,0,0,1,0,0,0,0,0,0,0,0,1,0,0,0,0,0,1,0
513BE658-4905-4FC6-B0F9-4741D80682CC,2015,92,0,0,0,0,0,1,0,0,0,1,0,0,0,0,1,0,0,0,0,0,0,0,0,1,0
72364F3B-62F5-4209-B6B1-B8FF56898B7A,2010,62,0,0,0,1,0,0,0,0,1,0,0,0,0,0,1,0,0,0,0,0,0,1,0,0,0
36b0b280-b3ab-11e9-8244-abb132467e1d,2019,51,0,0,0,0,0,1,0,0,0,1,0,0,0,1,0,0,0,0,0,0,0,0,0,1,0
7244238D-5426-47F0-8B1E-C203B3E9EFCF,2012,72,1,0,0,0,0,0,0,0,1,0,0,0,0,0,0,0,1,0,0,0,0,0,0,1,0
725BF039-79DB-4C3E-88A2-83878E051BAE,2012,62,0,0,0,0,1,0,0,0,0,0,1,0,1,0,0,0,0,0,0,0,0,1,0,0,0
4ca9ba70-0237-11ea-ad43-7952870528d4,2016,00,0,1,0,0,0,0,0,0,1,0,0,0,0,0,0,1,0,0,0,0,0,0,0,1,0
9FF9FAE9-B0AB-4412-8AA4-41E05DDF2E96,2015,92,0,0,0,0,0,1,0,0,0,1,0,0,0,1,0,0,0,0,0,0,0,0,0,1,0
1932b490-3597-11ec-9ec7-15e66f657ea5,2020,49,0,1,0,0,0,0,0,0,1,0,0,0,0,0,0,1,0,0,0,0,0,0,0,1,0
726BDC39-2F87-4F58-BC6E-797C5C0087CC,2013,51,0,1,0,0,0,0,0,0,1,0,0,0,0,0,0,1,0,0,0,0,0,1,0,0,0
0979e7c0-9d53-11e7-88fd-d58755d0feda,2017,62,0,1,0,1,1,0,0,0,1,0,0,0,0,0,1,0,0,0,0,0,0,0,0,1,0
57566930-8634-4186-81A0-B9408A921E25,2023,61,1,1,0,0,0,0,0,0,1,0,0,0,0,0,0,0,1,0,0,0,0,0,0,1,1
EB7AA5C3-3B2D-462F-8EE5-C55C726F7623,2016,62,0,0,0,0,0,1,0,0,0,1,0,0,0,1,0,0,0,0,0,0,0,0,0,1,0
7282B5EE-0535-454B-AAC1-1357E55CF379,2015,00,0,0,0,1,0,0,0,0,1,0,0,0,0,0,1,0,0,0,0,0,0,1,0,0,0
47cb7da0-1122-11ea-bd5f-71a8176be0a0,2017,48,0,0,0,0,0,1,0,0,0,1,0,0,0,1,1,0,0,0,0,0,0,1,0,0,0
7288682D-B5D2-4C74-83B3-857471633A33,2011,92,0,0,0,0,0,1,0,0,0,1,0,0,0,1,0,0,0,0,0,0,0,0,0,1,0
4ee44840-3e76-11ed-8ffa-ebb9abb0c009,2021,62,0,1,1,0,0,0,0,0,1,0,0,0,0,0,0,0,0,1,0,0,0,0,0,1,0
3ffc0e40-e358-11e7-bf7a-0771e1cc9602,2017,00,0,0,0,0,1,0,0,0,0,1,0,0,1,0,0,0,0,0,0,0,0,0,0,1,0
bba336a0-b200-11e8-800d-891a5c02ea18,2017,61,1,0,0,0,0,0,0,0,1,0,0,0,0,0,0,0,1,0,0,0,0,1,0,0,0
72B321D9-E313-442E-858C-8F7C1C37F0B6,2014,06,0,0,0,1,0,0,0,0,1,0,0,0,0,0,1,0,0,0,0,0,0,1,0,0,0
72BFC2AA-31F0-436E-9196-D73C2C40A95D,2012,56,0,0,0,1,0,0,0,0,0,0,1,0,0,0,1,0,0,0,0,0,0,0,0,1,0
72C7FAAB-34AC-4FA5-A0E1-E0BD6D1C06AE,2012,62,0,0,1,0,1,0,0,0,1,1,0,0,1,0,0,0,0,0,0,0,0,0,0,1,0
acd6d3f0-a4fe-11ea-9a08-d99599f4dafe,2020,62,1,0,0,0,0,0,0,0,1,0,0,0,0,0,0,0,1,0,0,0,0,1,0,0,0
72CCF9E4-758A-4CE6-9F4E-BF2AB07C30D1,2013,62,0,0,0,0,1,0,0,0,0,1,0,0,1,0,0,0,0,0,0,0,0,0,0,1,0
132b8160-723a-11eb-b847-53c7fcddcc7a,2019,00,0,0,0,0,0,1,0,0,0,1,0,0,0,1,0,0,0,0,0,0,0,0,0,1,0
72DC8D65-55D7-40C3-89D3-1D81B2578A4E,2010,92,0,0,0,0,0,1,0,0,0,1,0,0,0,0,1,0,0,0,0,0,0,0,0,1,0
72E1DDDB-74FE-490A-9343-0DC0278D6A89,2014,62,0,0,0,0,1,0,0,0,0,1,0,0,1,0,0,0,0,0,0,0,0,0,0,1,0
6b65eb10-4031-11ed-a8d9-e567d58abfd4,2021,62,0,0,0,0,1,0,0,0,0,1,0,0,1,0,0,0,0,0,0,0,0,0,0,1,0
F98BC21D-A10F-4440-952A-A2A3098B4C2B,2016,62,0,0,0,0,1,0,0,0,0,1,0,0,1,0,0,0,0,0,0,0,0,0,0,1,0
72EECE19-7DD1-4FA9-A04B-BB706B52C4E9,2011,62,0,0,0,0,0,1,0,0,0,0,1,0,0,1,0,0,0,0,0,0,0,0,0,1,0
72F64D33-1541-4EDD-A7BE-58F833E7539A,2016,62,0,0,0,0,0,0,0,1,0,0,0,1,0,0,0,0,0,0,0,1,0,0,0,1,0
730234EF-6BA8-4FA1-8872-3878C38E6CCB,2013,00,0,1,0,0,0,0,0,0,1,0,0,0,0,0,0,1,0,0,0,0,0,1,0,0,0
70eeb780-1498-11ec-92c0-8d3c636e1e37,2013,92,0,0,0,0,1,0,0,0,0,1,0,0,1,0,0,0,0,0,0,0,1,0,0,0,0
feb85f10-0c56-11ed-a5d0-6392f10eda5f,2021,54,0,0,0,1,0,0,0,0,1,0,0,0,0,0,1,0,0,0,0,0,0,0,0,1,0
731A0781-5F3B-4130-8D64-FFDEE8B40C75,2014,92,0,0,0,0,0,1,0,0,0,1,0,0,0,1,0,0,0,0,0,0,0,0,0,1,0
731CFC33-3576-4C11-814F-3A2D66795DF1,2013,51,0,1,0,0,0,0,0,0,1,0,0,0,0,0,0,1,0,0,0,0,0,0,0,1,0
7320B741-8C68-4638-AEDB-76D404A03E90,2014,62,0,1,0,0,0,0,0,0,1,0,0,0,0,0,0,0,1,0,0,0,0,0,0,1,0
7322270D-0EC4-4A3A-BF5C-9D53643F3AF2,2011,92,0,0,0,0,0,1,0,0,0,1,0,0,0,1,0,0,0,0,0,0,0,0,0,1,0
732293FB-428B-4DC3-814A-4894ECAE93E3,2011,62,0,0,0,0,1,0,0,0,0,1,0,0,1,0,0,0,0,0,0,0,0,1,0,0,0
B62A3F67-4766-479A-9113-B63EBA388848,2023,61,1,1,0,0,0,0,0,0,1,0,0,0,0,0,0,0,1,0,0,0,0,0,0,1,1
221b2860-f0db-11e9-84f3-1937a4e658d4,2019,92,1,0,0,0,0,0,0,0,1,0,0,0,0,0,0,0,1,0,0,0,1,0,0,0,0
73332AE1-067C-429D-80CE-0CE7DAD692E2,2010,92,0,0,0,0,0,1,0,0,0,1,0,0,0,1,0,0,0,0,0,0,0,0,0,1,0
eec19400-d827-11eb-a5a2-812629c6bc41,2021,62,1,0,0,0,0,0,0,0,1,0,0,0,0,0,0,0,1,0,0,0,0,0,0,1,0
EBE32B58-C73A-44F1-A2F5-CFC2440B96D3,2016,54,0,0,0,1,0,0,0,0,1,0,0,0,0,0,1,0,0,0,0,0,0,1,0,0,0
734E58A7-BC86-4979-9E54-3BD354EA1223,2010,62,0,0,0,0,0,1,0,0,0,0,1,0,0,1,1,0,0,0,0,0,0,1,0,0,0
7351B408-E8C2-40BC-A6C5-769D19F072AC,2013,00,1,1,1,0,0,0,0,0,1,0,0,0,0,0,0,0,0,1,0,0,0,0,0,1,0
C9F0F895-FB98-AB91-59F5-1FD0297E236D,2025,54,0,1,0,0,0,0,0,0,1,0,0,0,0,0,0,1,0,0,0,0,0,0,0,1,0
735902C7-73B1-4AE0-8688-E5CCBA1BC22E,2013,92,0,0,0,0,0,1,0,0,0,1,0,0,0,1,0,0,0,0,0,0,0,0,0,1,0
2afbb860-d55d-11f0-8f89-6d14fba40689,2025,00,0,0,0,0,0,1,0,0,0,1,0,0,0,1,0,0,0,0,0,0,0,0,0,1,0
73628A93-D8EF-438B-A5D3-E21DBD713526,2011,92,0,0,0,0,1,0,0,0,0,1,0,0,1,0,0,0,0,0,0,0,0,0,0,1,0
4a615ac0-8115-11e7-9cfb-2f8f443557c3,2017,51,0,1,0,0,0,1,0,0,1,0,1,0,0,0,0,1,0,0,0,0,0,0,0,1,0
551f3c80-8e92-11e8-8003-e3ff5269fee2,2018,51,0,1,0,0,0,0,0,0,1,0,0,0,0,0,0,0,1,0,0,0,1,0,0,0,0
737925D5-713D-4B50-BC1A-8B7CF597F7E1,2012,51,0,1,0,0,0,0,0,0,1,0,0,0,0,0,0,1,0,0,0,0,0,0,0,1,0
7386723F-F252-42A5-9867-029635ED2581,2006,00,0,1,0,0,0,0,0,0,1,0,0,0,0,0,0,1,0,0,0,0,0,0,0,1,0
73918254-90BB-45B7-9B29-5A8797A6EDBB,2012,92,0,0,0,0,0,1,0,0,0,0,1,0,0,1,0,0,0,0,0,0,0,0,0,1,0
d12201e0-0c2a-11ed-91ff-0b0a6a79f02d,2020,92,0,0,0,0,0,1,0,0,0,1,0,0,0,1,0,0,0,0,0,0,0,0,0,1,0
3d072bc0-996b-11e7-a8f4-3b6b04fdb9a4,2017,62,0,0,0,1,0,0,0,0,1,0,0,0,0,0,1,0,0,0,0,0,0,1,0,0,0
73A2FCD7-4BB8-405B-B79A-F0F5FA199D83,2010,44,0,0,0,0,0,1,0,0,0,1,0,0,0,1,1,0,0,0,0,0,0,1,0,0,0
F70056BD-CE7D-40ED-8E90-CE4D885B7431,2023,52,1,1,0,0,0,0,0,0,1,0,0,0,0,0,0,0,1,0,0,0,0,0,0,1,1
73B58A67-BD54-41DB-942E-599F1FF179B3,2014,52,0,0,0,0,0,1,0,0,0,1,0,0,0,1,0,0,0,0,0,0,0,0,0,1,0
73B93DBA-E470-4CD9-8ABE-B5C4CE57B5D9,2010,62,0,0,0,1,0,0,0,0,1,0,0,0,0,0,1,0,0,0,0,0,0,1,0,0,0
73BB8FDC-5E48-4078-B1BE-4F1908B7EEF2,2012,92,0,0,0,0,0,1,0,0,0,1,0,0,0,0,1,0,0,0,0,0,0,0,0,1,0
73BC5EF5-559F-40BF-ABB7-E3D573043CFF,2013,23,0,0,0,0,0,1,0,0,0,1,0,0,0,1,0,0,0,0,0,0,0,0,0,1,0
99B72313-0199-449B-9569-46019739184B,2016,92,0,0,0,0,1,0,0,0,0,1,0,0,1,0,0,0,0,0,0,0,0,0,0,1,0
56201FDB-0F09-4A73-B5D7-683B53942712,2015,92,0,0,0,0,0,1,0,0,0,1,0,0,0,1,0,0,0,0,0,0,0,0,0,1,0
66ba60f0-0a0b-11ea-9e73-f15207d33dcb,2019,62,1,0,0,0,0,0,0,0,1,0,0,0,0,0,0,0,1,0,0,0,0,1,0,0,0
070F2BE7-7D34-44B8-B3FF-0251C78AA3A5,2023,61,1,1,0,0,0,0,0,0,1,0,0,0,0,0,0,0,1,0,0,0,0,0,0,1,1
73E7EB85-D398-48DB-91EF-74656A951AA6,2015,51,0,0,0,0,1,0,0,0,0,1,0,0,1,0,0,0,0,0,0,0,0,1,0,0,0
73E9C889-EC8E-4236-9BD3-E55D56C2B8CD,2014,52,0,0,0,0,1,0,0,0,1,0,0,0,1,0,0,0,0,0,0,0,0,0,0,1,0
73EAF6FA-8643-4431-8E5C-A02D71197E6D,2012,06,0,0,0,0,1,0,0,0,0,1,0,0,1,0,0,0,0,0,0,0,0,0,0,1,0
73EC4F0B-7B92-48BA-ACAF-E06BF88B4449,2012,92,0,0,0,0,0,1,0,0,0,1,0,0,0,1,0,0,0,0,0,0,0,0,0,1,0
6926DC45-F457-4B1F-85FC-F7506081517A,2023,61,1,1,0,0,0,0,0,0,1,0,0,0,0,0,0,0,1,0,0,0,0,0,0,1,1
64d305c0-1d03-11ea-b94e-893211cca703,2019,71,0,0,0,0,1,0,0,0,0,1,0,0,1,0,0,0,0,0,0,0,0,0,0,1,0
00392c50-0bf6-11ec-9c8a-d72b813bc8ca,2020,51,1,1,0,0,0,0,0,0,1,0,0,0,0,0,0,0,1,0,0,0,0,0,0,1,0
73FC16AC-2D5B-4C81-9AA5-6445C7867C5B,2012,56,0,0,0,0,1,0,0,0,0,1,0,0,1,0,0,0,0,0,0,0,0,0,0,1,0
EECAAAD0-CC25-450D-8504-3592E193E353,2016,56,0,0,0,1,1,1,0,0,0,1,0,0,0,1,0,0,0,0,0,0,0,1,0,0,0
9239e4c0-3dc6-11ed-8ffa-ebb9abb0c009,2022,52,0,1,1,0,0,0,0,0,1,0,0,0,0,0,0,0,0,1,0,0,0,0,0,1,0
740B3135-2862-4F91-90CF-172B77078678,2010,61,0,1,0,1,0,0,0,0,1,0,0,0,0,0,0,0,1,0,0,0,1,0,0,0,0
740D7581-0D48-4DFE-9D46-766FC2966775,2011,00,0,0,0,1,0,0,0,0,1,0,0,0,0,0,1,0,0,0,0,0,0,1,0,0,0
FA6472D2-5D9B-4D55-9442-2FD984F0B3F8,2023,61,1,1,0,0,0,0,0,0,1,0,0,0,0,0,0,0,1,0,0,0,0,0,0,1,1
6B292615-E19E-4D11-9A41-42BDD861489C,2016,44,0,0,0,1,0,0,0,0,1,0,0,0,0,0,0,0,0,0,0,1,1,0,0,0,0
741B1F9B-A50B-4DBC-B86E-17FD676D7710,2013,62,0,0,0,1,0,0,0,0,1,0,0,0,0,0,1,0,0,0,0,0,0,1,0,0,0
BED794BD-732F-4EF2-B501-9F63676CC463,2023,61,1,1,0,0,0,0,0,0,1,0,0,0,0,0,0,0,1,0,0,0,0,0,0,1,1
7437FEFD-091E-4C40-9F05-5DA9928F83D9,2010,92,0,0,0,0,0,1,0,0,0,1,0,0,0,1,0,0,0,0,0,0,0,0,0,1,0
795ce020-af4a-11e7-906a-bb7346b48a5e,2016,62,0,1,0,0,0,0,0,0,1,0,0,0,0,0,0,1,0,0,0,0,0,0,0,1,0
181ea540-b46c-11e9-a8df-bd69f47bcb14,2019,62,0,0,0,0,0,1,0,0,0,1,0,0,0,1,0,0,0,0,0,0,0,0,0,1,0
5CAC27DE-987C-4B10-B290-08A3CAAA9407,2023,61,1,1,0,0,0,0,0,0,1,0,0,0,0,0,0,0,1,0,0,0,0,0,0,1,1
743CF9EA-DE65-43A1-904E-FDE2C08F9A45,2012,48,0,0,0,0,1,0,0,0,0,1,0,0,1,0,0,0,0,0,0,0,0,0,0,1,0
743FC054-B74A-4813-A626-8F20BD249518,2012,52,0,1,0,0,0,0,0,0,1,0,0,0,0,0,0,1,0,0,0,0,0,0,0,1,0
2D722108-9104-4836-AA53-0732BADDB08A,2015,62,0,0,0,0,1,0,0,0,0,1,0,0,1,0,0,0,0,0,0,0,0,0,0,1,0
744D72E2-2527-463B-B588-DF1C35BDF03A,2012,62,0,0,1,0,1,0,0,0,1,1,0,0,1,0,0,0,0,1,0,0,0,0,0,1,0
744FDFB2-8D33-47C0-93CF-F2B1225EA340,2010,92,0,0,0,0,0,1,0,0,0,1,0,0,0,1,0,0,0,0,0,0,0,0,1,0,0
36a32ab0-d42a-11eb-a192-c5509024cd4a,2020,81,0,0,0,1,0,0,0,0,1,0,0,0,0,0,0,0,0,0,0,1,0,0,0,1,0
74573CBF-8677-4E70-9A47-C1953F901A2E,2013,52,0,0,0,0,0,1,0,0,0,1,0,0,0,1,0,0,0,0,0,0,0,0,0,1,0
84AB499B-369B-4ACF-9EA8-E19934A2DE67,2016,81,0,0,0,0,1,0,0,0,1,1,0,0,1,0,0,0,0,0,0,0,0,0,0,1,0
F1058B7C-244A-4392-861C-994A749C0C6C,2016,52,0,0,0,0,1,0,0,0,0,1,0,0,1,0,0,0,0,0,0,0,0,0,0,1,0
745C0DCC-184C-4125-9EC0-EB89D3083391,2012,05,0,1,0,0,0,0,0,0,1,0,0,0,0,0,0,1,0,0,0,0,0,0,0,1,0
8614cb70-a478-11e7-b5cf-fd750643ba69,2017,52,0,0,0,0,0,1,0,0,0,0,1,0,0,1,0,0,0,0,0,0,0,0,0,1,0
9D9C4361-F3A2-4508-A3FD-3C201DFB7048,2016,00,0,1,0,0,0,0,0,0,1,0,0,0,0,0,0,0,1,0,0,0,0,0,0,1,0
7474B96E-93C8-4883-B224-B88BABC22792,2010,92,0,0,0,0,0,1,0,0,0,0,0,1,0,1,0,0,0,0,0,0,0,0,0,1,0
7485F510-8C98-470E-9B22-3E4EF0DA52C2,2014,52,1,0,0,0,0,0,0,0,1,0,0,0,0,0,0,0,1,0,0,0,0,0,0,1,0
bbcbdeb0-ce70-11e9-87ed-8939c699b53b,2019,00,0,0,1,0,0,0,0,0,1,0,0,0,0,0,0,0,0,1,0,0,0,1,0,0,0
749CE13F-FE0B-4FE6-A16A-72D56132F2CC,2012,09,0,0,0,0,1,0,0,0,0,1,0,0,1,0,0,0,0,0,0,0,0,0,0,1,0
749CE63C-E923-4CED-9A56-27091BEE77B8,2013,00,0,0,0,0,0,1,0,0,0,1,0,0,0,1,0,0,0,0,0,0,0,0,0,1,0
749F41B6-A688-471E-AD15-2143B2B6D182,2012,00,1,1,1,0,0,0,0,0,1,0,0,0,0,0,0,0,0,1,0,0,0,0,0,1,0
CA307DE8-0D9C-4141-9627-53CD94D9F67C,2015,92,0,0,0,0,1,0,0,0,0,1,0,0,1,0,0,0,0,0,0,0,0,0,0,1,0
74A0F529-A445-4EC3-8F8B-2DFE9ED8156E,2012,92,0,1,0,0,0,0,0,0,1,0,0,0,0,0,0,0,1,0,0,0,0,1,0,0,0
74A2CBA5-6A89-43FD-BD97-89B551353DD0,2013,51,0,1,0,0,0,0,0,0,1,0,0,0,0,0,0,1,1,0,0,0,0,0,0,1,0
74B37E79-ABA4-46CB-8132-CE59AE76D50F,2014,62,0,0,0,0,1,0,0,0,1,0,0,0,1,0,0,0,0,0,0,0,0,0,0,1,0
9ad8d9a0-92c8-11ec-a39a-3584eb2df2ab,2021,54,1,0,0,0,0,0,0,1,1,0,0,0,0,0,0,0,1,0,0,0,0,0,0,1,0
74CFC54E-69CD-4584-80C1-ADDA04E29B08,2011,62,0,1,0,0,0,0,0,0,1,0,0,0,0,0,0,0,0,0,0,1,0,0,0,1,0
E7784696-C5DD-4B40-9CCD-C2EF1DD9BB4E,2023,61,1,1,0,0,0,0,0,0,1,0,0,0,0,0,0,0,1,0,0,0,0,0,0,1,1
74D9FADA-18F9-46C9-B295-FAB70CB4BB32,2013,92,0,0,0,0,0,1,0,0,0,1,0,0,0,1,0,0,0,0,0,0,0,0,0,1,0
74E7A9CC-AFCB-41A9-8A8D-47C205846CF6,2013,23,0,0,0,1,0,0,0,0,1,0,0,0,0,0,1,0,0,0,0,0,0,1,0,0,0
74EAE6D1-C634-4F82-9389-5D6327F8F094,2014,62,0,0,0,0,0,1,0,0,0,1,0,0,0,1,0,0,0,0,0,0,0,0,0,1,0
9dd089b0-dec6-11e7-aa62-a96e008cbc03,2017,61,0,0,1,0,0,0,0,0,1,0,0,0,0,0,0,0,0,1,0,0,0,1,0,0,0
4423F3D6-F03E-4C7B-8C0E-AEE930F38172,2016,62,0,1,0,0,0,0,0,0,1,0,0,0,0,0,0,1,0,0,0,0,0,0,0,1,0
74F4D3ED-6C3F-46D0-8DFE-4E9BC9C723EE,2014,00,0,0,0,0,0,1,0,0,0,1,0,0,0,0,1,0,0,0,0,0,1,0,0,0,0
74FE98BA-AA20-42FD-8F19-706320F90D16,2011,92,0,0,0,0,0,1,0,0,0,1,0,0,0,1,0,0,0,0,0,0,0,0,0,1,0
74FFAE2B-10AD-4540-A98E-22E9152F4307,2013,52,0,0,0,0,0,1,0,0,0,1,0,0,0,1,0,0,0,0,0,0,0,0,0,1,0
21364251-78BA-4446-B6CC-AB2C9A7E16AB,2023,61,1,1,0,0,0,0,0,0,1,0,0,0,0,0,0,0,1,0,0,0,0,0,0,1,1
7515E710-157A-498D-BBF2-39A742F72F9B,2015,62,0,1,1,0,0,0,0,0,1,0,0,0,0,0,0,0,0,1,0,0,0,0,0,1,0
393fe040-a9e2-11e7-8c20-836b8b691ede,2016,44,0,0,0,1,0,0,0,0,1,0,0,0,0,0,0,0,0,0,0,1,0,0,0,1,0
752FC584-A2C7-4FF2-8ADD-59081ED85186,2014,52,0,0,0,1,0,0,0,0,1,0,0,0,0,0,0,0,0,0,0,1,0,0,0,1,0
1a958de0-c56f-11e7-bdb2-99e5dbe0676c,2016,62,1,0,0,0,0,0,0,0,1,0,0,0,0,0,0,0,1,0,0,0,0,1,0,0,0
7543F611-B23C-40C5-9DA5-4992C901FD85,2002,92,0,0,0,1,0,0,0,0,1,0,0,0,0,0,1,0,0,0,0,0,0,0,0,1,0
996866BC-E1C8-4272-91E0-AA66328A2852,2023,61,1,1,0,0,0,0,0,0,1,0,0,0,0,0,0,0,1,0,0,0,0,0,0,1,1
75508252-AC18-4E1D-BAB3-19003D072E91,2013,52,0,1,0,0,0,0,0,0,1,0,0,0,0,0,0,1,0,0,0,0,0,0,0,1,0
e0f2dfa0-7e79-11ee-a021-bbe4713468e2,2023,03,1,1,0,0,0,0,0,0,1,0,0,0,0,0,0,0,1,0,0,0,0,0,0,1,0
75553A5C-A547-4EDD-AA97-78C4BF54C1B6,2015,92,0,0,0,1,0,0,0,0,1,0,0,0,0,0,1,0,0,0,0,0,0,0,0,1,0
BAD82681-F13F-4770-862D-5BAFC8E9296B,2012,52,0,0,0,0,1,0,0,0,0,1,0,0,1,0,0,0,0,0,0,0,0,0,0,1,0
75594E3F-8272-4834-A7AE-DF39635F8B3D,2013,62,1,0,0,0,0,1,0,0,1,0,1,0,0,0,0,0,1,0,0,0,0,1,0,0,0
75633AE7-9DD3-4D74-93CD-C37001A4625A,2012,22,1,1,1,0,0,0,0,0,1,0,0,0,0,0,0,0,0,1,0,0,0,0,0,1,0
7566279B-AC11-4853-BB03-892004FC07E0,2010,51,0,0,0,0,1,0,0,0,0,1,0,0,1,0,0,0,0,0,0,0,0,0,0,1,0
D2D69542-C015-44D8-B9E4-C7E2C66411E2,2023,61,1,1,0,0,0,0,0,0,1,0,0,0,0,0,0,0,1,0,0,0,0,0,0,1,1
74bd0e50-b6ab-11e8-b56a-011002460f8b,2018,00,0,0,0,1,0,0,0,0,1,0,0,0,0,0,0,0,0,0,0,1,0,1,0,0,0
CC7BDFF3-9F07-4DBF-B08E-AB13B94231F3,2023,52,1,1,0,0,0,0,0,0,1,0,0,0,0,0,0,0,1,0,0,0,0,0,0,1,1
756D3372-63AC-4068-A58F-FEEB67874EC3,2010,62,0,0,0,0,1,0,0,0,0,1,0,0,1,0,0,0,0,0,0,0,0,0,0,1,0
05e6d5a0-c8e9-11e9-918d-0fca885a1bcc,2018,44,0,0,0,1,0,0,0,0,1,0,0,0,0,0,0,0,0,0,0,1,0,0,0,1,0
75828758-24C6-49F5-8E33-86B77802457A,2012,09,0,0,0,0,0,1,0,0,0,1,0,0,0,1,0,0,0,0,0,0,0,0,0,1,0
758B0DE1-A88F-429A-AE29-6D1F4ED88676,2011,62,0,0,0,1,0,0,0,0,1,0,0,0,0,0,1,0,0,0,0,0,0,1,0,0,0
7593CD4E-09E0-4CC2-8DE4-D4F1888AE3B2,2013,52,0,0,0,1,0,0,0,0,1,0,0,0,0,0,0,0,0,0,0,1,0,1,0,0,0
DE50FF1F-2AEB-4106-AFF3-73EBA1283CAD,2016,72,1,0,0,0,0,0,0,0,1,0,0,0,0,0,0,0,1,0,0,0,0,0,0,1,0
75A4B096-9CEE-49E0-9C22-7D28F8FAA714,2013,00,1,1,1,0,0,0,0,0,1,0,0,0,0,0,0,0,0,1,0,0,0,0,0,1,0
5D2B38BC-8BA5-46D4-B278-2C2EB0A2219A,2023,61,1,1,0,0,0,0,0,0,1,0,0,0,0,0,0,0,1,0,0,0,0,0,0,1,1
75AC9981-8FD3-419C-B0C8-F57E92A70EA1,2013,92,0,0,0,0,0,1,0,0,0,1,0,0,0,1,0,0,0,0,0,0,0,0,0,1,0
75B67072-BF5A-47AD-B186-953F1854DCAC,2014,00,0,0,0,0,0,1,0,0,0,1,0,0,0,1,0,0,0,0,0,0,0,0,0,1,0
901a17f0-a0a4-11e8-899a-23ad2f84ca7d,2018,61,0,1,0,0,0,0,0,0,1,0,0,0,0,0,0,0,0,0,0,1,0,0,0,1,0
75C1D47E-20B5-4D2B-81E1-A3037608F23C,2013,51,0,1,0,0,0,0,0,0,1,0,0,0,0,0,0,1,1,0,0,0,1,0,0,0,0
F263D26F-327A-42BC-929B-702EE437558F,2023,61,1,1,0,0,0,0,0,0,1,0,0,0,0,0,0,0,1,0,0,0,0,0,0,1,1
18D57328-BBB9-413E-9204-F6F3F52B014B,2023,61,1,1,0,0,0,0,0,0,1,0,0,0,0,0,0,0,1,0,0,0,0,0,0,1,1
5395af20-070d-11eb-ab9e-fb89bdbaf0c7,2018,51,0,1,0,0,0,0,0,0,1,0,0,0,0,0,0,1,0,0,0,0,0,0,0,1,0
75DE9AC7-73EA-49F7-AE79-FF88A6427A13,2014,44,0,0,0,0,0,0,0,1,0,0,0,1,0,0,0,0,0,0,0,1,0,0,0,1,0
75E49A4C-C0D9-4CD9-AFED-668868804830,2010,92,0,0,0,0,0,1,0,0,0,1,0,0,0,1,0,0,0,0,0,0,0,0,1,0,0
75EC227D-093C-4D2D-B059-80E46BB2606E,2011,92,0,0,0,0,0,1,0,0,0,1,0,0,0,1,0,0,0,0,0,0,0,0,0,1,0
75ED2FC1-E22E-45EE-99DC-BDB2BAE24883,2013,62,0,1,0,0,0,0,0,0,1,0,0,0,0,0,0,1,0,0,0,0,1,0,0,0,0
75F0666E-EA4E-49E4-8DD5-F9FF8AF673A2,2023,92,1,1,0,0,0,0,0,0,1,0,0,0,0,0,0,0,1,0,0,0,0,0,0,1,1
75F0782F-911F-4B1A-81BB-FD7D60055F08,2012,62,0,0,0,1,0,0,0,0,1,0,0,0,0,0,1,0,0,0,0,0,0,0,0,1,0
5742C6CA-BD8E-43F4-973A-9641F9FEF2EE,2023,61,1,1,0,0,0,0,0,0,1,0,0,0,0,0,0,0,1,0,0,0,0,0,0,1,1
9E05F3F9-1AB5-471F-8608-F72C928A42E3,2015,62,0,0,0,0,0,1,0,0,0,1,0,0,0,1,0,0,0,0,0,0,0,0,0,1,0
75FD8C54-8080-4ABE-834F-C339E27F1DD2,2014,52,0,0,1,0,1,0,0,0,1,1,0,0,1,0,0,0,0,0,0,0,0,0,0,1,0
7601B87E-84F7-40BC-A828-ECCC6D464352,2012,54,1,1,0,0,0,0,0,0,1,0,0,0,0,0,0,1,1,0,0,0,0,0,0,1,0
76046B1F-DA1B-4B1E-AD98-C16D0E898A2B,2012,00,0,1,0,0,0,0,0,0,1,0,0,0,0,0,0,0,0,0,0,1,0,0,0,1,0
7608EDD9-F738-487F-97AE-1AD4BC70CC7B,2013,62,0,1,0,0,0,0,0,0,1,0,0,0,0,0,0,1,0,0,0,0,0,0,0,1,0
760DB3A9-1F91-402A-9909-85FD221C13A5,2014,92,0,0,0,0,0,1,0,0,0,1,0,0,0,0,1,0,0,0,0,0,0,0,0,1,0
76103D55-D77F-4088-A3C5-064EC98B2C3D,2012,52,0,0,0,1,0,0,0,0,1,0,0,0,0,0,0,0,0,0,0,1,0,0,0,1,0
1C0A8F3A-0256-40B2-B9AD-CA2A4BCB657A,2023,52,1,1,0,0,0,0,0,0,1,0,0,0,0,0,0,0,1,0,0,0,0,0,0,1,1
761D632B-1AD2-4A76-9553-26EDBFA89C04,2006,05,0,0,0,0,1,1,0,0,0,1,0,0,1,1,0,0,0,0,0,0,0,0,0,1,0
a194a770-de86-11eb-92f2-17e9027f1a94,2021,53,0,1,0,0,0,0,0,0,1,0,0,0,0,0,0,0,1,0,0,0,0,1,0,0,0
762133A8-E08E-4EC4-8FCB-67EA50132159,2013,00,0,1,0,0,0,0,0,0,1,0,0,0,0,0,0,1,0,0,0,0,0,0,0,1,0
60e18700-a9e4-11e7-8c20-836b8b691ede,2017,44,0,0,0,1,0,0,0,0,1,0,0,0,0,0,0,0,0,0,0,1,0,0,0,1,0
7625607A-1296-4214-9DE4-0FFE914FC3E2,2013,62,0,0,0,1,1,0,0,0,0,1,0,0,1,0,0,0,0,0,0,0,0,0,0,1,0
01162181-5C7C-44DC-82E4-65B245F4045E,2016,45,0,0,0,0,0,1,0,0,0,0,1,0,0,1,0,0,0,0,0,0,0,0,0,1,0
d6557040-d0bd-11e8-bbbb-67b2993a8980,2015,92,0,0,0,0,0,1,0,0,0,0,1,0,0,1,0,0,0,0,0,0,0,1,0,0,0
763BEE2B-47B7-4DB3-BA30-3E742C52B38E,2013,61,0,1,0,0,0,0,0,0,1,0,0,0,0,0,0,1,0,0,0,0,0,0,0,1,0
763CEDCF-28F5-454B-B322-E280F013DED9,2013,92,0,0,0,0,0,1,0,0,0,1,0,0,0,1,0,0,0,0,0,0,0,0,0,1,0
e48a2e70-22dd-11eb-b221-a300329fb9cf,2020,44,0,0,0,0,0,1,0,0,0,1,0,0,0,1,0,0,0,0,0,0,0,0,0,1,0
76423401-B9CF-4263-901A-B722FD373CF6,2014,49,0,0,0,1,0,0,0,0,0,1,0,0,0,0,1,0,0,0,0,0,0,0,0,1,0
3f2c6780-c954-11e7-aa33-c3c39d564c9a,2017,62,0,0,0,1,0,0,0,0,1,0,0,0,0,0,1,0,0,0,0,0,0,1,0,0,0
0F66101B-9C7A-440A-953B-0DF471C9F446,2015,05,0,0,0,0,0,1,0,0,0,1,0,0,0,0,1,0,0,0,0,0,0,1,0,0,0
765D9E0A-A246-4CE6-A827-7E34B6435949,2012,09,0,0,0,1,0,0,0,0,1,0,0,0,0,0,1,0,0,0,0,0,0,1,0,0,0
5fa96a70-0942-11e8-bbae-ed39c73f1398,2017,51,0,1,0,0,0,0,0,0,1,0,0,0,0,0,0,1,0,0,0,0,0,0,0,1,0
768A546D-D2AA-41F1-8DFE-91E6D449E681,2014,52,0,0,0,1,0,0,0,0,1,0,0,0,0,0,0,0,0,0,0,1,0,0,0,1,0
0D969D1D-984D-480E-A772-1C7C81E37EB9,2023,61,1,1,0,0,0,0,0,0,1,0,0,0,0,0,0,0,1,0,0,0,0,0,0,1,1
60a4a300-c599-11e7-8053-ff1e84d2b694,2017,92,0,0,0,0,1,0,0,0,0,1,0,0,1,0,0,0,0,0,0,0,0,0,0,1,0
76967FF5-4D21-4216-870E-4E4461C906FC,2012,51,1,0,1,0,0,0,0,0,1,0,0,0,0,0,0,0,0,1,0,0,0,0,0,1,0
4279C614-738D-42DA-A6C7-E7FB1C6021F2,2023,61,1,1,0,0,0,0,0,0,1,0,0,0,0,0,0,0,1,0,0,0,0,0,0,1,1
6863E05B-E541-4204-82DA-EAE5C3DDE7BC,2023,61,1,1,0,0,0,0,0,0,1,0,0,0,0,0,0,0,1,0,0,0,0,0,0,1,1
76A716F3-0BB3-4EA1-A8A2-A68A7C0A5C3C,2015,00,0,1,0,0,0,0,0,0,1,0,0,0,0,0,0,1,0,0,0,0,0,0,0,1,0
76A74D6A-01DD-44F0-873E-7E0F665BD2E6,2012,05,0,1,0,0,0,0,0,0,1,0,0,0,0,0,0,1,0,0,0,0,0,0,0,1,0
9DDF6924-F107-477F-A919-C1C8EC93FD6F,2015,61,0,0,1,0,1,0,0,0,1,1,0,0,1,0,0,0,0,0,0,0,0,0,0,1,0
76C447D7-42E4-4AB3-968D-091079F61A6E,2011,51,0,1,0,0,0,0,0,0,1,0,0,0,0,0,0,1,0,0,0,0,0,0,0,1,0
76C4481D-2C65-4F8B-87B8-D44B1A8795A2,2012,56,0,0,0,0,1,0,0,0,0,1,0,0,1,0,0,0,0,0,0,0,0,0,0,1,0
76C61146-5134-4671-87BF-67FA1DD6099C,2013,72,0,0,0,0,1,0,0,0,0,1,0,0,1,0,0,0,0,0,0,0,0,0,0,1,0
76C635CD-F156-4BCB-8EFF-57CCED64A02D,2012,92,0,0,0,0,0,1,0,0,0,1,0,0,0,1,0,0,0,0,0,0,0,0,0,1,0
76C77310-82D7-4874-9B3F-DBC4662054F8,2014,62,0,0,0,0,0,1,0,0,0,1,0,0,0,1,0,0,0,0,0,0,0,0,0,1,0
DC1760F6-243C-4F18-B183-F847C18F0117,2016,61,1,1,1,0,0,0,0,0,1,0,0,0,0,0,0,0,0,1,0,0,0,0,0,1,0
EDB22CB4-43A5-47C6-B9EB-DBE62479A1CA,2014,44,0,1,0,0,0,0,0,0,1,0,0,0,0,0,0,1,0,0,0,0,0,0,0,1,0
76D71BC3-C796-485C-A93A-7A811902B3B1,2013,44,0,0,0,1,0,0,0,0,1,0,0,0,0,0,0,0,0,0,0,1,0,0,0,1,0
76DAAE8B-64AB-4122-9B8E-249CD65659E3,2013,00,1,1,1,0,0,0,0,0,1,0,0,0,0,0,0,0,0,1,0,0,0,0,0,1,0
57cd5f30-899c-11e7-bf1d-81579668407a,2016,00,0,0,0,0,0,0,0,1,1,0,0,0,0,0,0,0,0,0,0,1,0,0,0,1,0
76EB5510-1415-4C04-A489-64FB61963AC8,2011,54,0,0,0,0,1,0,0,0,0,0,1,0,1,0,0,0,0,0,0,0,0,0,0,1,0
74dbb560-bf0f-11e7-a9c6-17df034f6c5e,2017,52,1,0,0,0,0,0,0,0,1,0,0,0,0,0,0,0,1,0,0,0,1,0,0,0,0
10ac6360-af5a-11e7-b9c1-d3b3b0fdcbd2,2017,51,0,1,0,0,0,0,0,0,1,0,0,0,0,0,0,1,0,0,0,0,0,0,0,1,0
e796c960-c323-11e7-8b51-4ba52e63b6cc,2017,92,0,0,0,1,1,0,0,0,0,1,0,0,0,0,1,0,0,0,0,0,0,0,0,1,0
51ad4280-fe78-11e8-aee0-f7420d4f3238,2018,00,1,1,0,0,0,0,0,0,1,0,0,0,0,0,0,0,1,0,0,0,1,0,0,0,0
76FE40F7-D15B-441E-BEF0-B23FCA0BFADE,2012,81,0,1,0,0,0,0,0,0,1,0,0,0,0,0,0,1,0,0,0,0,0,1,0,0,0
7710424D-5278-4C35-857F-732E8F0BF30F,2011,48,0,0,0,0,0,1,0,0,1,0,0,0,0,1,0,0,0,0,0,0,1,0,0,0,0
b947dd80-80ff-11e7-8520-b5d4bef506ca,2017,00,0,0,1,0,0,0,0,0,1,0,0,0,0,0,0,0,0,1,0,0,1,0,0,0,0
a6ff0570-d57d-11e9-8597-ff36b2265d64,2019,72,0,1,0,0,0,0,0,0,1,0,0,0,0,0,0,1,1,0,0,0,0,0,0,1,0
861AB95E-28EC-4E5B-8F44-7B68A037B990,2023,62,1,1,0,0,0,0,0,0,1,0,0,0,0,0,0,0,1,0,0,0,0,0,0,1,1
E49C5E7A-4F3A-461A-91EB-F0431C450457,2015,62,0,0,0,0,0,1,0,0,0,0,1,0,0,1,0,0,0,0,0,0,0,0,0,1,0
7731A968-CF5A-4690-8914-3C987F0D0614,2013,62,0,0,0,1,0,0,0,0,1,0,0,0,0,0,1,0,0,0,0,0,0,1,0,0,0
42598BF0-9BB2-4ED6-AA01-837C5608BD3C,2023,61,1,1,0,0,0,0,0,0,1,0,0,0,0,0,0,0,1,0,0,0,0,0,0,1,1
773E41A6-87D6-458C-81DB-2D807BFA1775,2013,52,0,0,0,0,1,0,0,0,0,1,0,0,1,0,0,0,0,0,0,0,0,0,0,1,0
D9F5F796-8DA0-4072-9004-A83DC745695E,2015,62,0,0,0,0,1,0,0,0,0,1,0,0,1,0,0,0,0,0,0,0,0,0,0,1,0
491583AA-531A-4399-8AFD-259CD0654ADB,2016,52,0,0,1,0,1,0,0,0,1,1,0,0,1,0,0,0,0,0,0,0,0,0,0,1,0
77580CEE-7384-415F-A3E6-A46CD0E3C7FB,2009,44,0,0,0,1,0,0,0,0,1,0,0,0,0,0,0,0,0,0,0,1,0,0,0,1,0
7759BCD8-1F35-4CC4-89CA-83448ED6D571,2014,00,0,1,0,0,0,0,0,0,1,0,0,0,0,0,0,0,0,0,1,0,1,0,0,0,0
775D9F9B-7FD4-44CD-8246-13A693EF6D74,2013,62,0,0,0,1,0,0,0,0,1,0,0,0,0,0,1,0,0,0,0,0,0,0,0,1,0
7764276B-8227-4B3A-A11B-09BB18957DB3,2014,62,1,1,0,0,0,1,0,0,1,0,0,0,0,0,0,0,1,0,0,0,0,1,0,0,0
874b3280-1d21-11ea-93dd-ad92e007263c,2019,92,0,0,0,0,1,0,0,0,0,1,0,0,1,0,0,0,0,0,0,0,0,0,0,1,0
7779CCC9-8151-4155-901E-DA69EFE2830B,2013,62,0,0,0,0,1,0,0,0,0,1,0,0,1,0,0,0,0,0,0,0,0,0,0,1,0
777A5898-BFE9-4547-9EBF-911B3F655B83,2014,00,0,1,0,0,0,0,0,0,1,0,0,0,0,0,0,1,0,0,0,0,0,0,1,0,0
777C45EF-819F-4B04-9C10-E7E56212875D,2010,92,0,0,0,0,0,1,0,0,0,1,0,0,0,1,0,0,0,0,0,0,0,0,1,0,0
77A12489-5D68-42FF-8473-908F5A37EC39,2013,92,0,1,0,0,0,0,0,0,1,0,0,0,0,0,0,1,0,0,0,0,1,0,0,0,0
B817F384-FA9F-4137-A93B-EE09E61F4EBF,2015,92,0,0,0,0,0,1,0,0,0,1,0,0,0,1,0,0,0,0,0,0,0,0,0,1,0
77A26EF1-0B4B-43C9-9A6D-665C8EBD6CB7,2005,92,0,0,0,0,1,0,0,0,0,1,0,0,1,0,0,0,0,0,0,0,0,0,0,1,0
77A32033-0A4D-4067-B328-A6A79502BDB0,2010,92,0,0,0,0,0,1,0,0,0,1,0,0,0,1,0,0,0,0,0,0,0,0,1,0,0
77BBF78C-513C-4A59-AA4A-C9A974BF830B,2013,09,0,0,0,1,0,0,0,0,0,1,0,0,0,0,1,0,0,0,0,0,0,0,0,1,0
77BD7109-9395-46EF-932F-6A2B256319EB,2013,00,0,0,0,0,0,1,0,0,0,1,0,0,0,1,0,0,0,0,0,0,0,0,0,1,0
2589EFF0-700A-4F03-A72F-0DFE1AF1BEB0,2023,61,1,1,0,0,0,0,0,0,1,0,0,0,0,0,0,0,1,0,0,0,0,0,0,1,1
e2519390-83cf-11ee-898d-0f9c5bf59690,2023,00,0,0,0,0,0,1,0,0,0,1,0,0,0,1,0,0,0,0,0,0,0,0,0,1,0
94D73D7E-4713-45A6-82DD-EF83A5A9B792,2016,62,0,0,0,1,1,0,0,0,0,1,0,0,1,0,1,0,0,0,0,0,0,0,0,1,0
77D3F5AF-F9FC-42C4-B4CD-42CA1C552483,2015,62,0,0,0,1,0,0,0,0,0,1,0,0,0,0,1,0,0,0,0,0,0,0,0,1,0
D0ACE621-B0E8-4D4F-B76B-ACE2FF5505F1,2015,52,0,0,0,0,1,0,0,0,0,1,0,0,1,0,0,0,0,0,0,0,1,0,0,0,0
77E8E0F3-81BE-4C33-A6C9-62FAC0A92B0A,2013,22,0,1,0,0,0,0,0,0,1,0,0,0,0,0,0,1,0,0,0,0,1,0,0,0,0
5781ED60-D06B-4B8A-AF42-88168625A5C1,2016,61,0,0,1,0,0,0,0,0,1,0,0,0,0,0,0,0,0,1,0,0,0,0,0,1,0
b0fe6a70-0b76-11e8-827c-bba53cbad290,2014,72,1,0,0,0,0,0,0,0,1,0,0,0,0,0,0,0,1,0,0,0,0,0,0,1,0
7800A789-29A4-4566-8BBD-191B14AE26E2,2012,92,0,0,0,0,0,1,0,0,0,1,0,0,0,1,0,0,0,0,0,0,0,1,0,0,0
780C1AFD-048E-494A-BFD7-AB992A91C31B,2013,92,0,1,0,0,0,0,0,0,1,0,0,0,0,0,0,1,0,0,0,0,0,0,0,1,0
78110A30-6C28-4196-A683-EE8C0E7FF6AD,2015,00,0,0,0,1,0,0,0,0,1,0,0,0,0,0,0,0,0,0,0,1,0,0,0,1,0
43c76f90-7c49-11e7-8ec0-e369e9638092,2015,62,0,0,0,0,0,1,0,0,0,1,0,0,0,1,0,0,0,0,0,0,0,0,0,1,0
38EB9294-A0D3-4937-8B2B-3A5515CA5BEC,2023,61,1,1,0,0,0,0,0,0,1,0,0,0,0,0,0,0,1,0,0,0,0,0,0,1,1
781DF29C-F90E-4A4C-9E87-EA16746371F1,2015,62,0,0,0,1,0,0,0,0,1,0,0,0,0,0,1,0,0,0,0,0,0,1,0,0,0
78265CCC-DAF4-4B3C-B736-B61863F4541E,2013,00,0,0,0,0,0,0,0,1,1,0,0,0,0,0,0,1,0,0,0,0,1,0,0,0,0
A564EB84-8047-4CC2-A870-4ED31319D2B8,2015,92,1,1,1,0,0,0,0,0,1,0,0,0,0,0,0,0,1,1,0,0,1,0,0,0,0
2412f840-e95f-11eb-9aea-07892f56ef76,2017,92,0,0,0,0,1,0,0,0,0,1,0,0,1,0,0,0,0,0,0,0,1,0,0,0,0
507E0E3A-3450-4E3A-A8B3-258C235EC691,2023,61,1,1,0,0,0,0,0,0,1,0,0,0,0,0,0,0,1,0,0,0,0,0,0,1,1
E0238E1C-1855-4FD3-A311-F4F8F2C91467,2023,52,1,1,0,0,0,0,0,0,1,0,0,0,0,0,0,0,1,0,0,0,0,0,0,1,1
7835D252-5F65-4DDA-82D0-C717EDDB01AE,2010,92,0,0,0,0,0,1,0,0,0,1,0,0,0,1,0,0,0,0,0,0,0,0,0,1,0
783E9838-7FE7-484B-97D3-9FBB81F74343,2014,62,0,0,0,0,0,1,0,0,0,1,0,0,0,1,0,0,0,0,0,0,0,0,0,1,0
783F4796-1E0B-4D35-B0AB-A8D22858D3EB,2015,62,0,0,0,0,1,0,0,0,0,1,0,0,1,0,0,0,0,0,0,0,0,0,0,1,0
b2e51de0-3526-11e9-8dbb-275658e06f31,2018,52,0,0,0,0,0,1,0,0,0,1,0,0,0,1,0,0,0,0,0,0,0,0,0,1,0
7850A2EF-435B-4D93-BD03-8BB873CC0324,2012,00,0,0,0,1,0,0,0,0,1,0,0,0,0,0,1,0,0,0,0,0,0,1,0,0,0
52a7afe0-94a7-11e7-9340-f70be1ebf87c,2016,54,0,1,0,0,0,0,0,0,1,0,0,0,0,0,0,0,0,0,0,1,0,0,0,1,0
785617A0-07D6-40E7-AD34-999F16558CEE,2013,00,0,0,0,0,1,0,0,0,0,1,0,0,1,0,0,0,0,0,0,0,0,0,0,1,0
70704a30-da78-11eb-bcc7-b7194a064c3e,2020,00,1,0,1,0,0,0,0,0,1,0,0,0,0,0,0,0,1,0,0,0,0,1,0,0,0
55D48F7F-6C68-4CB6-A320-BAB754B42B35,2015,92,0,0,0,0,0,1,0,0,0,1,0,0,0,1,0,0,0,0,0,0,0,0,0,1,0
7862A10F-D8C7-45C7-A924-ACF7E758F5AC,2014,62,0,0,0,1,0,0,0,0,1,0,0,0,0,0,1,0,0,0,0,0,0,1,0,0,0
7866B7EE-A40E-463B-A4BD-B0DEC7A3DB94,2014,51,0,1,0,0,0,0,0,0,1,0,0,0,0,0,0,0,0,0,1,0,1,0,0,0,0
786EAFE8-AC53-4CE4-A4CD-804138D8EC17,2011,92,0,0,0,0,1,0,0,0,0,1,0,0,1,0,0,0,0,0,0,0,0,0,0,1,0
78752C44-B7D0-4BAE-8DD5-0CDA899C4EA7,2012,92,0,1,0,0,0,0,0,0,1,0,0,0,0,0,0,1,0,0,0,0,0,0,0,1,0
af9a1ac0-c4f3-11e9-bbcb-6517d645041f,2018,54,1,0,0,0,0,0,0,1,1,0,0,0,0,0,0,0,1,0,0,0,1,0,0,0,0
7883A2FD-B33D-45AC-906E-546C755372E4,2014,61,0,1,0,0,0,0,0,0,1,0,0,0,0,0,0,1,0,0,0,0,0,0,0,1,0
78862461-773C-48B6-88F4-CC3B7ABF094D,2012,62,0,0,0,1,0,0,0,0,1,0,0,0,0,0,1,0,0,0,0,0,0,1,0,0,0
a15200e0-c822-11e9-8a5a-abdcbb867af8,2019,52,0,1,0,0,0,0,0,0,1,0,0,0,0,0,0,1,0,0,0,0,0,0,0,1,0
788C3B36-0C11-4398-AA3C-F8E70787DEF3,2002,00,0,1,0,0,0,0,0,0,1,0,0,0,0,0,0,0,0,0,1,0,1,0,0,0,0
6be4c4b0-0562-11ea-889a-bd9e961d3ab1,2019,71,0,1,0,0,0,0,0,0,1,0,0,0,0,0,0,1,0,0,0,0,0,0,0,1,0
7897E025-A030-4AB8-B9BE-19D8C5A2177D,2012,62,0,0,0,0,0,1,0,0,0,1,0,0,0,1,0,0,0,0,0,0,0,0,0,1,0
1B0D4D6E-5626-41DE-A8D2-A5A868B6B774,2023,61,1,1,0,0,0,0,0,0,1,0,0,0,0,0,0,0,1,0,0,0,0,0,0,1,1
2AFE2200-91E6-441C-86E0-68804CA907C1,2012,92,0,0,0,0,0,1,0,0,1,1,0,0,0,1,0,0,0,0,0,0,0,1,0,0,0
789E6528-BE7F-4A95-8F0F-AFF4AC01FEF1,2010,92,0,0,0,0,0,1,0,0,0,1,0,0,0,1,0,0,0,0,0,0,0,0,1,0,0
789E7D7E-01DA-4208-8DBE-1E447D4E80D5,2010,92,0,0,0,0,0,1,0,0,0,1,0,0,0,0,1,0,0,0,0,0,0,0,0,1,0
789F0A4D-6261-480B-B989-09F5477D1134,2011,09,0,0,0,0,1,0,0,0,0,1,0,0,1,0,0,0,0,0,0,0,0,0,0,1,0
A8B8DFCE-3018-4627-916F-399BEBA65DD2,2014,00,0,0,1,0,0,0,0,0,1,1,0,0,0,0,0,0,0,1,0,0,1,0,0,0,0
78AB8EAB-34AC-49A7-9CD1-4DF15C7306E3,2012,00,0,0,0,0,1,0,0,0,0,1,0,0,1,0,0,0,0,0,0,0,1,0,0,0,0
78AC5FBA-2C18-4E10-B690-A2EF54C825B1,2013,62,0,0,0,0,0,1,0,0,0,1,0,0,0,1,0,0,0,0,0,0,0,1,0,0,0
735B90B4-5681-25ED-6C3F-678819B6E058,2025,44,0,1,0,0,0,0,0,0,1,0,0,0,0,0,0,1,0,0,0,0,0,0,0,1,0
78B6B750-740C-4FFE-AF32-F813764C0366,2012,00,1,1,1,0,0,0,0,0,1,0,0,0,0,0,0,0,0,1,0,0,0,0,0,1,0
7424a4a0-9963-11e7-a069-d9175a67bd3e,2017,00,0,1,0,0,0,0,0,0,1,0,0,0,0,0,0,0,1,0,0,0,0,0,0,1,0
c6cf08e0-30df-11ec-9798-915a6ecdc137,2021,54,1,0,0,0,0,0,0,0,1,0,0,0,0,0,0,0,1,0,0,0,0,0,0,1,0
78CD4A4F-40DF-42C1-8184-5FB6AC708645,2015,00,0,0,0,0,1,0,0,0,0,1,0,0,1,0,0,0,0,0,0,0,0,0,0,1,0
5A395F9A-243B-424A-9A64-69FF26D22427,2016,62,0,0,0,1,0,0,0,0,1,0,0,0,0,0,1,0,0,0,0,0,0,1,0,0,0
6759345F-E638-4432-A6EC-6F5CF59C6445,2013,62,0,0,0,0,1,0,0,0,0,1,0,0,1,0,0,0,0,0,0,0,0,0,0,1,0
78DA2E52-DDC2-48CB-85EB-02C0BA6A3B67,2014,00,0,1,0,0,0,0,0,0,1,0,0,0,0,0,0,1,0,0,0,0,1,0,0,0,0
b83d13d0-44c5-11ed-a916-a1b9ec4e3e46,2022,00,0,0,0,0,0,1,0,0,0,1,0,0,0,1,0,0,0,0,0,0,0,0,0,1,0
3089ba80-b369-11e7-9de8-4bde146bf807,2017,52,0,0,0,1,0,0,0,0,1,0,0,0,0,0,0,0,0,0,0,1,0,1,0,0,0
78F47E45-1E9C-47CC-83F1-3C1FD62A74E4,2014,61,1,0,0,0,1,0,0,0,1,0,0,0,0,0,0,0,1,0,0,0,0,1,0,0,0
CF57BE30-AA4F-450B-8C84-3DE32B220613,2016,92,0,0,0,0,1,0,0,0,0,1,0,0,1,0,0,0,0,0,0,0,0,0,0,1,0
f78faf00-b026-11f0-a027-d955a4d2f085,2024,00,1,1,0,0,0,0,0,0,1,0,0,0,0,0,0,0,1,0,0,0,0,0,0,1,0
39140160-FDBF-47B0-8459-C1E207CA16CC,2023,61,1,1,0,0,0,0,0,0,1,0,0,0,0,0,0,0,1,0,0,0,0,0,0,1,1
78FD6549-7F83-404C-90E9-56EC6294DADA,2012,00,0,0,0,0,0,1,0,0,0,0,1,0,0,1,0,0,0,0,0,0,0,0,0,1,0
75C4AB6D-CC12-4A5E-A7EB-446460A90653,2023,61,1,1,0,0,0,0,0,0,1,0,0,0,0,0,0,0,1,0,0,0,0,0,0,1,1
1efd3060-cd09-11e9-a052-6392f3b8c0e8,2019,62,1,0,0,0,0,0,0,0,1,0,0,0,0,0,0,0,1,0,0,0,0,1,0,0,0
79103183-7698-4325-8636-B077E4B356EA,2009,62,0,1,0,0,0,0,0,0,0,1,0,0,0,0,0,0,1,0,0,0,0,0,0,1,0
460a10b0-7822-11ee-a9cf-35532141bb65,2022,92,0,1,0,0,0,0,0,0,1,0,0,0,0,0,0,1,0,0,0,0,0,0,0,1,0
76FE5E28-5F6C-419A-9C80-6C1F7C660A4B,2023,61,1,1,0,0,0,0,0,0,1,0,0,0,0,0,0,0,1,0,0,0,0,0,0,1,1
79209CA2-C801-42CB-B683-19D1EC52303A,2014,00,0,0,0,0,0,1,0,0,0,1,0,0,0,1,0,0,0,0,0,0,0,0,0,1,0
50A5CDCD-7DEB-4CDB-A06B-2CA32404C7BD,2016,62,0,0,0,0,0,1,0,0,0,1,0,0,0,1,0,0,0,0,0,0,0,1,0,0,0
793BDA32-FA5E-4FB1-BE43-3B0D20C105EA,2015,00,0,0,0,0,0,1,0,0,0,1,0,0,0,1,0,0,0,0,0,0,0,0,0,1,0
23326E0D-5BBB-47A8-97C3-F3CBA76C9756,2016,72,0,0,0,0,1,0,0,0,0,1,0,0,1,0,0,0,0,0,0,0,0,0,0,1,0
7952DD16-101D-4B94-8C57-CDA0C2CF39F5,2012,51,0,1,0,0,0,0,0,0,1,0,0,0,0,0,0,0,1,0,0,0,0,0,0,1,0
795624A1-E367-4DCB-950E-70AE076339CA,2014,00,0,0,0,1,0,0,0,0,1,0,0,0,0,0,1,0,0,0,0,0,0,1,0,0,0
0B3CDF0E-3BB0-4CA4-A6C7-22F8890D529E,2009,62,0,0,0,0,1,0,0,0,0,1,0,0,1,0,0,0,0,0,0,0,0,0,0,1,0
795E5AB1-35F4-4F8D-95E4-768E7EE64F71,2013,09,0,0,0,0,0,0,0,1,0,0,0,1,0,0,0,0,0,0,0,1,0,0,0,1,0
A2EC57B8-6D41-4D85-A88E-D10F5EFD7D3C,2015,44,0,0,0,1,0,0,0,0,1,0,0,0,0,0,0,0,0,0,0,1,0,0,0,1,0
795F0CF0-31A1-4636-B39C-2E5D9D01B168,2013,51,1,0,0,0,0,0,0,0,1,0,0,0,0,0,0,0,1,0,0,0,0,0,0,1,0
7960115E-AA39-4E89-817F-AD749CAB0718,2013,00,0,1,0,0,0,0,0,0,1,0,0,0,0,0,0,1,0,0,0,0,1,0,0,0,0
5646710B-3654-47FC-A913-BA5A0A45AD00,2023,61,1,1,0,0,0,0,0,0,1,0,0,0,0,0,0,0,1,0,0,0,0,0,0,1,1
D9BC2909-EF6C-4B64-9A40-6F64A72CAC7C,2016,92,0,0,0,0,1,0,0,0,1,0,1,0,1,0,0,0,0,0,0,0,0,0,0,1,0
5932928B-69E8-4DFB-B849-898A6DBC2A92,2016,62,0,0,0,0,0,1,0,0,0,1,0,0,0,1,0,0,0,0,0,0,0,0,0,1,0
796A324D-4A8A-43B0-9765-3D56D0365B92,2013,62,0,0,0,0,1,0,0,0,0,1,0,0,1,0,0,0,0,0,0,0,0,0,0,1,0
796FB539-0BBD-4FE3-BDA5-5EE010DF7F51,2013,00,0,0,0,0,1,0,0,0,0,1,0,0,1,0,0,0,0,0,0,0,0,0,0,1,0
75C3E7F0-DF8D-422E-8CF0-D6FF068D72FC,2016,62,0,0,0,0,0,1,0,0,1,1,0,0,0,1,0,0,0,0,0,0,0,1,0,0,0
DBC3E6E0-0C70-4C6D-BF04-D37FFEF6354D,2015,62,0,0,0,0,1,0,0,0,0,1,0,0,1,0,0,0,0,0,0,0,0,0,0,1,0
79803C56-9631-44C0-BB0D-6D0AD657DD8D,2012,81,0,1,0,0,0,0,0,0,1,0,0,0,0,0,0,1,0,0,0,0,0,0,0,1,0
7981A7DC-6186-4DD1-9769-F2C408E5D96F,2012,62,0,0,0,1,0,0,0,0,1,0,0,0,0,0,1,0,0,0,0,0,0,1,0,0,0
7987E38C-19E5-4D95-950D-F2838B6CCC9B,2013,00,0,0,0,0,1,0,0,0,0,1,0,0,1,0,0,0,0,0,0,0,0,0,0,1,0
79880588-3949-4199-BCCF-B258DAED4C7D,2012,92,0,0,0,0,1,0,0,0,0,1,0,0,1,0,0,0,0,0,0,0,0,0,0,1,0
798B2B6C-0917-4F61-8C34-F52E8E2F68CB,2013,62,0,0,0,1,0,0,0,0,1,0,0,0,0,0,1,0,0,0,0,0,0,1,0,0,0
798C5C99-1E91-4CEF-8878-DCE264EE4484,2012,61,0,0,0,0,0,1,0,0,0,1,0,0,0,1,0,0,0,0,0,0,0,0,0,1,0
8bea9fa0-1b7e-11ea-aa10-8d551748dadb,2019,56,0,1,1,0,0,0,0,0,1,0,0,0,0,0,0,0,0,1,0,0,0,0,0,1,0
798E4546-AC07-45B9-A712-441C81B5F090,2013,92,0,0,0,0,0,1,0,0,0,1,0,0,0,1,0,0,0,0,0,0,0,0,0,1,0
79936763-D9E5-4507-83A0-5D4D8149861D,2012,00,0,1,0,0,0,0,0,0,1,0,0,0,0,0,0,1,0,0,0,0,0,0,0,1,0
e9a19260-df4f-11e7-98c9-5b20d709bc39,2017,62,0,0,1,0,0,0,0,0,1,0,0,0,0,0,0,0,0,1,0,0,0,1,0,0,0
0d8be610-8674-11e7-8e76-6d3ed9e599f7,2017,62,1,0,0,0,0,0,0,0,1,0,0,0,0,0,0,0,1,0,0,0,0,0,1,0,0
F40AEF95-01B4-4905-B326-A7A14D5EDCD1,2015,72,0,0,0,0,0,1,0,0,1,1,0,0,0,1,0,0,0,0,0,0,0,1,0,0,0
79B59D00-D537-4197-891D-938F1405B6D5,2010,92,0,0,0,0,0,1,0,0,0,1,0,0,0,1,0,0,0,0,0,0,0,0,1,0,0
B246336F-5DE4-4C83-9F63-55A0D3A33303,2015,52,0,0,0,0,0,1,0,0,0,1,0,0,0,1,0,0,0,0,0,0,0,0,0,1,0
78B3254F-44F4-4325-B8F6-FA41EC417A61,2015,62,0,0,0,0,1,0,0,0,0,1,0,0,1,0,0,0,0,0,0,0,1,0,0,0,0
79C40EB2-4AA2-4838-BA43-1AF31B3BD3E8,2012,05,0,1,0,0,0,0,0,0,1,0,0,0,0,0,0,1,0,0,0,0,0,0,0,1,0
79CC2E92-66EB-4B5B-9D75-7087289BE2F6,2014,05,0,1,0,0,0,0,0,0,1,0,0,0,0,0,0,1,0,0,0,0,0,0,0,1,0
79CC2FA9-A20F-46E1-B4BA-BB8A51D45591,2013,00,0,0,0,0,0,0,0,1,1,0,0,0,0,0,0,0,0,0,0,1,0,0,0,1,0
0A9204A4-C6B0-40B5-B1E2-5D9D74FEC7EA,2015,62,0,0,0,0,0,1,0,0,0,1,0,0,0,1,0,0,0,0,0,0,0,0,0,1,0
79D1DDE7-B93F-4B8B-A281-2AED9FF942CA,2012,72,0,0,0,0,1,0,0,0,0,1,0,0,1,0,0,0,0,0,0,0,1,0,0,0,0
79E684D0-8CFF-4BE1-8787-BD87F9776672,2013,56,0,0,0,0,0,1,0,0,0,1,0,0,0,1,0,0,0,0,0,0,0,0,0,1,0
79ED1C34-35CB-4997-9FEC-7CFE39E880B2,2012,00,0,0,0,0,0,1,0,0,0,1,0,0,0,1,1,0,0,0,0,0,0,1,0,0,0
60F9393B-7A44-4082-AF6D-2ACAA429BCCF,2015,62,0,0,0,1,0,0,0,0,1,0,0,0,0,0,1,0,0,0,0,0,0,1,0,0,0
79F6344E-3CA6-49E5-948D-DD6E59C3BF6C,2013,00,1,1,1,0,0,0,0,0,1,0,0,0,0,0,0,0,0,1,0,0,0,0,0,1,0
ABD64505-EC1B-4BE1-829C-84A63E2941B2,2016,72,0,0,0,1,0,0,0,0,0,1,0,0,0,0,1,0,0,0,0,0,0,0,0,1,0
7A0AFF85-7326-46F2-8F08-D241748C0874,2013,48,0,0,0,1,0,0,0,0,1,0,0,0,0,0,0,0,0,0,0,1,0,0,0,1,0
F9CFC043-03C4-44DA-8C5E-25560F987F3C,2023,61,1,1,0,0,0,0,0,0,1,0,0,0,0,0,0,0,1,0,0,0,0,0,0,1,1
abb22370-d55e-11e7-bfad-07ede9e0bc7c,2017,62,0,0,0,0,0,1,0,0,0,1,0,0,0,1,0,0,0,0,0,0,0,1,0,0,0
7A167BD1-D1A3-4E32-9E77-B626ADC5B952,2014,00,0,0,0,0,0,1,0,0,0,1,0,0,0,1,0,0,0,0,0,0,0,1,0,0,0
7A1BD0C5-04A7-43E1-99D9-35A20C16991E,2011,92,0,0,0,0,1,0,0,0,0,1,0,0,1,0,0,0,0,0,0,0,0,0,0,1,0
4758E4E2-DD40-40BD-AB98-BD05FAE8D27B,2023,61,1,1,0,0,0,0,0,0,1,0,0,0,0,0,0,0,1,0,0,0,0,0,0,1,1
7A2CA492-6266-4285-8CCA-9866FB287D1C,2013,51,1,1,1,0,0,0,0,0,1,0,0,0,0,0,0,0,0,1,0,0,1,0,0,0,0
4ac2cc20-2378-11eb-b77f-316b5c5dd5eb,2020,61,0,0,0,0,0,1,0,0,0,1,0,0,0,1,0,0,0,0,0,0,0,0,0,1,0
7A371E3D-9975-4D35-8DAD-0F607A1099D1,2013,00,1,1,1,0,0,0,0,0,1,0,0,0,0,0,0,0,0,1,0,0,0,0,0,1,0
7A3BFF3F-C180-4D59-963E-F4F0CA77125F,2013,81,0,1,0,0,0,0,0,0,1,0,0,0,0,0,0,1,0,0,0,0,1,0,0,0,0
386bbb50-a4e2-11ea-a769-1f53f53c0c37,2020,09,0,0,0,0,0,1,0,0,0,1,0,0,0,1,0,0,0,0,0,0,0,0,0,1,0
ec145b70-1c2b-11ea-a0aa-479da677bbbc,2019,62,0,1,0,0,0,0,0,0,1,0,0,0,0,0,0,1,0,0,0,0,0,0,0,1,0
7A54E52F-A0E1-4B52-A4CD-3E77C7DBE85E,2015,42,0,1,0,0,0,0,0,0,1,0,0,0,0,0,0,1,0,0,0,0,0,0,0,1,0
44080A5A-538C-42CC-AB9A-A8BC023364D4,2015,92,0,0,0,0,0,1,0,0,0,1,0,0,0,0,1,0,0,0,0,0,0,0,0,1,0
7A5DD04C-99BB-4C30-BDAE-3FB6858EBA35,2011,92,0,0,0,0,1,0,0,0,0,1,0,0,1,0,0,0,0,0,0,0,0,0,0,1,0
7A5F0ED6-CE6E-495A-9D5B-A6E6EC27B0D0,2013,51,0,1,0,0,0,0,0,0,1,0,0,0,0,0,0,0,0,0,1,0,1,0,0,0,0
2f025340-e457-11e9-a93a-d3a3d34c5869,2019,51,0,0,0,0,0,1,0,0,0,1,0,0,0,1,0,0,0,0,0,0,0,0,0,1,0
7A6B1E0B-D66B-4425-ACC9-3C5CAC8FD164,2013,00,0,1,0,0,0,0,0,0,1,0,0,0,0,0,0,0,1,0,0,0,0,0,0,1,0
7A6FA8A1-CA05-4562-8D30-B491FC15E171,2012,61,0,0,0,1,0,0,0,0,1,0,0,0,0,0,1,0,0,0,0,0,0,1,0,0,0
7A736401-2BC3-49B6-A862-170E504F0023,2013,92,0,0,0,0,0,1,0,0,0,1,0,0,0,1,0,0,0,0,0,0,0,0,0,1,0
A8684F76-C96C-4143-AC6E-7492FBD928D9,2023,61,1,1,0,0,0,0,0,0,1,0,0,0,0,0,0,0,1,0,0,0,0,0,0,1,1
59D19004-B213-47DB-98F3-E611FD498B06,2023,61,1,1,0,0,0,0,0,0,1,0,0,0,0,0,0,0,1,0,0,0,0,0,0,1,1
01a87160-9c81-11e7-8eb8-67f320c42447,2013,52,0,0,0,0,1,0,0,0,0,1,0,0,1,0,0,0,0,0,0,0,0,0,0,1,0
69E8B052-43BB-45D4-9F3F-D4FB2DC156F1,2023,52,1,1,0,0,0,0,0,0,1,0,0,0,0,0,0,0,1,0,0,0,0,0,0,1,1
7AB1A989-7D72-4862-8D6A-300FECC43A4D,2012,92,0,0,0,0,0,1,0,0,0,1,0,0,0,1,0,0,0,0,0,0,0,0,0,1,0
7AB26852-E530-420E-9EED-2420D4B067B0,2014,21,0,1,1,0,0,0,0,0,1,0,0,0,0,0,0,0,0,1,0,0,0,1,0,0,0
b01afc00-c254-11e8-bf07-99bafabab839,2016,62,0,0,0,0,0,1,0,0,0,1,0,0,0,1,0,0,0,0,0,0,0,0,0,1,0
7AB417DD-32D6-41AC-A9D7-2C976D0B60B6,2013,54,0,1,0,0,0,0,0,0,1,0,0,0,0,0,0,1,0,0,0,0,0,0,0,1,0
7ABD421E-3F49-4D2F-BCCD-3FBAD9E050EC,2013,49,0,0,0,1,0,0,0,0,0,1,0,0,0,0,1,0,0,0,0,0,0,0,0,1,0
03337515-E57E-4B55-B8A3-0479A6A9292E,2016,61,0,0,0,1,0,0,0,0,1,0,0,0,0,0,1,0,0,0,0,0,0,1,0,0,0
7ACBD6DA-9BA7-4DF2-8A1B-F65C512A4553,2012,61,0,1,0,0,0,0,0,0,1,0,0,0,0,0,0,1,0,0,0,0,0,0,0,1,0
7AD2BC44-4883-45E9-9E43-24EC205DF244,2014,62,0,0,0,1,0,0,0,0,0,1,0,0,0,0,1,0,0,0,0,0,0,0,0,1,0
7ADF930A-E35D-400E-B4FC-96A85EF2AED9,2013,62,0,0,0,1,0,0,0,0,1,0,0,0,0,0,1,0,0,0,0,0,0,1,0,0,0
7AE02D59-931F-45C6-A4BF-73173BE3AE50,2013,52,0,1,0,0,0,0,0,0,1,0,0,0,0,0,0,0,0,0,1,0,1,0,0,0,0
236c8830-e933-11e9-b01d-8d8474fb7a4b,2015,52,0,0,0,0,0,1,0,0,0,1,0,0,0,1,0,0,0,0,0,0,0,0,0,1,0
7AF42844-11AE-429D-A329-C8CE944ED3BD,2012,05,0,1,0,0,0,0,0,0,1,0,0,0,0,0,0,1,0,0,0,0,0,0,0,1,0
E6D82689-3077-412C-B9DB-4E6B1E69C183,2023,61,1,1,0,0,0,0,0,0,1,0,0,0,0,0,0,0,1,0,0,0,0,0,0,1,1
5733A310-622B-4E66-9359-D1F20B328836,2023,81,1,1,0,0,0,0,0,0,1,0,0,0,0,0,0,0,1,0,0,0,0,0,0,1,1
BC8C0352-919F-411D-A66A-C8377142AC14,2016,62,1,1,1,0,0,0,0,0,1,0,0,0,0,0,0,0,0,1,0,0,0,0,0,1,0
7B13B665-8EBD-4E6C-A5E1-754498ED5205,2013,81,0,0,0,0,0,1,0,0,1,0,0,0,0,1,0,0,0,0,0,0,0,0,0,1,0
BE8138FE-1743-4008-B337-F8CC0FD6CAE2,2023,61,1,1,0,0,0,0,0,0,1,0,0,0,0,0,0,0,1,0,0,0,0,0,0,1,1
7B210BFA-59F7-44D0-9C44-30DD81189632,2009,54,0,0,0,0,1,0,0,0,0,1,0,0,1,0,0,0,0,0,0,0,0,0,0,1,0
61962535-FD64-4D8C-AF5A-71BD78FA85E3,2016,61,0,0,0,0,0,1,0,0,0,1,0,0,0,1,0,0,0,0,0,0,0,1,0,0,0
7B26E013-8A3A-4AF9-AB99-E1572169E305,2013,54,0,0,0,1,0,0,0,0,1,0,0,0,0,0,1,0,0,0,0,0,0,0,0,1,0
7B2FB73B-3177-425F-8BE4-6977289A3CFC,2012,92,1,1,1,0,0,0,0,0,1,0,0,0,0,0,0,0,0,1,0,0,0,0,0,1,0
d1b186e0-c268-11e8-bf07-99bafabab839,2018,92,0,1,0,0,0,0,0,0,1,0,0,0,0,0,0,1,0,0,0,0,0,1,0,0,0
225dc010-971b-11e7-a11c-5542f7e3819f,2017,92,0,0,0,0,0,1,0,0,0,1,0,0,0,1,0,0,0,0,0,0,0,0,0,1,0
DE7DDE65-1F2D-416C-9884-8501154419B8,2015,62,0,0,0,0,1,0,0,0,1,1,0,0,1,0,0,0,0,0,0,0,0,0,0,1,0
E1562340-CCF1-4CA8-A466-0F607348D745,2023,61,1,1,0,0,0,0,0,0,1,0,0,0,0,0,0,0,1,0,0,0,0,0,0,1,1
A6A1EA26-24A4-471E-A3F3-23067B2FE93E,2012,52,0,0,0,0,1,0,0,0,1,0,0,0,1,0,0,0,0,0,0,0,0,0,0,1,0
7B553304-C9FE-4F01-BA82-A8AE64BC6F1D,2014,52,0,0,0,1,0,0,0,0,1,0,0,0,0,0,0,0,0,0,0,1,0,0,0,1,0
5e9a14a0-e455-11e9-ae80-e5ad9aac92e3,2017,52,0,0,0,1,0,0,0,0,1,0,0,0,0,0,0,0,0,0,0,1,0,0,0,1,0
d8cc6d40-761b-11e7-9d88-ab89f89c69db,2016,00,0,0,0,0,0,1,0,0,0,1,0,0,0,1,0,0,0,0,0,0,0,0,0,1,0
2C8B940D-D5D5-4F3E-AE8B-88E587DB5E75,2023,00,1,1,0,0,0,0,0,0,1,0,0,0,0,0,0,0,1,0,0,0,0,0,0,1,1
88185220-dc27-11e7-be42-df02fe7390b5,2017,62,0,1,0,0,0,0,0,0,1,0,0,0,0,0,0,0,1,0,0,0,0,0,0,1,0
e72c67a0-0d94-11eb-8a4c-a57973eceafd,2016,92,0,0,0,0,0,1,0,0,0,1,0,0,0,1,0,0,0,0,0,0,0,0,0,1,0
7B83E65B-B656-40D4-9A68-223B80A0BE22,2013,00,0,0,0,1,0,0,0,0,1,0,0,0,0,0,1,0,0,0,0,0,0,1,0,0,0
7B88F791-35FD-401C-800D-29F7F4300C7C,2013,00,0,1,0,0,0,0,0,0,1,0,0,0,0,0,0,1,0,0,0,0,0,0,0,1,0
7B88F805-56DF-4607-BD82-F72E26AB744F,2012,56,0,0,0,1,0,0,0,0,1,0,0,0,0,0,1,0,0,0,0,0,0,1,0,0,0
7B8C3EB3-20D1-4D68-87B1-0C3B27F6CCFD,2013,62,0,0,0,0,1,0,0,0,0,1,0,0,1,0,0,0,0,0,0,0,0,0,0,1,0
7B9D36E6-5C56-4CB4-B301-767378D6B3FB,2011,22,0,0,0,0,1,0,0,0,0,1,0,0,1,0,0,0,0,0,0,0,0,0,0,1,0
7B9DE8DD-67F8-4DB1-B6E0-8C82D18D3236,2012,92,0,0,0,0,0,1,0,0,0,1,0,0,0,1,0,0,0,0,0,0,0,0,0,1,0
413692DC-F809-45AE-A421-CE286444A43F,2016,54,1,1,0,0,0,0,0,0,1,0,0,0,0,0,0,0,1,0,0,0,0,0,0,1,0
A1465360-EDF2-4F79-86F9-D669CC749D90,2015,54,0,0,0,0,1,0,0,0,0,1,0,0,1,0,0,0,0,0,0,0,0,0,0,1,0
9bb8e910-8e99-11ec-a600-657ec2694f8f,2021,51,0,1,0,0,0,0,0,0,1,0,0,0,0,0,0,1,0,0,0,0,0,0,0,1,0
7BA7292B-B990-4968-A94B-892BEDBDA178,2011,42,0,0,0,0,1,0,0,0,0,1,0,0,1,0,0,0,0,0,0,0,1,0,0,0,0
BD457832-DC22-460D-96C9-918069B479DE,2023,61,1,1,0,0,0,0,0,0,1,0,0,0,0,0,0,0,1,0,0,0,0,0,0,1,1
07bc6df0-8e75-11ec-8536-fdd879d89dfb,2020,54,1,0,0,0,0,0,0,1,1,0,0,0,0,0,0,0,1,0,0,0,0,0,0,1,0
7BBE094F-0362-4176-81E9-8BA6DCC306AC,2013,51,0,1,0,0,0,0,0,0,1,0,0,0,0,0,0,1,0,0,1,0,1,0,0,0,0
7BC1BDE8-6C8A-47E8-92BE-735F49C8D51C,2014,61,0,0,0,0,0,1,0,0,0,1,0,0,0,1,0,0,0,0,0,0,0,0,0,1,0
7BC30E91-8766-46EB-AA82-F83F7374113E,2013,92,0,1,0,0,0,0,0,0,1,0,0,0,0,0,0,1,0,0,0,0,1,0,0,0,0
22F55CC4-8ECA-4E5E-B905-356B4B27C537,2009,62,0,0,0,0,0,1,0,0,0,1,0,0,0,1,0,0,0,0,0,0,0,0,0,1,0
7BC8D4E8-8DCE-4C32-A6B3-12C65C56C049,2013,54,0,0,0,1,0,0,0,0,1,0,0,0,0,0,1,0,0,0,0,0,0,1,0,0,0
5f5a7500-87b8-11ee-b955-bdb463ad03be,2022,61,0,1,0,0,0,0,0,0,1,0,0,0,0,0,0,0,0,0,0,1,0,0,0,1,0
7BD685C3-745E-4FA1-82C0-C2414C1D0192,2011,52,0,0,0,0,0,1,0,0,0,1,0,0,0,1,1,0,0,0,0,0,0,1,0,0,0
7BDF73C1-C69F-48B9-BC70-4B0CD76343C3,2014,48,0,0,0,1,0,0,0,0,1,0,0,0,0,0,0,0,0,0,0,1,0,0,0,1,0
59dde750-aefb-11e9-b3f3-410dc98f333e,2019,62,0,0,0,0,1,0,0,0,0,0,1,0,1,0,0,0,0,0,0,0,0,0,0,1,0
7BE63400-AEDE-44EB-8755-A78A96FB11A3,2011,92,0,0,0,0,0,1,0,0,0,1,0,0,0,1,0,0,0,0,0,0,0,0,0,1,0
7BF6DB70-BC1A-4B46-95C9-867728CAD858,2014,62,1,1,1,0,0,0,0,0,1,0,0,0,0,0,0,1,1,0,0,0,1,0,0,0,0
7BF96B87-B455-4488-9729-8AAF4AA4042D,2012,92,1,1,1,0,0,0,0,0,1,0,0,0,0,0,0,0,0,1,0,0,0,0,0,1,0
7C0C29AF-F195-4DE3-BA3F-3161E4E58B82,2014,62,0,0,0,0,1,0,0,0,0,1,0,0,1,0,0,0,0,0,0,0,0,0,0,1,0
efb46700-d909-11e7-be42-df02fe7390b5,2017,92,0,0,0,0,0,1,0,0,0,1,0,0,0,1,0,0,0,0,0,0,0,1,0,0,0
37274A81-F7F2-4AF7-B7F9-5B71DFFD0771,2023,61,1,1,0,0,0,0,0,0,1,0,0,0,0,0,0,0,1,0,0,0,0,0,0,1,1
fcd242e0-2b69-11ea-b50d-3fd6f00cf940,2019,62,0,0,0,1,0,0,0,0,1,0,0,0,0,0,1,0,0,0,0,0,0,1,0,0,0
7C2BEB71-FC08-46B7-813D-C34250B1D84F,2013,48,0,0,0,1,0,0,0,0,1,0,0,0,0,0,0,0,0,0,0,1,0,0,0,1,0
7C360C78-68FA-483D-B354-1A74E994F692,2013,09,0,0,0,0,0,1,0,0,1,0,0,0,0,1,0,0,0,0,0,0,1,0,0,0,0
244bda60-01a3-11eb-b177-5f49668a9776,2019,00,0,0,0,0,1,0,0,0,0,1,0,0,1,0,0,0,0,0,0,0,0,0,0,1,0
7C3E443C-20A1-442C-A0BC-1C2BA1213423,2013,61,0,1,0,0,0,0,0,0,1,0,0,0,0,0,0,1,0,0,0,0,0,0,0,1,0
7C40B555-B23C-42B8-9A8C-E8B207B5FCF8,2013,92,0,0,0,0,0,1,0,0,0,1,0,0,0,1,0,0,0,0,0,0,0,0,0,1,0
1e0e2040-ac55-11e8-8036-a30436c88231,2017,62,0,1,1,0,0,0,0,0,1,0,0,0,0,0,0,0,0,1,0,0,0,0,0,1,0
7C488238-74EF-4D2F-A4B4-A63672479A3F,2013,52,0,0,0,1,0,0,0,0,1,0,0,0,0,0,1,0,0,0,0,0,0,1,0,0,0
7C4A1BFF-D336-48A6-9625-ABEDF4D3D34A,2013,62,0,0,0,1,0,0,0,0,0,1,0,0,0,0,1,0,0,0,0,0,0,1,0,0,0
7C4D8FBE-0522-4B38-8CFD-484362D64315,2013,52,0,0,0,0,0,1,0,0,0,1,0,0,0,1,0,0,0,0,0,0,0,0,0,1,0
7C50C0C8-95DB-4637-BCA8-987070133213,2013,62,0,0,0,0,1,0,0,0,0,1,0,0,1,0,0,0,0,0,0,0,0,0,0,1,0
7C527430-39D2-4E60-A5DA-176C28205623,2013,51,1,0,0,0,0,0,0,0,1,0,0,0,0,0,0,0,1,0,0,0,0,1,0,0,0
7C52C3ED-93A0-4872-BBAF-9381A8A37967,2015,62,0,0,0,0,1,0,0,0,0,1,0,0,1,0,0,0,0,0,0,0,0,0,0,1,0
AAB32389-22BC-C25A-6F60-6EB525FFDC56,2025,54,0,1,0,0,0,0,0,0,1,0,0,0,0,0,0,1,0,0,0,0,0,0,0,1,0
7C5CA8F4-7CDD-48AC-9ACA-2B42B68EE511,2012,81,0,1,0,0,0,0,0,0,1,0,0,0,0,0,0,1,0,0,0,0,0,0,0,1,0
08cb5e30-a09f-11e8-899a-23ad2f84ca7d,2017,56,1,0,0,0,0,0,0,0,1,0,0,0,0,0,0,0,1,0,0,0,0,0,0,1,0
6FEC21E7-F3EA-4FB8-B1E1-CBCC7C6929FF,2015,44,0,0,0,1,0,0,0,0,1,0,0,0,0,0,0,0,0,0,0,1,0,0,0,1,0
4A6C63FC-D6DB-4CE0-B995-D78F270FC66B,2023,61,1,1,0,0,0,0,0,0,1,0,0,0,0,0,0,0,1,0,0,0,0,0,0,1,1
7C6753D7-B367-4EC4-BEA4-851EF2BBB921,2013,00,0,1,0,0,0,0,0,0,1,0,0,0,0,0,0,1,0,0,0,0,0,0,0,1,0
7C6B4CD2-0072-40B8-9BAF-DCE6F6D5E4CF,2013,61,0,0,0,1,0,0,0,0,1,0,0,0,0,0,1,0,0,0,0,0,0,1,0,0,0
41532932-C6C7-4E24-8A28-B8D554A90F0E,2023,61,1,1,0,0,0,0,0,0,1,0,0,0,0,0,0,0,1,0,0,0,0,0,0,1,1
7C718394-9BE8-49C0-A902-CFC82CC6DCCA,2010,62,0,0,0,1,0,0,0,0,1,0,0,0,0,0,1,0,0,0,0,0,0,1,0,0,0
cbe5edd0-30da-11ec-9798-915a6ecdc137,2015,72,0,0,1,0,1,0,0,0,1,1,0,0,1,0,0,0,0,0,0,0,0,0,0,1,0
d8f1f1a0-72d4-11eb-a46e-831b23dc7360,2020,62,0,0,0,0,0,1,0,0,0,1,0,0,0,1,0,0,0,0,0,0,0,0,0,1,0
7CB0CF6E-16C1-493C-8FAF-39ED3C66DE43,2014,62,0,0,0,0,0,1,0,0,0,0,1,0,0,1,0,0,0,0,0,0,0,0,0,1,0
7CC3B41B-6001-4B5C-B093-EB7C940B8A60,2014,00,0,1,0,0,0,0,0,0,1,0,0,0,0,0,0,1,0,0,0,0,1,0,0,0,0
B2B87A55-CA7D-464E-B58E-DFC1E2AE8DD1,2016,00,1,1,1,0,0,0,0,0,1,0,0,0,0,0,0,0,0,1,0,0,0,0,0,1,0
7CD224D4-B007-4213-A865-0C7F86E09DC7,2012,72,1,1,0,0,0,0,0,0,1,0,0,0,0,0,0,0,1,0,0,0,0,0,0,1,0
7CD6F400-DA70-4CB5-8B37-C442BA2FC3FB,2013,02,0,1,0,0,0,0,0,0,1,0,0,0,0,0,0,1,0,0,0,0,0,0,0,1,0
d1f0bdd0-be61-11e7-ada5-4196de8cadbf,2017,00,0,0,0,0,0,1,0,0,0,1,0,0,0,1,0,0,0,0,0,0,0,0,0,1,0
a47d9af0-d9c2-11eb-8feb-0b45b7dcf47e,2020,51,0,0,0,0,0,1,0,0,0,1,0,0,0,1,0,0,0,0,0,0,0,0,0,1,0
7CDBE12F-2279-49C7-A5D5-95267288546F,2014,00,0,0,0,0,0,1,0,0,0,1,0,0,0,1,0,0,0,0,0,0,0,0,0,1,0
7CDE837B-255A-45D4-B0E3-F27D50AA9E13,2013,61,0,1,0,0,0,0,0,0,1,0,0,0,0,0,0,0,1,0,0,0,0,1,0,0,0
7CDF2AA5-CA85-419D-A5B5-D7E026457299,2010,62,0,0,0,1,0,0,0,0,1,0,0,0,0,0,1,0,0,0,0,0,0,1,0,0,0
6F4922F4-5568-161A-8CDF-4AD2299F6D23,2025,51,0,1,0,0,0,0,0,0,1,0,0,0,0,0,0,1,0,0,0,0,0,0,0,1,0
7CE1FDAA-C738-4DD5-93C3-59CF09CFF259,2013,52,0,0,0,0,0,1,0,0,0,1,0,0,0,1,0,0,0,0,0,0,0,0,0,1,0
7CF99F57-175C-4E15-9240-735A3B19B9C9,2013,00,0,0,0,0,0,1,0,0,0,0,1,0,0,0,1,0,0,0,0,0,0,1,0,0,0
593E5B6E-6C21-4C9F-8D3F-684A616FDCE3,2023,61,1,1,0,0,0,0,0,0,1,0,0,0,0,0,0,0,1,0,0,0,0,0,0,1,1
6F97C96A-8BF8-4315-8FB3-F0F3934AAFD4,2023,00,1,1,0,0,0,0,0,0,1,0,0,0,0,0,0,0,1,0,0,0,0,0,0,1,1
7E310D7A-3DF6-4E78-A5B5-9A29F5CFC98F,2023,61,1,1,0,0,0,0,0,0,1,0,0,0,0,0,0,0,1,0,0,0,0,0,0,1,1
7D176688-D6A5-4213-965B-0CBFB0FCA2C9,2015,92,0,0,0,0,1,0,0,0,0,1,0,0,1,0,0,0,0,0,0,0,0,0,0,1,0
9d14cad0-0d25-11ed-9141-192d7c736152,2021,62,0,1,0,0,0,0,0,0,1,0,0,0,0,0,0,0,0,0,0,1,0,0,0,1,0
7D3EBFAE-DF94-43F5-B1BC-378AB4A9E7D8,2013,51,0,1,0,0,0,0,0,0,1,0,0,0,0,0,0,1,0,0,0,0,1,0,0,0,0
B3432CF4-2D07-4092-A1A7-F178587172C8,2016,52,0,0,0,1,0,0,0,0,1,0,0,0,0,0,0,0,0,0,0,1,0,0,0,1,0
7D65C538-0DD9-4124-B483-0742DBF777C3,2014,52,1,1,1,0,0,0,0,0,1,0,0,0,0,0,0,0,0,1,0,0,0,0,0,1,0
7D6B836D-FA53-433F-BBD7-C2CE3C3C2061,2013,51,0,0,0,0,0,1,0,0,0,1,0,0,0,1,0,0,0,0,0,0,0,0,0,1,0
6aa843a0-9a21-11e7-9c6e-153653ac7780,2017,52,0,0,0,1,0,0,0,0,1,0,0,0,0,0,0,0,0,0,0,1,0,0,0,1,0
7D6E12EB-0B10-481B-8E95-6ED30D463DF6,2012,52,0,0,0,1,0,0,0,0,1,0,0,0,0,0,1,0,0,0,0,0,0,1,0,0,0
20CE5AF4-7661-4B56-A3DC-7ECC2648BC21,2023,61,1,1,0,0,0,0,0,0,1,0,0,0,0,0,0,0,1,0,0,0,0,0,0,1,1
7D843B62-78B4-485F-A846-4F04D9211C1E,2012,52,0,0,0,0,0,1,0,0,0,1,0,0,0,1,0,0,0,0,0,0,0,0,0,1,0
7D89D0E2-85F2-4B0D-BD71-D823ABAB3A6F,2014,31,0,0,0,1,0,0,0,0,0,1,0,0,0,0,1,0,0,0,0,0,0,1,0,0,0
7D8DB525-8004-4E7F-95EC-C131CF2D9853,2015,92,0,0,0,0,1,0,0,0,0,1,0,0,1,0,0,0,0,0,0,0,0,0,0,1,0
A6B959A8-3757-4ADB-A820-1ED67D494528,2015,52,0,0,0,1,0,0,0,0,1,0,0,0,0,0,0,0,0,0,0,1,0,0,0,1,0
7D9E1AE5-9342-40B9-84C6-D65E86E3770E,2013,61,0,0,0,1,0,0,0,0,1,0,0,0,0,0,1,0,0,0,0,0,0,1,0,0,0
7DA106F8-D1FC-48BE-8149-6419C97E4674,2012,62,0,0,0,1,0,0,0,0,1,0,0,0,0,0,1,0,0,0,0,0,0,1,0,0,0
7DA61BD9-0106-48EA-962B-223D03DC1095,2023,00,1,1,0,0,0,0,0,0,1,0,0,0,0,0,0,0,1,0,0,0,0,0,0,1,1
C154EE94-C77F-4B13-9B8D-FBEC71D4EAC1,2013,51,0,1,0,0,0,0,0,0,1,0,0,0,0,0,0,1,0,0,0,0,0,0,0,1,0
6D45ECEC-E82E-4ADD-9CD8-A9EC7C66B514,2023,52,1,1,0,0,0,0,0,0,1,0,0,0,0,0,0,0,1,0,0,0,0,0,0,1,1
4a70e2f0-1c7b-11ec-bbb1-d17b99816d46,2021,33,1,1,0,0,0,0,0,0,1,0,0,0,0,0,0,0,1,0,0,0,0,0,0,1,0
30FD6441-9D54-4649-97C8-2DB6675D5D65,2023,61,1,1,0,0,0,0,0,0,1,0,0,0,0,0,0,0,1,0,0,0,0,0,0,1,1
9a3e1770-f6b7-11ea-b6fa-6deaa5aa80b0,2020,51,0,0,0,0,0,1,0,0,0,1,0,0,0,1,0,0,0,0,0,0,0,0,0,1,0
E70FC5DD-4A93-4C10-9C02-C4CEC1391031,2016,92,0,0,0,0,1,1,0,0,0,1,0,0,1,1,0,0,0,0,0,0,0,0,0,1,0
7DC8EBDF-9D0D-4701-92F9-F78A56F3175B,2015,62,0,0,0,0,0,1,0,0,0,1,0,0,0,1,0,0,0,0,0,0,0,0,0,1,0
7DCA0B0F-CF1F-4DA3-B233-F0C188A098A0,2014,44,0,0,0,1,0,0,0,0,1,0,0,0,0,0,1,0,0,0,0,0,0,1,0,0,0
7DCE9AD1-2138-4DAA-BEDE-9FAF49B81B59,2012,51,0,1,0,0,0,0,0,0,1,0,0,0,0,0,0,1,0,0,0,0,0,0,0,1,0
7DD02745-8CE2-4612-ACAF-63F7480F6F67,2013,42,0,0,0,0,1,0,0,0,0,0,1,0,1,0,0,0,0,0,0,0,0,0,0,1,0
7DDA2CE4-CC2A-4787-96ED-18F1BD5EB468,2014,72,0,0,0,0,0,1,0,0,0,1,0,0,0,1,0,0,0,0,0,0,0,0,0,1,0
7DE11EF4-61C7-4193-8E12-856252C6ADC6,2015,06,0,0,1,0,0,0,0,0,1,0,0,0,0,0,0,0,0,1,0,0,0,0,0,1,0
7DE35398-B364-4BCD-A774-45F018E278E8,2013,92,0,0,1,0,0,0,0,0,1,0,0,0,0,0,0,0,0,1,0,0,0,0,0,1,0
0870145B-9AE7-4657-9A4A-3AEEF4B48C69,2016,92,0,0,0,0,1,0,0,0,0,1,0,0,1,0,0,0,0,0,0,0,0,1,0,0,0
8D954CC3-A959-4723-A6B3-D885136AB9BF,2014,62,0,0,0,0,1,1,0,0,0,1,0,0,0,1,0,0,0,0,0,0,0,0,0,1,0
0fb512a0-c575-11e7-bdb2-99e5dbe0676c,2017,00,0,0,1,0,0,0,0,0,1,0,0,0,0,0,0,0,0,1,0,0,0,0,0,1,0
7DED3FBA-3CF3-4E45-BC6D-EBF3F5F5919B,2013,00,0,0,0,0,1,0,0,0,0,1,0,0,1,0,0,0,0,0,0,0,0,0,0,1,0
bc7270f0-ffde-11e9-830f-9f9afa6b578d,2019,52,0,0,0,0,0,1,0,0,0,1,0,0,0,1,0,0,0,0,0,0,0,0,0,1,0
7DFFFAB9-6D1B-4FD4-BA5B-4D24FBBDA780,2013,71,0,1,0,0,0,0,0,0,1,0,0,0,0,0,0,1,0,0,0,0,1,0,0,0,0
7E017BB9-F05A-4830-A17E-AAC6A8C3F042,2010,92,0,0,0,0,0,1,0,0,0,1,0,0,0,1,0,0,0,0,0,0,0,0,0,1,0
F063AED5-1020-4DDF-ACED-800BBEE38153,2023,61,1,1,0,0,0,0,0,0,1,0,0,0,0,0,0,0,1,0,0,0,0,0,0,1,1
af83d990-e20f-11e7-8553-197c24c367d2,2017,62,0,0,0,0,0,1,0,0,0,1,0,0,0,1,0,0,0,0,0,0,0,0,0,1,0
7E0D0D4B-9457-4FE9-A2C0-BDC9666189F2,2007,62,0,0,0,0,1,0,0,0,0,1,0,0,1,0,0,0,0,0,0,0,0,0,0,1,0
7E0D1A3C-B735-4F9A-A1E1-710F81443F9C,2015,00,0,0,0,0,1,0,0,0,0,1,0,0,1,0,0,0,0,0,0,0,1,0,0,0,0
b4d68070-8aaa-11e8-874b-dd84fb61b260,2018,33,0,0,0,1,1,0,0,0,0,1,0,0,1,0,0,0,0,0,0,0,0,0,0,1,0
7E1CCE9E-E502-4D79-BCC5-300D89D0EF83,2013,62,0,0,0,1,0,0,0,0,1,0,0,0,0,0,1,0,0,0,0,0,0,1,0,0,0
3f063770-9968-11e7-a8f4-3b6b04fdb9a4,2017,62,0,0,0,0,0,1,0,0,0,1,0,0,0,0,1,0,0,0,0,0,0,1,0,0,0
7E5120AD-A63F-4D39-A2E6-A3FE2BF4B299,2012,33,0,1,0,0,0,0,0,0,1,0,0,0,0,0,0,1,0,0,0,0,0,0,0,1,0
A87FF679-A2F3-E71D-9181-A67B7542122C,2025,61,0,1,0,0,0,0,0,0,1,0,0,0,0,0,0,1,0,0,0,0,0,0,0,1,0
7E532758-6359-48C9-84D7-897F372C3E0E,2012,52,0,0,0,0,0,1,0,0,0,1,0,0,0,1,0,0,0,0,0,0,0,1,0,0,0
7E573571-5DA3-4E02-B042-114693E29EA6,2012,92,0,0,0,0,0,1,0,0,0,1,0,0,0,1,0,0,0,0,0,0,0,0,0,1,0
A3D2B9EB-A7BF-49AD-92F1-0E6A287B1279,2023,61,1,1,0,0,0,0,0,0,1,0,0,0,0,0,0,0,1,0,0,0,0,0,0,1,1
86265EDA-BD8C-4833-85E3-FFE551C7E4BD,2023,61,1,1,0,0,0,0,0,0,1,0,0,0,0,0,0,0,1,0,0,0,0,0,0,1,1
7E68C5D7-AA95-4ECF-A338-7A7D30CF1E50,2013,00,1,1,1,0,0,0,0,0,1,0,0,0,0,0,0,0,0,1,0,0,0,0,0,1,0
7E6BA66C-583A-4CB9-A9F6-5A581B3BBA3F,2012,00,0,0,0,1,0,0,0,0,1,0,0,0,0,0,1,0,0,0,0,0,0,1,0,0,0
7E81278C-7973-44D5-AB59-90287869BF06,2013,52,0,0,0,0,0,1,0,0,0,1,0,0,0,1,0,0,0,0,0,0,0,1,0,0,0
668ffe40-2375-11ea-a520-cb05efb19081,2019,62,1,0,0,0,0,0,0,1,1,0,0,0,0,0,0,0,1,0,0,0,0,1,0,0,0
7E9EEC94-3071-49B4-A712-14A1A71168F9,2013,92,0,0,0,0,0,1,0,0,0,1,0,0,0,0,1,0,0,0,0,0,0,0,0,1,0
b8f77a10-8e23-11ee-8e0f-01920077cf74,2022,52,1,1,0,0,0,0,0,0,1,0,0,0,0,0,0,0,1,0,0,0,0,0,0,1,0
F0DAAA44-FB58-408A-8C96-C45E98310633,2023,61,1,1,0,0,0,0,0,0,1,0,0,0,0,0,0,0,1,0,0,0,0,0,0,1,1
aee052a0-1570-11ec-8375-f10617ad68c4,2021,92,0,0,0,0,0,1,0,0,0,1,0,0,0,1,0,0,0,0,0,0,0,0,0,1,0
F3EAA53C-76EC-4A5B-AF40-75125F2C80CD,2016,00,0,0,0,1,0,0,0,0,1,0,0,0,0,0,1,0,0,0,0,0,0,0,1,0,0
7EB94845-3745-45F5-8D5B-75B278A8A035,2013,09,0,0,0,1,0,0,0,0,1,0,0,0,0,0,1,0,0,0,0,0,0,1,0,0,0
7EC4DE90-48A7-402B-9420-981FF0F64F15,2013,92,0,0,0,0,1,0,0,0,0,1,0,0,1,0,0,0,0,0,0,0,0,0,0,1,0
0ed55c00-778c-11e7-a457-a5a222e6d450,2017,54,0,0,0,0,0,1,0,0,0,1,0,0,0,1,0,0,0,0,0,0,0,0,0,1,0
7EDDC24C-F83B-4F22-AC4B-07B7412F050F,2014,62,0,0,0,0,1,0,0,0,0,1,0,0,1,0,0,0,0,0,0,0,0,0,0,1,0
7EE1FDDF-FBAB-4A6E-A8CF-B1827AB7CF5E,2013,32,0,0,0,0,1,0,0,0,0,1,0,0,1,0,0,0,0,0,0,0,0,0,0,1,0
7EE6933F-2B2E-40DD-83B9-7B6D5AAA3CB6,2011,62,0,0,0,0,0,1,0,0,0,1,0,0,0,1,0,0,0,0,0,0,0,1,0,0,0
7EE7F751-422B-45F4-A444-5BCFFBF82E0B,2010,62,0,0,0,1,0,0,0,0,1,0,0,0,0,0,1,0,0,0,0,0,0,1,0,0,0
7EF293D3-120F-4E94-8614-F34D6A8735E1,2004,62,0,0,1,0,1,0,0,0,0,1,0,0,1,0,0,0,0,0,0,0,0,0,0,1,0
7F0907E8-2E1D-4650-A508-C90186087B52,2012,92,0,0,0,0,1,0,0,0,0,1,0,0,1,0,0,0,0,0,0,0,0,0,0,1,0
7F095199-EA09-4919-8EFA-AC68A9C8EF7F,2013,62,0,0,0,1,0,0,0,0,0,1,0,0,0,0,1,0,0,0,0,0,0,1,0,0,0
7F234922-1F5E-481D-9F37-ACEABB17C218,2014,44,0,0,0,0,0,1,0,0,0,1,0,0,0,1,0,0,0,0,0,0,0,1,0,0,0
3b05bf50-a4ad-11e8-b571-7db57cad93dd,2018,62,0,0,1,0,0,0,0,0,1,0,0,0,0,0,0,0,0,1,0,0,0,1,0,0,0
84DE3A4C-E18A-4D49-A056-EEB8A9CEC6A6,2012,54,0,1,0,0,0,0,0,0,1,0,0,0,0,0,0,0,1,0,0,0,0,0,0,1,0
7F3A71FF-1FC3-4389-B275-809A61B1EF10,2013,92,0,0,0,0,0,1,0,0,0,1,0,0,0,1,0,0,0,0,0,0,0,0,0,1,0
7F3FBED1-F33D-47AD-B41E-EB2B9F8FC673,2014,00,0,1,0,0,0,0,0,0,1,0,0,0,0,0,0,1,0,0,0,0,0,0,0,1,0
7F418DC1-E700-4D7D-8D11-0D62E4A859BA,2014,09,0,0,0,0,1,0,0,0,0,1,0,0,1,0,0,0,0,0,0,0,0,0,0,1,0
7F445B39-82BF-4C1E-ABA7-FA033CE02F92,2008,62,0,0,0,0,1,0,0,0,0,1,0,0,1,0,0,0,0,0,0,0,0,0,0,1,0
EA5D2F1C-4608-232E-07D3-AA3D998E5135,2025,54,0,1,0,0,0,0,0,0,1,0,0,0,0,0,0,1,0,0,0,0,0,0,0,1,0
FC490CA4-5C00-B124-9BBE-3554A4FDF6FB,2025,33,0,1,0,0,0,0,0,0,1,0,0,0,0,0,0,1,0,0,0,0,0,0,0,1,0
7F5291A9-EE23-4C83-96B7-EF829CB84B72,2012,62,0,0,0,1,0,0,0,0,1,0,0,0,0,0,1,0,0,0,0,0,0,1,0,0,0
d5ad6b30-cd0a-11e9-a052-6392f3b8c0e8,2019,51,0,1,0,0,0,0,0,0,1,0,0,0,0,0,0,1,0,0,0,0,0,0,0,1,0
7F675662-D333-45E5-A77B-AF23B943E5BA,2012,92,0,0,0,0,1,0,0,0,0,1,0,0,1,0,0,0,0,0,0,0,0,0,0,1,0
AAD29FC5-F9F9-49E7-BF57-177280D09409,2023,61,1,1,0,0,0,0,0,0,1,0,0,0,0,0,0,0,1,0,0,0,0,0,0,1,1
7F72291C-CE82-4CD6-B8D5-CAF064FE9EC2,2011,54,0,0,0,0,0,1,0,0,0,0,1,0,0,0,1,0,0,0,0,0,0,1,0,0,0
7F72AD11-5AAA-45F5-B8F7-933EECF40C8F,2014,81,0,0,0,0,1,0,0,0,0,1,0,0,1,0,0,0,0,0,0,0,0,0,0,1,0
52234410-2F40-4C96-8111-27278C54E472,2023,61,1,1,0,0,0,0,0,0,1,0,0,0,0,0,0,0,1,0,0,0,0,0,0,1,1
48B10AED-D009-43FE-A6EC-43347E2CFE14,2016,92,1,0,0,1,0,0,0,0,1,1,0,0,0,0,0,0,1,0,0,0,1,0,0,0,0
9FC4A56B-A81B-4CE3-8EEA-12DE5C43B644,2023,61,1,1,0,0,0,0,0,0,1,0,0,0,0,0,0,0,1,0,0,0,0,0,0,1,1
4D7F9155-829A-419B-A95F-3FEEDF158A1C,2016,62,0,0,0,0,0,1,0,0,0,1,0,0,0,1,0,0,0,0,0,0,0,0,0,1,0
2BADC20F-9DE6-4FFA-9C35-B251D0087D9F,2016,72,0,0,0,1,0,0,0,0,1,0,0,0,0,0,0,0,0,0,0,1,0,1,0,0,0
BE7DB355-BAC8-4844-85C6-66625F479F4C,2015,81,0,1,0,0,0,0,0,1,1,0,0,0,0,0,0,0,0,0,0,1,0,0,0,1,0
7F8AA7F2-DFE0-4937-935F-3F469A96C1F4,2010,62,0,0,0,0,0,0,0,1,0,0,0,1,0,0,0,0,0,0,0,1,0,1,0,0,0
7F8BE436-CFCA-4523-9C4D-A7BAC741D1D1,2012,92,0,0,0,0,1,0,0,0,0,1,0,0,1,0,0,0,0,0,0,0,0,1,0,0,0
7F8D1991-85BE-41B6-99BF-9BB6F46842CD,2004,52,0,0,0,0,1,0,0,0,0,1,0,0,1,0,0,0,0,0,0,0,0,0,0,1,0
7F955EA7-CBDF-4082-99C7-E14633007257,2012,51,0,1,0,0,0,0,0,0,1,0,0,0,0,0,0,0,0,0,0,1,0,0,0,1,0
7F959A5F-3C6B-45D5-A5A6-9B943AF18A9D,2015,52,0,1,0,0,0,0,0,0,1,0,0,0,0,0,0,1,0,0,0,0,0,0,0,1,0
08D95AA4-53FA-4F64-84A3-A31E4EF98383,2016,72,0,0,0,0,0,1,0,0,0,1,0,0,0,1,0,0,0,0,0,0,0,0,0,1,0
7F9A864B-1627-4A00-B91E-42EBC0B79EAD,2012,92,0,0,0,0,0,1,0,0,0,1,0,0,0,1,1,0,0,0,0,0,0,0,0,1,0
7df110b0-c29b-11e8-bf07-99bafabab839,2018,61,1,0,0,0,0,0,0,0,1,0,0,0,0,0,0,0,1,0,0,0,1,0,0,0,0
7FB12721-5D68-498E-A85B-06C521F337C2,2013,08,0,1,0,0,0,0,0,0,1,0,0,0,0,0,0,1,0,0,0,0,1,0,0,0,0
0EA44A37-6FCC-4975-9B19-5AEB795988AD,2023,61,1,1,0,0,0,0,0,0,1,0,0,0,0,0,0,0,1,0,0,0,0,0,0,1,1
22879440-c26b-11e8-bf07-99bafabab839,2018,51,0,1,0,0,0,0,0,0,1,0,0,0,0,0,0,1,0,0,0,0,0,0,0,1,0
7FBCC05F-1982-49BB-B720-4CA60D301D11,2011,92,0,0,0,0,0,1,0,0,0,1,0,0,0,1,0,0,0,0,0,0,0,0,0,1,0
4596E1E0-098C-485A-9251-689168C0F11D,2023,61,1,1,0,0,0,0,0,0,1,0,0,0,0,0,0,0,1,0,0,0,0,0,0,1,1
5ad45080-9a59-11e7-bfd9-89a842dbe08d,2017,62,0,0,0,0,1,0,0,0,0,0,1,0,1,0,0,0,0,0,0,0,0,0,0,1,0
B2327A8A-024A-482B-A274-D4ABCB5A3981,2016,44,0,0,0,1,0,0,0,0,1,0,0,0,0,0,0,0,0,0,0,1,0,1,0,0,0
87484cb0-2517-11eb-af35-ed9bb3f10d5f,2020,92,0,0,0,0,1,0,0,0,0,1,0,0,1,0,0,0,0,0,0,0,0,0,0,1,0
7FCD9686-1AA3-464B-8A60-0E1C149963C5,2014,62,0,0,0,0,0,1,0,0,0,1,0,0,0,0,1,0,0,0,0,0,0,1,0,0,0
E81DED3F-EF55-441D-A8F5-CDB46ECC2A2F,2023,61,1,1,0,0,0,0,0,0,1,0,0,0,0,0,0,0,1,0,0,0,0,0,0,1,1
93200AD9-E181-4181-99DE-6F88C539CE77,2023,61,1,1,0,0,0,0,0,0,1,0,0,0,0,0,0,0,1,0,0,0,0,0,0,1,1
1239793A-F243-41AC-ACE1-C864FBBD4193,2023,61,1,1,0,0,0,0,0,0,1,0,0,0,0,0,0,0,1,0,0,0,0,0,0,1,1
6706052C-4082-4DA3-B789-2259D3C07D52,2023,61,1,1,0,0,0,0,0,0,1,0,0,0,0,0,0,0,1,0,0,0,0,0,0,1,1
7FE42151-7AB9-43C3-B7B7-80A1AA3DEB5D,2011,44,0,0,0,0,0,0,0,1,0,0,0,1,0,0,0,0,0,0,0,1,0,1,0,0,0
7FEAAE43-0D4D-4E44-8E17-2C6A4A5589D7,2010,92,0,0,0,0,0,1,0,0,0,1,0,0,0,1,0,0,0,0,0,0,0,0,1,0,0
185d8850-c5a8-11e7-8053-ff1e84d2b694,2017,92,0,0,1,0,0,0,0,0,1,0,0,0,0,0,0,0,0,1,0,0,0,0,0,1,0
4eee72f0-8ec7-11ee-b532-77239ecadeef,2023,06,0,1,0,0,0,0,0,0,1,0,0,0,0,0,0,1,0,0,0,0,0,0,0,1,0
71113B6C-4F6E-4EB0-A08E-7124547A0E2E,2016,62,0,0,0,0,0,1,0,0,0,1,0,0,0,1,0,0,0,0,0,0,0,0,0,1,0
acca83e0-d925-11e7-be42-df02fe7390b5,2017,62,0,0,0,0,0,1,0,0,0,1,0,0,0,0,1,0,0,0,0,0,0,1,0,0,0
800234B6-412D-4A63-BDD2-FDD74D4B4100,2014,52,0,1,0,0,0,0,0,0,1,0,0,0,0,0,0,0,1,0,0,0,0,0,0,1,0
6168D43E-76A9-4456-814D-C4F709638BAF,2014,62,0,0,0,0,1,1,0,0,0,1,0,0,0,1,0,0,0,0,0,0,0,0,0,1,0
5F39380B-DDB6-4B2A-86BA-46AA5DE2320B,2023,61,1,1,0,0,0,0,0,0,1,0,0,0,0,0,0,0,1,0,0,0,0,0,0,1,1
3fb14820-e071-11e9-9b3e-615de4b5b4cd,2019,62,1,0,0,0,0,0,0,1,1,0,0,0,0,0,0,0,1,0,0,0,0,0,1,0,0
800FFA62-BA0D-4FDE-AFEC-8F86DA346D57,2014,62,0,0,0,0,1,0,0,0,0,1,0,0,1,0,0,0,0,0,0,0,0,0,0,1,0
80107946-1EA0-4FA2-A65B-7026A12CDF2E,2007,00,0,0,0,0,0,1,0,0,1,0,0,0,0,0,1,0,0,0,0,0,0,1,0,0,0
80143753-A5B3-4F98-84DB-4E207079A128,2011,44,0,0,0,0,1,0,0,0,0,1,0,0,1,0,0,0,0,0,0,0,0,0,0,1,0
AC5887AB-AF92-479F-883B-0FCBDFDCBE87,2023,61,1,1,0,0,0,0,0,0,1,0,0,0,0,0,0,0,1,0,0,0,0,0,0,1,1
804BFECF-4E04-476F-8D21-AE389807C6E2,2013,92,0,0,0,0,0,1,0,0,0,1,0,0,0,1,0,0,0,0,0,0,0,0,0,1,0
3b12b950-af65-11e7-b9af-6daebc71dd3b,2016,00,0,0,0,1,0,0,0,0,1,0,0,0,0,0,1,0,0,0,0,0,0,1,0,0,0
8056FC2C-07B1-4349-9F6A-9101D116F87B,2010,62,0,0,0,0,0,1,0,0,0,1,0,0,0,1,0,0,0,0,0,0,0,1,0,0,0
253FCD40-8471-4BFB-8A2E-48790F027D61,2023,61,1,1,0,0,0,0,0,0,1,0,0,0,0,0,0,0,1,0,0,0,0,0,0,1,1
EC564E17-855C-4B16-8D8E-3B21D598924C,2013,92,0,0,0,0,1,0,0,0,0,1,0,0,1,0,0,0,0,0,0,0,0,0,0,1,0
80716EC8-B863-4E24-9A13-C012FD2AE8EE,2012,92,1,1,1,0,0,0,0,0,1,0,0,0,0,0,0,0,0,1,0,0,0,0,0,1,0
807C10AB-AE06-4857-979D-BD9B34FAE596,2012,05,0,1,0,0,0,0,0,0,1,0,0,0,0,0,0,1,0,0,0,0,0,0,0,1,0
d7d2d670-0d91-11eb-8a4c-a57973eceafd,2020,44,0,0,0,0,0,1,0,0,0,1,0,0,0,1,0,0,0,0,0,0,0,0,0,1,0
809A0DED-5951-4924-ADA4-D97C2F8CAFAA,2014,81,0,0,0,1,0,0,0,0,1,0,0,0,0,0,1,0,0,0,0,0,0,0,0,1,0
809ACD9B-5D33-4DE6-9C65-654D55B5ED1E,2012,92,1,1,1,0,0,0,0,0,1,0,0,0,0,0,0,0,0,1,0,0,0,0,0,1,0
f5614260-ee48-11eb-a0c0-efc7cda0e23f,2019,44,1,1,0,0,0,0,0,0,1,0,0,0,0,0,0,0,1,0,0,0,0,0,0,1,0
80A6FCAC-2C05-416B-875F-341270D29BEF,2012,54,0,0,0,0,0,1,0,0,0,1,0,0,0,1,0,0,0,0,0,0,0,0,0,1,0
1AAD6D1B-78C7-419A-8C80-6F96064FE031,2023,61,1,1,0,0,0,0,0,0,1,0,0,0,0,0,0,0,1,0,0,0,0,0,0,1,1
80A9C208-EDFD-4D75-88CD-D1317B507D19,2013,05,0,1,0,0,0,0,0,0,1,0,0,0,0,0,0,0,0,0,0,1,0,0,0,1,0
244496f0-4893-11ec-be64-495e033b0bce,2021,92,0,0,0,0,0,1,0,0,0,1,0,0,0,1,0,0,0,0,0,0,0,0,0,1,0
80AFA9CB-F969-489A-8F5D-AE7D7049DAFE,2012,62,0,0,0,0,0,1,0,0,0,1,0,0,0,1,0,0,0,0,0,0,0,0,0,1,0
1a4da380-eeb0-11e7-b683-c1703914e4a4,2016,06,0,1,0,0,0,0,0,0,1,0,0,0,0,0,0,0,0,0,0,1,0,0,0,1,0
7e81f750-a9de-11e7-8c20-836b8b691ede,2017,52,0,0,0,1,0,0,0,0,1,0,0,0,0,0,0,0,0,0,0,1,0,0,0,1,0
80BA819B-DB2B-4F4B-8A4C-B4154C7F84B8,2012,07,0,0,0,0,0,1,0,0,0,1,0,0,0,1,0,0,0,0,0,0,0,0,0,1,0
244549b0-10ad-11ec-ac2c-abfc822846a5,2017,92,0,0,0,0,0,1,0,0,0,1,0,0,0,1,0,0,0,0,0,0,0,1,0,0,0
80BDAF62-1415-4E35-91C2-B1C76C9344C1,2012,71,0,0,0,1,0,0,0,0,1,0,0,0,0,0,1,0,0,0,0,0,0,1,0,0,0
80BE1C1D-23DE-4A7A-AA67-5F4138529C7B,2014,51,0,0,0,0,1,0,0,0,0,1,0,0,1,0,0,0,0,0,0,0,0,0,0,1,0
80C48D4D-E246-458F-8020-A939E3CBBB85,2014,00,0,1,0,0,0,0,0,0,1,0,0,0,0,0,0,1,0,0,0,0,1,0,0,0,0
80C88C00-74AD-44F0-98E2-49AB5B32E6DC,2013,62,0,1,0,0,0,0,0,0,1,0,0,0,0,0,0,0,0,0,0,1,0,0,0,1,0
0225B675-ECA9-4052-A1AB-0C65F7E2882D,2016,52,0,0,0,1,0,0,0,0,1,0,0,0,0,0,0,0,0,0,0,1,0,0,0,1,0
80D741B7-7B13-4370-9223-DF6742BF6761,2010,09,0,0,0,1,0,0,0,0,1,0,0,0,0,0,1,0,0,0,0,0,0,1,0,0,0
80D91EE2-8F49-44FB-800C-92A3405FFC07,2013,62,0,0,0,0,0,1,0,0,0,0,1,0,0,1,0,0,0,0,0,0,0,0,0,1,0
E49ECAAB-5AFA-4606-9191-76DFC279B481,2023,61,1,1,0,0,0,0,0,0,1,0,0,0,0,0,0,0,1,0,0,0,0,0,0,1,1
80E107ED-1E0F-4FEE-8F18-88FF7D834E86,2013,92,0,0,0,0,0,1,0,0,0,1,0,0,0,1,0,0,0,0,0,0,0,1,0,0,0
80E4D6CC-2451-45DB-B301-8D38370DA4EB,2015,00,0,0,0,0,0,1,0,0,0,0,1,0,0,1,0,0,0,0,0,0,0,1,0,0,0
c6eb85f0-b690-11e8-b56a-011002460f8b,2017,62,0,0,0,0,0,1,0,0,0,1,0,0,0,1,0,0,0,0,0,0,0,1,0,0,0
d66722b0-b348-11e7-9de8-4bde146bf807,2017,44,0,0,0,1,0,0,0,0,1,0,0,0,0,0,0,0,0,0,0,1,0,1,0,0,0
80ED9BAB-7CC3-48BA-8080-D1FB5893AF61,2014,71,0,0,0,0,1,0,0,0,0,1,0,0,1,0,0,0,0,0,0,0,0,0,0,1,0
FB151210-D248-4B4A-A304-EE79C8A3F267,2023,61,1,1,0,0,0,0,0,0,1,0,0,0,0,0,0,0,1,0,0,0,0,0,0,1,1
58d91310-3bea-11ec-963f-f964320be408,2021,42,1,0,0,0,0,0,0,0,1,0,0,0,0,0,0,0,1,0,0,0,0,1,0,0,0
80F07C81-FEF5-435E-A066-E27C4B9B416E,2011,62,1,0,0,0,0,0,0,0,0,1,0,0,0,0,0,0,1,0,0,0,0,0,1,0,0
80F25D02-4480-42FA-A9E0-E804851A5B89,2009,56,0,1,0,0,0,0,0,0,1,0,0,0,0,0,0,1,0,0,0,0,0,0,0,1,0
810360A6-E8A2-496F-8145-73FB068AB2D9,2015,92,0,0,0,0,1,0,0,0,0,1,0,0,1,0,0,0,0,0,0,0,0,1,0,0,0
8103C497-03D0-4B34-B33F-A0F61376641E,2014,54,0,1,0,0,0,0,0,0,1,0,0,0,0,0,0,1,0,0,0,0,1,0,0,0,0
c5acf4d0-d8fc-11f0-82e6-074fe481ef29,2025,31,1,0,0,0,0,0,0,1,1,0,0,0,0,0,0,0,1,0,0,0,0,0,0,1,0
81174B99-53E4-4A55-9D7C-5808A86E3F9D,2013,05,0,1,0,0,0,0,0,0,1,0,0,0,0,0,0,1,0,0,0,0,1,0,0,0,0
9E2BE1D1-FCD2-4444-8440-887EDCFFE90F,2023,61,1,1,0,0,0,0,0,0,1,0,0,0,0,0,0,0,1,0,0,0,0,0,0,1,1
811E782A-64C2-4295-A79D-1D0091356B17,2012,00,0,0,0,0,0,1,0,0,0,0,1,0,0,1,1,0,0,0,0,0,0,0,0,1,0
4f416960-3b1d-11ec-ba5b-a1f2db3b8242,2021,61,1,0,0,0,0,0,0,0,1,0,0,0,0,0,0,0,1,0,0,0,0,0,0,1,0
caea2e30-f203-11ea-9eb3-fb45745214a6,2020,54,0,0,0,0,0,1,0,0,0,1,0,0,0,1,0,0,0,0,0,0,0,0,0,1,0
A7CF2262-71A5-4D35-BC14-5FAE4962FDE7,2023,61,1,1,0,0,0,0,0,0,1,0,0,0,0,0,0,0,1,0,0,0,0,0,0,1,1
9c4031d0-8c29-11e7-944b-11adeb58a7b0,2017,52,0,0,0,0,0,1,0,0,0,1,0,0,0,1,0,0,0,0,0,0,0,0,0,1,0
9c4031d0-8c29-11e7-944b-11adeb58a7b7,2017,00,0,0,0,0,0,1,0,0,0,1,0,0,0,1,0,0,0,0,0,0,0,0,0,1,0
813D503E-277A-4E5A-8E6E-9B1EA7295305,2012,53,0,0,0,1,0,0,0,0,1,0,0,0,0,0,1,0,0,0,0,0,0,0,0,1,0
8140E26A-545D-4A8E-B025-6D7A04E1A832,2008,71,0,0,0,0,0,1,0,0,0,1,0,0,0,1,0,0,0,0,0,0,0,0,0,1,0
8149991C-EF0A-4582-B837-C5EE1F2A6108,2013,61,0,1,0,0,0,0,0,0,1,0,0,0,0,0,0,1,0,0,0,0,0,0,0,1,0
39B0DA82-CA49-4CBD-8CF9-0D19DA5ACBB6,2016,54,0,0,0,1,0,0,0,0,1,0,0,0,0,0,1,0,0,0,0,0,0,1,0,0,0
8157A85D-CF9B-4B10-912D-CFCFBF2A99C3,2011,62,0,0,0,1,0,0,0,0,1,0,0,0,0,0,1,0,0,0,0,0,0,1,0,0,0
a482b280-a1db-11ea-aa67-0b6b068266ad,2020,92,0,0,0,1,0,0,0,0,1,0,0,0,0,0,1,0,0,0,0,0,0,1,0,0,0
816112D5-1A59-4AD4-9C1C-74B754F21CCB,2012,61,0,0,0,1,0,0,0,0,1,0,0,0,0,0,1,0,0,0,0,0,0,1,0,0,0
B66BD651-8828-43CF-A856-F22CBB0ABB75,2016,51,0,1,0,0,0,0,0,0,1,0,0,0,0,0,0,1,0,0,0,0,0,0,0,1,0
8168506E-50A2-4814-BE77-BD8187B548FC,2011,92,0,0,0,0,1,0,0,0,0,1,0,0,1,0,0,0,0,0,0,0,0,0,0,1,0
B0B6CA56-1A03-4314-87A8-28B1B539995C,2011,62,0,0,0,1,0,0,0,0,1,0,0,0,0,0,1,0,0,0,0,0,0,1,0,0,0
B41BAAC6-A66E-405E-A6D9-76D4FDF0A615,2023,61,1,1,0,0,0,0,0,0,1,0,0,0,0,0,0,0,1,0,0,0,0,0,0,1,1
fda1f2b0-0d2a-11ed-9141-192d7c736152,2022,56,0,0,0,0,0,1,0,0,0,1,0,0,0,1,0,0,0,0,0,0,0,0,0,1,0
72D3796D-E135-4895-ACE2-5E0AFD85DABC,2015,62,0,0,0,0,1,0,0,0,0,1,0,0,1,0,0,0,0,0,0,0,0,1,0,0,0
817E36D5-1791-4AEB-A75C-EAEFF6E1440A,2011,62,0,0,0,1,0,0,0,0,1,0,0,0,0,0,1,0,0,0,0,0,0,1,0,0,0
818BEB57-53C7-4A53-8D62-72ED45F69046,2013,00,0,1,0,0,0,0,0,0,1,0,0,0,0,0,0,1,0,0,0,0,1,0,0,0,0
818D73FE-7372-4438-8C0F-9AA4449B4994,2014,44,0,0,0,0,0,1,0,0,0,1,0,0,0,1,0,0,0,0,0,0,0,0,0,1,0
818DC1B3-43C8-4C7D-818A-A765316CB425,2013,51,0,1,0,0,0,0,0,0,1,0,0,0,0,0,0,1,0,0,0,0,0,0,0,1,0
81983601-81FE-4217-BF72-4C5238AD99C3,2013,54,0,0,0,0,0,1,0,0,0,1,0,0,0,1,0,0,0,0,0,0,0,0,0,1,0
5175490C-8BE0-4F78-BEAF-89B772EC2A62,2015,44,0,0,0,1,0,0,0,0,1,0,0,0,0,0,0,0,0,0,0,1,0,0,0,1,0
b0244b30-a9db-11e7-bafd-1552bcc84b5b,2016,56,0,0,0,0,0,1,0,0,0,0,1,0,0,1,0,0,0,0,0,0,0,0,0,1,0
14505846-6C21-4927-8DEC-7AFF88DD94BC,2023,51,1,1,0,0,0,0,0,0,1,0,0,0,0,0,0,0,1,0,0,0,0,0,0,1,1
81A80A64-3F93-42C9-8178-BD72F648F164,2012,09,0,0,0,0,1,0,0,0,0,1,0,0,1,0,0,0,0,0,0,0,1,0,0,0,0
FEEF5903-24F4-42D3-91B6-5D2091CC5D7D,2015,44,0,0,0,0,0,1,0,0,1,1,0,0,0,1,0,0,0,0,0,0,0,1,0,0,0
81B084A0-54F5-441A-9E64-C9C004FE290F,2013,72,0,0,0,0,1,0,0,0,0,1,0,0,1,0,0,0,0,0,0,0,1,0,0,0,0
ab9f1f90-72c8-11eb-a674-05cfd55ad89e,2020,51,0,0,0,0,0,1,0,0,0,1,0,0,0,1,0,0,0,0,0,0,0,0,0,1,0
81BAAAE5-4484-4AA6-9E13-8F4B25D48349,2014,62,0,0,0,0,0,1,0,0,0,1,0,0,0,1,0,0,0,0,0,0,0,1,0,0,0
81C07FED-1FF8-417E-821E-F8480C353789,2013,62,0,0,0,1,0,0,0,0,1,0,0,0,0,0,1,0,0,0,0,0,0,1,0,0,0
0033ec30-c25d-11e8-bf07-99bafabab839,2018,62,0,0,0,0,1,0,0,0,0,1,0,0,1,0,0,0,0,0,0,0,0,0,0,1,0
81C7388E-0BD6-4B01-BB95-1E1E50357C1E,2011,62,0,0,0,0,1,0,0,0,0,1,0,0,1,0,0,0,0,0,0,0,0,0,0,1,0
44effb40-d0bb-11e8-bbbb-67b2993a8980,2017,72,1,1,0,0,0,0,0,0,1,0,0,0,0,0,0,0,1,0,0,0,0,0,0,1,0
27615c00-0561-11ea-889a-bd9e961d3ab1,2016,51,0,0,1,0,0,0,0,0,1,0,0,0,0,0,0,0,0,1,0,0,0,0,0,1,0
8B5C7DC0-A21B-440C-B033-B6D6404375A0,2023,00,1,1,0,0,0,0,0,0,1,0,0,0,0,0,0,0,1,0,0,0,0,0,0,1,1
81D76501-3E03-4553-B86C-4A8E5534E800,2013,00,0,1,0,0,0,0,0,0,1,0,0,0,0,0,0,1,0,0,0,0,0,0,0,1,0
81DBFFE2-4AA9-4AE1-81A8-BA279B37213D,2013,92,0,0,0,0,0,1,0,0,0,1,0,0,0,0,1,0,0,0,0,0,0,0,0,1,0
764E53ED-A28B-480B-877E-E01C4CA57AB7,2016,92,0,0,0,1,0,0,0,0,1,0,0,0,0,0,1,0,0,0,0,0,1,0,0,0,0
81DD3D68-334A-4915-BCA2-2E1F2A776C54,2014,00,0,0,0,0,0,1,0,0,0,1,0,0,0,1,0,0,0,0,0,0,0,0,0,1,0
E633CC5C-ABF1-48DB-89DC-08977E237ACC,2023,61,1,1,0,0,0,0,0,0,1,0,0,0,0,0,0,0,1,0,0,0,0,0,0,1,1
81E7FA28-B616-44F5-945B-AD0A94F6161D,2015,00,1,1,0,0,0,0,0,0,1,0,0,0,0,0,0,0,1,0,0,0,0,0,0,1,0
81EAF294-DBDA-4A1F-ABBA-9A51ADCA6919,2013,81,0,1,0,0,0,0,0,0,1,0,0,0,0,0,0,1,0,0,0,0,1,0,0,0,0
326c1a40-89ed-11e8-bc39-6bf805ebd808,2018,81,0,1,0,0,0,0,0,0,1,0,0,0,0,0,0,0,0,0,0,1,0,0,0,1,0
81EF3489-9198-4BC0-99EB-EFAA8FBE7E7B,2010,62,0,0,0,0,0,1,0,0,0,1,0,0,0,0,1,0,0,0,0,0,0,1,0,0,0
81EFC64C-9B26-437D-BB50-13BCBA9F7A38,2012,62,0,0,0,1,0,0,0,0,1,0,0,0,0,0,1,0,0,0,0,0,0,1,0,0,0
81FCA696-8C4E-4D29-9C68-0E97ABB1EA9A,2012,62,0,0,0,1,0,0,0,0,1,0,0,0,0,0,1,0,0,0,0,0,0,0,0,1,0
D68E6A7C-CF60-40BD-BEEB-4EB989D78191,2016,92,0,0,0,0,0,1,0,0,0,1,0,0,0,1,0,0,0,0,0,0,0,0,0,1,0
08240ba0-d0b8-11e8-bbbb-67b2993a8980,2017,81,0,0,0,0,1,0,0,0,0,1,0,0,1,0,0,0,0,0,0,0,0,0,0,1,0
820198BD-E314-4668-A24C-09BED419E767,2013,00,1,1,1,0,0,0,0,0,1,0,0,0,0,0,0,0,0,1,0,0,0,0,0,1,0
F8ADDCEB-9294-4B9D-B9A5-9D01CFDFAEC0,2013,56,0,1,0,0,0,0,0,0,1,0,0,0,0,0,0,1,0,0,0,0,0,0,0,1,0
73431A95-3E03-4221-81F1-F12F751288EE,2016,61,0,0,0,0,1,0,0,0,0,1,0,0,1,0,0,0,0,0,0,0,1,0,0,0,0
609F3ED9-60A2-422D-B5CA-A53550ED44FF,2023,52,1,1,0,0,0,0,0,0,1,0,0,0,0,0,0,0,1,0,0,0,0,0,0,1,1
820EE987-E10F-4BB0-A543-EFD6C0746F4C,2013,61,0,0,0,1,0,0,0,0,1,0,0,0,0,0,1,0,0,0,0,0,0,0,0,1,0
7996ef70-05bf-11ec-a755-057d35a918cc,2020,92,1,1,0,0,0,0,0,0,1,0,0,0,0,0,0,0,1,0,0,0,0,0,0,1,0
F2A36A7B-DCD8-4997-BEAC-D76803BF51B3,2015,62,0,0,0,0,0,1,0,0,0,1,0,0,0,1,0,0,0,0,0,0,0,0,0,1,0
822E762C-8DBC-4DD0-83DE-C910B436B7F5,2014,52,0,1,0,0,0,0,0,0,1,0,0,0,0,0,0,1,0,0,0,0,0,0,0,1,0
8235E11E-7FC3-4BAE-8410-DEC1D9A342A0,2013,48,0,1,0,0,0,0,0,0,1,0,0,0,0,0,0,1,0,0,0,0,0,0,0,1,0
D5C64658-D8C6-4A55-AA8F-E81B24D72013,2016,51,0,1,0,0,0,0,0,0,1,0,0,0,0,0,0,1,0,0,0,0,0,0,0,1,0
78ee4940-6c82-11e7-8419-7d473c8dcba3,2013,48,1,1,0,0,1,0,0,0,1,0,0,0,0,0,0,1,1,0,0,0,0,0,0,1,0
82522D41-9217-4113-8DB8-59E5215332E7,2010,92,0,0,0,0,0,1,0,0,0,1,0,0,0,0,1,0,0,0,0,0,0,0,0,1,0
eed16b70-9378-11e7-a11c-5542f7e3819f,2015,62,0,0,0,0,1,0,0,0,0,1,0,0,1,0,0,0,0,0,0,0,0,0,0,1,0
825D4121-F611-4D37-B9E4-571D927FB582,2012,81,0,1,0,0,0,0,0,0,1,0,0,0,0,0,0,0,0,0,0,1,0,1,0,0,0
82611633-5560-428B-80AB-7CB3AB98B52D,2013,42,0,0,0,0,1,0,0,0,0,1,0,0,1,0,0,0,0,0,0,0,0,0,0,1,0
8261D708-D1CA-4E23-A810-84209DA73562,2013,00,0,0,0,0,0,0,0,1,1,0,0,0,0,0,0,1,0,0,0,0,0,0,0,1,0
F7177163-C833-DFF4-B38F-C8D2872F1EC6,2025,51,0,1,0,0,0,0,0,0,1,0,0,0,0,0,0,1,0,0,0,0,0,0,0,1,0
DF81D3AC-5C9E-4C71-87C5-02C32CD73348,2023,61,1,1,0,0,0,0,0,0,1,0,0,0,0,0,0,0,1,0,0,0,0,0,0,1,1
cad8b500-da2e-11e7-a58f-dff506a792fb,2016,92,0,0,0,0,0,1,0,0,0,1,0,0,0,1,1,0,0,0,0,0,0,0,0,1,0
82792A7F-9198-42D4-89F8-2068147DDAE4,2010,92,0,0,0,0,0,1,0,0,0,1,0,0,0,1,0,0,0,0,0,0,0,0,0,1,0
17d704f0-8125-11e7-abf2-119fe288b6e8,2017,48,0,0,1,0,0,0,0,0,1,0,0,0,0,0,0,0,0,1,0,0,0,0,0,1,0
8297F79E-EDB7-4420-9A58-7F8B19136C75,2013,92,0,0,0,1,0,0,0,0,1,0,0,0,0,0,1,0,0,0,0,0,0,0,0,1,0
829C2C0F-C794-47D9-A4A2-3857B2211B80,2007,72,0,0,0,0,0,1,0,0,0,0,1,0,0,1,0,0,0,0,0,0,0,0,0,1,0
6135168A-4903-4574-88ED-4182EF36B70E,2012,62,0,0,0,0,1,0,0,0,0,1,0,0,1,0,0,0,0,0,0,0,0,1,0,0,0
82A76F7F-A90D-4E6C-ADD9-28D8FFBF2766,2011,62,0,0,0,0,0,1,0,0,0,1,0,0,0,1,0,0,0,0,0,0,0,1,0,0,0
fb321010-e012-11ef-8e7d-5bcd93832819,2023,52,1,1,0,0,0,0,0,0,1,0,0,0,0,0,0,0,1,0,0,0,0,0,0,1,0
1566BE3C-176E-425D-B60F-D20C924AB3D4,2023,61,1,1,0,0,0,0,0,0,1,0,0,0,0,0,0,0,1,0,0,0,0,0,0,1,1
D4DAFAB0-E9DE-42C1-B8C3-CDBE188D3C98,2023,61,1,1,0,0,0,0,0,0,1,0,0,0,0,0,0,0,1,0,0,0,0,0,0,1,1
0DB38B08-9AC0-4A2F-B5ED-4D1FB6573F8C,2023,61,1,1,0,0,0,0,0,0,1,0,0,0,0,0,0,0,1,0,0,0,0,0,0,1,1
82C81C0B-CFF3-4B01-882A-6E9CFADD892A,2012,81,0,1,0,0,0,0,0,0,1,0,0,0,0,0,0,1,0,0,0,0,0,0,0,1,0
F8819BB1-7473-426B-A56F-C47F567BE4AC,2023,61,1,1,0,0,0,0,0,0,1,0,0,0,0,0,0,0,1,0,0,0,0,0,0,1,1
76233099-71C0-4F2A-AE19-0F09B0614F47,2015,62,0,0,0,0,1,0,0,0,0,1,0,0,1,0,0,0,0,0,0,0,0,0,0,1,0
25068dd0-1492-11ec-92c0-8d3c636e1e37,2020,00,0,1,0,0,0,0,0,0,1,0,0,0,0,0,0,1,0,0,0,0,1,0,0,0,0
82D9EDEC-5E1A-4480-9528-A60A34888E85,2012,00,1,1,1,0,0,0,0,0,1,0,0,0,0,0,0,0,0,1,0,0,0,0,0,1,0
82E3168C-C624-4D3A-9A32-8630352C32CD,2012,62,0,0,0,0,1,0,0,0,0,1,0,0,1,0,0,0,0,0,0,0,0,0,0,1,0
82E9BC33-ABF7-43AD-B6E8-DCB3505948BC,2010,92,0,0,0,0,0,1,0,0,0,1,0,0,0,0,1,0,0,0,0,0,0,0,0,1,0
82EE66E7-AA8B-452B-AF23-E4D720CC9CCB,2015,54,1,1,1,0,0,0,0,0,1,0,0,0,0,0,0,0,0,1,0,0,0,1,0,0,0
82EFE3C7-E8FC-439A-A05F-C29D560144CD,2014,62,0,0,0,1,0,0,0,0,1,0,0,0,0,0,1,0,0,0,0,0,0,1,0,0,0
4d116db0-d516-11f0-8f89-6d14fba40689,2025,44,0,1,0,0,0,0,0,0,1,0,0,0,0,0,0,0,0,0,0,1,0,0,0,1,0
ec454e6f-d180-4625-8996-cc91f595431b,2024,00,1,0,0,0,0,0,0,1,1,0,0,0,0,0,0,0,1,0,0,0,0,0,0,1,0
e4ceac90-d3d7-11e9-9298-79b47a23a7bd,2018,72,0,0,0,0,0,1,0,0,0,1,0,0,0,1,0,0,0,0,0,0,0,0,0,1,0
83019D4C-1D47-43E0-B759-717C07521D3D,2011,52,0,0,0,0,0,0,0,1,0,0,0,1,0,0,0,0,0,0,0,1,0,0,0,1,0
83067D8E-676A-41D4-90D3-3D74BBC9882E,2010,92,0,0,0,0,0,1,0,0,0,1,0,0,0,1,0,0,0,0,0,0,0,0,0,1,0
8306AB95-ACEA-457B-A588-511AF4D7C435,2012,92,0,0,0,0,1,0,0,0,0,1,0,0,1,0,0,0,0,0,0,0,0,0,0,1,0
830DB88E-C4BC-403E-A5E5-3E31BBACEBD8,2013,00,1,1,1,0,0,0,0,0,1,0,0,0,0,0,0,0,0,1,0,0,0,0,0,1,0
8325F75B-0EFD-4AAC-8535-B3FB6C23D1DA,2011,92,0,0,0,0,1,0,0,0,0,1,0,0,1,0,0,0,0,0,0,0,0,0,0,1,0
30583be0-bb65-11e8-b9b2-0dc0cc16471e,2018,00,0,1,0,0,0,0,0,0,1,0,0,0,0,0,0,0,0,0,0,1,0,1,0,0,0
8334F0B6-DFD4-4F00-ACBE-1346022E2F37,2014,44,0,0,0,1,0,0,0,0,1,0,0,0,0,0,0,0,0,0,0,1,0,0,0,1,0
833945A7-7D1F-4359-B808-FB58986F8EB4,2010,61,0,0,0,1,0,0,0,0,1,0,0,0,0,0,1,0,0,0,0,0,0,1,0,0,0
68C984C9-3535-4B5F-BC55-076BB6D5287F,2016,92,0,0,0,0,0,1,0,0,0,1,0,0,0,1,0,0,0,0,0,0,0,0,0,1,0
287CB824-8E4C-4490-85A0-81987D959543,2023,61,1,1,0,0,0,0,0,0,1,0,0,0,0,0,0,0,1,0,0,0,0,0,0,1,1
4E2CF1C7-5C42-4180-81C9-611985C10328,2012,72,1,0,0,1,0,0,0,0,1,0,0,0,0,0,0,0,1,0,0,0,0,0,0,1,0
af3cfec0-3c16-11ec-963f-f964320be408,2021,53,0,1,0,0,0,0,0,0,1,0,0,0,0,0,0,0,1,0,0,0,0,0,0,1,0
834B54F0-0E52-4CEA-851B-84FDBB30712D,2013,71,0,1,0,0,0,0,0,0,1,0,0,0,0,0,0,1,0,0,0,0,0,0,0,1,0
83532305-E991-47DA-8974-BF3C3EEFC34A,2013,62,0,0,0,0,0,1,0,0,0,1,0,0,0,1,0,0,0,0,0,0,0,0,0,1,0
09B7D432-1828-4125-8588-B0AA39A5DEC5,2023,61,1,1,0,0,0,0,0,0,1,0,0,0,0,0,0,0,1,0,0,0,0,0,0,1,1
dcc75270-a7bc-11e7-9f87-7fffd7137a55,2016,62,0,0,0,0,0,1,0,0,0,1,0,0,0,1,0,0,0,0,0,0,0,1,0,0,0
34D2A0A8-8808-4A46-8406-187034557654,2023,52,1,1,0,0,0,0,0,0,1,0,0,0,0,0,0,0,1,0,0,0,0,0,0,1,1
71899560-2bf7-11ea-b50d-3fd6f00cf940,2019,52,0,0,0,0,0,1,0,0,0,1,0,0,0,1,0,0,0,0,0,0,0,0,0,1,0
d1db1740-04aa-11eb-8c43-8ded27596b66,2020,06,1,0,0,0,0,0,0,0,1,0,0,0,0,0,0,0,1,0,0,0,0,1,0,0,0
838639F4-AF37-4D74-A90D-DCC744E7C956,2010,92,0,0,0,0,0,1,0,0,0,1,0,0,0,1,0,0,0,0,0,0,0,0,1,0,0
9FDF35FD-187B-4534-88C2-BA93C91B16B4,2023,61,1,1,0,0,0,0,0,0,1,0,0,0,0,0,0,0,1,0,0,0,0,0,0,1,1
8398DB91-69BD-4DD1-848E-9877EEC81518,2008,51,0,0,0,1,0,0,0,0,1,0,0,0,0,0,1,0,0,0,0,0,0,0,0,1,0
83A2DC61-2F16-4D6A-BF91-9826525F7F7E,2014,44,1,0,0,0,0,0,0,0,1,0,0,0,0,0,0,0,1,0,0,0,0,0,0,1,0
bce2bb90-6c87-11e7-8419-7d473c8dcba3,2017,00,1,0,0,0,0,0,0,0,1,0,0,0,0,0,0,0,1,0,0,0,0,0,0,1,0
eb86a2c0-157c-11ec-8375-f10617ad68c4,2021,92,0,0,0,0,0,1,0,0,0,1,0,0,0,1,0,0,0,0,0,0,0,0,0,1,0
83C7C7AB-9B4E-4ECE-B02A-5C6004755D92,2012,52,0,0,0,0,0,1,0,0,0,1,0,0,0,1,0,0,0,0,0,0,0,0,0,1,0
83D03C18-4552-4EC0-9BC5-98C844B561FB,2012,56,0,0,0,0,0,1,0,0,0,1,0,0,0,1,0,0,0,0,0,0,0,0,0,1,0
83D3DB15-5538-465C-8462-EFBFC14C4A12,2012,92,0,0,0,0,1,0,0,0,0,1,0,0,1,0,0,0,0,0,0,0,0,0,0,1,0
83D876F2-5D2A-47E6-9C76-76ACE88A981A,2010,62,0,0,0,0,0,0,0,1,0,0,0,1,0,0,0,0,0,0,0,1,0,1,0,0,0
5d6ab240-20e3-11ea-8baf-97ebc0c111f5,2019,62,1,0,0,0,0,0,0,1,1,0,0,0,0,0,0,0,1,0,0,0,1,0,0,0,0
786BD351-794A-47B8-BA8B-863ECF3143FF,2023,61,1,1,0,0,0,0,0,0,1,0,0,0,0,0,0,0,1,0,0,0,0,0,0,1,1
40483D65-F889-407A-852D-E3E277F13E6D,2023,61,1,1,0,0,0,0,0,0,1,0,0,0,0,0,0,0,1,0,0,0,0,0,0,1,1
83EEDE50-216A-452C-8C81-1ACD0BD6F340,2014,56,0,0,0,1,0,0,0,0,1,0,0,0,0,0,1,0,0,0,0,0,0,1,0,0,0
0624bad0-a19c-11e7-bd2e-43ac41b832c9,2017,00,0,0,0,0,0,1,0,0,0,1,0,0,0,1,0,0,0,0,0,0,0,0,0,1,0
35c30d00-e463-11e7-977c-0b3846f56840,2016,62,0,1,0,0,0,0,0,0,1,0,0,0,0,0,0,0,1,0,0,0,0,0,0,1,0
03CAED4A-09A9-41D6-B5BD-E19992E6FDA6,2016,62,0,0,0,0,0,1,0,0,0,1,0,0,0,1,0,0,0,0,0,0,0,0,0,1,0
83FB438C-2470-445C-A963-D040EC8C6A21,2012,44,0,1,0,0,0,0,0,0,1,0,0,0,0,0,0,1,0,0,0,0,0,0,0,1,0
7a92b3d0-1642-11ec-8258-83f74c3914c9,2020,62,1,1,0,0,0,0,0,0,1,0,0,0,0,0,0,0,1,0,0,0,0,0,0,1,0
9BE861C6-F3C7-4F62-AEDA-6BA136EBDCD7,2016,62,0,0,1,0,1,0,0,0,0,1,1,0,1,0,0,0,0,0,0,0,0,0,0,1,0
8407B29E-AD2A-40F5-BA39-AE6C4A876247,2012,44,0,1,0,0,0,0,0,0,1,0,0,0,0,0,0,1,0,0,0,0,0,1,0,0,0
f059df50-99a7-11e8-bb21-7f662dc72866,2008,61,0,1,0,0,0,0,0,0,1,0,0,0,0,0,0,0,1,0,0,0,0,0,0,1,0
713e5010-a3e9-11ed-8c67-f3bb261b8cc7,2022,00,1,0,0,0,0,0,0,1,1,0,0,0,0,0,0,0,1,0,0,0,0,0,0,1,0
6A77B292-63C4-4F8F-868C-B964471165DC,2023,61,1,1,0,0,0,0,0,0,1,0,0,0,0,0,0,0,1,0,0,0,0,0,0,1,1
19303CC5-17D6-42A5-9840-AEB814C13003,2015,92,0,0,0,0,0,1,0,0,0,1,0,0,0,1,0,0,0,0,0,0,0,0,0,1,0
26A18F39-3BFB-4E4D-A1F3-F71BDBD56D19,2015,44,0,0,0,1,0,0,0,0,1,0,0,0,0,0,0,0,0,0,0,1,0,1,0,0,0
843CAF5D-CACB-4625-816F-4192A07E8C72,2013,52,0,0,0,1,0,0,0,0,1,0,0,0,0,0,0,0,0,0,0,1,0,0,0,1,0
843F0E20-7B8A-4E10-A8F4-A92FCEE9BF92,2013,92,0,0,0,0,0,1,0,0,0,1,0,0,0,1,0,0,0,0,0,0,0,0,0,1,0
844D40C7-51E8-4298-831A-39E49686ECC4,2014,92,0,0,0,0,0,1,0,0,0,1,0,0,0,1,0,0,0,0,0,0,0,0,0,1,0
76fcee40-35d0-11ec-9ec7-15e66f657ea5,2020,61,1,0,0,0,0,0,0,0,1,0,0,0,0,0,0,0,1,0,0,0,0,1,0,0,0
F47816CC-8414-4D8C-AEA4-DD9FF18812DD,2016,51,0,1,0,0,0,0,0,0,1,0,0,0,0,0,0,1,0,0,0,0,0,0,0,1,0
8456B1DC-AAE2-4F12-A9A0-64F193F16D6A,2013,51,0,1,1,0,0,0,0,0,1,0,0,0,0,0,0,1,0,1,0,0,0,0,0,1,0
b5a117b0-d9ba-11eb-8feb-0b45b7dcf47e,2021,54,0,0,0,0,1,0,0,0,0,1,0,0,1,0,0,0,0,0,0,0,0,0,0,1,0
76A5824A-28FE-4DDB-98ED-A3698776BE88,2016,56,0,0,0,0,0,1,0,0,0,1,0,0,0,1,0,0,0,0,0,0,0,0,0,1,0
845E7897-41EB-4A23-B9F4-CAFDD8C62104,2012,62,0,0,0,1,0,0,0,0,1,0,0,0,0,0,1,0,0,0,0,0,0,1,0,0,0
84601628-7889-488B-BA30-6ED38CEC56DB,2013,62,0,0,0,1,0,0,0,0,1,0,0,0,0,0,1,0,0,0,0,0,0,1,0,0,0
84615547-6F31-4023-8DE0-7B4D913DEC09,2013,92,1,0,0,0,0,0,0,0,1,0,0,0,0,0,0,0,1,0,0,0,1,0,0,0,0
9ba05f70-dae7-11e9-aa50-b778a2874faa,2016,00,1,0,0,0,0,0,0,0,1,0,0,0,0,0,0,0,1,0,0,0,0,0,0,1,0
846ABAB8-6C13-4F8C-B9B1-E6007C924141,2011,61,0,0,0,1,0,0,0,0,1,0,0,0,0,0,1,0,0,0,0,0,0,1,0,0,0
9F94648F-6777-4FCA-9D3A-DA3BBD653590,2016,62,0,0,0,0,1,0,0,0,0,1,0,0,1,0,0,0,0,0,0,0,0,0,0,1,0
fbbeff00-904d-11e8-8b32-9bc4732308c2,2018,51,0,1,0,0,0,0,0,0,1,0,0,0,0,0,0,1,0,0,0,0,1,0,0,0,0
5c248d80-2fbb-11e9-a1a1-c18441714bf8,2015,05,0,0,1,0,0,0,0,0,1,0,0,0,0,0,0,0,0,1,0,0,0,1,0,0,0
5ccbae10-e423-11e7-8742-2bc46bd10713,2016,92,0,0,0,0,0,1,0,0,0,1,0,0,0,1,0,0,0,0,0,0,0,0,0,1,0
ECF5780B-83BE-46CF-8BD5-919C03B5BF18,2016,72,0,0,0,0,1,0,0,0,0,1,0,0,1,0,0,0,0,0,0,0,0,0,0,1,0
48190400-1d45-11eb-866e-51f25f42af12,2017,62,0,0,0,0,1,0,0,0,0,1,0,0,1,0,0,0,0,0,0,0,0,0,0,1,0
8489B3EA-5C87-479B-9BD0-EC8F372A07A2,2012,92,1,1,1,0,0,0,0,0,1,0,0,0,0,0,0,0,0,1,0,0,0,0,0,1,0
84915F97-91C1-41DE-B7B4-9D3CA0E2565A,2010,92,0,0,0,0,1,0,0,0,0,1,0,0,1,0,0,0,0,0,0,0,0,0,0,1,0
8495FF17-FB94-4637-BB22-3A46DB51AD1F,2012,62,0,0,0,1,0,0,0,0,1,0,0,0,0,0,1,0,0,0,0,0,0,1,0,0,0
8496259E-64FA-4A19-A34D-647F296BB192,2013,92,0,0,0,0,1,0,0,0,0,1,0,0,1,0,0,0,0,0,0,0,0,0,0,1,0
84A662CF-7C21-45CA-9095-CB601D911642,2010,62,0,0,0,0,0,1,0,0,0,1,0,0,0,1,1,0,0,0,0,0,0,1,0,0,0
84AC81B3-DCC0-4652-8FC7-8BC7B46A133A,2010,92,0,0,0,0,1,0,0,0,0,1,0,0,1,0,0,0,0,0,0,0,0,0,0,1,0
8984dba0-ce4d-11e9-b4e5-4769cce343a0,2019,92,0,0,0,0,1,0,0,0,0,1,0,0,1,0,0,0,0,0,0,0,0,0,0,1,0
84B1FF3D-7830-4664-BA74-B1B557CB965A,2012,62,0,0,0,1,0,0,0,0,1,0,0,0,0,0,1,0,0,0,0,0,0,1,0,0,0
e1cf1da0-9d6e-11e7-af90-45f1ceac3d54,2017,62,0,0,1,0,0,0,0,0,1,0,0,0,0,0,0,0,0,1,0,0,0,1,0,0,0
84B73282-9A7D-43A1-92E4-34C93AA0A940,2014,62,0,0,0,0,1,0,0,0,0,1,0,0,1,0,0,0,0,0,0,0,0,0,0,1,0
84B73E23-E84F-4A90-B913-294E8AB23914,2012,62,0,0,0,0,1,0,0,0,0,1,0,0,1,0,0,0,0,0,0,0,0,0,0,1,0
84C0B399-4B36-43F7-B34A-744B471E8C7B,2012,06,0,0,0,1,0,0,0,0,1,0,0,0,0,0,1,0,0,0,0,0,0,0,0,1,0
3F524229-EB8B-4EC6-87CF-C8BE64E57849,2015,62,0,0,0,1,1,0,0,0,0,1,0,0,1,0,0,0,0,0,0,0,0,0,0,1,0
84C2989C-6A4C-45D5-9433-85898203B3D4,2013,00,1,1,1,0,0,0,0,0,1,0,0,0,0,0,0,0,0,1,0,0,0,0,0,1,0
a50d8060-01a1-11eb-b177-5f49668a9776,2020,62,0,0,0,1,0,0,0,0,1,0,0,0,0,0,1,0,0,0,0,0,0,0,0,1,0
84C85652-F723-4A53-BD9A-01AAF6309663,2014,44,0,0,0,0,0,0,0,1,0,0,0,1,0,0,0,0,0,0,0,1,0,0,0,1,0
ba1d9d80-9e1e-11e7-8b0f-a996d3edc37c,2017,92,0,0,0,0,1,0,0,0,0,0,1,0,1,0,0,0,0,0,0,0,0,1,0,0,0
5F323B3F-C1BE-451A-B48D-E6878346DC54,2014,62,0,0,0,1,0,0,0,0,0,1,0,0,0,0,1,0,0,0,0,0,0,0,0,1,0
84CECD5A-21AA-418F-A616-34600DDFEF9C,2012,00,1,1,1,0,0,0,0,0,1,0,0,0,0,0,0,0,0,1,0,0,0,0,0,1,0
84D32985-5451-4ABC-930C-72ED9EDFDD3D,2012,92,0,0,0,0,0,1,0,0,0,0,0,1,0,0,1,0,0,0,0,0,0,0,0,1,0
84D8DA94-EFDA-436E-AE30-4F38BA29329D,2010,56,0,0,0,1,0,0,0,0,1,0,0,0,0,0,1,0,0,0,0,0,0,1,0,0,0
84DEA969-B081-4E8C-B706-81D2422E1EEB,2013,92,0,0,0,1,0,0,0,0,0,1,0,0,0,0,1,0,0,0,0,0,0,0,0,1,0
84E669E8-F1F7-4B4D-9013-4E486B775AF4,2012,92,0,0,0,0,0,1,0,0,0,1,0,0,0,1,0,0,0,0,0,0,0,0,0,1,0
84E84913-DC97-4C5A-AF92-11641BFDBA3A,2013,62,0,0,0,0,0,0,0,1,0,0,0,1,0,0,0,0,0,0,0,1,0,0,0,1,0
F5368EEC-3911-4CA0-AB9E-C145D353E525,2023,61,1,1,0,0,0,0,0,0,1,0,0,0,0,0,0,0,1,0,0,0,0,0,0,1,1
84FFAD65-556F-4AEC-89B1-6AA0C424DA2A,2012,52,0,1,0,0,0,0,0,0,1,0,0,0,0,0,0,1,0,0,0,0,0,1,0,0,0
850F3B3B-F884-4B74-8CF4-4A703EEBEDEC,2014,92,0,1,0,0,0,0,0,0,1,0,0,0,0,0,0,1,0,0,0,0,0,0,0,1,0
851195B4-15ED-4A5B-9899-DF106DBA01EC,2012,92,0,0,0,0,1,0,0,0,0,1,0,0,1,0,0,0,0,0,0,0,0,1,0,0,0
C045BC42-2B4F-4CBF-89EE-C1374223F50C,2015,92,1,1,0,1,1,0,0,0,1,1,0,0,1,0,0,0,0,0,0,0,0,0,0,1,0
6952E457-25BB-4643-80BD-E5DAA0B6B40D,2014,00,0,0,0,1,0,0,0,0,1,0,0,0,0,0,1,0,0,0,0,0,0,0,0,1,0
851F5479-8AC4-4D2E-BA99-27B059BDCACE,2015,92,0,0,0,0,1,0,0,0,0,1,0,0,1,0,0,0,0,0,0,0,0,0,0,1,0
E707458E-F9B3-42B9-8718-38D8D13A67F3,2015,09,0,0,0,0,1,0,0,0,0,1,0,0,1,0,0,0,0,0,0,0,0,0,0,1,0
8521A83E-5F69-4E01-8FBB-E01098FB8587,2013,56,0,0,0,0,0,1,0,0,0,1,0,0,0,1,0,0,0,0,0,0,0,0,0,1,0
85295240-5829-43CE-8DE3-F5B0DD4C1870,2010,92,0,0,0,0,1,0,0,0,0,1,0,0,1,0,0,0,0,0,0,0,0,0,0,1,0
852B989D-71D4-4ACA-BF77-5FCDC2F92F5E,2014,56,0,0,0,1,0,0,0,0,1,0,0,0,0,0,1,0,0,0,0,0,0,1,0,0,0
1315CCF4-03D1-4E53-9C35-9BA0D272A68B,2023,61,1,1,0,0,0,0,0,0,1,0,0,0,0,0,0,0,1,0,0,0,0,0,0,1,1
FB4D175A-7B0D-41FC-BEB3-22662AC5658A,2015,62,0,0,0,0,1,0,0,0,0,1,0,0,1,0,0,0,0,0,0,0,0,0,0,1,0
8540A063-E7A6-43A5-8CE8-06A1F03ECFD6,2015,00,0,0,0,0,0,1,0,0,0,1,0,0,0,1,0,0,0,0,0,0,0,0,0,1,0
8546DB0B-AD10-4638-88CB-F04E19D29E15,2012,09,0,0,0,0,1,0,0,0,0,1,0,0,1,0,0,0,0,0,0,0,0,0,0,1,0
854D3C22-2999-4384-867B-E4070408A4E7,2009,92,0,0,0,0,1,0,0,0,0,1,0,0,1,0,0,0,0,0,0,0,0,0,0,1,0
3F97E369-49B0-4184-ACD6-8FEAC2ADBD12,2015,61,0,1,0,0,0,0,0,0,1,0,0,0,0,0,0,1,0,0,0,0,0,0,0,1,0
edb8ae70-1ae1-11ec-8477-47d0f236e203,2020,51,0,1,0,0,0,0,0,0,1,0,0,0,0,0,0,1,0,0,0,0,0,0,0,1,0
855991D0-D671-49DA-B3D0-B0BAB03F31B2,2010,62,0,0,0,1,0,0,0,0,1,0,0,0,0,0,1,0,0,0,0,0,0,1,0,0,0
D0CC72B0-F53D-423D-A01C-A7F7D3E53CDF,2015,62,0,0,1,0,1,0,0,0,1,1,0,0,1,0,0,0,0,0,0,0,0,0,0,1,0
8564AAFD-FD15-4A66-8A9C-7CFC4D7AFF8C,2013,62,0,0,0,0,0,1,0,0,0,1,0,0,0,1,1,0,0,0,0,0,0,1,0,0,0
7a03f130-288a-11ed-bdae-91b81469f75a,2021,48,1,0,0,0,0,0,0,1,1,0,0,0,0,0,0,0,1,0,0,0,0,1,0,0,0
857E42B8-2B30-4915-9199-B311FCF5E2DF,2014,92,0,0,0,0,1,0,0,0,0,1,0,0,1,0,0,0,0,0,0,0,0,0,0,1,0
B07A5C8E-545A-4060-8B32-6B43F05D66E1,2015,92,0,0,0,0,0,1,0,0,0,1,0,0,0,1,0,0,0,0,0,0,0,0,0,1,0
3E9D936E-C78D-45B7-9EA6-30A96131F930,2016,52,0,0,0,0,0,1,0,0,0,1,0,0,0,1,0,0,0,0,0,0,0,1,0,0,0
858B9C8F-6844-4ABC-AB06-8FE1738E81C8,2013,62,0,0,0,0,0,1,0,0,0,1,0,0,0,1,0,0,0,0,0,0,0,0,0,1,0
8dbdb080-9a45-11e8-8652-5d096cfefbb4,2018,51,0,1,0,0,0,0,0,0,1,0,0,0,0,0,0,0,0,0,0,1,0,0,0,1,0
5AEB2DAE-AFB2-436F-BE65-AB3CAF8B5C1F,2023,61,1,1,0,0,0,0,0,0,1,0,0,0,0,0,0,0,1,0,0,0,0,0,0,1,1
3bb81fe0-39c0-11ed-a8d9-e567d58abfd4,2021,45,1,1,0,0,0,0,0,1,1,0,0,0,0,0,0,0,1,0,0,0,0,0,0,1,0
8599C7AD-C7C3-4223-8EEA-83A28FB8A9DF,2013,62,0,0,0,0,0,1,0,0,0,1,0,0,0,1,0,0,0,0,0,0,0,1,0,0,0
7203C776-84F8-43EE-9C99-F8670214755F,2016,92,0,0,0,1,0,1,0,0,1,1,0,0,0,0,1,0,0,0,0,0,0,0,0,1,0
94227D7B-2051-41E5-9ADA-E9E4EA0A38A2,2016,33,0,0,1,0,0,0,0,0,1,0,0,0,0,0,0,0,0,1,0,0,1,0,0,0,0
85A28014-E44C-4E57-8C4F-E23CEA5D3706,2013,92,0,1,0,0,0,0,0,0,1,0,0,0,0,0,0,1,0,0,0,0,1,0,0,0,0
85A30797-10F5-483C-8BCD-0576F93D3A3F,2012,62,0,0,0,1,0,0,0,0,0,0,1,0,0,0,1,0,0,0,0,0,0,0,0,1,0
2c0d6430-2390-11eb-b77f-316b5c5dd5eb,2020,52,0,1,0,0,0,0,0,0,1,0,0,0,0,0,0,1,0,0,0,0,0,0,0,1,0
85A75A1A-B1CA-4816-97FA-2C84B0481CD5,2011,62,0,0,0,0,1,0,0,0,0,1,0,0,1,0,0,0,0,0,0,0,0,0,0,1,0
85AE1FBF-2965-426D-B936-0ADEC65ED531,2015,92,0,0,0,0,0,1,0,0,0,1,0,0,0,1,0,0,0,0,0,0,0,0,0,1,0
F59E998F-128E-47D7-B965-C4C28CFE31D7,2023,61,1,1,0,0,0,0,0,0,1,0,0,0,0,0,0,0,1,0,0,0,0,0,0,1,1
748A7EBE-61B8-4889-853B-EB59DD6441BA,2023,61,1,1,0,0,0,0,0,0,1,0,0,0,0,0,0,0,1,0,0,0,0,0,0,1,1
9b3784c0-e3a7-11e7-8742-2bc46bd10713,2016,92,0,0,0,1,0,0,0,0,1,0,0,0,0,0,1,0,0,0,0,0,0,0,0,1,0
85C5F8FD-CD30-4D06-BC49-CC50601F0A52,2015,92,0,0,0,0,1,0,0,0,0,0,1,0,1,0,0,0,0,0,0,0,0,0,0,1,0
81588449-3DCF-40CA-841E-E12FB369C721,2016,52,0,1,0,0,0,0,0,0,1,0,0,0,0,0,0,0,0,0,0,1,0,0,0,1,0
85CF4254-7AB9-47CD-AE21-CA317AE8DE6D,2013,52,0,0,0,1,0,0,0,0,1,0,0,0,0,0,0,0,0,0,0,1,0,0,0,1,0
85D0408E-963C-434E-A2C2-2E04E1AC7363,2010,61,0,0,0,0,0,1,0,0,0,1,0,0,0,1,1,0,0,0,0,0,0,1,0,0,0
6cc85c30-1217-11eb-a3ae-53136ea5d4e6,2020,00,0,0,0,0,0,1,0,0,0,1,0,0,0,1,0,0,0,0,0,0,0,0,0,1,0
85D3326D-3EB1-4ADE-A0B4-61D3AC8F8D65,2013,62,0,0,0,0,0,1,0,0,0,0,1,0,0,1,0,0,0,0,0,0,0,0,0,1,0
138A8C95-337B-4C35-881A-704B6D2F8029,2014,62,0,0,0,1,0,0,0,0,1,1,0,0,0,0,1,0,0,0,0,0,0,1,0,0,0
D1E417E5-ACBC-4B90-A7D6-65A880CB77FD,2023,61,1,1,0,0,0,0,0,0,1,0,0,0,0,0,0,0,1,0,0,0,0,0,0,1,1
85DAFE0F-EA0D-4F5B-84E6-9930A3E7797F,2012,92,0,0,0,0,0,1,0,0,0,1,0,0,0,1,0,0,0,0,0,0,0,1,0,0,0
85FE9225-A696-40BC-A776-8F708AC48FF4,2023,61,1,1,0,0,0,0,0,0,1,0,0,0,0,0,0,0,1,0,0,0,0,0,0,1,1
85ED361A-C97C-4F3B-8F65-18426F883324,2013,81,0,1,0,0,0,0,0,0,1,0,0,0,0,0,0,1,0,0,0,0,1,0,0,0,0
A261D998-5FBC-4F64-BEA5-AE1E2495E53F,2016,92,0,0,0,0,0,1,0,0,0,1,0,0,0,1,0,0,0,0,0,0,0,1,0,0,0
85F21223-5195-4A7C-9EC6-826D19C7CE52,2015,62,0,0,0,1,1,0,0,0,0,1,0,0,1,0,1,0,0,0,0,0,0,0,0,1,0
85FB2F01-03BB-4386-A922-4334FAA14676,2010,51,1,1,1,0,0,0,0,0,1,0,0,0,0,0,0,0,0,1,0,0,0,0,0,1,0
ded9a9b0-06d9-11ed-b8df-1de13bb43386,2022,62,1,0,0,0,0,0,0,1,1,0,0,0,0,0,0,0,1,0,0,0,0,0,0,1,0
bf971190-4641-11ec-b26b-73b5a62f8946,2021,71,0,0,0,0,0,1,0,0,0,1,0,0,0,1,0,0,0,0,0,0,0,0,0,1,0
8616C4DD-C518-449C-BB48-C3A000136EC4,2010,62,0,1,0,0,0,0,0,0,1,0,0,0,0,0,0,0,0,0,0,1,0,0,0,1,0
8619557A-AA1B-47CE-81DF-ED690AD68513,2010,52,0,0,0,1,0,0,0,0,1,0,0,0,0,0,1,0,0,0,0,0,0,1,0,0,0
2c285ba0-0e5a-11eb-ad9a-2114263f926d,2020,92,0,0,0,0,0,1,0,0,0,1,0,0,0,1,0,0,0,0,0,0,0,0,0,1,0
861B4F09-125C-4730-945F-FFB1599F3267,2015,92,0,0,0,1,0,0,0,0,0,0,0,1,0,0,1,0,0,0,0,0,0,0,1,0,0
861B7CD8-03BB-49C4-A074-B42B26C16065,2013,92,0,0,0,0,0,1,0,0,0,1,0,0,0,1,0,0,0,0,0,0,0,1,0,0,0
861B8916-1764-4713-A44C-B3660A14A087,2011,52,0,0,0,0,0,0,0,1,0,0,0,1,0,0,0,0,0,0,0,1,0,1,0,0,0
8621A54D-D7CA-4CE5-BDD6-6C21E3FD2F1F,2012,52,0,1,0,0,0,0,0,0,1,0,0,0,0,0,0,1,0,0,0,0,0,0,0,1,0
961CF561-CC27-45BA-865F-7DF389638994,2023,61,1,1,0,0,0,0,0,0,1,0,0,0,0,0,0,0,1,0,0,0,0,0,0,1,1
086B3DAC-7290-4CD7-98AE-AF424D497DF3,2023,61,1,1,0,0,0,0,0,0,1,0,0,0,0,0,0,0,1,0,0,0,0,0,0,1,1
863372AB-4AEA-47BD-8C17-526B86B81B14,2010,92,0,0,0,0,0,1,0,0,0,1,0,0,0,1,0,0,0,0,0,0,0,0,1,0,0
8640CCD5-3178-4DD0-A8DF-A0ED7FE26623,2012,92,0,0,0,0,0,1,0,0,0,1,0,0,0,1,0,0,0,0,0,0,0,0,0,1,0
86421244-D463-4930-9BCD-597335236749,2012,51,0,1,0,0,0,0,0,0,1,0,0,0,0,0,0,1,0,0,0,0,0,0,0,1,0
86487EF5-848A-44FC-B556-62572F23122E,2011,52,0,0,0,0,1,0,0,0,0,1,0,0,1,0,0,0,0,0,0,0,0,0,0,1,0
77D8DC94-286A-4B9A-94AA-CA6D9B05D9A1,2023,61,1,1,0,0,0,0,0,0,1,0,0,0,0,0,0,0,1,0,0,0,0,0,0,1,1
8673565D-CBD4-4655-B802-D60B2398538A,2014,52,0,0,0,0,0,1,0,0,0,1,0,0,0,1,0,0,0,0,0,0,0,0,0,1,0
86763D55-4F14-48F9-9617-13B224BB4EDE,2013,00,1,0,1,0,0,0,0,0,1,0,0,0,0,0,0,0,0,1,0,0,0,1,0,0,0
4f1705f0-0c74-11ea-bb2f-edf349509116,2018,92,0,0,0,0,0,0,0,1,1,0,0,0,0,0,0,0,0,0,0,1,0,0,0,1,0
867D63A5-66C1-4C1C-B6D3-7C21AA2698D0,2015,92,0,0,0,1,0,0,0,0,1,0,0,0,0,0,1,0,0,0,0,0,0,0,0,1,0
8682FC4F-1C9A-42FC-AA77-4DA4EF647697,2010,92,0,0,0,0,0,1,0,0,0,1,0,0,0,1,0,0,0,0,0,0,0,0,1,0,0
8685970E-B7B8-49EE-B3E8-8448941345AD,2013,92,0,1,0,0,0,0,0,0,1,0,0,0,0,0,0,1,0,0,0,0,0,0,0,1,0
86868FE3-423B-4432-B5B3-D93C9372677B,2013,52,0,0,0,0,0,1,0,0,0,0,1,0,0,1,0,0,0,0,0,0,0,0,0,1,0
868CDD06-FADB-4689-BD5F-5EF61A6AF15C,2014,51,0,0,0,0,0,1,0,0,0,0,1,0,0,1,0,0,0,0,0,0,0,0,0,1,0
b98344e0-02d9-11ed-8b5b-6134b3849169,2021,92,0,1,0,0,0,0,0,0,1,0,0,0,0,0,0,1,0,0,0,0,0,1,0,0,0
e2f6e0e0-8e79-11ec-8536-fdd879d89dfb,2019,00,0,0,0,0,0,1,0,0,0,1,0,0,0,1,0,0,0,0,0,0,0,0,0,1,0
86B22D8D-410B-4EC3-9F12-30D5C4EBD2E9,2012,33,0,1,0,0,0,0,0,0,1,0,0,0,0,0,0,0,0,0,0,1,0,0,0,1,0
86C4E1F1-822D-4313-B78C-784CEB5861BE,2014,62,0,0,0,0,0,1,0,0,0,1,0,0,0,1,0,0,0,0,0,0,0,0,0,1,0
86D28266-022E-4CDD-A68E-87C5550DDC4D,2012,92,0,0,0,0,1,0,0,0,0,1,0,0,1,0,0,0,0,0,0,0,0,0,0,1,0
86D55AE1-BB50-4D80-8552-F2B9C51D35B5,2010,62,0,1,0,0,0,0,0,0,1,0,0,0,0,0,0,0,0,0,0,1,0,0,0,1,0
86D6D91F-666B-4D9B-9D95-FE9F627E35EA,2014,48,0,0,0,0,1,0,0,0,0,1,0,0,1,0,0,0,0,0,0,0,0,0,0,1,0
647D2BB3-6F6C-48F1-8833-209B02BE1479,2016,62,0,0,0,0,1,0,0,0,0,1,0,0,1,0,0,0,0,0,0,0,0,0,0,1,0
86D99E0D-239E-46D4-8BF0-93BF93B18CD2,2012,62,0,0,0,1,0,0,0,0,1,0,0,0,0,0,1,0,0,0,0,0,0,1,0,0,0
86F23C46-5030-4656-8964-2BA4660C5A58,2013,00,0,1,0,0,0,0,0,0,1,0,0,0,0,0,0,1,0,0,0,0,1,0,0,0,0
870D4800-8C69-4950-BDEF-0BCC483A925A,2011,54,0,1,0,0,0,0,0,0,1,0,0,0,0,0,0,1,0,0,0,0,0,0,0,1,0
a15791d0-e0c3-11ef-bb83-fdfe95aef2b7,2024,52,0,1,0,0,0,0,0,0,1,0,0,0,0,0,0,0,0,0,0,1,0,0,0,1,0
efe508f0-9cd2-11e8-875e-27a7b7789f98,2017,52,0,0,0,0,0,1,0,0,0,0,1,0,0,1,0,0,0,0,0,0,0,0,0,1,0
ca136300-06ef-11ea-8714-b997dc99273b,2019,52,0,0,0,0,1,0,0,0,0,1,0,0,1,0,0,0,0,0,0,0,0,0,0,1,0
21D403B5-6CD7-4FBA-8255-AFACFA71D695,2015,92,0,0,0,0,0,1,0,0,0,1,0,0,0,1,0,0,0,0,0,0,0,0,0,1,0
6850CFEA-DAEA-4B09-95A7-A19D4DC18760,2015,61,1,0,0,0,0,0,0,0,1,0,0,0,0,0,0,0,1,0,0,0,0,0,0,1,0
873F218D-D05A-4E3C-9A5F-4C9075D36F64,2014,00,0,0,0,0,0,0,0,1,1,0,0,0,0,0,0,0,0,0,0,1,1,0,0,0,0
874ACD7E-8430-41C6-846B-20D5E6D05A1E,2012,62,0,0,0,0,0,1,0,0,0,1,0,0,0,0,1,0,0,0,0,0,0,1,0,0,0
875E7A15-F70E-4963-9180-C1C15F8AC749,2010,92,0,0,0,0,0,1,0,0,0,1,0,0,0,1,0,0,0,0,0,0,0,0,1,0,0
876439B7-9064-4BF7-B353-FCC293407FA2,2013,54,0,1,0,0,0,0,0,0,1,0,0,0,0,0,0,1,0,0,0,0,0,0,0,1,0
88409FC9-A75B-4F77-959F-04CDB4EE179B,2015,92,1,1,0,0,0,0,0,0,1,0,0,0,0,0,0,1,0,0,0,0,0,1,0,0,0
877682AF-52F2-46E2-BD88-9C3C829EEC8C,2010,92,0,0,0,0,0,1,0,0,0,1,0,0,0,1,0,0,0,0,0,0,0,0,1,0,0
877C49AC-2B86-4A94-BBB5-9A6D8736A63B,2005,62,0,0,0,0,0,1,0,0,0,1,0,0,0,1,0,0,0,0,0,0,0,0,0,1,0
877E0A0D-4CEF-47A6-BE65-1A302EF9E47D,2013,62,0,1,0,0,0,0,0,0,1,0,0,0,0,0,0,0,1,0,0,0,0,0,0,1,0
D66F8A88-A7CE-44D3-8FBB-948D79939099,2016,92,0,0,0,0,0,1,0,0,0,1,0,0,0,1,0,0,0,0,0,0,0,0,0,1,0
A4C53D40-0A69-456E-921A-5EDC8832DA28,2015,52,0,0,0,0,1,0,0,0,0,1,0,0,1,0,0,0,0,0,0,0,0,0,0,1,0
d7ca1480-c885-11e7-ad9d-998b531c9197,2011,92,0,0,0,0,1,0,0,0,0,1,0,0,1,0,0,0,0,0,0,0,0,0,0,1,0
879AC258-C43B-40B5-9FE9-395854149650,2011,62,0,0,1,0,0,0,0,0,1,0,0,0,0,0,0,0,0,1,0,0,0,0,0,1,0
E3128D19-B718-4C53-A640-67828904EB77,2016,92,0,1,0,0,0,0,0,0,1,0,0,0,0,0,0,1,0,0,1,0,1,0,0,0,0
87A90852-E8A1-4466-AF25-BB457E51B131,2012,00,0,0,0,1,0,0,0,0,0,1,0,0,0,0,1,0,0,0,0,0,0,1,0,0,0
e730f320-0ad8-11ea-9821-617d71ee6253,2019,52,0,0,0,0,0,1,0,0,0,1,0,0,0,1,0,0,0,0,0,0,0,0,0,1,0
87B7BFD5-CFE0-43A8-8199-99F03792A5BE,2014,00,0,1,0,0,0,0,0,0,1,0,0,0,0,0,0,1,0,0,0,0,0,0,0,1,0
FB2B9AE2-BB40-454B-9461-6894059F9E4E,2015,62,0,0,0,1,1,0,0,0,0,1,0,0,1,0,1,0,0,0,0,0,0,0,0,1,0
87BB0274-107B-41C2-AAF5-208C22371377,2007,61,1,1,0,0,0,0,0,0,1,0,0,0,0,0,0,1,1,0,0,0,0,0,0,1,0
87BBDFAF-06A0-48FB-B26A-2B4BFFCB9F26,2014,54,0,0,0,0,0,1,0,0,0,1,0,0,0,1,0,0,0,0,0,0,0,0,0,1,0
b77a2a20-1c79-11ec-bbb1-d17b99816d46,2020,52,0,1,1,0,0,0,0,0,1,0,0,0,0,0,0,0,0,1,0,0,0,0,0,1,0
87C4DF66-8B71-4535-B9B8-EC1AECC80180,2004,09,0,0,0,0,1,0,0,0,0,1,0,0,1,0,0,0,0,0,0,0,0,0,0,1,0
87C76422-1665-4365-91BF-2AB00FFFF0E1,2012,62,0,0,0,0,0,1,0,0,0,1,0,0,0,0,1,0,0,0,0,0,0,0,0,1,0
87CB1C77-9AF7-4A05-8865-C526C2BB5CB3,2015,06,0,0,0,0,0,1,0,0,0,1,0,0,0,1,0,0,0,0,0,0,0,0,0,1,0
87CB5911-53B6-448B-89B1-560691C06520,2012,62,0,0,0,0,0,1,0,0,0,1,0,0,0,1,1,0,0,0,0,0,0,1,0,0,0
f20988a0-d42d-11eb-a192-c5509024cd4a,2021,00,0,1,0,0,0,0,0,0,1,0,0,0,0,0,0,1,0,0,0,0,0,0,0,1,0
E882566D-A39D-47D2-A754-863A8B747F7B,2023,61,1,1,0,0,0,0,0,0,1,0,0,0,0,0,0,0,1,0,0,0,0,0,0,1,1
87E44006-239E-4462-BEA8-884834BB8088,2013,92,0,1,0,0,0,0,0,0,1,0,0,0,0,0,0,0,1,0,0,0,0,1,0,0,0
E2C420D9-28D4-BF8C-E0FF-2EC19B371514,2025,44,0,1,0,0,0,0,0,0,1,0,0,0,0,0,0,1,0,0,0,0,0,0,0,1,0
87E93D67-A9A6-421B-B14D-05E975FB65D5,2011,52,0,0,0,1,1,0,0,0,0,1,0,0,1,0,0,0,0,0,0,0,0,0,0,1,0
04F3D748-A1D4-4260-BC08-83DC752E8621,2015,62,0,0,0,0,0,1,0,0,0,1,0,0,0,1,0,0,0,0,0,0,0,0,0,1,0
87F2D016-E2DB-43C6-8BF1-F07B6EC646B0,2013,44,0,0,0,1,0,0,0,0,1,0,0,0,0,0,1,0,0,0,0,0,0,1,0,0,0
34435E06-0784-40F4-84D1-8841BF8D408C,2016,51,0,1,0,0,0,0,0,0,1,0,0,0,0,0,0,1,0,0,0,0,0,0,0,1,0
88040CCA-A096-44A3-B6C5-CE47291DA4E8,2012,52,0,1,0,0,0,0,0,0,1,0,0,0,0,0,0,1,0,0,0,0,0,0,0,1,0
6865AE23-6B18-468A-969F-C8ACB09901C7,2016,81,1,0,0,0,0,0,0,0,1,0,0,0,0,0,0,0,1,0,0,0,0,1,0,0,0
e6aa06a0-72bd-11eb-a674-05cfd55ad89e,2020,51,0,0,0,0,0,1,0,0,0,1,0,0,0,1,0,0,0,0,0,0,0,0,0,1,0
8820F328-B96E-4222-8C1D-9E44324AC814,2010,62,0,0,0,1,0,0,0,0,1,0,0,0,0,0,1,0,0,0,0,0,0,1,0,0,0
88222599-3725-418D-A8AF-614573754FE4,2013,62,0,0,0,0,0,1,0,0,0,1,0,0,0,1,0,0,0,0,0,0,0,0,0,1,0
88261AA6-12EB-44B7-9D01-BA95B9243120,2004,62,0,0,0,0,1,0,0,0,0,1,0,0,1,0,0,0,0,0,0,0,0,0,0,1,0
8827E9A1-E022-476A-BEA8-512E7A74319C,2010,62,0,0,0,1,0,0,0,0,1,0,0,0,0,0,1,0,0,0,0,0,0,1,0,0,0
30D8B123-11E1-47BF-9964-804A3053618A,2023,32,1,1,0,0,0,0,0,0,1,0,0,0,0,0,0,0,1,0,0,0,0,0,0,1,1
e0a3af20-e4b1-11eb-8ef6-fbb8d39928b9,2017,51,0,1,1,0,1,0,0,0,1,1,0,0,0,0,0,1,0,1,0,0,0,0,0,1,0
883E2146-3795-482E-A161-19A9F389E8E1,2016,62,0,1,0,0,0,0,0,0,1,0,0,0,0,0,0,0,1,0,0,0,0,0,0,1,0
883F7E1E-C36C-4977-8F79-1DDD5A52D0E6,2013,62,0,0,0,0,0,1,0,0,0,1,0,0,0,1,0,0,0,0,0,0,0,0,0,1,0
88435D3F-E38E-4784-AE25-54BCAF9F72EA,2007,32,0,0,0,1,0,0,0,0,1,0,0,0,0,0,1,0,0,0,0,0,0,1,0,0,0
d19ff410-caab-11e9-be6a-93e1b0174537,2018,62,0,0,1,0,0,0,0,0,1,0,0,0,0,0,0,0,0,1,0,0,0,0,0,1,0
29271037-FC5A-4473-B89E-9C0CCF0EC8EE,2016,54,0,0,0,0,0,1,0,0,0,1,0,0,0,1,0,0,0,0,0,0,0,0,0,1,0
8862E524-04A1-4509-8933-0EC5CD92C3FA,2011,62,0,0,0,1,0,0,0,0,1,0,0,0,0,0,1,0,0,0,0,0,0,1,0,0,0
28F87C77-97AB-4B33-9F20-D2F9BEDDA7AD,2023,61,1,1,0,0,0,0,0,0,1,0,0,0,0,0,0,0,1,0,0,0,0,0,0,1,1
5332E492-7140-4CC3-8681-6249094C0B58,2016,44,0,0,0,1,0,0,0,0,1,0,0,0,0,0,0,0,0,0,0,1,0,0,0,1,0
29951776-2357-442C-AB67-E53A45F2C9E0,2015,62,0,0,0,0,1,0,0,0,0,1,0,0,1,0,0,0,0,0,0,0,0,0,0,1,0
4584B70C-8E78-45BC-8B44-703A646CF6E2,2023,61,1,1,0,0,0,0,0,0,1,0,0,0,0,0,0,0,1,0,0,0,0,0,0,1,1
ed75b3b0-80fb-11e7-8520-b5d4bef506ca,2017,00,0,0,0,0,0,1,0,0,0,1,0,0,0,1,0,0,0,0,0,0,0,1,0,0,0
8899211E-A9B6-48FF-ACDC-0ECECD53820B,2014,00,0,0,0,0,0,1,0,0,0,1,0,0,0,1,0,0,0,0,0,0,0,0,0,1,0
889F4563-6DF4-4633-9279-B11CDF30CCB2,2012,33,0,1,0,0,0,0,0,0,1,0,0,0,0,0,0,1,0,0,0,0,0,0,0,1,0
DF303E06-D74E-43C9-B7EE-038C0A0119EB,2023,22,1,1,0,0,0,0,0,0,1,0,0,0,0,0,0,0,1,0,0,0,0,0,0,1,1
88AF078E-0ADD-4054-86DB-3955E30FAEB6,2014,62,0,0,0,0,0,1,0,0,0,1,0,0,0,1,0,0,0,0,0,0,0,0,0,1,0
88AF7DA3-1A45-44BE-AEA3-8E65729CDA6A,2010,62,0,0,0,0,0,1,0,0,0,1,0,0,0,1,0,0,0,0,0,0,0,1,0,0,0
88B0BC1D-03EA-4D68-B6E9-1FF3DDC7F2D1,2011,92,0,0,0,0,0,1,0,0,0,1,0,0,0,1,0,0,0,0,0,0,0,0,0,1,0
204a4440-250e-11eb-af35-ed9bb3f10d5f,2020,62,0,0,0,0,0,1,0,0,0,1,0,0,0,1,0,0,0,0,0,0,0,0,0,1,0
873E5E1A-2ED6-4716-BF6F-A3B09EA2AA64,2015,62,0,0,0,1,1,0,0,0,0,1,0,0,1,0,0,0,0,0,0,0,0,0,0,1,0
88E3917B-B400-4B45-BF19-5059CE44C67B,2013,92,0,0,0,0,0,1,0,0,0,1,0,0,0,1,0,0,0,0,0,0,0,0,0,1,0
9df6b4e0-2465-11eb-b042-01be07ea3379,2019,04,0,0,0,0,0,0,0,1,1,0,0,0,0,0,0,0,0,0,0,1,0,0,0,1,0
88F889BD-3353-4625-A79D-B65F7CC13030,2009,62,0,0,0,0,1,0,0,0,0,1,0,0,1,0,0,0,0,0,0,0,0,0,0,1,0
c3d5e630-9a17-11e7-9c6e-153653ac7780,2017,00,0,0,0,1,0,0,0,0,1,0,0,0,0,0,1,0,0,0,0,0,0,0,0,1,0
890F833B-EA22-484A-89DF-0FED7FB15E9C,2012,92,0,0,0,0,0,1,0,0,0,1,0,0,0,1,0,0,0,0,0,0,0,0,0,1,0
8910D586-6812-481B-8CF5-808B4C7660BE,2015,54,0,0,0,0,0,1,0,0,0,1,0,0,0,0,1,0,0,0,0,0,0,1,0,0,0
AF3C7864-263F-4DE8-9C4D-BA00EE0AE185,2016,61,0,1,0,0,0,0,0,0,1,0,0,0,0,0,0,1,0,0,0,0,0,0,0,1,0
8e81ec90-1979-11ed-ac8d-a1874ec50e39,2021,00,1,1,0,0,0,0,0,0,1,0,0,0,0,0,0,0,1,0,0,0,0,1,0,0,0
894F4346-30C1-4C5C-9822-90CC3901DA1B,2014,00,0,0,0,0,0,1,0,0,0,0,1,0,0,0,1,0,0,0,0,0,0,1,0,0,0
0701CEE5-DDBE-4182-80CB-BAD8C736CA3B,2016,53,0,1,0,0,0,0,0,0,1,0,0,0,0,0,0,0,0,0,0,1,0,0,0,1,0
28A09F22-BE65-4265-B52D-7F4609DC4C56,2015,54,0,0,0,0,0,1,0,0,1,1,0,0,0,1,0,0,0,0,0,0,0,1,0,0,0
f30c7610-c499-11e7-9a8b-47d1b690bc01,2017,00,0,0,0,0,1,0,0,0,0,1,0,0,1,0,0,0,0,0,0,0,0,0,0,1,0
897D05E7-0F6C-406F-9E62-C90F20E7FEA1,2014,00,0,0,0,0,0,1,0,0,0,1,0,0,0,1,0,0,0,0,0,0,0,0,0,1,0
898115D7-58A2-4752-B1B1-523652B17AB1,2013,09,0,1,0,1,0,0,0,0,1,0,0,0,0,0,0,0,1,0,0,0,1,0,0,0,0
89858329-7FC2-48B5-9868-CDF62472D34A,2013,00,1,1,1,0,0,0,0,0,1,0,0,0,0,0,0,0,0,1,0,0,0,0,0,1,0
898B00FF-D2E3-449B-BF17-9D64369A6FE7,2013,56,0,0,0,0,0,1,0,0,0,1,0,0,0,1,0,0,0,0,0,0,0,0,0,1,0
d10e2840-8cd8-11e7-811e-83915e56fc98,2017,00,0,0,0,1,0,0,0,0,1,0,0,0,0,0,1,0,0,0,0,0,0,0,0,1,0
1FF1DE77-4005-F8DA-13F4-2943881C655F,2025,51,0,1,0,0,0,0,0,0,1,0,0,0,0,0,0,1,0,0,0,0,0,0,0,1,0
89970DC7-6B7D-45B0-A355-D15B10E39D9F,2011,62,0,0,0,0,1,0,0,0,0,1,0,0,1,0,0,0,0,0,0,0,0,0,0,1,0
5bf780a0-f6b2-11ea-b6fa-6deaa5aa80b0,2020,56,0,0,1,0,0,0,0,0,1,0,0,0,0,0,0,0,0,1,0,0,0,0,0,1,0
899921AF-B4E6-47F8-A4AF-16DA621FCB8F,2013,00,1,1,1,0,0,0,0,0,1,0,0,0,0,0,0,0,0,1,0,0,0,0,0,1,0
e4de3a00-8e7f-11e8-8003-e3ff5269fee2,2016,62,0,0,0,0,1,0,0,0,0,1,0,0,1,0,0,0,0,0,0,0,0,0,0,1,0
899E1901-C5E9-4E78-9360-5EC02933F680,2012,06,0,1,0,0,0,0,0,0,1,0,0,0,0,0,0,1,0,0,0,0,0,0,1,0,0
899EB808-02D9-409A-9C5F-18A25793CEB9,2014,62,0,0,0,0,1,0,0,0,0,1,0,0,1,0,0,0,0,0,0,0,0,0,0,1,0
89A02785-3B57-4652-9ECD-02F7FB084AE2,2013,00,0,0,0,0,0,1,0,0,0,1,0,0,0,1,0,0,0,0,0,0,0,0,0,1,0
89A1EFFE-376A-4EE7-888B-EEB4A43D4746,2009,92,0,0,0,0,1,0,0,0,0,1,0,0,1,0,0,0,0,0,0,0,0,0,0,1,0
89A5FAD3-B8EC-401D-8A35-F2292FA4CB4C,2011,92,0,0,0,0,0,1,0,0,0,1,0,0,0,1,0,0,0,0,0,0,0,0,0,1,0
89A98591-DE7B-4029-BBC1-EE15C78D4EB9,2015,00,0,0,0,0,0,1,0,0,0,1,0,0,0,1,0,0,0,0,0,0,0,1,0,0,0
89AEB1DE-B96F-43EF-A81B-DB894720C173,2013,92,0,1,0,0,0,0,0,0,1,0,0,0,0,0,0,1,0,0,0,0,1,0,0,0,0
3C297D0D-4B10-4BED-B21E-0E839F247925,2016,00,0,0,0,0,0,1,0,0,0,1,0,0,0,1,0,0,0,0,0,0,0,0,0,1,0
89B5C0FB-ED32-46D4-911C-8370B9EA4549,2014,00,0,0,0,1,0,0,0,0,1,0,0,0,0,0,1,0,0,0,0,0,1,0,0,0,0
425A9276-F1E1-4C3A-830F-57FE52A92084,2023,61,1,1,0,0,0,0,0,0,1,0,0,0,0,0,0,0,1,0,0,0,0,0,0,1,1
447644c0-74bb-11eb-a956-8766d2dd0181,2020,51,0,1,0,0,0,0,0,0,1,0,0,0,0,0,0,1,0,0,0,0,0,0,0,1,0
89C77A19-EBFD-4FEA-B34A-0E9F33E825D2,2012,52,0,1,0,0,0,0,0,0,1,0,0,0,0,0,0,0,1,0,0,0,0,0,0,1,0
0BAD113A-3592-44E5-A3E9-2BC5A110FE55,2011,51,0,0,0,0,0,1,0,0,0,1,0,0,0,1,0,0,0,0,0,0,0,1,0,0,0
89D43975-81FB-4918-890F-B969C29CE35B,2012,22,0,0,0,0,1,0,0,0,0,0,1,0,1,0,0,0,0,0,0,0,0,1,0,0,0
89D5D1EC-6E04-4426-AE21-3495527A43D4,2015,62,0,0,1,0,0,0,0,0,1,0,0,0,0,0,0,0,0,1,0,0,0,0,0,1,0
89DFA6E4-DB73-4D7C-8CAC-38BE7D667081,2012,62,0,0,0,0,0,0,0,1,0,0,0,1,0,0,0,0,0,0,0,1,0,1,0,0,0
8ADDBC36-1199-49BA-9B87-C4281DA6FB8F,2023,61,1,1,0,0,0,0,0,0,1,0,0,0,0,0,0,0,1,0,0,0,0,0,0,1,1
18b739f0-9918-11ee-8b73-1b1171019a98,2023,05,0,1,0,0,0,0,0,0,1,0,0,0,0,0,0,1,0,0,0,0,0,0,0,1,0
5D8BB904-841A-444A-BE48-44E61A9391F7,2016,00,0,0,0,0,0,1,0,0,0,1,0,0,0,1,0,0,0,0,0,0,0,1,0,0,0
89FFEBDB-3EBB-4F32-AC04-4975A9975A1C,2015,62,0,0,0,0,0,1,0,0,0,0,1,0,0,1,0,0,0,0,0,0,0,0,0,1,0
8A08ACFC-64E4-4503-8FE6-AFF17954A4B0,2011,92,0,0,0,0,0,1,0,0,0,1,0,0,0,1,0,0,0,0,0,0,0,0,0,1,0
8A0FB892-4C6C-4979-91C6-536AA72A8AF0,2014,00,1,1,0,0,0,0,0,0,1,0,0,0,0,0,0,1,0,0,0,0,0,1,0,0,0
117a9da0-c4f9-11e9-8a5a-abdcbb867af8,2019,52,0,1,0,0,0,0,0,0,1,0,0,0,0,0,0,0,1,0,0,0,0,1,0,0,0
8A2220AF-D4B4-457D-B2DE-6BCE62EB02C3,2012,62,0,0,0,1,0,0,0,0,1,0,0,0,0,0,1,0,0,0,0,0,0,1,0,0,0
e5dd8c10-8f44-11e8-a74f-e5450456a5bf,2018,62,0,0,0,0,0,1,0,0,0,1,0,0,0,1,0,0,0,0,0,0,0,0,0,1,0
00dcde20-af73-11f0-a027-d955a4d2f085,2024,45,0,1,0,0,0,0,0,0,1,0,0,0,0,0,0,0,1,0,0,0,0,0,0,1,0
8A2FF701-E158-40F5-8DB2-5BDA5B498464,2012,92,0,0,0,0,1,0,0,0,0,1,0,0,1,0,0,0,0,0,0,0,0,0,0,1,0
8A325A8B-8853-413D-A042-13B3D4990ED8,2012,62,0,0,0,1,0,0,0,0,1,0,0,0,0,0,1,0,0,0,0,0,0,1,0,0,0
5be15eb0-0fc2-11ea-936a-1ffb751fb68b,2019,51,1,0,0,0,0,0,0,0,1,0,0,0,0,0,0,0,1,0,0,0,1,0,0,0,0
816E347F-861A-4E1F-A77C-14076F2C13EE,2015,92,0,0,0,0,0,1,0,0,0,1,0,0,0,1,0,0,0,0,0,0,0,0,0,1,0
8A4218E8-7693-420B-AEC2-EAA543D2170C,2013,00,0,0,0,0,1,0,0,0,0,1,0,0,1,0,0,0,0,0,0,0,0,0,0,1,0
1eb841e0-0a43-11ea-9821-617d71ee6253,2019,92,0,0,0,0,1,0,0,0,0,1,0,0,1,0,0,0,0,0,0,0,0,1,0,0,0
8A49DEB6-E30D-409E-9D53-062E24A5C44E,2012,62,0,1,0,0,0,0,0,0,1,0,0,0,0,0,0,0,0,0,0,1,0,0,0,1,0
8A4D3A12-C20F-4917-A85B-C0D48056C637,2014,00,0,0,0,1,1,0,0,0,0,1,0,0,1,0,0,0,0,0,0,0,0,0,0,1,0
1B523CF6-51BF-408E-B4A3-D729F6177ECC,2016,81,0,0,0,0,0,1,0,0,0,1,0,0,0,1,0,0,0,0,0,0,0,0,0,1,0
8f039760-8ea7-11e8-a076-fd59426460e5,2018,62,0,0,0,0,0,1,0,0,0,1,0,0,0,1,0,0,0,0,0,0,0,0,0,1,0
8A5C431F-4825-48FB-9421-66B73FA1EE47,2010,92,0,0,0,0,0,1,0,0,0,1,0,0,0,1,0,0,0,0,0,0,0,0,1,0,0
cc063f50-0c4d-11ed-91ff-0b0a6a79f02d,2021,00,1,1,0,0,0,0,0,0,1,0,0,0,0,0,0,0,1,0,0,0,0,1,0,0,0
8A68F804-06E7-403A-9D02-990F659ABCA0,2010,62,0,0,0,1,0,0,0,0,1,0,0,0,0,0,1,0,0,0,0,0,0,1,0,0,0
186810C1-C5E8-4C26-BCA4-B99B192183B1,2015,62,0,0,0,0,1,0,0,0,0,1,0,0,1,0,0,0,0,0,0,0,0,0,0,1,0
8A72D9ED-D328-41F1-8B87-1B8F04BC06C1,2012,81,0,1,0,0,0,0,0,0,1,0,0,0,0,0,0,0,1,0,0,0,0,0,0,1,0
8A77A133-FC5C-4DD0-9EA5-A485A97F8612,2008,00,0,1,0,0,0,0,0,0,1,0,0,0,0,0,0,0,0,0,0,1,0,0,0,1,0
8A79A468-6B95-4939-9A7D-0D9631DA13B5,2014,92,0,0,0,1,0,0,0,0,1,0,0,0,0,0,1,0,0,0,0,0,0,0,0,1,0
B97DC5AE-2F47-4450-9A73-4828D68A5A2E,2015,92,0,0,0,1,0,0,0,0,1,0,0,0,0,0,1,0,0,0,0,0,0,0,0,1,0
8A81BBD2-02B9-4CA7-BA70-BF587B2DACCE,2014,61,0,1,0,0,0,0,0,0,1,0,0,0,0,0,0,1,0,0,0,0,1,0,0,0,0
39e10a50-e35e-11e7-bf7a-0771e1cc9602,2017,62,0,0,0,0,1,0,0,0,0,1,0,0,1,0,0,0,0,0,0,0,0,0,0,1,0
8A86BDA9-0DF0-4D21-9561-999557072202,2012,00,0,1,0,0,0,0,0,0,1,0,0,0,0,0,0,1,0,0,0,0,0,0,0,1,0
8A92E3A9-B735-407E-824A-6D25A5A1AA42,2010,92,0,0,0,0,1,0,0,0,0,1,0,0,1,0,0,0,0,0,0,0,0,0,0,1,0
7b08a73bc-697a-4692-bffa-f69a13118ae0,2024,56,0,1,0,0,0,0,0,0,1,0,0,0,0,0,0,1,0,0,0,0,0,0,0,1,0
8AAB1B5B-6502-4D67-BE55-F91D28C5570F,2014,62,0,1,0,0,0,0,0,0,1,0,0,0,0,0,0,0,0,0,0,1,0,0,0,1,0
464A4391-01FE-4991-8C97-DB36CA56AB09,2016,62,0,0,0,1,0,0,0,0,1,0,0,0,0,0,1,0,0,0,0,0,0,1,0,0,0
8AC347A0-4105-4AA6-8866-AFC924ABFCDB,2013,00,0,1,0,0,0,0,0,0,1,0,0,0,0,0,0,1,0,0,0,0,1,0,0,0,0
8AC69917-4A01-4165-8034-07915326562F,2013,61,0,1,0,0,0,0,0,0,1,0,0,0,0,0,0,0,1,0,0,0,0,0,0,1,0
8ACA5990-471E-4092-928E-DB5D16755266,2011,52,0,0,0,0,1,0,0,0,0,1,0,0,1,0,0,0,0,0,0,0,1,0,0,0,0
8AD0E95C-BB11-4083-A6F4-077D9D691CB4,2011,92,0,0,0,0,1,0,0,0,0,1,0,0,1,0,0,0,0,0,0,0,0,0,0,1,0
0d128dc0-7615-11e7-9d88-ab89f89c69db,2017,92,0,1,0,0,0,0,0,0,1,0,0,0,0,0,0,1,0,0,0,0,0,0,0,1,0
9174A6E7-ED28-44CF-A5E2-4836F10C2A77,2023,61,1,1,0,0,0,0,0,0,1,0,0,0,0,0,0,0,1,0,0,0,0,0,0,1,1
8AF50B9A-F7BF-424B-B9E6-FCECAA8A4F63,2015,00,0,0,0,1,0,0,0,0,1,0,0,0,0,0,1,0,0,0,0,0,0,1,0,0,0
56C4A39A-46FF-4921-8130-2D418151C715,2023,61,1,1,0,0,0,0,0,0,1,0,0,0,0,0,0,0,1,0,0,0,0,0,0,1,1
D1E5804E-C5EB-4FD3-9F70-CB6B6E2D476F,2023,61,1,1,0,0,0,0,0,0,1,0,0,0,0,0,0,0,1,0,0,0,0,0,0,1,1
B97D9A55-BB86-464E-98FC-32EA61C9F8C3,2023,61,1,1,0,0,0,0,0,0,1,0,0,0,0,0,0,0,1,0,0,0,0,0,0,1,1
8B00CB6F-B9B3-40E6-A390-FDA9C49D49A7,2013,92,0,0,0,0,0,1,0,0,0,0,1,0,0,1,0,0,0,0,0,0,0,0,0,1,0
8B026CFF-F741-429F-8FD2-83BF8E96406F,2012,51,0,1,0,0,0,0,0,0,1,0,0,0,0,0,0,0,0,0,0,1,0,0,0,1,0
8B0AC644-05EA-49BE-9321-7EC4AE86C76F,2014,33,1,1,0,0,0,0,0,0,1,0,0,0,0,0,0,0,1,0,0,0,0,0,0,1,0
5f185780-d831-11eb-a5a2-812629c6bc41,2020,56,0,0,0,0,0,1,0,0,0,1,0,0,0,1,0,0,0,0,0,0,0,0,0,1,0
046d5440-9728-11e8-8342-0f8f10fcd812,2018,52,0,0,0,1,0,0,0,0,1,0,0,0,0,0,0,0,0,0,0,1,0,1,0,0,0
8B163769-03D9-4292-B1C3-459D9DB6F265,2010,92,0,0,0,0,0,1,0,0,0,1,0,0,0,1,0,0,0,0,0,0,0,0,0,1,0
8B186952-BF4D-4E2D-BCFF-84A447A0B552,2014,06,0,0,0,0,0,1,0,0,0,0,1,0,0,1,0,0,0,0,0,0,0,0,0,1,0
8B19B46C-8A03-48BD-B711-565D6DA39550,2012,92,0,0,0,0,0,1,0,0,0,1,0,0,0,0,1,0,0,0,0,0,0,0,0,1,0
8B1E841C-E304-426D-A3D8-AA8CB01C4E37,2011,92,0,0,0,0,1,0,0,0,0,1,0,0,1,0,0,0,0,0,0,0,0,0,0,1,0
8B275351-334F-440E-8E3A-50ED48BD863F,2013,00,0,0,0,1,0,0,0,0,1,0,0,0,0,0,1,0,0,0,0,0,0,1,0,0,0
E4E91E48-0EF3-466F-8110-3B1C8A3F97C6,2023,61,1,1,0,0,0,0,0,0,1,0,0,0,0,0,0,0,1,0,0,0,0,0,0,1,1
11005ec0-af65-11f0-a027-d955a4d2f085,2025,00,0,1,0,0,0,0,0,0,1,0,0,0,0,0,0,1,0,0,0,0,0,0,0,1,0
d5e4b890-8cc2-11e7-97c0-cfe5b6ac1588,2017,00,0,1,1,0,0,0,0,0,1,0,0,0,0,0,0,0,0,1,0,0,0,1,0,0,0
F82CC634-04CC-461C-BE4A-1C1A4611DB10,2016,51,0,1,0,0,0,0,0,0,1,0,0,0,0,0,0,1,0,0,0,0,0,0,0,1,0
b47f80e0-0493-11ea-ad43-7952870528d4,2019,51,0,0,0,0,0,1,0,0,0,1,0,0,0,1,0,0,0,0,0,0,0,0,0,1,0
8B3CF185-A4A7-47CE-8A10-BAC74A80C097,2013,54,0,0,0,0,1,0,0,0,0,1,0,0,1,0,0,0,0,0,0,0,0,0,0,1,0
590857E2-9652-4C34-B3B6-CF3B0599C6D2,2016,51,0,1,0,0,0,0,0,0,1,0,0,0,0,0,0,1,0,0,0,0,0,0,0,1,0
8B45C97F-1058-428C-823C-30A8BB344947,2014,44,0,0,0,1,0,0,0,0,1,0,0,0,0,0,1,0,0,0,0,0,0,1,0,0,0
512dda70-d57c-11e7-af4f-6b5d4514198e,2016,44,0,0,0,1,0,0,0,0,1,0,0,0,0,0,1,0,0,0,0,0,0,1,0,0,0
8B543B7D-BD5D-4597-BC8A-1C15F8EADDA5,2013,92,0,0,0,0,0,1,0,0,0,1,0,0,0,1,0,0,0,0,0,0,0,0,0,1,0
8B5626C6-B103-4E70-B3B3-37EAEAAE3BD2,2014,92,0,0,0,0,1,0,0,0,0,1,0,0,1,0,0,0,0,0,0,0,0,0,0,1,0
8B5C7282-2CFD-419D-82C5-9AD31F17BFB5,2013,61,0,0,0,0,0,1,0,0,0,1,0,0,0,0,1,0,0,0,0,0,0,1,0,0,0
8B62DB02-F770-43ED-84F4-7449FD816B71,2012,02,0,1,0,0,0,0,0,0,1,0,0,0,0,0,0,0,0,0,0,1,0,0,0,1,0
8B649FA4-D023-47C1-A03A-ED70C493245C,2010,92,0,0,0,0,0,1,0,0,0,1,0,0,0,1,0,0,0,0,0,0,0,0,1,0,0
5C58540E-27A7-4599-8AB6-C7921A14DA47,2014,00,0,1,0,0,0,0,0,0,1,0,0,0,0,0,0,0,0,0,0,1,0,0,0,1,0
F1A9700A-C2DB-4B95-985A-57B3F592F964,2015,44,0,0,0,0,1,0,0,0,0,1,0,0,1,0,0,0,0,0,0,0,0,0,0,1,0
8B814334-F357-4588-860B-D69E0DE1DAB9,2014,92,0,1,0,0,0,0,0,0,1,0,0,0,0,0,0,0,1,0,0,0,0,1,0,0,0
96450F4F-1AC0-4930-9B2D-79D525708A26,2015,92,0,0,0,0,0,1,0,0,0,1,0,0,0,1,0,0,0,0,0,0,0,0,0,1,0
1D08E033-CB62-4652-9450-F6A3F2A98995,2015,62,0,0,0,0,1,0,0,0,0,1,0,0,1,0,0,0,0,0,0,0,0,0,0,1,0
D3A4DA0C-E1D1-4154-B5B7-617680E4810C,2015,06,0,0,0,0,1,0,0,0,0,1,0,0,1,0,0,0,0,0,0,0,0,0,0,1,0
E65A025C-4C8F-476A-970D-45EF4E38C690,2023,61,1,1,0,0,0,0,0,0,1,0,0,0,0,0,0,0,1,0,0,0,0,0,0,1,1
8af89b60-4278-11ec-b979-154550188709,2021,00,0,0,0,0,0,1,0,0,0,1,0,0,0,1,0,0,0,0,0,0,0,0,0,1,0
8B8EDA59-DD44-4657-96A6-E64F7EC8F30D,2012,81,1,0,1,0,0,0,0,0,1,0,0,0,0,0,0,0,0,1,0,0,0,1,0,0,0
8B91F652-EEFA-46E2-8B19-6AA2CF5A113C,2015,00,0,1,1,0,0,0,0,0,1,0,0,0,0,0,0,0,0,1,0,0,0,0,0,1,0
8B95BD02-7924-4F69-9129-44326212B2F5,2012,81,0,0,0,0,0,1,0,0,0,1,0,0,0,1,0,0,0,0,0,0,0,0,0,1,0
8BA0E8F2-9512-46DA-A291-3FFAF372E079,2012,45,0,1,0,0,0,0,0,0,1,0,0,0,0,0,0,1,1,0,0,0,0,0,0,1,0
8BA32FFC-6ABF-4AD8-8900-3E69A98F838F,2014,54,0,0,0,0,0,0,0,1,1,0,0,0,0,0,0,1,0,0,0,0,0,0,0,1,0
8513AD3D-7CCA-4876-8047-612ADCEA45C3,2023,61,1,1,0,0,0,0,0,0,1,0,0,0,0,0,0,0,1,0,0,0,0,0,0,1,1
DDED1838-6B52-4F2E-8572-854E71D52165,2024,51,0,1,0,0,0,0,0,0,1,0,0,0,0,0,0,1,0,0,0,0,0,0,0,1,0
28E3F70B-EAC6-46F3-8F9D-3B63F6B0514C,2023,61,1,1,0,0,0,0,0,0,1,0,0,0,0,0,0,0,1,0,0,0,0,0,0,1,1
8BAC3D84-42EC-40B6-A519-48319AEC78EE,2010,92,0,0,0,0,0,1,0,0,0,1,0,0,0,1,0,0,0,0,0,0,0,0,1,0,0
8BAD622D-EF36-4254-BB38-6C9A3C69CE7D,2013,52,0,0,0,0,0,1,0,0,0,1,0,0,0,1,0,0,0,0,0,0,0,0,0,1,0
8BADF57E-E253-4CB3-97B4-D22F44B15F9E,2012,62,0,0,0,1,0,0,0,0,1,0,0,0,0,0,1,0,0,0,0,0,0,1,0,0,0
9500d060-6be9-11e7-97f1-7f40b0b1fd66,2015,44,0,1,1,0,0,0,0,0,1,0,0,0,0,0,0,0,0,1,0,0,0,0,0,1,0
F29F459B-040F-4F55-81FE-A01A11D6D620,2023,61,1,1,0,0,0,0,0,0,1,0,0,0,0,0,0,0,1,0,0,0,0,0,0,1,1
C10B59D9-FE0F-421F-92CF-1E3CE3FB56E5,2015,62,0,0,0,1,0,0,0,0,1,0,0,0,0,0,1,0,0,0,0,0,0,1,0,0,0
8BBF5EEC-1472-48EA-B932-3732D0200B17,2013,92,0,0,0,0,0,1,0,0,0,1,0,0,0,1,0,0,0,0,0,0,0,1,0,0,0
1f866cf0-aa27-11e8-9604-77188de09ef1,2013,52,0,0,0,0,1,0,0,0,0,1,0,0,1,0,0,0,0,0,0,0,0,0,0,1,0
e57a8e00-212a-11ec-82c4-4d3486f21395,2017,81,0,0,0,0,0,1,0,0,0,0,1,0,0,1,0,0,0,0,0,0,0,0,0,1,0
8BC9F991-DA52-4E24-876C-1AEE7C4DA37A,2010,62,0,0,1,0,1,0,0,0,0,1,0,0,1,0,0,0,0,0,0,0,0,0,0,1,0
f841c060-0a0e-11ea-9e73-f15207d33dcb,2019,72,0,0,0,0,1,0,0,0,0,1,0,0,1,0,0,0,0,0,0,0,0,0,0,1,0
8BD5CEEA-7EE0-4581-B186-33C32753932B,2014,92,0,0,0,0,0,1,0,0,0,1,0,0,0,1,0,0,0,0,0,0,0,0,0,1,0
8BD7D8EA-A954-4E0F-B2CE-70A3D172A2DE,2012,00,0,1,0,0,0,0,0,0,1,0,0,0,0,0,0,0,0,0,1,0,1,0,0,0,0
a9d21e90-0b71-11e8-827c-bba53cbad290,2014,00,0,1,0,0,0,0,0,0,1,0,0,0,0,0,0,1,0,0,0,0,0,0,0,1,0
97eb8690-e5e4-11e9-a0ce-353e27116082,2019,51,0,0,0,0,0,1,0,0,0,1,0,0,0,1,0,0,0,0,0,0,0,0,0,1,0
A5A41A56-6035-4429-B817-B1953764CAC5,2015,62,0,0,0,0,0,1,0,0,0,1,0,0,0,1,1,0,0,0,0,0,0,1,0,0,0
8BFB4053-8110-4110-B57C-57019FA0F0FE,2012,62,0,0,0,0,1,0,0,0,0,0,1,0,1,0,0,0,0,0,0,0,0,0,0,1,0
8BFD1398-E3ED-450D-9528-A546494A1777,2011,61,0,1,0,0,0,0,0,0,0,1,0,0,0,0,0,0,0,0,0,1,0,0,0,1,0
5B652D9F-DB70-4044-BDA6-0773401E8A9C,2023,61,1,1,0,0,0,0,0,0,1,0,0,0,0,0,0,0,1,0,0,0,0,0,0,1,1
709BFBBB-31E3-4FDD-BF14-995081FCC489,2023,52,1,1,0,0,0,0,0,0,1,0,0,0,0,0,0,0,1,0,0,0,0,0,0,1,1
34173CB3-8F07-F89D-DBEB-C2AC9128303F,2025,51,0,1,0,0,0,0,0,0,1,0,0,0,0,0,0,1,0,0,0,0,0,0,0,1,0
1860C29B-FD5B-4C0E-8A76-2EBE79D84B86,2023,61,1,1,0,0,0,0,0,0,1,0,0,0,0,0,0,0,1,0,0,0,0,0,0,1,1
8C147422-3A5C-44BB-8499-170FB6CA518D,2013,52,0,0,0,1,0,0,0,0,1,0,0,0,0,0,1,0,0,0,0,0,0,1,0,0,0
8C17077E-ABD9-45D3-87E3-E7E39C1E349F,2012,33,0,1,0,0,0,0,0,0,1,0,0,0,0,0,0,1,1,0,0,0,1,0,0,0,0
8C17975B-91A1-4A2A-8389-AD34AA31802A,2013,92,0,1,0,0,0,0,0,0,1,0,0,0,0,0,0,1,0,0,0,0,0,0,0,1,0
8C1BAC38-72E9-4E67-BB87-ADD19A39B5DE,2010,92,0,0,0,0,0,1,0,0,0,1,0,0,0,1,0,0,0,0,0,0,0,0,0,1,0
8C2BD75A-89FD-47D8-9396-5913E3D930B6,2011,00,0,0,0,0,0,1,0,0,0,1,0,0,0,1,0,0,0,0,0,0,0,0,0,1,0
8C2FE126-C3E6-407C-BA8F-8197C0403A0C,2014,61,0,1,0,0,0,1,0,0,1,0,0,0,0,0,0,1,0,0,0,0,0,0,0,1,0
8C34ACFE-68AE-4CA3-A15D-FD4B36C2C781,2015,62,0,0,0,0,1,0,0,0,0,1,0,0,1,0,0,0,0,0,0,0,0,0,0,1,0
8C4452FC-A60E-4D38-BC66-8EDFAB131AF0,2012,00,0,0,0,0,0,1,0,0,0,1,0,0,0,1,1,0,0,0,0,0,0,1,0,0,0
fa8bd300-c5a6-11e7-8053-ff1e84d2b694,2017,62,1,0,0,0,0,0,0,0,1,0,0,0,0,0,0,0,1,0,0,0,0,1,0,0,0
4b74c9b0-a19a-11e7-9764-c7e1aa1637e1,2015,62,0,0,0,0,0,1,0,0,0,1,0,0,0,1,0,0,0,0,0,0,0,0,0,1,0
8C53AFCB-DDB3-46B5-B980-FE218A87A315,2012,42,0,0,0,0,0,1,0,0,0,1,0,0,0,1,0,0,0,0,0,0,0,0,0,1,0
8C714836-60BB-4645-A27D-1A70D0B8957B,2014,52,0,0,0,0,0,0,0,1,1,0,0,0,0,0,0,0,0,0,0,1,0,0,0,1,0
d6a8b490-2091-11ec-82c4-4d3486f21395,2020,00,1,1,0,0,0,0,0,0,1,0,0,0,0,0,0,0,1,0,0,0,0,0,0,1,0
8C892471-CAC3-4CB1-B7D6-F12203774FF1,2012,00,0,0,0,1,0,0,0,0,1,0,0,0,0,0,1,0,0,0,0,0,0,0,0,1,0
a02c6430-a18b-11e8-a695-3d5401d43fff,2018,71,1,0,0,0,0,0,0,0,1,0,0,0,0,0,0,0,1,0,0,0,1,0,0,0,0
AD7161BF-4857-4102-A64F-FB23BB695D40,2015,52,0,0,0,0,0,1,0,0,0,1,0,0,0,1,0,0,0,0,0,0,0,1,0,0,0
8CC4DBB7-F0D5-49F9-A3DC-115B11A7753D,2014,54,0,0,0,1,0,0,0,0,1,0,0,0,0,0,1,0,0,0,0,0,0,1,0,0,0
8CC7EF50-E979-4C6D-8068-9494182CAFF7,2014,56,0,0,0,0,1,0,0,0,0,1,0,0,1,0,0,0,0,0,0,0,0,0,0,1,0
8CD420DA-23B3-4FC4-9206-268CDBC6FA88,2012,51,0,1,0,0,0,0,0,0,1,0,0,0,0,0,0,0,0,0,0,1,0,0,0,1,0
8CDFAAC0-7952-488C-A60B-A0A8E67DF26A,2014,62,0,0,0,0,1,0,0,0,0,1,0,0,1,0,0,0,0,0,0,0,0,0,0,1,0
cb44f910-ce63-11e9-b4e5-4769cce343a0,2019,62,0,0,0,0,1,0,0,0,0,1,0,0,1,0,0,0,0,0,0,0,0,0,0,1,0
8CE4FCBC-819E-46DC-A621-2F6B8B96AB00,2014,52,0,0,0,0,0,1,0,0,0,1,0,0,0,1,0,0,0,0,0,0,0,0,0,1,0
8CFCCD57-0E84-496C-B758-69CE93F21048,2013,92,1,0,1,0,0,0,0,0,1,0,0,0,0,0,0,0,0,1,0,0,0,0,0,1,0
8CFE5AA8-E1E8-426A-B7FB-604E36B913FA,2013,51,0,1,0,0,0,0,0,0,1,0,0,0,0,0,0,1,0,0,0,0,0,1,0,0,0
8C89EB46-C952-4F1E-BDDF-C55B62039D30,2023,61,1,1,0,0,0,0,0,0,1,0,0,0,0,0,0,0,1,0,0,0,0,0,0,1,1
8D091809-ED6D-413D-B095-EE6496BFA000,2012,61,0,0,0,0,0,1,0,0,0,1,0,0,0,1,0,0,0,0,0,0,0,0,0,1,0
F2D02ECE-A320-40B1-A738-789539FBF270,2023,61,1,1,0,0,0,0,0,0,1,0,0,0,0,0,0,0,1,0,0,0,0,0,0,1,1
8D0F9CD5-3EAF-4BF3-BF9B-BC2F16C38971,2014,92,0,0,0,0,1,0,0,0,0,1,0,0,1,0,0,0,0,0,0,0,0,0,0,1,0
8D1A3679-8A10-4CF3-858C-79024EF19838,2014,00,0,1,0,0,0,0,0,0,1,0,0,0,0,0,0,1,0,0,1,0,1,0,0,0,0
8D248F60-1911-4A9F-A486-E59518E97E57,2014,92,0,0,0,0,0,1,0,0,0,1,0,0,0,1,0,0,0,0,0,0,0,1,0,0,0
BC2F492E-7357-495A-B4F3-9A050E5E6805,2023,61,1,1,0,0,0,0,0,0,1,0,0,0,0,0,0,0,1,0,0,0,0,0,0,1,1
66207d00-e641-11eb-b667-c585fe0ca11b,2020,05,1,0,0,0,0,0,0,0,1,0,0,0,0,0,0,0,1,0,0,0,0,0,0,1,0
16B965B2-A066-43F8-BCD6-D9407D1D784D,2016,51,0,1,0,0,0,0,0,0,1,0,0,0,0,0,0,0,1,0,0,0,0,0,0,1,0
8D58CD22-225C-4766-89F1-F94F367F0992,2014,62,0,0,0,0,0,1,0,0,0,1,0,0,0,1,0,0,0,0,0,0,0,0,0,1,0
DD950A85-E52D-44A1-9B38-B47729919BBC,2023,61,1,1,0,0,0,0,0,0,1,0,0,0,0,0,0,0,1,0,0,0,0,0,0,1,1
8c3de2d0-e645-11eb-b667-c585fe0ca11b,2020,51,0,0,0,0,0,1,0,0,0,1,0,0,0,1,0,0,0,0,0,0,0,0,0,1,0
8D6E0986-A78A-431E-B7A6-FB8D94172307,2013,92,0,0,0,0,0,1,0,0,0,1,0,0,0,1,0,0,0,0,0,0,0,0,0,1,0
8D6FF53F-509D-44B1-9DFC-79E58A18BB96,2014,92,0,0,0,1,0,0,0,0,1,0,0,0,0,0,1,0,0,0,0,0,0,0,0,1,0
8D72FAD3-1D68-4D7C-8BC7-6929D682600D,2014,00,0,1,0,0,0,0,0,0,1,0,0,0,0,0,0,0,1,0,0,0,0,0,1,0,0
8D90442E-2F78-4435-8265-405B444571DD,2012,05,0,1,0,0,0,0,0,0,1,0,0,0,0,0,0,1,0,0,0,0,0,0,0,1,0
8D905AB0-1A6D-4E6B-A1CE-B7623D7B1C91,2012,61,0,1,0,0,0,0,0,0,1,0,0,0,0,0,0,1,0,0,0,0,0,0,0,1,0
8D975F56-EFE9-4BBD-A2D5-E66A87992A87,2013,51,0,1,0,0,0,0,0,0,1,0,0,0,0,0,0,1,1,0,0,0,1,0,0,0,0
8D9E85C9-D2FF-4E1A-A4E9-EFFBA3A9375A,2012,62,0,0,0,1,0,0,0,0,1,0,0,0,0,0,1,0,0,0,0,0,0,1,0,0,0
8DA357C3-6573-4404-B4E7-59ED147E762F,2015,62,0,0,0,0,1,0,0,0,0,1,0,0,1,0,0,0,0,0,0,0,0,0,0,1,0
8DA7032B-00CA-4C97-ACAD-2040FECB2FA1,2015,51,0,0,0,0,0,1,0,0,0,1,0,0,0,1,0,0,0,0,0,0,0,1,0,0,0
8DAF27CF-7C0F-4F0A-A92C-F7B31F17C6F4,2007,61,0,0,0,1,0,0,0,0,1,0,0,0,0,0,1,0,0,0,0,0,0,1,0,0,0
38db2720-23a3-11eb-b77f-316b5c5dd5eb,2019,00,0,1,0,0,0,0,0,0,1,0,0,0,0,0,0,0,0,0,0,1,0,0,0,1,0
8DCBC566-AE66-41FA-BCD0-4374F1CFA201,2010,92,0,1,0,0,0,0,0,0,1,0,0,0,0,0,0,0,0,0,0,1,0,1,0,0,0
aa9d2fd0-1d1c-11eb-866e-51f25f42af12,2020,54,1,0,0,0,0,0,0,0,1,0,0,0,0,0,0,0,1,0,0,0,0,1,0,0,0
8DCFB885-48A9-4882-8577-7FD4C9C2AFD8,2012,00,0,0,0,0,0,1,0,0,0,1,0,0,0,0,1,0,0,0,0,0,0,1,0,0,0
8DD5345A-323F-4EAE-9F33-49BFE62CD1EE,2013,62,0,0,0,0,1,0,0,0,0,0,1,0,1,0,0,0,0,0,0,0,0,0,0,1,0
8DD72747-0305-4283-897F-55B111C03BE7,2011,62,0,0,0,0,1,0,0,0,0,1,0,0,1,0,0,0,0,0,0,0,0,0,0,1,0
8DE5C092-53EE-4EF3-9BD8-0E5D50A1582E,2013,00,1,1,1,0,0,0,0,0,1,0,0,0,0,0,0,0,0,1,0,0,0,0,0,1,0
866aa3a0-0941-11e8-bbae-ed39c73f1398,2017,56,0,1,0,0,0,0,0,0,1,0,0,0,0,0,0,1,0,0,0,0,0,0,0,1,0
8DF55D62-ADAC-47AA-A1C7-89561C884CC7,2010,92,0,0,0,0,0,1,0,0,0,1,0,0,0,1,0,0,0,0,0,0,0,0,1,0,0
85e11d80-94af-11e7-9340-f70be1ebf87c,2017,62,0,0,0,1,0,0,0,0,1,0,0,0,0,0,1,0,0,0,0,0,0,1,0,0,0
8DF824E5-F318-4E4E-92E0-555D2EB055E8,2010,92,0,0,0,0,1,0,0,0,0,1,0,0,1,0,0,0,0,0,0,0,0,0,0,1,0
8DF8A62A-EAEB-43E8-8B7F-9DCB97135D7C,2010,92,0,1,0,0,0,0,0,0,1,0,0,0,0,0,0,0,1,0,0,0,0,0,0,1,0
4968D4D7-9E0A-4F7F-8900-EBD927778499,2016,00,0,0,1,0,1,0,0,0,1,1,0,0,1,0,0,0,0,0,0,0,0,0,0,1,0
8E0324E1-3548-48E9-AE3B-AB0494A34671,2011,52,0,0,0,0,0,1,0,0,0,1,1,0,0,1,0,0,0,0,0,0,0,0,0,1,0
8E06FFF4-EF37-4EE1-AE99-A05D6568FF5B,2012,72,0,0,0,1,0,0,0,0,1,0,0,0,0,0,1,0,0,0,0,0,0,1,0,0,0
8E098D7B-7E22-45FA-BF97-15724C1DDC03,2010,52,0,0,0,0,0,0,0,1,0,0,0,1,0,0,0,0,0,0,0,1,0,1,0,0,0
257B610C-BDB3-4B3E-8CC8-2F3C99A49E2D,2013,61,1,1,0,0,0,0,0,0,1,0,0,0,0,0,0,0,1,0,0,0,1,0,0,0,0
8E130214-1953-4698-A1EF-A7B4FF90E87B,2013,00,0,1,0,0,0,0,0,0,1,0,0,0,0,0,0,0,1,0,0,0,1,0,0,0,0
8E1478E5-6407-4694-9EF0-7AEA8C98F0B3,2014,00,0,1,0,0,0,0,0,0,1,0,0,0,0,0,0,1,0,0,0,0,0,0,0,1,0
8E1A884C-800F-42AC-B099-D69B83E2F511,2014,00,0,1,0,0,0,0,0,0,1,0,0,0,0,0,0,1,0,0,1,0,1,0,0,0,0
5f4adc00-8114-11e7-8520-b5d4bef506ca,2017,44,0,0,0,1,0,0,0,0,1,0,0,0,0,0,0,0,0,0,0,1,0,0,1,0,0
8E1D555C-59A5-4E93-A726-0721A4995F1F,2013,61,0,1,0,0,0,0,0,0,1,0,0,0,0,0,0,0,0,0,0,1,0,0,0,1,0
715f4800-9a49-11e8-8652-5d096cfefbb4,2018,00,1,0,0,0,0,0,0,0,1,0,0,0,0,0,0,0,1,0,0,0,1,0,0,0,0
86A6E0B4-9201-4428-A8F0-E75FAC1AAB1D,2023,61,1,1,0,0,0,0,0,0,1,0,0,0,0,0,0,0,1,0,0,0,0,0,0,1,1
8E2D074B-B7DF-4D02-94DB-69599F1AE42C,2015,51,0,1,0,0,0,0,0,0,1,0,0,0,0,0,0,0,0,0,1,0,1,0,0,0,0
8E32E06A-1C07-4CBE-BBB9-8760B815B293,2013,62,0,0,0,0,1,0,0,0,0,1,0,0,1,0,0,0,0,0,0,0,0,0,0,1,0
228291D1-82AB-48DD-8CB3-A8C1360868B9,2015,62,0,0,1,0,1,0,0,0,1,1,0,0,1,0,0,0,0,0,0,0,0,0,0,1,0
12d608e0-ca2f-11e7-a7a2-ef5723624be0,2016,53,0,0,0,0,1,0,0,0,0,1,0,0,1,0,0,0,0,0,0,0,0,0,0,1,0
2D5B93FA-8D91-4311-A4DF-F6871220D155,2016,62,0,1,0,0,0,0,0,0,1,0,0,0,0,0,0,0,0,0,0,1,0,1,0,0,0
8E48B6B7-48A5-4DBD-BE6C-9C4BB52F527F,2010,92,0,0,0,0,0,1,0,0,0,1,0,0,0,0,1,0,0,0,0,0,0,0,0,1,0
1d2eb630-9b11-11e8-8050-370b93adfe70,2018,56,0,0,0,0,0,1,0,0,1,0,0,0,0,1,0,0,0,0,0,0,0,0,0,1,0
cc546f20-af66-11e7-b9af-6daebc71dd3b,2016,61,0,0,0,0,1,0,0,0,0,1,1,0,1,0,0,0,0,0,0,0,0,0,0,1,0
61a2fb30-0ade-11ea-a7de-15b14f857e77,2019,62,0,0,0,0,1,0,0,0,0,1,0,0,1,0,0,0,0,0,0,0,0,0,0,1,0
8E667E3D-44A7-4F3F-B29B-61DECA414988,2008,56,0,0,1,0,1,0,0,0,1,1,0,0,1,0,0,0,0,1,0,0,0,0,0,1,0
8E6C1DF8-6A53-4FD1-9F01-EE5C874E1A97,2012,33,0,0,0,0,1,0,0,0,0,1,0,0,1,0,0,0,0,0,0,0,0,0,0,1,0
8E72AA7E-0456-4962-8D98-4930275C2163,2013,52,0,0,0,0,0,1,0,0,0,0,1,0,0,1,0,0,0,0,0,0,0,0,0,1,0
8E73582A-AA41-4521-A284-06D57EC437BE,2012,00,0,1,0,0,0,0,0,0,1,0,0,0,0,0,0,0,1,0,0,0,0,0,0,1,0
6C57AE07-3863-4C4B-AAEF-5A2D0C8BAD77,2023,61,1,1,0,0,0,0,0,0,1,0,0,0,0,0,0,0,1,0,0,0,0,0,0,1,1
8E8B2BC7-C238-40FC-9F2F-46ABD23ABD98,2010,56,0,0,0,0,0,1,0,0,0,1,0,0,0,1,0,0,0,0,0,0,0,1,0,0,0
8E8D57FE-26A5-4733-909D-5DCBB25761D3,2011,00,1,0,0,0,0,0,0,0,1,0,0,0,0,0,0,0,1,0,0,0,0,1,0,0,0
8E907DB4-5AE4-43BD-B6EE-9207ACD03E4F,2010,62,0,0,0,1,0,1,0,0,1,1,0,0,0,0,1,0,0,0,0,0,0,1,0,0,0
8E9D00A0-74A6-4509-A642-89B3D27B234B,2010,62,0,0,0,0,0,1,0,0,0,1,0,0,0,0,1,0,0,0,0,0,0,1,0,0,0
8EA13E95-074E-4EEB-9A13-33164C481772,2014,00,0,0,0,0,0,0,0,1,1,0,0,0,0,0,0,0,0,0,0,1,1,0,0,0,0
8ba0ea10-bf36-11eb-a64d-8b45ca6f7953,2021,48,1,0,0,0,0,0,0,0,1,0,0,0,0,0,0,0,1,0,0,0,0,0,0,1,0
44f63150-99f0-11ee-89dc-614b8d944829,2022,54,0,0,0,0,0,1,0,0,0,1,0,0,0,1,0,0,0,0,0,0,0,0,0,1,0
8EA6B568-3736-48A7-BD69-7BF2E4BE16CC,2007,92,0,0,0,1,0,0,0,0,1,0,0,0,0,0,1,0,0,0,0,0,0,1,0,0,0
D6E316FD-3391-4D4B-BCE6-07FD8B1119D1,2015,62,0,0,0,0,1,0,0,0,0,1,0,0,1,0,0,0,0,0,0,0,0,0,0,1,0
8EB3D634-1853-4EFC-BC59-FFD8B8C2EA0A,2013,62,0,0,0,1,0,0,0,0,1,0,0,0,0,0,1,0,0,0,0,0,0,1,0,0,0
8EBC3314-072D-4E6A-B18D-F548F4B15248,2010,44,0,0,1,0,0,0,0,0,1,0,0,0,0,0,0,0,0,1,0,0,0,0,0,1,0
50AFCD31-9971-45A6-95FD-2BF4ACB07208,2023,61,1,1,0,0,0,0,0,0,1,0,0,0,0,0,0,0,1,0,0,0,0,0,0,1,1
7ec750d0-bb66-11e8-b9b2-0dc0cc16471e,2018,61,1,0,0,0,0,0,0,0,1,0,0,0,0,0,0,0,1,0,0,0,1,0,0,0,0
8EC20274-30D3-48E4-98FF-F7DB6B86E421,2014,21,0,0,0,0,1,0,0,0,0,1,0,0,1,0,0,0,0,0,0,0,0,0,0,1,0
8EC6F10D-41D5-4060-907F-4459EE236E5A,2013,52,0,0,0,0,0,1,0,0,0,1,0,0,0,0,1,0,0,0,0,0,0,1,0,0,0
8EC6FD84-E227-4BB1-8EA1-BE3337D6D482,2013,92,0,0,0,0,0,1,0,0,0,1,0,0,0,1,0,0,0,0,0,0,0,0,0,1,0
8EC8D370-F657-40C4-A8C2-9E38635E4DE2,2012,44,0,0,0,0,0,1,0,0,0,1,0,0,0,1,0,0,0,0,0,0,0,0,0,1,0
8EC936CB-CEB8-4A33-8C0E-87B94C453064,2013,81,0,1,0,0,0,0,0,0,1,0,0,0,0,0,0,1,0,0,0,0,1,0,0,0,0
16d4e500-d3c1-11e8-9659-2bc8d207b0aa,2013,62,0,0,0,0,1,0,0,0,0,1,0,0,1,0,0,0,0,0,0,0,0,0,0,1,0
8a926740-98e6-11e7-a6db-535ccd646699,2017,62,0,1,1,0,0,0,0,0,1,0,0,0,0,0,0,0,0,1,0,0,0,0,0,1,0
F457C545-A9DE-D88F-18EC-EE47145A72C0,2025,72,0,1,0,0,0,0,0,0,1,0,0,0,0,0,0,1,0,0,0,0,0,0,0,1,0
F5B9F704-3A92-4538-839C-C424439A49E9,2016,62,0,0,1,0,1,0,0,0,1,0,0,0,0,0,0,0,0,1,0,0,0,1,0,0,0
9CB8115D-7F96-414A-988F-FF14A0C22F4E,2013,00,0,1,0,0,0,0,0,0,1,0,0,0,0,0,0,0,1,0,0,0,0,0,0,1,0
8F0AB0AE-33F5-4777-B664-48B75FF1F1A6,2012,92,0,0,0,0,0,1,0,0,0,1,0,0,0,1,0,0,0,0,0,0,0,0,0,1,0
8F0BE4D0-E7D2-46B7-86BD-2C2C8889EBD0,2013,32,0,0,0,1,0,0,0,0,0,0,0,1,0,0,1,0,0,0,0,0,0,1,0,0,0
8F0E5538-576C-4C52-8ED0-5F18A1A8C18C,2013,92,0,1,0,0,0,0,0,0,1,0,0,0,0,0,0,1,0,0,0,0,1,0,0,0,0
8F11B2F0-24F4-4713-933B-C0605CB85682,2013,44,0,0,0,1,0,0,0,0,1,0,0,0,0,0,1,0,0,0,0,0,0,1,0,0,0
e7893a70-a2da-11e7-b671-fb4cdbd76ea5,2017,62,0,0,0,0,0,1,0,0,0,0,1,0,0,1,0,0,0,0,0,0,0,1,0,0,0
8F1D90E6-EEE3-4540-AD84-DE6FC612EFF4,2012,62,0,0,0,1,0,0,0,0,1,0,0,0,0,0,1,0,0,0,0,0,0,1,0,0,0
B7ABE2AF-AEB9-433D-BB19-B2211B778449,2023,61,1,1,0,0,0,0,0,0,1,0,0,0,0,0,0,0,1,0,0,0,0,0,0,1,1
01f790b0-d535-11f0-8f89-6d14fba40689,2025,00,1,1,0,0,0,0,0,1,1,0,0,0,0,0,0,0,1,0,0,0,0,0,0,1,0
8F4508A0-EA75-4209-8E46-67D2BF949C2D,2007,52,0,1,0,0,0,0,0,0,1,0,0,0,0,0,0,0,0,0,0,1,0,1,0,0,0
8F48D105-126A-4AFD-8DD8-E3009AB2CFCE,2010,92,0,0,0,0,0,1,0,0,0,1,0,0,0,1,0,0,0,0,0,0,0,0,1,0,0
8F4C4FB1-CEFF-4CD6-B840-3593FCC649FF,2013,51,0,1,0,0,0,0,0,0,1,0,0,0,0,0,0,0,0,0,0,1,0,0,0,1,0
5942bad0-0a35-11e8-bbae-ed39c73f1398,2017,51,0,1,0,0,0,0,0,0,1,0,0,0,0,0,0,1,0,0,0,0,0,0,0,1,0
5EE459B7-B545-4FAF-8396-EFA5A43C186D,2015,62,0,0,0,0,1,0,0,0,0,1,0,0,1,0,0,0,0,0,0,0,0,0,0,1,0
b9a65ae0-ce55-11e9-a07e-2170fe2d70c6,2018,52,0,0,0,0,0,1,0,0,0,0,1,0,0,1,0,0,0,0,0,0,1,0,0,0,0
E157D01A-AFCF-456D-B40C-35865F5F8094,2016,92,0,0,0,0,1,0,0,0,0,1,0,0,1,0,0,0,0,0,0,0,0,1,0,0,0
8F68C845-448A-410F-B8A2-CAC8B085787B,2013,00,0,0,0,0,0,1,0,0,0,0,1,0,0,1,0,0,0,0,0,0,0,0,0,1,0
6262706C-50D3-4881-A2AE-5C1056C91A64,2015,92,0,0,0,0,1,0,0,0,0,1,0,0,1,0,0,0,0,0,0,0,0,0,0,1,0
8F6EEA86-BBE6-4E5B-8BEE-752D8167884A,2013,62,0,0,0,0,0,1,0,0,0,1,0,0,0,1,0,0,0,0,0,0,0,0,0,1,0
8F830629-71A9-4BC5-A30B-5CF9BF063E92,2007,52,0,0,0,1,0,0,0,0,0,1,0,0,0,0,1,0,0,0,0,0,0,0,0,1,0
8F96536B-4F4D-4690-920F-41C33FE74976,2010,00,0,0,0,1,0,0,0,0,1,0,0,0,0,0,1,0,0,0,0,0,0,1,0,0,0
8F9E77CD-DF28-4A7A-B177-DC835384F00F,2015,92,0,0,0,0,0,0,0,1,1,0,0,0,0,0,0,0,0,0,0,1,0,0,0,1,0
37DF9B58-B1F1-4465-8A16-36F0A20EB420,2023,61,1,1,0,0,0,0,0,0,1,0,0,0,0,0,0,0,1,0,0,0,0,0,0,1,1
8D2BC18A-806E-49C8-96A0-F22D7579F93E,2013,62,0,0,0,0,0,1,0,0,0,1,0,0,0,1,0,0,0,0,0,0,0,0,0,1,0
8FAD5A97-5BB8-4237-AC40-8DAEF8DE03B7,2012,92,0,0,0,0,1,0,0,0,0,1,0,0,1,0,0,0,0,0,0,0,0,0,0,1,0
8FB8D399-0A41-4806-9C20-1C48A761DB36,2012,56,0,1,0,0,0,0,0,0,1,0,0,0,0,0,0,1,0,0,0,0,0,0,0,1,0
bd692f30-e460-11e7-977c-0b3846f56840,2017,62,1,0,0,0,0,0,0,0,1,0,0,0,0,0,0,0,1,0,0,0,0,1,0,0,0
8FDAE387-9E27-497A-B978-5C4440673CB1,2012,62,0,0,0,1,0,0,0,0,1,0,0,0,0,0,1,0,0,0,0,0,0,1,0,0,0
8FDD9070-B156-4411-A85B-EC03C1700CB1,2013,61,0,0,0,0,1,0,0,0,0,1,0,0,1,0,0,0,0,0,0,0,0,0,0,1,0
cff38370-1f9a-11ec-aba2-27b717aed560,2019,52,0,0,0,1,0,0,0,0,1,0,0,0,0,0,0,0,0,0,0,1,0,0,0,1,0
8FE3D16A-1992-4C94-9F55-2FC541DEDB0C,2014,52,1,1,0,0,0,0,0,0,1,0,0,0,0,0,0,1,0,0,0,0,0,0,0,1,0
8FE4677E-51D4-4DB3-90EE-0C1D18A8D3A9,2013,81,0,0,0,1,0,0,0,0,1,0,0,0,0,0,1,0,0,0,0,0,0,1,0,0,0
8FE8AE1F-F9FF-4A25-B040-9E708BE9BCDD,2015,52,0,0,0,1,0,0,0,0,1,0,0,0,0,0,1,0,0,0,0,0,0,0,0,1,0
8FF88B2F-BB6D-4C92-B1D9-BA99EC5ECA3C,2013,56,0,0,0,0,0,1,0,0,0,1,0,0,0,1,0,0,0,0,0,0,0,0,0,1,0
8FFFE252-DD8B-4E66-B3FB-961F1658705E,2013,62,0,0,0,0,1,0,0,0,0,1,0,0,1,0,0,0,0,0,0,0,0,0,0,1,0
d746c780-d6da-11f0-901b-c962ba1dfe3a,2025,51,1,1,0,0,0,0,0,1,1,0,0,0,0,0,0,0,1,0,0,0,0,0,0,1,0
901ED6A6-5952-442B-BBF9-0FDF82B5DEC6,2012,00,0,1,0,0,0,0,0,0,1,0,0,0,0,0,0,1,0,0,0,0,0,0,0,1,0
5219A96B-7F6F-448E-9CCF-C8881EF4DDEA,2016,51,0,0,0,0,0,1,0,0,0,1,0,0,0,1,0,0,0,0,0,0,0,0,0,1,0
90276F9C-EC9B-4859-9A4C-B9C315C2A7A1,2016,51,0,0,0,0,0,1,0,0,1,1,0,0,0,1,0,0,0,0,0,0,0,0,0,1,0
903FC1C4-4ACC-407E-B1D6-CE082D9005E3,2012,52,0,0,0,0,0,1,0,0,0,0,1,0,0,1,0,0,0,0,0,0,0,1,0,0,0
E819958C-BA5E-425F-B287-ED552150A6E8,2014,62,0,0,0,0,0,1,0,0,1,1,0,0,0,0,0,0,0,0,0,1,0,1,0,0,0
90697722-7D5E-4D84-8F98-5C83B4F6E225,2013,44,0,0,0,0,0,0,0,1,1,0,0,0,0,0,0,0,0,0,0,1,0,0,0,1,0
F2114A85-6694-4FBB-8313-43D84DBB7AC7,2023,62,1,1,0,0,0,0,0,0,1,0,0,0,0,0,0,0,1,0,0,0,0,0,0,1,1
906C78C4-AA29-415C-B3DB-4780E33B0BED,2014,44,0,0,0,1,0,0,0,0,1,0,0,0,0,0,1,0,0,0,0,0,0,1,0,0,0
906D82E5-BCD1-4A5C-890C-69F26541C366,2011,92,0,0,0,0,1,0,0,0,0,1,0,0,1,0,0,0,0,0,0,0,0,0,0,1,0
90778723-9EEB-42D3-A3C1-1E45360B926C,2013,51,0,1,0,0,0,0,0,0,1,0,0,0,0,0,0,0,1,0,0,0,1,0,0,0,0
fe5f4f30-9972-11e7-b039-d34ad5cfc38b,2017,00,0,1,0,0,0,0,0,0,1,0,0,0,0,0,0,1,0,0,0,0,0,1,0,0,0
907CD7AF-31D2-4609-87B2-3A8E0A90CE34,2013,51,0,1,0,0,0,0,0,0,1,0,0,0,0,0,0,1,0,0,0,0,0,0,0,1,0
42251066-B7A2-40E1-BD57-2A64F3507C1F,2023,61,1,1,0,0,0,0,0,0,1,0,0,0,0,0,0,0,1,0,0,0,0,0,0,1,1
912BFC6C-4D2C-4A24-9F44-A093A81FF5D6,2016,54,0,1,0,0,0,0,0,0,1,0,0,0,0,0,0,0,0,0,0,1,0,0,0,1,0
90A4C498-04F3-4415-AB6B-D5ECAB12DE6C,2013,62,0,0,0,0,1,0,0,0,0,1,0,0,1,0,0,0,0,0,0,0,0,0,0,1,0
060724d0-b420-11f0-83f6-c95449796b4b,2025,00,0,0,0,0,1,0,0,0,0,1,0,0,1,0,0,0,0,0,0,0,0,0,0,1,0
90B1613A-356F-4719-977D-5E337F043367,2014,62,0,0,0,0,1,0,0,0,0,1,0,0,1,0,0,0,0,0,0,0,0,0,0,1,0
90B2557D-335C-414B-B490-3226FB070552,2012,00,0,0,0,0,0,1,0,0,0,1,0,0,0,1,0,0,0,0,0,0,0,0,0,1,0
90BAF7ED-0379-4976-A80B-084A19E18D3D,2013,54,0,1,0,0,0,0,0,0,1,0,0,0,0,0,0,0,0,0,0,1,0,0,0,1,0
90D22FAC-5CC9-4CDD-AAEF-1C9D4200640D,2013,72,0,0,0,0,1,0,0,0,0,1,0,0,1,0,0,0,0,0,0,0,1,0,0,0,0
90D69409-04EA-464D-8B87-1F98B62DF484,2015,92,0,1,0,0,0,0,0,0,1,0,0,0,0,0,0,1,0,0,0,0,1,0,0,0,0
90E93334-D9CD-4F3E-8293-F2D37F165FC2,2012,81,0,0,0,0,0,0,0,1,0,0,0,1,0,0,0,0,0,0,0,1,0,1,0,0,0
90ECF562-4958-4A55-907F-F046A371AA1A,2014,51,0,1,0,0,0,0,0,0,1,0,0,0,0,0,0,1,0,0,0,0,0,0,0,1,0
4b178050-f0e1-11e9-84f3-1937a4e658d4,2019,72,0,0,0,0,1,0,0,0,0,1,0,0,1,0,0,0,0,0,0,0,0,0,0,1,0
90FAA09A-AB57-4ED0-98AB-1CF135933175,2013,51,0,1,0,0,0,0,0,0,1,0,0,0,0,0,0,1,0,0,0,0,0,1,0,0,0
ADA9CE28-42D7-4AA3-90AA-8AECA9AF66A1,2015,62,0,0,0,0,0,1,0,0,0,1,0,0,0,1,0,0,0,0,0,0,0,0,0,1,0
90FC13E4-2DCF-4451-B00A-17E90A5E5F2C,2015,92,0,0,0,0,1,0,0,0,0,1,0,0,1,0,0,0,0,0,0,0,1,0,0,0,0
49cd1eb0-034f-11e9-aee0-f7420d4f3238,2018,92,0,0,0,1,0,0,0,0,1,0,0,0,0,0,1,0,0,0,0,0,0,0,0,1,0
9110B059-918D-4DCA-9626-3DBC147D3654,2014,00,1,0,1,0,0,0,0,0,1,0,0,0,0,0,0,0,1,0,0,0,1,0,0,0,0
9113E578-41DF-4EE5-9EF7-9CC099B7EF9F,2010,92,0,0,0,0,0,1,0,0,0,1,0,0,0,0,0,0,0,0,0,1,0,0,0,1,0
bbdfe280-20db-11ea-8baf-97ebc0c111f5,2018,44,0,1,0,0,1,0,0,0,0,0,1,0,1,0,0,1,0,0,0,0,1,0,0,0,0
912342D5-3365-4482-98D8-114CF3A144CA,2014,61,0,0,0,0,0,1,0,0,0,1,0,0,0,1,0,0,0,0,0,0,0,0,0,1,0
912ADCC5-3F95-4FF2-9E20-9929D8EE4C8E,2012,52,0,0,0,0,0,0,0,1,0,0,0,1,0,0,0,0,0,0,0,1,0,1,0,0,0
912F8192-1CE6-4C79-8D67-A97B2B4894CD,2012,92,0,0,0,1,0,0,0,0,1,0,0,0,0,0,1,0,0,0,0,0,0,0,0,1,0
91324BCD-F525-4445-A5B0-216CDF69811F,2012,42,0,1,0,0,0,0,0,0,1,0,0,0,0,0,0,1,0,0,0,0,0,0,0,1,0
9139DE07-A8EE-4FF1-A1D7-AB561112F3F1,2012,09,0,1,0,0,0,0,0,0,1,0,0,0,0,0,0,0,1,0,0,0,0,0,0,1,0
913B30B6-F12A-44BC-8143-4DEA3FFF1BAD,2013,62,0,0,0,0,0,1,0,0,0,1,0,0,0,0,1,0,0,0,0,0,0,1,0,0,0
913E3962-6CEB-4E07-BDC0-F0D03E14A401,2014,56,0,0,1,0,1,0,0,0,1,1,0,0,1,0,0,0,0,0,0,0,0,0,0,1,0
dd80c1e0-7efe-11ee-a021-bbe4713468e2,2023,00,0,0,0,0,0,1,0,0,0,1,0,0,0,1,0,0,0,0,0,0,0,0,1,0,0
cc7deb10-359b-11ec-9ec7-15e66f657ea5,2019,51,0,0,0,0,1,0,0,0,0,1,0,0,1,0,0,0,0,0,0,0,0,0,0,1,0
6C7351F6-4E0E-4962-A216-3525BD939C5F,2015,52,0,0,0,0,0,1,0,0,0,1,0,0,0,1,0,0,0,0,0,0,0,0,0,1,0
FE5AEE7F-BF83-4DEA-B16B-7321634BA651,2023,61,1,1,0,0,0,0,0,0,1,0,0,0,0,0,0,0,1,0,0,0,0,0,0,1,1
82F194C2-FF65-4E2A-9232-F266A48004AA,2016,00,0,0,0,0,0,1,0,0,0,1,0,0,0,1,0,0,0,0,0,0,0,0,0,1,0
9151967F-6A4A-4B97-8F31-44D08867D08B,2011,92,0,0,0,0,0,1,0,0,0,1,0,0,0,1,0,0,0,0,0,0,0,0,0,1,0
915622F7-7383-4154-9819-61BF9302A674,2010,92,0,0,0,0,0,1,0,0,0,1,0,0,0,1,0,0,0,0,0,0,0,0,1,0,0
9159572E-339C-44A2-ADBD-AAB03315B087,2014,62,0,1,0,0,0,0,0,0,1,0,0,0,0,0,0,1,0,0,0,0,0,0,0,1,0
baf60230-ba64-11e7-92c6-3b362a3baf5b,2017,44,0,0,0,1,0,0,0,0,1,0,0,0,0,0,0,0,0,0,0,1,0,1,0,0,0
915FF4DA-B461-4FD6-8847-CEF74A5B9944,2013,61,0,0,0,0,0,1,0,0,0,1,0,0,0,1,0,0,0,0,0,0,0,0,0,1,0
91602D39-0E58-447F-A098-B619B340B628,2010,62,0,0,0,1,0,0,0,0,1,0,0,0,0,0,1,0,0,0,0,0,0,1,0,0,0
9167F761-16C2-4F5E-B1D4-E3BC43FFF8A5,2014,52,0,0,0,0,0,1,0,0,0,1,0,0,0,1,0,0,0,0,0,0,0,0,0,1,0
9169382D-5278-474D-A478-CE584542FE03,2013,51,0,1,0,0,0,0,0,0,1,0,0,0,0,0,0,0,0,0,0,1,1,0,0,0,0
9179667F-D62C-4D68-9031-5F955AC48122,2014,62,0,0,0,0,1,0,0,0,0,1,0,0,1,0,0,0,0,0,0,0,0,1,0,0,0
917C6FF1-2E50-44F0-A406-0F28F615978A,2014,62,0,0,0,0,1,0,0,0,0,1,0,0,1,0,0,0,0,0,0,0,0,0,0,1,0
28369a20-04b9-11eb-ab9e-fb89bdbaf0c7,2020,62,0,0,0,0,1,0,0,0,0,1,0,0,1,0,0,0,0,0,0,0,0,0,0,1,0
6608ff20-c5a9-11e7-8053-ff1e84d2b694,2017,00,0,0,0,1,0,0,0,0,1,0,0,0,0,0,1,0,0,0,0,0,0,0,0,1,0
91833B6F-7D16-4E7C-B070-B081E5FC24B8,2011,56,0,1,0,0,0,0,0,0,1,0,0,0,0,0,0,0,0,0,0,1,0,0,0,1,0
918D553D-CBBE-4218-8B2E-748B2D6A9E9A,2009,52,0,0,0,0,1,0,0,0,0,1,0,0,1,0,0,0,0,0,0,0,0,0,0,1,0
918ECE5F-C96F-48A7-9887-E38EF083490D,2014,52,0,0,0,0,0,1,0,0,0,1,0,0,0,1,0,0,0,0,0,0,0,0,0,1,0
9193C770-D9FC-464E-AFE1-E58AB7CBA362,2015,52,0,0,0,1,0,0,0,0,1,0,0,0,0,0,1,0,0,0,0,0,0,1,0,0,0
9199B47D-D03A-4C79-8087-93390973A83A,2011,92,0,0,0,0,1,0,0,0,0,1,0,0,1,0,0,0,0,0,0,0,0,0,0,1,0
919A04ED-18C7-42A8-B719-B4FC790C3101,2010,92,0,0,0,0,0,1,0,0,0,1,0,0,0,1,0,0,0,0,0,0,0,0,1,0,0
95C67923-1A40-4EC8-9F85-9E3218AD4738,2016,62,0,0,0,1,0,1,0,0,0,1,0,0,0,1,1,0,0,0,0,0,0,1,0,0,0
91A96A06-599D-4F10-8A43-909D1EC7D0F0,2015,00,0,1,0,0,0,0,0,0,1,0,0,0,0,0,0,0,1,0,1,0,1,0,0,0,0
8C14CD10-5DBF-40F9-9240-58F408598B1A,2015,62,0,0,0,0,1,0,0,0,0,1,0,0,1,0,0,0,0,0,0,0,1,0,0,0,0
DA762C64-E7E2-4F31-A477-5ED4BAEB0705,2015,62,0,0,0,0,0,1,0,0,0,1,0,0,0,1,0,0,0,0,0,0,0,1,0,0,0
91D3CD93-F168-4237-A00D-B8CE202421C9,2005,52,0,0,0,0,0,1,0,0,0,0,1,0,0,0,1,0,0,0,0,0,0,0,0,1,0
91D42FCD-5A43-478D-8322-290FCD09A842,2013,00,1,1,1,0,0,0,0,0,1,0,0,0,0,0,0,0,0,1,0,0,0,0,0,1,0
B843EC0D-BF51-44AF-A75F-D4C3152DADE3,2015,62,0,0,0,0,0,1,0,0,0,1,0,0,0,1,0,0,0,0,0,0,0,0,0,1,0
cc138e90-2595-11ea-b8c8-4fa7e4328c98,2019,62,0,1,1,0,0,0,0,0,1,0,0,0,0,0,0,0,0,1,0,0,0,0,0,1,0
91E091EC-BED2-4CF5-8B52-C52FC04FB8BC,2013,92,0,0,0,0,0,1,0,0,0,1,0,0,0,1,0,0,0,0,0,0,0,0,0,1,0
91E28C4B-6CA0-4792-997A-229ACA087322,2013,62,0,0,0,0,0,1,0,0,0,1,0,0,0,1,0,0,0,0,0,0,0,0,0,1,0
91E6A812-746C-4BCA-B4C0-F8588A2B0928,2012,62,0,0,0,1,0,0,0,0,1,0,0,0,0,0,1,0,0,0,0,0,0,1,0,0,0
91F06515-41DA-4891-99C1-F5EC463535CC,2010,92,0,0,0,0,0,1,0,0,0,1,0,0,0,1,0,0,0,0,0,0,0,0,1,0,0
91F5021B-F61D-4084-82C7-18722B836880,2013,92,0,1,0,0,0,0,0,0,1,0,0,0,0,0,0,1,0,0,0,0,1,0,0,0,0
92053914-ECF9-4AF9-ABC7-01DCF4096379,2012,62,0,0,1,0,1,0,0,0,1,1,0,0,1,0,0,0,0,0,0,0,0,0,0,1,0
6c92d460-019c-11eb-b177-5f49668a9776,2020,93,0,0,0,0,0,1,0,0,0,1,0,0,0,1,0,0,0,0,0,0,0,0,0,1,0
9215CDCE-EC81-4757-A7DF-37B07F8586DC,2013,44,0,0,0,1,0,0,0,0,1,0,0,0,0,0,1,0,0,0,0,0,0,0,0,1,0
56aca960-3598-11ec-9ec7-15e66f657ea5,2012,51,0,1,0,0,0,0,0,0,1,0,0,0,0,0,0,1,0,0,0,0,0,0,0,1,0
1551dfc0-8a89-11e8-ba1e-e3857583ba43,2018,92,0,1,0,0,0,0,0,0,1,0,0,0,0,0,0,0,1,0,0,0,0,0,0,1,0
922048A2-6F8C-451E-8478-9A13BE601437,2014,92,0,0,0,0,0,1,0,0,0,1,0,0,0,1,0,0,0,0,0,0,0,0,0,1,0
9220F9D8-F081-4F1D-8121-128A8E462EE5,2010,92,0,0,0,0,0,1,0,0,0,1,0,0,0,1,0,0,0,0,0,0,0,0,0,1,0
823D144C-89F1-4164-9F3E-8DA9957FFA2E,2016,22,1,0,0,0,0,0,0,0,1,0,0,0,0,0,0,0,1,0,0,0,1,0,0,0,0
770b3e20-f91f-11eb-98bb-95028a4c8b05,2021,61,1,0,0,0,0,0,0,0,1,0,0,0,0,0,0,0,1,0,0,0,0,0,0,1,0
FCF697F0-8989-476A-A6A3-6EAD6998AED1,2008,62,0,0,0,0,0,1,0,0,0,1,0,0,0,1,0,0,0,0,0,0,0,0,0,1,0
923FF789-2811-4D97-AA48-6CAB9572F6AC,2013,92,0,1,0,0,0,0,0,0,1,0,0,0,0,0,0,1,0,0,0,0,1,0,0,0,0
d0a83240-1362-11ed-af60-614e3bf0813a,2019,04,1,0,0,0,0,0,0,0,1,0,0,0,0,0,0,0,1,0,0,0,0,0,0,1,0
D76A375E-6B3A-441F-95FC-5254EFD987E0,2015,62,0,1,0,1,1,0,0,0,0,1,0,0,1,0,0,0,0,0,0,0,0,0,0,1,0
23DEE9D8-E09B-4344-ABE9-5C81EBEDC8B3,2023,54,1,1,0,0,0,0,0,0,1,0,0,0,0,0,0,0,1,0,0,0,0,0,0,1,1
32f05ce0-d0a3-11e8-8d86-ff6837032f4a,2018,52,0,0,0,1,0,0,0,0,1,0,0,0,0,0,1,0,0,0,0,0,0,0,0,1,0
92536270-C6A6-406D-9716-E1680B58EC2F,2013,72,0,1,0,0,0,0,0,0,1,0,0,0,0,0,0,0,0,0,0,1,0,0,0,1,0
925923DA-BD98-48FA-89A4-6F2845E2209B,2011,92,0,0,0,0,0,1,0,0,0,1,0,0,0,1,0,0,0,0,0,0,0,0,0,1,0
925AF669-7910-4E5A-A2FA-17B445E34804,2013,00,0,0,0,0,0,1,0,0,0,1,0,0,0,1,0,0,0,0,0,0,0,0,0,1,0
57FD17FB-958D-4855-AA11-A1D9B7957E4D,2015,92,0,0,0,0,1,0,0,0,0,1,0,0,1,0,0,0,0,0,0,0,0,0,0,1,0
926CBE10-A8AA-439D-8ECF-A5745E2E83D7,2013,05,0,0,0,0,0,1,0,0,0,1,0,0,0,1,0,0,0,0,0,0,0,1,0,0,0
a81eabb0-7752-11ee-9d43-2d79ebdeb354,2023,51,0,1,0,0,0,0,0,0,1,0,0,0,0,0,0,0,0,0,1,0,1,0,0,0,1
927A02AA-0F6F-4CC9-8DAF-D38D2414A104,2015,51,0,1,0,0,0,0,0,0,1,0,0,0,0,0,0,0,0,0,1,0,1,0,0,0,0
927CDE03-7EC4-4B45-A767-F74AE6168600,2013,00,0,1,0,0,0,0,0,0,1,0,0,0,0,0,0,1,0,0,0,0,0,0,0,1,0
9281EA6E-9A68-4074-8F31-9FE98076972E,2013,00,0,1,0,0,0,0,0,0,1,0,0,0,0,0,0,0,0,0,1,0,1,0,0,0,0
b38be3f0-cd2e-11e9-a052-6392f3b8c0e8,2019,33,0,1,0,0,0,0,0,0,1,0,0,0,0,0,0,1,0,0,0,0,0,0,0,1,0
62D5BF28-50D8-4FBF-A181-03C14B78B93C,2023,61,1,1,0,0,0,0,0,0,1,0,0,0,0,0,0,0,1,0,0,0,0,0,0,1,1
92897533-7697-400B-B40C-52FD990C995A,2011,52,0,0,0,0,1,0,0,0,0,1,0,0,1,0,0,0,0,0,0,0,0,0,0,1,0
82B3AACE-704E-4C86-8001-19FB985C4E6A,2025,51,0,1,0,0,0,0,0,0,1,0,0,0,0,0,0,1,0,0,0,0,0,0,0,1,0
9292CD03-D61A-4E92-9674-8D579BA9847D,2011,81,0,0,0,0,1,0,0,0,0,1,0,0,1,0,0,0,0,0,0,0,0,0,0,1,0
9299353B-C83B-45B3-AF72-472F381EF5F7,2015,52,0,0,0,0,1,0,0,0,0,0,1,0,1,0,0,0,0,0,0,0,0,0,0,1,0
54DCF96F-2ADD-43BB-B098-D4E328C1E779,2023,61,1,1,0,0,0,0,0,0,1,0,0,0,0,0,0,0,1,0,0,0,0,0,0,1,1
92A4BFDF-3BA8-48EE-B67C-B6838F792F9E,2008,52,0,0,0,0,1,0,0,0,0,1,0,0,1,0,0,0,0,0,0,0,0,0,0,1,0
ebb53ce0-f6bc-11eb-9352-c36534d585e1,2020,62,0,0,0,0,1,0,0,0,0,1,0,0,1,0,0,0,0,0,0,0,0,0,0,1,0
92B76FCA-F438-4AF4-BC51-4826CBE36437,2013,21,0,0,0,0,0,1,0,0,1,0,0,0,0,1,0,0,0,0,0,0,1,0,0,0,0
62574c70-ba5e-11e7-92c6-3b362a3baf5b,2017,51,0,1,0,0,0,0,0,0,1,0,0,0,0,0,0,1,0,0,0,0,0,0,0,1,0
C0C7C76D-30BD-3DCA-EFC9-6F40275BDC0A,2025,44,0,1,0,0,0,0,0,0,1,0,0,0,0,0,0,1,0,0,0,0,0,0,0,1,0
92C10AF3-00B2-48D9-AB60-09561BBCAEE4,2011,56,0,0,0,1,0,0,0,0,1,0,0,0,0,0,1,0,0,0,0,0,0,1,0,0,0
92C44E91-085F-40B8-9B63-50367FE4C0BD,2014,52,1,0,0,0,0,0,0,0,1,0,0,0,0,0,0,0,1,0,0,0,0,0,0,1,0
92C68DDD-E6B5-4B0E-B66C-B374662D922B,2013,62,0,1,0,0,0,0,0,0,1,0,0,0,0,0,0,0,0,0,0,1,0,0,0,1,0
5F9B8CFE-AD39-454C-8ABB-DB93C26E9CFB,2023,61,1,1,0,0,0,0,0,0,1,0,0,0,0,0,0,0,1,0,0,0,0,0,0,1,1
92D8E6F8-0B8C-40C4-A4F3-732E61AE5072,2011,62,0,0,0,1,0,0,0,0,1,0,0,0,0,0,1,0,0,0,0,0,0,0,0,1,0
92DD9A11-CA42-4EA1-A974-8C378BC3CEC5,2013,00,0,0,0,0,1,0,0,0,0,1,0,0,1,0,0,0,0,0,0,0,0,0,0,1,0
0F5C753D-FDE2-472D-B3D2-73022E6F50D5,2016,51,0,1,0,0,0,0,0,0,1,0,0,0,0,0,0,1,0,0,0,0,0,1,0,0,0
129608d0-e43d-11e7-8742-2bc46bd10713,2016,52,0,0,0,0,0,1,0,0,0,0,1,0,0,1,0,0,0,0,0,0,0,0,0,1,0
cd3ffca0-d960-11e7-a452-77d2890a67ae,2017,62,0,0,0,0,1,0,0,0,0,1,0,0,1,0,0,0,0,0,0,0,0,0,0,1,0
920FC55F-41F9-45F9-B02C-96AF71C17545,2016,72,0,1,0,0,0,0,0,0,1,0,0,0,0,0,0,0,1,0,0,0,0,0,0,1,0
92F3793E-C5E9-4A8A-8477-9A2C329DECE3,2015,23,0,0,0,0,1,0,0,0,1,1,0,0,1,0,0,0,0,0,0,0,0,0,0,1,0
9b712d90-8ddc-11ec-bb25-234a6ad089e5,2021,62,1,1,0,0,0,0,0,0,1,0,0,0,0,0,0,0,1,0,0,0,0,0,0,1,0
658DDF21-374D-4F7E-8512-9CF487E48EA4,2015,92,0,0,0,0,0,1,0,0,0,1,0,0,0,1,0,0,0,0,0,0,0,0,0,1,0
930A66AB-DE5F-42D1-9FE4-3513D150E0E6,2012,33,0,0,0,0,0,1,0,0,0,1,0,0,0,1,0,0,0,0,0,0,0,1,0,0,0
93222308-4EAA-4FEA-96BE-6F7064FB0952,2011,92,0,0,0,0,0,1,0,0,0,1,0,0,0,1,0,0,0,0,0,0,0,0,0,1,0
90CD46EA-283C-402B-9130-E7F4CCA2E39F,2023,61,1,1,0,0,0,0,0,0,1,0,0,0,0,0,0,0,1,0,0,0,0,0,0,1,1
93355071-8E52-49F8-9276-92AE669F0FED,2014,62,0,0,0,0,0,1,0,0,0,1,0,0,0,1,0,0,0,0,0,0,0,0,0,1,0
5ae8bdb0-1fa5-11ec-aba2-27b717aed560,2020,00,0,1,1,0,0,0,0,0,1,0,0,0,0,0,0,0,0,1,0,0,0,0,0,1,0
93360379-98CA-4DF0-94A2-DD72B3190F5E,2011,92,0,0,0,0,0,1,0,0,0,1,0,0,0,1,0,0,0,0,0,0,0,0,0,1,0
9346CFB0-6359-4F6B-955D-E7D504E40561,2012,92,0,0,0,0,1,0,0,0,0,1,0,0,1,0,0,0,0,0,0,0,0,0,0,1,0
9EC0C032-046D-4B83-BE4C-A251903D7450,2015,92,0,0,0,0,0,1,0,0,0,1,0,0,0,1,0,0,0,0,0,0,0,0,0,1,0
936DACD7-A781-4EAC-AEB6-7C3A6A82586D,2011,61,0,0,0,1,0,0,0,0,1,0,0,0,0,0,1,0,0,0,0,0,0,0,0,1,0
9375288E-2A51-44F7-96B1-973404E6F2EE,2011,62,1,1,0,0,0,0,0,0,1,0,0,0,0,0,0,0,1,0,0,0,0,1,0,0,0
3C59DC04-8E88-5024-3BE8-079A5C74D079,2025,54,0,1,0,0,0,0,0,0,1,0,0,0,0,0,0,1,0,0,0,0,0,0,0,1,0
93821196-0425-4DF8-81F4-DF2772276E50,2012,61,0,0,0,0,0,1,0,0,0,1,0,0,0,1,0,0,0,0,0,0,0,0,0,1,0
9382FA66-B788-46AB-9E7F-666069DC9DAE,2013,61,0,1,0,0,0,0,0,0,1,0,0,0,0,0,0,1,0,0,0,0,1,0,0,0,0
93850817-A5C3-42EA-BE44-4DCCD70EDE08,2013,62,0,0,0,0,1,0,0,0,0,1,0,0,1,0,0,0,0,0,0,0,0,0,0,1,0
992d1e40-0233-11ea-ad43-7952870528d4,2019,52,0,1,1,0,0,0,0,0,1,0,0,0,0,0,0,0,0,1,0,0,0,0,0,1,0
938CB631-16DC-4C8A-948A-D3B08F21A8EF,2012,61,0,1,0,0,0,0,0,0,1,0,0,0,0,0,0,0,0,0,0,1,0,0,0,1,0
939884E8-0427-4B9B-A8C7-E73F75F85F4D,2014,62,0,0,0,1,0,0,0,0,1,0,0,0,0,0,1,0,0,0,0,0,0,1,0,0,0
93989E0F-CF3D-4549-9EBC-7E44DA503905,2013,00,1,1,1,0,0,0,0,0,1,0,0,0,0,0,0,0,0,1,0,0,0,0,0,1,0
939A51CF-A852-4C18-B624-A96BCFA926EC,2015,51,0,1,0,0,0,0,0,0,1,0,0,0,0,0,0,1,0,0,0,0,1,0,0,0,0
939E10DE-6CC3-48D8-8887-7A63FCD28038,2015,62,0,0,0,0,0,1,0,0,0,1,0,0,0,1,0,0,0,0,0,0,0,0,0,1,0
93A0070E-529F-46F1-B2C2-2AB089D10FD5,2012,92,0,0,0,0,0,1,0,0,0,1,0,0,0,0,1,0,0,0,0,0,0,0,0,1,0
ef3c9a20-d533-11f0-8f89-6d14fba40689,2025,00,0,0,0,0,0,1,0,0,0,1,0,0,0,1,0,0,0,0,0,0,0,0,0,1,0
93AE4CEC-F997-4053-AF3E-823EB1043885,2011,92,0,0,0,0,1,0,0,0,0,1,0,0,1,0,0,0,0,0,0,0,0,0,0,1,0
93B57DA4-ED9B-4890-87B7-38FA41535B77,2012,62,0,0,0,1,0,1,0,0,1,1,0,0,0,0,1,0,0,0,0,0,0,1,0,0,0
02811E58-2E80-4DBB-B43B-8F4F077C2EFB,2016,61,0,1,0,0,0,0,0,0,1,0,0,0,0,0,0,1,0,0,0,0,0,1,0,0,0
93BA2A29-8D3E-4EDC-8190-9AF60193C14B,2012,62,0,1,0,0,0,0,0,0,1,0,0,0,0,0,0,0,1,0,0,0,1,0,0,0,0
93BB7DF5-CBDB-447D-8C04-C80184707FA4,2013,00,0,0,0,0,0,1,0,0,0,0,1,0,0,1,0,0,0,0,0,0,0,0,0,1,0
93BD00AF-33F0-40F1-A58E-AD81C8C3250D,2012,62,0,0,0,1,0,0,0,0,1,0,0,0,0,0,1,0,0,0,0,0,0,1,0,0,0
93C959C3-32F2-42FF-A974-23C64ABDA7AF,2015,00,0,1,0,0,0,0,0,0,1,0,0,0,0,0,0,1,0,0,0,0,0,0,0,1,0
93CF18ED-B5A5-481F-A940-F6C3E81399FF,2014,92,0,0,0,0,0,1,0,0,0,1,0,0,0,1,0,0,0,0,0,0,0,0,0,1,0
DF1DA041-8D6E-465E-8DBA-6238C4FB9EDB,2023,61,1,1,0,0,0,0,0,0,1,0,0,0,0,0,0,0,1,0,0,0,0,0,0,1,1
06e4f000-74bd-11eb-a956-8766d2dd0181,2020,45,0,1,0,0,0,0,0,0,1,0,0,0,0,0,0,1,0,0,0,0,0,0,0,1,0
93DCF3FA-7EB8-443B-B5C3-61E17DAD4ABD,2012,92,1,1,1,0,0,0,0,0,1,0,0,0,0,0,0,0,0,1,0,0,0,0,0,1,0
93F26708-4C2A-4A77-9F94-166CF255C3BA,2014,00,0,1,0,0,0,0,0,0,1,0,0,0,0,0,0,1,0,0,0,0,0,0,0,1,0
93F33578-5F3E-4255-AD6B-73912A227DE8,2013,31,0,1,0,0,0,0,0,0,1,0,0,0,0,0,0,1,0,0,0,0,1,0,0,0,0
93F581E8-34F4-4905-9C67-879C0EB55691,2012,49,0,0,0,0,1,0,0,0,0,1,0,0,1,0,0,0,0,0,0,0,0,0,0,1,0
93FEDA62-9B82-4122-8CB4-5A60E059EB36,2008,62,0,0,0,0,0,1,0,0,0,1,0,0,0,0,1,0,0,0,0,0,0,1,0,0,0
93FF0545-013A-4CAC-B279-8D81DC0E9ACE,2013,92,0,1,0,0,0,0,0,0,1,0,0,0,0,0,0,1,0,0,0,0,1,0,0,0,0
9406B09B-9E83-45CB-B05A-4E1156E17CA7,2011,92,0,0,0,0,0,1,0,0,0,1,0,0,0,0,1,0,0,0,0,0,0,0,0,1,0
940871CB-1E79-4B18-BEE6-676D1473840E,2013,56,0,1,0,0,0,0,0,0,1,0,0,0,0,0,0,1,0,0,0,0,0,0,0,1,0
9412E56E-A7D5-4F91-B679-8CCA29AF9379,2013,44,1,0,0,0,0,0,0,0,1,0,0,0,0,0,0,0,1,0,0,0,0,0,0,1,0
EB66053D-49CA-47A9-B801-EE2CAC68D6CB,2016,52,1,1,0,0,0,0,0,0,1,0,0,0,0,0,0,0,1,0,0,0,1,0,0,0,0
2e1e0be0-f6c6-11ea-b7b2-2361ceadc5c7,2020,52,0,0,0,0,0,1,0,0,0,1,0,0,0,1,0,0,0,0,0,0,0,0,0,1,0
94176B55-3AFA-4A43-BE47-5C8BDD4BB24D,2011,92,0,0,0,1,0,0,0,0,1,0,0,0,0,0,1,0,0,0,0,0,0,0,1,0,0
941C5306-71F3-4D4A-B7E7-A5B87263108D,2009,72,0,0,0,1,0,0,0,0,0,1,0,0,0,0,0,0,0,0,0,1,0,0,0,1,0
8634d160-da97-11ef-94f8-638529e3ff3b,2024,03,1,1,0,0,0,0,0,0,1,0,0,0,0,0,0,0,1,0,0,0,0,0,0,1,0
edb07290-9728-11e8-8342-0f8f10fcd812,2018,54,0,0,0,1,1,0,0,0,0,1,0,0,0,0,1,0,0,0,0,0,0,0,0,1,0
DD46F6F4-806C-4214-B426-0829CC0F1DAC,2012,62,0,0,0,0,1,0,0,0,0,1,0,0,1,0,0,0,0,0,0,0,0,0,0,1,0
942E1B8C-3B61-4109-B188-FE17D9F966AF,2013,56,0,0,0,0,0,0,0,1,1,0,0,0,0,0,0,0,0,0,0,1,0,0,0,1,0
943B7178-9FCC-4544-9725-5D371C8993F1,2012,92,0,0,0,0,1,0,0,0,0,1,0,0,1,0,0,0,0,0,0,0,0,0,0,1,0
D1F76FE2-469B-44A3-BF64-0F5F09B6A32F,2016,92,0,0,0,0,0,1,0,0,0,1,0,0,0,1,0,0,0,0,0,0,0,0,0,1,0
C7E62A3C-E559-4360-94D9-6BD1BF781AF4,2014,33,0,0,0,0,1,0,0,0,0,1,0,0,1,0,0,0,0,0,0,0,0,0,0,1,0
9455B13D-33E0-46C2-9949-049AAFFA1983,2013,92,0,0,0,0,0,1,0,0,0,1,0,0,0,1,0,0,0,0,0,0,0,0,0,1,0
8B2D97EE-5783-47C6-8428-273C2D6B0A18,2016,52,0,0,0,1,0,0,0,0,1,0,0,0,0,0,0,0,0,0,0,1,0,0,1,0,0
D48AFF40-297F-4B9C-B9C8-831751ABAB47,2023,61,1,1,0,0,0,0,0,0,1,0,0,0,0,0,0,0,1,0,0,0,0,0,0,1,1
CE8618C4-C5C1-40CC-A7DB-F1A030E8612C,2023,61,1,1,0,0,0,0,0,0,1,0,0,0,0,0,0,0,1,0,0,0,0,0,0,1,1
946EAECE-DAC9-4318-BEE7-D8FF85FCA01F,2010,54,0,0,0,0,0,1,0,0,0,1,0,0,0,1,0,0,0,0,0,0,0,0,0,1,0
94733B5A-B002-43E7-885B-5C2913582D22,2026,51,0,1,0,0,0,0,0,0,1,0,0,0,0,0,0,0,0,0,0,1,0,0,0,1,0
A6A92668-0EFC-4BB6-91D7-D796C58CA110,2016,51,0,1,0,0,1,0,0,0,1,0,0,0,0,0,0,1,0,0,0,0,0,0,0,1,0
02b0e7f0-85f5-11e8-ae9b-a1b647b0d464,2018,72,1,1,0,0,0,0,0,0,1,0,0,0,0,0,0,0,1,0,0,0,1,0,0,0,0
94826261-20BD-4BDD-A5A2-31FDB56202EC,2011,54,0,0,0,0,1,0,0,0,0,1,0,0,1,0,0,0,0,0,0,0,0,0,0,1,0
9484186D-D953-44A4-ABE8-838E114CECD5,2009,62,0,0,0,0,0,1,0,0,0,1,0,0,0,1,0,0,0,0,0,0,0,0,0,1,0
A8946096-C011-4444-BF89-CF9A6502C6AF,2016,23,0,0,0,0,1,0,0,0,0,1,0,0,1,0,0,0,0,0,0,0,1,0,0,0,0
FCAA8777-1ED5-4197-AA79-9F379ADEB56D,2015,92,0,0,0,0,0,1,0,0,0,1,0,0,0,1,0,0,0,0,0,0,0,0,0,1,0
94973642-EC14-4137-AFED-A62C76323E91,2014,71,0,0,0,0,0,1,0,0,1,0,0,0,0,1,0,0,0,0,0,0,0,0,0,1,0
D41106AC-4AAA-44C1-AB9D-6DF9219B3D39,2023,61,1,1,0,0,0,0,0,0,1,0,0,0,0,0,0,0,1,0,0,0,0,0,0,1,1
94A5CE30-9098-420E-B72D-015630BBB5BA,2023,00,1,1,0,0,0,0,0,0,1,0,0,0,0,0,0,0,1,0,0,0,0,0,0,1,1
07f9d970-53a4-11ed-9bc2-d5a5778fd37b,2021,52,0,1,0,0,0,0,0,0,1,0,0,0,0,0,0,0,1,0,0,0,0,0,0,1,0
94A87D26-5677-40C0-8FC1-C172F1268658,2015,52,0,0,0,1,0,0,0,0,1,0,0,0,0,0,0,0,0,0,0,1,0,0,0,1,0
94ADD73A-C834-4CA6-A412-59100E88C9EA,2013,05,0,1,0,0,0,1,0,0,1,1,0,0,0,1,0,1,0,0,0,0,0,0,0,1,0
94B5585D-86AC-42E5-AE42-81B99EC8BECF,2010,92,0,0,0,0,0,1,0,0,0,1,0,0,0,0,1,0,0,0,0,0,0,0,0,1,0
94B97AA1-D77A-4304-AF99-A62C9EAA4B74,2013,52,1,1,1,0,0,0,0,0,1,0,0,0,0,0,0,0,0,1,0,0,1,0,0,0,0
ED94165B-47AC-4781-8E4F-940109DABB1C,2023,61,1,1,0,0,0,0,0,0,1,0,0,0,0,0,0,0,1,0,0,0,0,0,0,1,1
94BF4941-37F8-4CE4-B125-D29DAD2E4983,2011,09,0,0,0,0,0,1,0,0,0,1,0,0,0,1,0,0,0,0,0,0,0,0,0,1,0
ad031ac0-e212-11e7-8553-197c24c367d2,2014,62,0,0,0,0,1,0,0,0,0,1,0,0,1,0,0,0,0,0,0,0,0,0,0,1,0
94CFFBBE-0E54-4C9F-8DF7-32153DCD758F,2014,52,0,0,0,0,0,1,0,0,0,1,0,0,0,1,0,0,0,0,0,0,0,0,0,1,0
ab9cba50-b634-11e8-9fc1-ef3f92dd4725,2018,51,0,0,0,0,0,1,0,0,0,1,0,0,0,1,0,0,0,0,0,0,0,0,0,1,0
80fdb430-beb1-11e9-b2db-f769187145bf,2019,52,0,0,0,0,0,1,0,0,0,0,1,0,0,1,0,0,0,0,0,0,0,0,0,1,0
cf9eb700-c963-11e7-93c5-ff5db9c7b572,2017,33,0,0,0,1,0,0,0,0,1,0,0,0,0,0,0,0,0,0,0,1,0,1,0,0,0
1B524A9E-5E58-4691-A490-4D0C93BA769C,2023,61,1,1,0,0,0,0,0,0,1,0,0,0,0,0,0,0,1,0,0,0,0,0,0,1,1
01757980-d565-11e9-8558-6543aabf247e,2016,56,0,1,0,0,0,0,0,0,1,0,0,0,0,0,0,1,0,0,0,0,0,0,0,1,0
94E525E5-7C3D-4659-B45E-8CAA7E2F3A9C,2010,92,0,0,0,0,0,1,0,0,0,1,0,0,0,1,0,0,0,0,0,0,0,0,0,1,0
94ED35C9-1E26-4DFC-AF80-09D7D745DAB8,2012,45,0,0,0,0,1,0,0,0,0,1,0,0,1,0,0,0,0,0,0,0,0,0,0,1,0
66E909C6-0516-4357-BC70-DA8E3123B082,2016,62,1,0,1,0,0,0,0,1,1,0,0,0,0,0,0,0,0,1,0,0,0,0,0,1,0
3f653480-0b70-11e8-827c-bba53cbad290,2017,92,0,0,0,0,1,0,0,0,0,1,0,0,1,0,0,0,0,0,0,0,0,0,0,1,0
3bfddee0-abe4-11ed-b4d6-0500e8fbd88a,2022,00,0,1,1,0,0,0,0,0,1,0,0,0,0,0,0,0,0,1,0,0,0,0,0,1,0
6F638D14-8C4F-4F56-8721-EACBB1D6589A,2016,00,0,0,0,0,0,1,0,0,0,1,0,0,0,1,0,0,0,0,0,0,0,0,0,1,0
DA400031-484B-4F78-B7FC-DEB55800EC8E,2023,52,1,1,0,0,0,0,0,0,1,0,0,0,0,0,0,0,1,0,0,0,0,0,0,1,1
32790640-148c-11e9-9b0e-db2459a65ffe,2018,62,0,0,0,0,1,0,0,0,0,1,0,0,1,0,0,0,0,0,0,0,0,0,0,1,0
a777e1e0-c9eb-11e9-9a33-13e06a29212c,2019,62,1,0,0,0,0,0,0,0,1,0,0,0,0,0,0,0,1,0,0,0,0,1,0,0,0
9531E6E4-1221-4515-B638-1EB24055BA8D,2012,92,0,0,0,0,1,0,0,0,0,1,0,0,1,0,0,0,0,0,0,0,0,0,0,1,0
d5e03f70-53b6-11ed-9bc2-d5a5778fd37b,2022,00,1,0,0,0,0,0,0,1,1,0,0,0,0,0,0,0,1,0,0,0,0,1,0,0,0
BA3E762F-1EE2-43A5-A834-E4BE65546380,2016,52,0,1,0,0,0,0,0,0,1,0,0,0,0,0,0,1,0,0,0,0,0,0,0,1,0
9540F118-CDEF-4E37-B714-818B9D35889E,2011,92,0,0,0,0,1,0,0,0,0,1,0,0,1,0,0,0,0,0,0,0,0,0,0,1,0
954172D7-E1B0-4D5A-858A-B4DD6661E096,2002,56,0,0,0,0,0,0,0,1,1,0,0,0,0,0,0,0,0,0,0,1,0,0,0,1,0
954195BD-0F88-49C9-A52B-6A265CDA873A,2011,62,0,0,0,0,0,1,0,0,0,1,0,0,0,1,0,0,0,0,0,0,0,0,0,1,0
9550B690-4985-47B4-B64D-EBB60C9AD5E2,2009,61,0,0,0,0,1,0,0,0,0,1,0,0,1,0,0,0,0,0,0,0,0,0,0,1,0
955A158C-9539-4516-9E8D-E0B14B0AA6D7,2015,51,0,0,0,0,0,0,0,1,1,0,0,0,0,0,0,0,0,0,0,1,1,0,0,0,0
955BEDD7-332F-4CA8-9DB9-FDB79BF24D14,2011,00,0,0,0,1,0,0,0,0,1,0,0,0,0,0,1,0,0,0,0,0,0,1,0,0,0
95602825-0E9B-42D0-B1A0-BFF7EB5B9501,1999,09,0,0,0,0,0,1,0,0,0,1,0,0,0,1,0,0,0,0,0,0,0,0,0,1,0
9568C11D-27C8-4410-A89E-4A2C7D3C4940,2012,05,0,1,0,0,0,0,0,0,1,0,0,0,0,0,0,1,0,0,0,0,0,0,0,1,0
9718296B-0BE7-48A5-90BD-B09C2214E961,2023,61,1,1,0,0,0,0,0,0,1,0,0,0,0,0,0,0,1,0,0,0,0,0,0,1,1
6aff0110-8697-11e7-8e76-6d3ed9e599f7,2015,71,0,0,0,0,0,1,0,0,0,1,0,0,0,1,0,0,0,0,0,0,0,0,0,1,0
9579B980-8DAA-430C-BE45-996FF2EDCD3C,2012,92,1,1,1,0,0,0,0,0,1,0,0,0,0,0,0,0,0,1,0,0,0,0,0,1,0
009b2f20-0b66-11e8-827c-bba53cbad290,2017,56,0,1,0,0,0,0,0,0,1,0,0,0,0,0,0,1,0,0,0,0,0,0,0,1,0
9594A4E6-2B04-4870-8194-2D0CD3B65CC7,2010,92,0,0,0,0,0,1,0,0,0,1,0,0,0,1,0,0,0,0,0,0,0,0,1,0,0
9599542D-D035-4C6E-9504-A9FF4A177441,2007,09,0,0,0,0,1,0,0,0,0,1,0,0,1,0,0,0,0,0,0,0,0,0,0,1,0
528CBE63-B904-4791-A410-D73EBB0B007B,2023,61,1,1,0,0,0,0,0,0,1,0,0,0,0,0,0,0,1,0,0,0,0,0,0,1,1
95A64A23-11CC-4D68-A504-6DCAC9E284E4,2013,00,0,0,0,0,0,1,0,0,0,1,0,0,0,1,0,0,0,0,0,0,0,0,0,1,0
95A90A7D-4245-4849-9421-152F649B1422,2012,62,0,0,0,0,1,0,0,0,0,1,0,0,1,0,0,0,0,0,0,0,0,0,0,1,0
95AB6386-5AB2-4822-94BE-94D3C4C6158F,2015,62,0,0,0,0,1,0,0,0,0,1,0,0,1,0,0,0,0,0,0,0,0,0,0,1,0
95ACEA3B-72F6-437A-96D6-DED71D4DD3B7,2013,45,0,0,0,1,0,0,0,0,1,0,0,0,0,0,0,0,0,0,0,1,0,0,0,1,0
95B56D0D-F918-4B56-B1BF-767F1A49C958,2012,92,1,1,1,0,0,0,0,0,1,0,0,0,0,0,0,0,0,1,0,0,0,0,0,1,0
95B8C160-47EC-4415-8504-A3F8D13ED9AC,2012,51,0,1,0,0,0,0,0,0,1,0,0,0,0,0,0,1,0,0,0,0,0,0,0,1,0
63b1ed20-7f45-11ee-a021-bbe4713468e2,2023,72,0,1,0,0,0,0,0,0,1,0,0,0,0,0,0,0,1,0,0,0,0,0,0,1,0
95C29D92-7FC4-4E33-82EB-B8801AA5C0C4,2013,62,0,0,0,0,1,0,0,0,0,1,0,0,1,0,0,0,0,0,0,0,0,0,0,1,0
df521780-a22c-11e8-ae61-0fc7f403e976,2018,71,0,1,0,0,0,0,0,0,1,0,0,0,0,0,0,0,0,0,0,1,0,0,0,1,0
95C3DCCB-329F-4580-AFFB-D7B0486B2F5F,2013,62,0,0,0,0,0,1,0,0,0,1,0,0,0,1,0,0,0,0,0,0,0,0,0,1,0
95D210F6-904F-4396-9653-44BCEC90AC93,2010,92,0,0,0,0,0,1,0,0,0,1,0,0,0,0,1,0,0,0,0,0,0,0,1,0,0
ef73a1a0-8a8b-11e8-ba1e-e3857583ba43,2018,61,0,0,1,0,0,0,0,0,1,0,0,0,0,0,0,0,0,1,0,0,0,0,0,1,0
95E02948-AF96-4BCE-9AB1-C579122B0F99,2010,81,0,0,0,1,0,0,0,0,1,0,0,0,0,0,1,0,0,0,0,0,0,1,0,0,0
95E11D9F-38D8-4BF0-B39C-13C12988CA9E,2010,52,0,0,0,0,0,1,0,0,0,0,1,0,0,0,1,0,0,0,0,0,0,1,0,0,0
95FBF0F8-537A-4B2B-9614-377CC02FE3FF,2015,52,0,1,0,0,0,0,0,0,1,0,0,0,0,0,0,0,1,0,0,0,0,1,0,0,0
9602385F-506E-4B0F-B828-8C7F33830BBA,2010,62,0,0,0,1,0,0,0,0,1,0,0,0,0,0,1,0,0,0,0,0,0,1,0,0,0
960B63F6-5725-49F7-A108-62AE3CAC902B,2013,42,1,1,0,0,0,0,0,0,1,0,0,0,0,0,0,0,1,0,0,0,0,0,0,1,0
1BF4229D-F7F5-4DA7-9164-7D90B53BAE3F,2016,62,0,0,0,0,0,1,0,0,0,1,0,0,0,1,1,0,0,0,0,0,0,1,0,0,0
f118ebe0-9cb7-11e7-bdec-d715fa410d81,2017,00,0,0,0,0,0,1,0,0,0,1,0,0,0,1,0,0,0,0,0,0,0,0,0,1,0
BBEE2583-64CE-4A0F-9F8B-EC2114385094,2025,00,0,1,0,0,0,0,0,0,1,0,0,0,0,0,0,1,0,0,0,0,0,0,0,1,0
962C3255-464B-4B07-96FB-E69C3335305D,2012,54,0,1,0,0,0,0,0,0,1,0,0,0,0,0,0,1,0,0,0,0,0,0,0,1,0
2cb22d40-e92f-11e9-b01d-8d8474fb7a4b,2014,92,0,0,0,1,0,0,0,0,1,0,0,0,0,0,1,0,0,0,0,0,0,0,0,1,0
8904C92F-BEDD-4069-966F-F74472BFB696,2023,61,1,1,0,0,0,0,0,0,1,0,0,0,0,0,0,0,1,0,0,0,0,0,0,1,1
803350CC-C320-49F0-B825-DDB0C642B9F1,2014,81,0,1,0,0,0,0,0,0,1,0,0,0,0,0,0,1,1,0,0,0,0,0,0,1,0
968562FD-5181-45F4-9B61-422A77947496,2012,92,0,0,0,0,0,1,0,0,0,1,0,0,0,1,0,0,0,0,0,0,0,0,0,1,0
35C12FE4-1A46-4528-B084-8621875E7F45,2015,61,0,0,0,1,0,0,0,0,1,0,0,0,0,0,1,0,0,0,0,0,0,1,0,0,0
96935139-5B04-44FA-907F-158D81BB8BD0,2013,92,0,1,0,0,0,0,0,0,1,0,0,0,0,0,0,1,0,0,0,0,1,0,0,0,0
62666B4E-7964-42D8-8215-B17150C44AC3,2025,00,1,0,0,0,0,0,0,0,1,0,0,0,0,0,0,0,1,0,0,0,0,0,0,1,0
540D0C6C-DE8F-410B-BC92-90BED088E77B,2015,62,0,0,0,0,1,0,0,0,0,1,0,0,1,0,0,0,0,0,0,0,0,1,0,0,0
4041a7b0-246a-11eb-b042-01be07ea3379,2019,56,0,1,0,0,0,0,0,0,1,0,0,0,0,0,0,1,0,0,0,0,0,0,0,1,0
76372E84-7796-4284-A88A-1E9278515DC4,2023,61,1,1,0,0,0,0,0,0,1,0,0,0,0,0,0,0,1,0,0,0,0,0,0,1,1
96C1C26F-0F50-42EC-AE89-3E1B929758B6,2013,92,0,0,0,0,0,1,0,0,0,1,0,0,0,1,0,0,0,0,0,0,0,0,0,1,0
96D6C6C4-D2EA-4720-A87B-4711FAD6BC5D,2012,56,0,0,0,0,0,1,0,0,0,1,0,0,0,1,0,0,0,0,0,0,0,0,0,1,0
96D817C5-FA3F-4BC7-A3D5-432868F71210,2014,44,0,0,0,1,0,0,0,0,1,0,0,0,0,0,0,0,0,0,0,1,0,1,0,0,0
96E598D6-AEB9-4CD1-A7B4-933DB95223DE,2010,62,0,0,0,0,1,0,0,0,0,1,0,0,1,0,0,0,0,0,0,0,0,0,0,1,0
6ED8458B-91EF-490C-B73E-1A5E3FCBBA7C,2023,61,1,1,0,0,0,0,0,0,1,0,0,0,0,0,0,0,1,0,0,0,0,0,0,1,1
6b5a2150-30dc-11ec-9798-915a6ecdc137,2019,00,0,0,1,0,0,0,0,0,1,0,0,0,0,0,0,0,0,1,0,0,1,0,0,0,0
90D3B99D-C53F-4FF3-9AE8-8B8B980C545D,2023,61,1,1,0,0,0,0,0,0,1,0,0,0,0,0,0,0,1,0,0,0,0,0,0,1,1
96F88518-6400-4303-9D66-4D99A9552EB8,2012,92,0,0,0,0,1,0,0,0,0,1,0,0,1,0,0,0,0,0,0,0,0,0,0,1,0
d20d3720-eaae-11e7-92b6-dfe49f9d7042,2016,62,0,0,0,0,1,0,0,0,0,1,0,0,1,0,0,0,0,0,0,0,0,0,0,1,0
f60263c0-843e-11e7-9557-ff063714718d,2017,00,0,1,1,0,0,0,0,0,1,0,0,0,0,0,0,0,0,1,0,0,0,0,0,1,0
970C7583-BF9D-4F8A-954E-BBF714B87CBC,2013,00,0,1,0,0,0,0,0,0,1,0,0,0,0,0,0,1,0,0,0,0,1,0,0,0,0
9717E026-FEC8-4748-84EA-99F233391812,2013,61,0,1,0,0,0,0,0,0,1,0,0,0,0,0,0,1,1,0,0,0,1,0,0,0,0
9722089A-B7E0-494F-927E-23C72D6250CA,2014,92,0,0,0,1,0,0,0,0,1,0,0,0,0,0,1,0,0,0,0,0,0,1,0,0,0
9726D419-7446-4CF8-A9D9-52403B2EE3C8,2013,52,0,0,1,0,0,0,0,0,1,0,0,0,0,0,0,0,0,1,0,0,0,0,0,1,0
3AB0CDC4-1683-415C-AEBA-27893CAC45F2,2023,00,1,1,0,0,0,0,0,0,1,0,0,0,0,0,0,0,1,0,0,0,0,0,0,1,1
ED01ED41-2343-4057-92C9-6C9B9172EBE9,2023,61,1,1,0,0,0,0,0,0,1,0,0,0,0,0,0,0,1,0,0,0,0,0,0,1,1
97297F17-4C51-4915-8D18-3A04FCB9F798,2013,61,0,0,0,0,0,0,0,1,0,0,0,1,0,0,0,0,0,0,0,1,0,1,0,0,0
972E0A54-3605-4932-9928-1726CF1AC93C,2011,92,0,0,0,0,0,1,0,0,0,1,0,0,0,1,0,0,0,0,0,0,0,0,0,1,0
972F26E8-BE47-4930-96A9-DF827CF8D808,2012,51,0,1,0,0,0,0,0,0,1,0,0,0,0,0,0,0,1,0,0,0,1,0,0,0,0
9730B10C-10EF-4FF0-BF58-32650862B2B5,2014,61,0,0,0,1,0,0,0,0,1,0,0,0,0,0,1,0,0,0,0,0,0,1,0,0,0
973575F9-F725-4B3F-B497-AE648836756E,2013,00,0,1,0,0,0,0,0,0,1,0,0,0,0,0,0,1,0,0,0,0,0,1,0,0,0
97405850-7E11-4279-BA7F-E608C2A2E2EF,2015,52,0,0,0,1,0,0,0,0,0,0,0,1,0,0,0,0,0,0,0,1,0,0,0,1,0
9740B0EF-4711-4383-9D02-5EE7E01C5931,2013,45,0,1,0,0,0,0,0,0,1,0,0,0,0,0,0,1,0,0,0,0,0,0,0,1,0
97494439-6F2A-4B96-AF04-5746F5067DCD,2013,61,0,0,0,0,0,1,0,0,0,1,0,0,0,1,0,0,0,0,0,0,0,0,0,1,0
D7F2ACF0-4EB7-47B7-8E0D-4EF82198B57D,2013,33,0,0,0,0,1,0,0,0,0,1,0,0,1,0,0,0,0,0,0,0,0,0,0,1,0
974BE8BF-2884-4426-A448-E35DB1390D46,2014,51,0,1,0,0,0,0,0,0,1,0,0,0,0,0,0,1,0,0,0,0,1,0,0,0,0
40284368-4C95-4879-A96B-3D24DBD7387D,2023,61,1,1,0,0,0,0,0,0,1,0,0,0,0,0,0,0,1,0,0,0,0,0,0,1,1
5DEDC3F7-992A-4D3B-B71C-577CD848FA0F,2015,52,0,0,0,0,0,1,0,0,0,1,0,0,0,1,0,0,0,0,0,0,0,1,0,0,0
b3393c90-0a34-11e8-bbae-ed39c73f1398,2017,92,0,0,0,0,0,1,0,0,0,1,0,0,0,1,0,0,0,0,0,0,0,0,0,1,0
b5b37a30-0a16-11ed-9141-192d7c736152,2022,48,0,0,0,0,0,1,0,0,0,1,0,0,0,1,0,0,0,0,0,0,0,0,0,1,0
fa9a4330-778c-11e7-a457-a5a222e6d450,2017,00,0,1,0,0,0,0,0,0,1,0,0,0,0,0,0,1,0,0,0,0,0,0,0,1,0
32164c10-db78-11e7-b589-fd57f91024a3,2017,62,0,0,0,0,0,1,0,0,0,0,0,1,0,1,1,0,0,0,0,0,0,0,0,1,0
976EAEE5-0149-4F4C-9BE2-FADCB84B2E7D,1999,61,1,0,0,0,0,0,0,0,1,0,0,0,0,0,0,0,1,0,0,0,0,0,0,1,0
9779B227-0302-4AE6-A78C-84EE1C1C88C2,2013,00,1,1,1,0,0,0,0,0,1,0,0,0,0,0,0,0,0,1,0,0,0,0,0,1,0
D4609102-6ADF-42FF-8220-C88884B72CAF,2016,61,1,1,1,0,0,0,0,0,1,0,0,0,0,0,0,0,0,1,0,0,0,0,0,1,0
9780B3FA-9145-4D60-AEF6-3A696970B742,2013,00,0,0,0,0,0,1,0,0,0,1,0,0,0,1,0,0,0,0,0,0,0,0,0,1,0
9787C039-181F-4A8A-A08B-8E3E37D0B01E,2013,61,0,1,0,0,0,0,0,0,1,0,0,0,0,0,0,1,0,0,0,0,0,0,0,1,0
9789A56F-0533-4520-B3A2-8A18FBF08225,2014,54,0,1,0,0,0,0,0,0,1,0,0,0,0,0,0,1,0,0,0,0,0,0,0,1,0
e72784c0-89a7-11e7-bf1d-81579668407a,2016,62,0,0,0,0,1,0,0,0,0,1,0,0,1,0,0,0,0,0,0,0,0,0,0,1,0
97912E73-E5EB-4E3A-A100-4B732402843E,2013,92,0,0,0,0,1,0,0,0,0,1,0,0,1,0,0,0,0,0,0,0,0,0,0,1,0
979DBD94-B0F5-4944-B7BF-DA51F9F52392,2014,00,0,1,0,0,0,0,0,0,1,0,0,0,0,0,0,0,0,0,1,0,1,0,0,0,0
97A4896D-D9B3-4B0E-96EF-473258E257FB,2010,62,0,0,0,1,0,0,0,0,1,0,0,0,0,0,1,0,0,0,0,0,0,1,0,0,0
445BDA29-6FA8-443B-AC8D-827B1FB4693C,2023,61,1,1,0,0,0,0,0,0,1,0,0,0,0,0,0,0,1,0,0,0,0,0,0,1,1
f6f9ecc0-949d-11e7-9340-f70be1ebf87c,2016,92,0,0,0,0,1,0,0,0,0,1,0,0,1,0,0,0,0,0,0,0,0,0,0,1,0
97B9A79C-C776-41D0-8706-00E0212A040C,2013,00,1,1,1,0,0,0,0,0,1,0,0,0,0,0,0,0,0,1,0,0,0,0,0,1,0
d7837d70-3b73-11ed-a11a-bb811330b875,2022,44,0,1,1,0,0,0,0,0,1,0,0,0,0,0,0,0,0,1,0,0,0,0,0,1,0
dd44d010-e376-11e7-bf7a-0771e1cc9602,2011,45,0,0,1,0,0,0,0,0,1,0,0,0,0,0,0,0,0,1,0,0,0,0,0,1,0
97D6C4F6-DC7A-4D27-ACC6-105CDBE5E65D,2012,54,0,0,0,0,1,0,0,0,0,1,0,0,1,0,0,0,0,0,0,0,0,0,0,1,0
97DDB8CB-67CF-4D14-9F1B-C055FD92A5AE,2015,00,0,0,0,1,0,0,0,0,1,0,0,0,0,0,0,0,0,0,0,1,0,0,0,1,0
97DF2761-318F-49E7-9F6D-9E87B8AA0674,2012,92,1,1,1,0,0,0,0,0,1,0,0,0,0,0,0,0,0,1,0,0,0,0,0,1,0
4EE8CD1D-D370-4482-9907-CCCF5B522C91,2016,54,0,1,0,0,0,0,0,0,1,0,0,0,0,0,0,0,0,0,0,1,0,0,0,1,0
18bfa490-07e5-11eb-9be5-67f56bbd8cb4,2019,62,1,1,0,0,0,0,0,0,1,0,0,0,0,0,0,0,1,0,0,0,0,1,0,0,0
97F65345-B05E-4BCB-9C31-10C648307E96,2013,61,0,1,0,0,0,0,0,0,1,0,0,0,0,0,0,0,0,0,0,1,0,0,0,1,0
97F90D07-34E5-48F4-A970-AD1610A66E76,2012,92,0,0,0,0,0,1,0,0,0,1,0,0,0,1,0,0,0,0,0,0,0,0,0,1,0
97F9F79B-2F8C-4238-8167-C2872816F30D,2014,00,0,1,0,0,0,0,0,0,1,0,0,0,0,0,0,0,0,0,1,0,1,0,0,0,0
28513b80-a0f7-11ea-878c-ff8a51fa1e8f,2020,00,0,0,0,0,0,1,0,0,0,1,0,0,0,1,0,0,0,0,0,0,0,0,0,1,0
980E7FA8-E202-4EC3-AAD6-55CF657CC764,2011,44,0,1,0,0,0,0,0,0,1,0,0,0,0,0,0,1,0,0,0,0,0,0,0,1,0
980F6D26-F8CB-4834-B804-3E99DFC21A4C,2011,62,0,0,0,0,0,1,0,0,0,1,0,0,0,1,0,0,0,0,0,0,0,1,0,0,0
98229101-94A1-4B29-AB1E-9154EA80F27C,2008,32,0,0,0,1,0,0,0,0,1,0,0,0,0,0,1,0,0,0,0,0,0,1,0,0,0
13C4CEA0-91A3-44AF-A842-2695FF89CD51,2015,44,0,0,0,1,0,0,0,0,1,0,0,0,0,0,0,0,0,0,0,1,0,0,0,1,0
98375463-B590-467D-9FC6-3D43B5575236,2012,61,0,0,0,0,0,1,0,0,0,1,0,0,0,1,0,0,0,0,0,0,0,0,0,1,0
984C20B4-B203-438E-B841-F915C5B853D6,2011,92,0,0,0,0,0,1,0,0,0,1,0,0,0,1,0,0,0,0,0,0,0,0,0,1,0
273D59E5-5C98-40F0-9398-D3B577B5EF43,2023,61,1,1,0,0,0,0,0,0,1,0,0,0,0,0,0,0,1,0,0,0,0,0,0,1,1
c41cc610-0f4a-11ed-935e-2fa00f6a742d,2020,54,0,1,1,0,0,0,0,0,1,0,0,0,0,0,0,0,0,1,0,0,0,0,0,1,0
9852EA2C-B515-4F89-ABC4-C88EAB90003E,2013,00,0,0,0,1,0,0,0,0,1,0,0,0,0,0,1,0,0,0,0,0,0,1,0,0,0
9641f940-a1b5-11ea-aa67-0b6b068266ad,2020,62,0,1,0,0,0,0,0,0,1,0,0,0,0,0,0,1,0,0,0,0,0,0,0,1,0
9860A6C6-7566-4633-9D55-49AAA61D49EB,2013,52,0,1,0,0,0,0,0,0,1,0,0,0,0,0,0,0,0,0,0,1,0,0,0,1,0
a0021b90-e021-11ef-8e7d-5bcd93832819,2024,51,0,1,0,0,0,0,0,0,1,0,0,0,0,0,0,1,0,0,0,0,0,0,0,1,0
41007120-abe2-11ed-b4d6-0500e8fbd88a,2022,45,0,1,0,0,0,0,0,0,1,0,0,0,0,0,0,1,0,0,0,0,0,0,0,1,0
b525e2c0-d56d-11e7-af4f-6b5d4514198e,2017,44,0,0,0,1,0,0,0,0,1,0,0,0,0,0,1,0,0,0,0,0,0,0,0,1,0
988A8BE7-1060-4F0E-9692-DFBFA5E03B44,2015,92,0,0,0,0,0,0,0,1,1,0,0,0,0,0,0,0,0,0,0,1,0,0,0,1,0
13b73400-bda0-11e7-822d-6d41de439a88,2017,51,0,0,0,0,0,1,0,0,0,1,0,0,0,1,0,0,0,0,0,0,0,0,1,0,0
54c0b870-06f2-11ea-8714-b997dc99273b,2018,44,1,0,0,0,0,0,0,1,1,0,0,0,0,0,0,0,1,0,0,0,0,0,0,1,0
48ee6e70-bd9d-11e7-822d-6d41de439a88,2017,61,0,0,0,0,0,1,0,0,0,1,0,0,0,1,0,0,0,0,0,0,0,0,0,1,0
98A18CD6-6615-4723-BFF4-E66E4DF280E2,2010,61,0,0,0,1,0,0,0,0,1,0,0,0,0,0,1,0,0,0,0,0,0,1,0,0,0
98A48AC0-E3AF-4DC8-A4ED-C01359939124,2011,92,0,0,0,0,0,1,0,0,0,1,0,0,0,1,0,0,0,0,0,0,0,0,0,1,0
98A797A1-D470-46DE-BA7E-0B294784B5CA,2012,00,1,1,1,0,0,0,0,0,1,0,0,0,0,0,0,0,0,1,0,0,0,0,0,1,0
36269624-E29A-4E32-9CE7-6CA2D557C049,2023,61,1,1,0,0,0,0,0,0,1,0,0,0,0,0,0,0,1,0,0,0,0,0,0,1,1
98C5C1E1-1C09-47DB-9C42-21C771A93670,2015,54,0,0,1,0,0,0,0,0,1,0,0,0,0,0,0,0,0,1,0,0,1,0,0,0,0
98C6344E-7D1A-42B8-9F06-76D5643B15A6,2015,51,0,1,0,0,0,0,0,0,1,0,0,0,0,0,0,1,0,0,1,0,1,0,0,0,0
98C75848-43EA-4BDA-A488-4956EBB2E427,2011,92,0,0,0,0,1,0,0,0,0,1,0,0,1,0,0,0,0,0,0,0,0,0,0,1,0
dd35fb20-0cd2-11eb-9ca0-972c112a0cb8,2020,56,0,0,0,0,0,1,0,0,0,1,0,0,0,1,0,0,0,0,0,0,0,0,0,1,0
98CDE523-4A21-4B70-B5EA-4E4083CA364E,2012,62,0,0,0,0,0,1,0,0,0,1,0,0,0,0,1,0,0,0,0,0,0,1,0,0,0
98D19D9E-284A-4736-982F-9A6212AA02CB,2012,31,0,0,0,1,0,0,0,0,1,0,0,0,0,0,1,0,0,0,0,0,0,1,0,0,0
9e6d7ba0-72be-11eb-a674-05cfd55ad89e,2020,51,0,0,0,0,0,1,0,0,0,1,0,0,0,1,0,0,0,0,0,0,0,0,0,1,0
9E2A87F4-DFE6-4EC0-B22A-F330E74BF595,2023,00,1,1,0,0,0,0,0,0,1,0,0,0,0,0,0,0,1,0,0,0,0,0,0,1,1
98DF5214-CAFE-4146-88A3-01214CE4B097,2011,00,0,0,0,0,0,1,0,0,0,1,0,0,0,1,0,0,0,0,0,0,0,0,0,1,0
98E13D45-AEED-4AAA-A58E-8DEE83093970,2013,92,0,0,0,0,0,1,0,0,1,0,0,0,0,1,0,0,0,0,0,0,0,1,0,0,0
98E1B6D0-7401-4C13-AB13-E7335E1B1DBF,2013,92,0,0,0,0,0,1,0,0,0,1,0,0,0,1,0,0,0,0,0,0,0,0,0,1,0
98E90353-B419-46DB-834B-A4513B049C11,2014,00,0,0,0,0,0,0,0,1,1,0,0,0,0,0,0,0,0,0,0,1,0,1,0,0,0
E7BACF40-1257-4832-AF8D-70AF1812020E,2010,92,0,0,0,0,1,1,0,0,0,1,0,0,1,0,0,0,0,0,0,0,0,0,0,1,0
98FCEEEE-7F49-4870-8D2C-0F4C06C10E1D,2014,54,0,0,0,0,1,0,0,0,0,1,0,0,1,0,0,0,0,0,0,0,0,0,0,1,0
dea65e00-e7c5-11ea-8ff0-e3594c873b30,2020,00,0,0,0,0,0,1,0,0,0,1,0,0,0,1,0,0,0,0,0,0,0,0,0,1,0
72fa6fe0-1c53-11ea-ac81-937b5ec4147f,2019,62,0,0,0,0,1,0,0,0,0,1,0,0,1,0,0,0,0,0,0,0,0,0,0,1,0
990C6BDF-56B8-47F9-8338-04589FDB4139,2013,00,0,1,0,0,0,0,0,0,1,0,0,0,0,0,0,1,0,0,0,0,1,0,0,0,0
990F0B2B-2E92-469B-A732-090D5A35ABC6,2012,61,0,0,0,0,0,0,0,1,1,0,0,0,0,0,0,0,0,0,0,1,0,0,0,1,0
e970d2e0-8a8c-11e8-ba1e-e3857583ba43,2018,61,0,0,0,0,0,1,0,0,0,1,0,0,0,1,0,0,0,0,0,0,0,0,0,1,0
769A12FE-59F7-405D-9343-B7F79DB376AC,2014,62,0,0,0,0,0,1,0,0,0,1,0,0,0,1,0,0,0,0,0,0,0,0,0,1,0
2800B785-C1CB-4640-9C12-E819EB340984,2015,62,0,0,0,1,1,0,0,0,1,1,0,0,1,0,0,0,0,0,0,0,0,0,0,1,0
991E9DC2-0F9F-4FB1-BAD2-BF421D0E8C2D,2009,00,0,0,0,0,1,0,0,0,0,1,0,0,1,0,0,0,0,0,0,0,0,0,0,1,0
6199C91F-AE5B-41A3-BBD1-EB20B289CF15,2015,92,0,0,0,0,1,0,0,0,0,1,0,0,1,0,0,0,0,0,0,0,0,0,0,1,0
203641a0-c57d-11e7-96ee-efef26e7cb61,2017,62,0,0,0,0,0,1,0,0,0,1,0,0,0,1,0,0,0,0,0,0,0,0,0,1,0
14BFA6BB-1487-5E45-BBA0-28A21ED38046,2025,44,0,1,0,0,0,0,0,0,1,0,0,0,0,0,0,1,0,0,0,0,0,0,0,1,0
993A8D1F-7DA2-46BB-999A-27FCC6325C1A,2012,62,0,0,0,0,0,1,0,0,0,1,0,0,0,1,0,0,0,0,0,0,0,0,0,1,0
993E6FD7-C6F4-46BF-84D8-84880922F26E,2013,52,0,1,0,0,0,0,0,0,1,0,0,0,0,0,0,1,0,0,0,0,1,0,0,0,0
085A4B6B-8143-43F9-A0F7-5A899BA5624B,2016,00,0,1,0,0,0,0,0,0,1,0,0,0,0,0,0,1,0,0,0,0,0,1,0,0,0
7077c350-8e69-11ec-a600-657ec2694f8f,2021,00,0,1,0,0,0,0,0,0,1,0,0,0,0,0,0,1,0,0,0,0,0,0,0,1,0
99542D62-ECCB-4E06-AFEC-A69DE029A3CB,2013,51,0,1,0,0,0,0,0,0,1,0,0,0,0,0,0,1,0,0,0,0,1,0,0,0,0
9DCD1CC6-9D45-4556-96E5-B257C942ED6B,2023,61,1,1,0,0,0,0,0,0,1,0,0,0,0,0,0,0,1,0,0,0,0,0,0,1,1
3295C76A-CBF4-CAAE-D33C-36B1B5FC2CB1,2025,44,0,1,0,0,0,0,0,0,1,0,0,0,0,0,0,1,0,0,0,0,0,0,0,1,0
99747F66-E0BC-4B56-8A4A-2DA12D90ED1B,2014,44,1,1,0,0,0,0,0,0,1,0,0,0,0,0,0,0,1,0,0,0,0,0,0,1,0
997BBB07-A1D4-4AAD-BC84-472730375748,2012,00,0,0,0,1,0,0,0,0,1,0,0,0,0,0,1,0,0,0,0,0,0,1,0,0,0
C056E3DD-7CA0-4F5A-86EB-B55F6E6A6486,2023,32,1,1,0,0,0,0,0,0,1,0,0,0,0,0,0,0,1,0,0,0,0,0,0,1,1
99800B97-2383-45CA-98EA-8DC3290D343D,2012,61,0,1,0,0,0,0,0,0,1,0,0,0,0,0,0,1,0,0,0,0,0,0,0,1,0
b38d2cd0-d3c2-11e8-9659-2bc8d207b0aa,2018,52,0,0,0,1,0,0,0,0,1,0,0,0,0,0,0,0,0,0,0,1,0,0,0,1,0
99840D17-37D0-4089-886F-91B69BFE8163,2015,62,0,0,0,1,0,0,0,0,1,0,0,0,0,0,1,0,0,0,0,0,0,1,0,0,0
9984E16E-D0CA-4485-842B-BBE69B24F292,2012,92,0,0,0,0,0,1,0,0,0,1,0,0,0,1,0,0,0,0,0,0,0,0,0,1,0
5f7c9780-8c3b-11e8-b87d-7b77fe08a9ae,2017,44,0,0,0,1,0,0,0,0,1,0,0,0,0,0,1,0,0,0,0,0,1,0,0,0,0
c8116a50-8f11-11e7-aa8f-5fa9d3670494,2015,92,0,0,0,0,0,1,0,0,0,1,0,0,0,1,0,0,0,0,0,0,0,0,0,1,0
999C7E9B-40DD-4FC2-ACDB-A0CA71DD3601,2011,92,0,0,0,0,1,0,0,0,0,1,0,0,1,0,0,0,0,0,0,0,0,0,0,1,0
99A41B94-6776-42EC-9C34-5F26759F10DE,2014,62,0,0,0,0,0,1,0,0,0,1,0,0,0,0,1,0,0,0,0,0,0,1,0,0,0
99A462AD-52B1-42B8-955D-F27D36677B0E,2015,62,0,0,0,1,0,0,0,0,1,0,0,0,0,0,1,0,0,0,0,0,0,1,0,0,0
49730ef0-a134-11ea-878c-ff8a51fa1e8f,2020,54,0,1,0,0,0,0,0,0,1,0,0,0,0,0,0,1,0,0,0,0,0,0,0,1,0
020FF053-BB59-4974-BDC9-24588C68BE01,2014,62,0,0,0,0,0,1,0,0,0,1,0,0,0,1,0,0,0,0,0,0,0,0,0,1,0
99B7ED2E-3A62-4F53-9304-60B6855E73CD,2011,62,0,0,0,0,0,1,0,0,0,1,0,0,0,1,1,0,0,0,0,0,0,1,0,0,0
99BBCAB8-ED3A-475E-9B6B-1499B94192F0,2013,54,0,0,0,0,1,0,0,0,0,1,0,0,1,0,0,0,0,0,0,0,0,0,0,1,0
99BF8711-737F-460B-B6A7-63057031394A,2010,62,0,0,0,0,0,1,0,0,0,1,0,0,0,1,0,0,0,0,0,0,0,1,0,0,0
99C4097A-EE89-4CF0-A62F-7813707740D0,2013,44,0,0,0,0,1,0,0,0,0,1,0,0,1,0,0,0,0,0,0,0,0,0,0,1,0
037CF769-051F-4A8F-95B9-27B974434A2E,2023,61,1,1,0,0,0,0,0,0,1,0,0,0,0,0,0,0,1,0,0,0,0,0,0,1,1
99C64ACD-4FA1-456C-A1B4-47BB216FE158,2014,56,0,0,0,1,0,0,0,0,1,0,0,0,0,0,1,0,0,0,0,0,0,1,0,0,0
99C82927-59CC-49C5-B561-212590EDF30D,2013,21,0,0,0,1,0,0,0,0,1,0,0,0,0,0,1,0,0,0,0,0,0,1,0,0,0
99C88989-DFD3-476E-AB7B-7E7ACB744D85,2012,00,0,0,0,1,0,0,0,0,1,0,0,0,0,0,1,0,0,0,0,0,0,1,0,0,0
4001BBBF-684D-4F00-828A-A7A4A7204301,2016,72,0,1,0,0,0,0,0,0,1,0,0,0,0,0,0,1,0,0,0,0,0,0,0,1,0
523b9080-e2db-11e7-a8b4-b50015373b0a,2017,62,0,0,0,0,1,0,0,0,0,1,0,0,1,0,0,0,0,0,0,0,0,0,0,1,0
99D69E39-E343-4D62-AF46-EE619FB6FD37,2013,92,0,1,0,0,0,0,0,0,1,0,0,0,0,0,0,1,0,0,0,0,0,0,0,1,0
99D9218A-CA22-4E1F-85D5-563950BD25CC,2010,92,0,0,0,0,0,1,0,0,0,1,0,0,0,0,1,0,0,0,0,0,0,0,0,1,0
99EE2A4B-209D-4F8C-BFB8-BB8977E7E162,2013,81,1,1,0,0,0,0,0,0,1,0,0,0,0,0,0,1,0,0,0,0,0,1,0,0,0
99FB91D1-6C55-41E0-9054-0D709958DB0E,2013,62,0,0,0,1,0,0,0,0,1,0,0,0,0,0,1,0,0,0,0,0,0,1,0,0,0
99FBE58D-6A7D-4A27-9056-A7B817E569C6,2012,61,0,1,0,0,0,0,0,0,0,1,0,0,0,0,0,1,0,0,0,0,0,0,0,1,0
9A03C5C1-1A21-4A28-9DAA-2BFC404137E8,2013,62,0,0,0,1,0,0,0,0,1,0,0,0,0,0,1,0,0,0,0,0,0,1,0,0,0
EEDF9EF2-5136-4B77-94A0-20D8F85F3A00,2023,61,1,1,0,0,0,0,0,0,1,0,0,0,0,0,0,0,1,0,0,0,0,0,0,1,1
9A065B03-D8B1-47F6-923C-7523D8FD281E,2010,92,0,0,0,0,0,1,0,0,0,1,0,0,0,0,1,0,0,0,0,0,0,0,0,1,0
07c88f00-a7ab-11e7-9f87-7fffd7137a55,2017,00,0,0,0,1,0,0,0,0,1,0,0,0,0,0,1,0,0,0,0,0,0,1,0,0,0
BC52C693-B08F-4E33-B6C3-D66B510E6130,2023,00,1,1,0,0,0,0,0,0,1,0,0,0,0,0,0,0,1,0,0,0,0,0,0,1,1
d7168500-0a54-11eb-a175-e162319ad19d,2020,51,0,0,0,0,0,1,0,0,0,1,0,0,0,1,0,0,0,0,0,0,0,0,0,1,0
3EEABDF9-FE54-47C6-AA89-63F79993D99D,2012,61,0,0,0,0,1,0,0,0,0,1,0,0,1,0,0,0,0,0,0,0,0,0,0,1,0
9A2A50DB-9F52-4459-A532-2A297556E189,2013,33,1,0,0,0,0,0,0,0,1,0,0,0,0,0,0,0,1,0,0,0,0,1,0,0,0
9A30564C-BF5E-41BF-8C7D-67071920C0E4,2014,51,0,0,0,0,1,0,0,0,0,1,0,0,1,0,0,0,0,0,0,0,0,0,0,1,0
57df2020-8581-11ee-8fb0-814d6811f064,2023,06,1,1,1,0,0,0,0,0,1,0,0,0,0,0,0,0,1,1,0,0,0,0,0,1,0
4f3dfbe0-72c8-11eb-a46e-831b23dc7360,2020,00,0,0,0,0,0,0,0,1,1,0,0,0,0,0,0,0,0,0,0,1,0,0,0,1,0
9A38F703-5856-4EB6-825A-609DA383094E,2015,62,0,0,0,0,0,1,0,0,0,1,0,0,0,1,0,0,0,0,0,0,0,0,0,1,0
465B64E0-2123-4EDB-93BA-D38385F068CC,2023,61,1,1,0,0,0,0,0,0,1,0,0,0,0,0,0,0,1,0,0,0,0,0,0,1,1
9b056900-9995-11e8-bb21-7f662dc72866,2018,52,0,1,0,0,0,0,0,0,1,0,0,0,0,0,0,1,0,0,0,0,0,0,0,1,0
9A454AAB-50A5-4558-B1DA-1D7EDB4FA1A7,2012,00,0,0,0,0,1,1,0,0,1,1,0,0,0,1,0,0,0,0,0,0,0,0,0,1,0
9A4F9318-9495-45EE-A867-694D5C64BC08,2008,62,0,0,0,0,1,0,0,0,0,1,0,0,1,0,0,0,0,0,0,0,0,0,0,1,0
6c8b3df0-c25a-11e8-bf07-99bafabab839,2014,62,0,0,0,0,1,0,0,0,0,1,0,0,1,0,0,0,0,0,0,0,0,0,0,1,0
9A5552CC-21EF-429C-B01F-68BAAE3B987D,2012,92,0,0,0,0,0,1,0,0,0,1,0,0,0,1,0,0,0,0,0,0,0,0,0,1,0
9A5B00A2-C242-4017-8A7F-D8C823D3E48B,2012,62,0,0,0,0,1,0,0,0,0,1,0,0,1,0,0,0,0,0,0,0,0,0,0,1,0
9A5CD07E-9F8B-41CB-AA34-36ADDDE414FC,2013,52,0,0,0,0,1,0,0,0,0,1,0,0,1,0,0,0,0,0,0,0,1,0,0,0,0
9A633E28-1B9A-4A2F-BF36-714D7E05A713,2012,62,0,0,0,1,0,0,0,0,1,0,0,0,0,0,1,0,0,0,0,0,0,1,0,0,0
9A682FCC-70C0-482E-8CE1-291489A9DAF4,2014,92,0,0,0,0,0,1,0,0,0,1,0,0,0,0,1,0,0,0,0,0,0,0,0,1,0
A65F7A08-478E-49F2-A957-C5B12932D50B,2023,61,1,1,0,0,0,0,0,0,1,0,0,0,0,0,0,0,1,0,0,0,0,0,0,1,1
9A7A8D10-9D17-4697-8FA6-F72AC1A6205C,2013,92,1,1,1,0,0,0,0,0,1,0,0,0,0,0,0,0,0,1,0,0,0,0,0,1,0
9A7C47C0-E7C9-4FA7-A511-05E8F9552B1A,2013,54,0,1,0,0,0,0,0,0,1,0,0,0,0,0,0,1,0,0,0,0,0,0,0,1,0
9A8C1D63-AB1A-4187-9A50-CFB89154EFC4,2014,92,0,0,0,0,1,0,0,0,0,1,0,0,1,0,0,0,0,0,0,0,0,1,0,0,0
9A955649-53D7-400F-8B1F-F5CBF0B2C7E6,2013,52,0,0,0,1,0,0,0,0,1,0,0,0,0,0,0,0,0,0,0,1,0,1,0,0,0
f67e49b0-bf06-11e7-a9c6-17df034f6c5e,2016,33,0,0,0,0,1,0,0,0,0,1,0,0,1,0,0,0,0,0,0,0,0,0,0,1,0
9AB34EE5-4DCE-4BBA-8D85-FC037913C53A,2012,09,0,0,0,0,1,0,0,0,0,1,0,0,1,0,0,0,0,0,0,0,0,0,0,1,0
9AB3C928-CC51-48DB-917D-56016EC8CA51,2010,62,0,0,0,1,0,0,0,0,0,1,0,0,0,0,1,0,0,0,0,0,0,0,0,1,0
9AB94484-AC0A-487B-8910-69D73926B8F4,2013,54,0,1,0,0,0,0,0,0,1,0,0,0,0,0,0,1,0,0,0,0,0,0,0,1,0
E6B3D6E0-8FDF-4349-ACA7-751EFA9F504E,2023,61,1,1,0,0,0,0,0,0,1,0,0,0,0,0,0,0,1,0,0,0,0,0,0,1,1
9AC4C63D-2EE0-4B0A-9CAA-4DCD7597F9E7,2014,92,0,0,0,0,0,1,0,0,0,1,0,0,0,1,0,0,0,0,0,0,0,0,0,1,0
9AD01CA4-AE59-433A-8EE0-066B2A9E7D2F,2013,00,0,1,0,0,0,0,0,0,1,0,0,0,0,0,0,0,0,0,1,0,1,0,0,0,0
610ec300-39b3-11ed-abeb-7bd6dfb554a8,2022,00,0,1,0,0,0,0,0,0,1,0,0,0,0,0,0,0,1,0,0,0,0,0,0,1,0
A4022FC4-D0FD-4ED4-A7AC-3F87117B9E21,2023,61,1,1,0,0,0,0,0,0,1,0,0,0,0,0,0,0,1,0,0,0,0,0,0,1,1
0ad40b90-7e7b-11ee-afcd-0587b0cf6415,2023,00,1,1,0,0,0,0,0,0,1,0,0,0,0,0,0,1,1,0,0,0,0,0,0,1,0
9AF0E52F-36F3-4539-AA56-029170F9232C,2012,62,0,0,0,0,1,0,0,0,0,1,0,0,1,0,0,0,0,0,0,0,0,0,0,1,0
28197d50-d9b1-11eb-bcc7-b7194a064c3e,2021,00,0,0,0,0,0,1,0,0,0,1,0,0,0,1,0,0,0,0,0,0,0,0,0,1,0
9AFFAA89-F46C-423E-8A0A-B3A8C4EC8097,2014,52,0,0,0,0,0,1,0,0,0,1,0,0,0,1,0,0,0,0,0,0,0,0,0,1,0
9B016120-E3EA-4AF3-992C-5028ADB49C24,2013,81,0,0,1,0,0,0,0,0,1,0,0,0,0,0,0,0,0,1,0,0,1,0,0,0,0
FB079E5C-BC35-44B5-9A62-B85C96252BAE,2023,52,1,1,0,0,0,0,0,0,1,0,0,0,0,0,0,0,1,0,0,0,0,0,0,1,1
48e39c50-72db-11e7-ace1-3bcdf5dc8d5d,2017,92,0,0,0,0,1,0,0,0,0,1,0,0,1,0,0,0,0,0,0,0,0,0,0,1,0
3CC97067-BDCE-4D19-9650-12DF6F33F9DE,2016,52,0,1,0,0,0,0,0,0,1,0,0,0,0,0,0,0,1,0,0,0,0,0,0,1,0
9B3CA79A-1CB4-4446-8542-1DC1661253CA,2010,54,0,0,0,0,1,0,0,0,0,1,0,0,1,0,0,0,0,0,0,0,0,0,0,1,0
9B3F7F60-CC74-4980-93CA-51D3DDF246FD,2011,62,0,0,0,1,0,0,0,0,1,0,0,0,0,0,1,0,0,0,0,0,0,1,0,0,0
D81B7A83-9927-480A-B163-C857D306C2C7,2015,62,0,0,0,0,1,0,0,0,0,1,0,0,1,0,0,0,0,0,0,0,0,0,0,1,0
9B63EB3D-F818-4EBD-8533-5DDEB6B71F22,2010,62,0,0,0,1,0,0,0,0,1,0,0,0,0,0,1,0,0,0,0,0,0,1,0,0,0
a25dd8a0-8432-11e7-a921-2d695ce70b69,2017,00,0,0,1,0,0,0,0,0,1,0,0,0,0,0,0,0,0,1,0,0,0,0,0,1,0
ca333a70-1720-11ec-8047-3b8ad7d3e0d0,2021,54,0,0,0,0,0,1,0,0,0,1,0,0,0,1,0,0,0,0,0,0,0,0,0,1,0
9B7804BA-BDBB-47D0-9565-92CDAC35BE81,2010,92,0,0,0,0,0,1,0,0,0,1,0,0,0,1,0,0,0,0,0,0,0,0,1,0,0
ea0d4b60-0c20-11ed-91ff-0b0a6a79f02d,2022,54,0,0,0,0,0,1,0,0,0,1,0,0,0,0,1,0,0,0,0,0,0,1,0,0,0
9B802FFE-FD99-46A8-927D-568FBF61ED36,2012,92,0,0,0,0,0,1,0,0,0,1,0,0,0,0,1,0,0,0,0,0,0,0,0,1,0
9B813F8D-AFD7-452D-940D-4B4DB957BBE1,2013,00,1,1,1,0,0,0,0,0,1,0,0,0,0,0,0,0,0,1,0,0,0,0,0,1,0
b9560cc0-a7ab-11e7-9f87-7fffd7137a55,2017,61,0,0,0,1,0,0,0,0,1,0,0,0,0,0,1,0,0,0,0,0,0,1,0,0,0
81E3F317-A016-4E2C-9FA8-248529E9B82C,2009,81,0,0,0,0,1,0,0,0,0,1,0,0,1,0,0,0,0,0,0,0,0,0,0,1,0
3e8ce780-7a53-11ee-9204-4fdb0b8318b5,2023,00,1,0,0,0,0,0,0,1,1,0,0,0,0,0,0,0,1,0,0,0,0,0,0,1,0
9BB7EDFC-50BD-4419-9D32-733F8DBCFDC8,2013,00,0,0,0,0,0,1,0,0,1,0,0,0,0,1,0,0,0,0,0,0,1,0,0,0,0
72d0e420-3a84-11ed-a8d9-e567d58abfd4,2021,52,0,1,0,0,0,0,0,1,1,0,0,0,0,0,0,1,0,0,0,0,0,0,0,1,0
41980290-d584-11e7-af4f-6b5d4514198e,2016,06,1,1,0,0,0,0,0,0,1,0,0,0,0,0,0,0,1,0,0,0,0,1,0,0,0
1DEA97EB-9396-4931-8CEE-F099035FED7F,2023,61,1,1,0,0,0,0,0,0,1,0,0,0,0,0,0,0,1,0,0,0,0,0,0,1,1
9BD3DCA2-5567-41B4-894F-79BB074336B8,2003,92,0,0,0,0,1,0,0,0,0,1,0,0,1,0,0,0,0,0,0,0,1,0,0,0,0
9BE90EC4-4D60-40FA-A60A-F4391B4D475B,2012,00,0,0,0,0,0,1,0,0,0,1,0,0,0,1,0,0,0,0,0,0,0,0,0,1,0
74DD050C-E22A-4CD9-9975-FAA1171BC46C,2015,06,0,0,0,1,0,0,0,0,1,0,0,0,0,0,1,0,0,0,0,0,0,0,0,1,0
9BEEEE32-5467-441C-9AB9-C94FD54A108E,2013,92,0,0,0,0,0,1,0,0,0,1,0,0,0,1,0,0,0,0,0,0,0,0,0,1,0
9BF059D0-ED8F-467E-8918-2CD5B8114B6A,2014,00,0,1,0,0,0,0,0,0,1,0,0,0,0,0,0,1,0,0,0,0,0,0,0,1,0
9BF96E3A-C1B2-4BC6-9A1B-EC1843F9559B,2014,92,0,0,0,0,1,0,0,0,0,1,0,0,1,0,0,0,0,0,0,0,0,0,0,1,0
43f0f170-c493-11e7-9a8b-47d1b690bc01,2017,00,0,1,1,0,0,0,0,0,1,0,0,0,0,0,0,0,0,1,0,0,0,0,0,1,0
0532cea0-de82-11e7-9424-7b935f12be98,2017,44,0,0,0,1,0,0,0,0,1,0,0,0,0,0,0,0,0,0,0,1,1,0,0,0,0
04c9c2b0-eaae-11e7-92b6-dfe49f9d7042,2015,62,0,0,0,0,1,0,0,0,0,1,0,0,1,0,0,0,0,0,0,0,0,0,0,1,0
9C0AA3AA-C1A7-476A-A844-A8B6E80DBA42,2014,62,0,0,0,1,0,0,0,0,1,0,0,0,0,0,1,0,0,0,0,0,0,1,0,0,0
9C143D8E-397A-4D78-A043-8E7189F39719,2015,92,0,1,0,0,0,0,0,0,1,0,0,0,0,0,0,1,0,0,0,0,0,0,0,1,0
f6038ea0-0b69-11e8-827c-bba53cbad290,2013,51,0,0,1,0,0,0,0,0,1,0,0,0,0,0,0,0,0,1,0,0,0,0,1,0,0
ddeda6e0-7fe2-11ee-a4c1-3bbfd6b8c865,2023,52,0,0,0,1,0,0,0,0,1,0,0,0,0,0,0,0,0,0,0,1,0,0,0,1,0
9C3E256A-796A-4101-8A2C-2B5714E16BFE,2013,92,0,0,0,0,0,1,0,0,0,0,1,0,0,1,0,0,0,0,0,0,0,0,0,1,0
04BC5440-802F-4E5F-ADA6-2A5FA5AB3E71,2016,00,0,0,0,1,0,0,0,0,1,0,0,0,0,0,0,0,0,0,0,1,0,1,0,0,0
9C593ED6-F662-4142-AA6B-217C3C097E90,2012,00,1,1,1,0,0,0,0,0,1,0,0,0,0,0,0,0,0,1,0,0,0,0,0,1,0
2B51E2D8-359F-4447-BDC2-237009EEEA8D,2016,00,0,0,0,0,0,1,0,0,0,1,0,0,0,1,0,0,0,0,0,0,0,1,0,0,0
36bc43f0-1439-11e9-9b0e-db2459a65ffe,2018,51,0,1,0,0,0,0,0,0,1,0,0,0,0,0,0,1,0,0,0,0,0,0,0,1,0
9C67F357-FD18-4A44-B801-526461B71E3B,2013,62,0,0,0,0,0,0,0,1,0,0,0,1,0,0,0,0,0,0,0,1,0,0,0,1,0
9C693B0F-AF05-4024-A529-3DD48713CDFE,2013,92,0,0,0,0,0,1,0,0,0,1,0,0,0,1,0,0,0,0,0,0,0,0,0,1,0
9C6C8C15-C9EC-4A70-870E-17CB9A101F78,2013,92,0,0,0,0,0,1,0,0,0,1,0,0,0,1,0,0,0,0,0,0,0,0,0,1,0
9C6E95A3-5655-40F0-A7A2-EDBDAF9165FA,2013,49,0,0,0,0,0,1,0,0,0,1,0,0,0,1,0,0,0,0,0,0,0,0,0,1,0
9C744D94-C3EA-4E97-9965-7CD73BD50585,2010,62,0,0,0,0,0,0,0,1,0,0,0,1,0,0,0,0,0,0,0,1,0,1,0,0,0
9C74500E-D2BB-46D7-A3FD-B17E0E496DDA,2013,92,0,1,0,0,0,0,0,0,1,0,0,0,0,0,0,1,0,0,0,0,1,0,0,0,0
0b29cb40-a189-11e8-a73d-8bf9996ed0ad,2015,92,1,0,0,0,0,0,0,0,1,0,0,0,0,0,0,0,1,0,0,0,1,0,0,0,0
9C79B101-1C40-4CC7-BEA1-597A4A0A6391,2015,00,0,1,0,0,0,0,0,0,1,0,0,0,0,0,0,1,0,0,0,0,1,0,0,0,0
9C7D3EFE-F9E7-4FA3-89AC-ABE10FC21777,2012,92,0,0,0,0,0,1,0,0,0,1,0,0,0,1,0,0,0,0,0,0,0,0,0,1,0
9C7D9315-68D2-417D-BFB9-F00F1A584EE7,2014,51,0,1,0,0,0,0,0,0,1,0,0,0,0,0,0,1,0,0,0,0,0,0,0,1,0
9C8BF6D6-7488-4ADA-BB52-BE1DA1D4B47A,2012,92,0,0,0,0,0,1,0,0,0,0,1,0,0,1,0,0,0,0,0,0,0,0,0,1,0
9C8E5C20-25E9-4765-B08D-DC0B907AD2C2,2013,00,0,0,0,0,1,0,0,0,0,1,0,0,1,0,0,0,0,0,0,0,0,0,0,1,0
9C91349A-1EA2-4905-97A2-DC9444A6C366,2013,62,0,0,0,1,0,0,0,0,1,0,0,0,0,0,1,0,0,0,0,0,0,1,0,0,0
9C95706C-9C67-4B92-B5BC-EB48C9802EA3,2013,06,0,0,0,0,0,1,0,0,0,0,1,0,0,1,0,0,0,0,0,0,0,0,0,1,0
9C962F16-01A9-4EDC-9B84-64FA6385BF1E,2011,92,0,0,0,0,1,0,0,0,0,1,0,0,1,0,0,0,0,0,0,0,0,0,0,1,0
774b16b0-ded9-11e9-ad75-f56272c47bf9,2018,00,1,1,1,0,0,0,0,0,1,0,0,0,0,0,0,0,0,1,0,0,0,0,0,1,0
9CA00F7C-CFF5-445E-B637-067CB85CEB10,2013,42,1,1,0,0,0,0,0,0,1,0,0,0,0,0,0,0,1,0,0,0,0,0,0,1,0
315a6cb0-74be-11eb-a956-8766d2dd0181,2020,51,0,0,0,0,0,1,0,0,0,1,0,0,0,1,0,0,0,0,0,0,0,0,0,1,0
d2295420-72d0-11eb-a674-05cfd55ad89e,2018,71,0,0,0,0,0,1,0,0,0,1,0,0,0,1,0,0,0,0,0,0,0,0,0,1,0
9CC33DEB-6C24-42B1-8723-C17EB487D220,2012,92,0,0,0,0,0,1,0,0,0,1,0,0,0,1,0,0,0,0,0,0,0,0,0,1,0
9CC4A11F-42A6-435A-A35C-846DAD315B74,2010,92,0,0,0,0,0,1,0,0,0,1,0,0,0,0,1,0,0,0,0,0,0,0,0,1,0
9CC63328-D66F-42B7-B962-BB8FDFD4AD10,2014,62,0,0,0,1,0,0,0,0,1,0,0,0,0,0,1,0,0,0,0,0,0,1,0,0,0
9CCF5F97-74B6-4951-A685-FC18BA8E68FA,2010,62,0,0,0,1,0,0,0,0,1,0,0,0,0,0,1,0,0,0,0,0,0,1,0,0,0
9CD620C7-8D9E-408E-99EB-6ECD4F5BB705,2004,62,0,1,0,0,1,0,0,0,0,1,0,0,1,0,0,0,0,0,0,0,0,1,0,0,0
9CD6280B-A5F3-4241-B30B-52BEE3BD8B28,2011,62,0,0,0,1,0,0,0,0,1,0,0,0,0,0,1,0,0,0,0,0,0,1,0,0,0
9CDA1F61-B3A1-422F-8D15-3EDCA70824EA,2013,61,0,0,0,0,0,1,0,0,0,1,0,0,0,1,0,0,0,0,0,0,0,0,0,1,0
FB73786B-6DD0-4850-8763-E8A32D09B5EA,2016,92,0,0,0,1,0,0,0,0,1,0,0,0,0,0,1,0,0,0,0,0,0,1,0,0,0
9CEA2F1C-7BF0-43CE-B3D4-0DF6657001AF,2010,62,0,0,0,1,0,0,0,0,1,0,0,0,0,0,1,0,0,0,0,0,0,1,0,0,0
bce00cf0-8cc7-11e7-97c0-cfe5b6ac1588,2016,92,0,0,0,1,0,0,0,0,0,0,1,0,0,0,1,0,0,0,0,0,0,0,0,1,0
C9C5CDB4-6E80-4ACB-8101-95017D7279C4,2015,52,0,0,0,1,0,0,0,0,1,0,0,0,0,0,0,0,0,0,0,1,0,0,0,1,0
9CF2D256-81C0-4C26-AFDA-1D9550797E4C,2013,00,0,0,0,0,1,0,0,0,0,1,0,0,1,0,0,0,0,0,0,0,0,0,0,1,0
556BFE6C-9258-49B3-B45B-924FE50F1D77,2015,62,0,0,0,0,1,0,0,0,0,1,0,0,1,0,0,0,0,0,0,0,0,1,0,0,0
9CFB93C5-96A6-410C-BB47-DF24B2763B6B,2010,92,0,0,0,0,1,0,0,0,0,1,0,0,1,0,0,0,0,0,0,0,0,0,0,1,0
9D0209FC-9F55-4362-A021-BAE6E49F3D66,2010,92,0,0,0,0,0,1,0,0,0,0,0,1,0,1,0,0,0,0,0,0,0,0,0,1,0
9D0B6C62-0C39-4A24-AD3C-E15A73DAA126,2013,62,0,0,0,0,0,1,0,0,0,1,0,0,0,1,0,0,0,0,0,0,0,0,0,1,0
9D1719EF-61C1-46A8-9A52-3E01F25E8FA9,2015,62,0,0,0,1,0,0,0,0,1,0,0,0,0,0,1,0,0,0,0,0,0,0,0,1,0
9D18D25B-83D3-4A86-97C3-F3A5364FD528,2013,44,0,0,0,0,1,0,0,0,0,1,0,0,1,0,0,0,0,0,0,0,0,0,0,1,0
9D1C911C-798F-42F2-921C-56DABB7F31FE,2013,00,0,1,0,0,0,0,0,0,1,0,0,0,0,0,0,1,0,0,0,0,0,1,0,0,0
DABCAB1C-DCC6-4768-8DAD-567A8993C1DC,2023,61,1,1,0,0,0,0,0,0,1,0,0,0,0,0,0,0,1,0,0,0,0,0,0,1,1
9D3FE3C1-F2B8-4E3C-B90B-623333B4432F,2013,61,1,0,0,0,1,0,0,0,1,1,0,0,1,0,0,0,1,0,0,0,0,1,0,0,0
9D4C2A45-1DA1-4909-8616-1B4363797D1F,2015,62,0,1,0,0,0,0,0,0,1,0,0,0,0,0,0,0,0,0,0,1,0,0,0,1,0
9D4FA299-EBF4-49B9-A06C-225EC11101D3,2012,00,0,0,0,0,0,1,0,0,0,1,0,0,0,1,0,0,0,0,0,0,0,0,0,1,0
9D5C1949-6B80-4B80-888D-267FEEF438D1,2012,92,1,1,1,0,0,0,0,0,1,0,0,0,0,0,0,0,0,1,0,0,0,0,0,1,0
4633DCD6-B1F7-4C43-9E36-0772AD40B5C5,2023,61,1,1,0,0,0,0,0,0,1,0,0,0,0,0,0,0,1,0,0,0,0,0,0,1,1
9D6229B5-D8F4-4B6B-91FF-BBF8A9B7061D,2013,51,0,1,0,0,0,0,0,0,1,0,0,0,0,0,0,1,0,0,0,0,0,0,0,1,0
9D7CFAB8-D5F1-4FA2-B2B1-588682489120,2013,62,0,0,0,1,0,0,0,0,1,0,0,0,0,0,1,0,0,0,0,0,0,1,0,0,0
9D7DB337-7273-47E8-9248-129BF9AEA80C,2012,48,0,0,0,0,0,1,0,0,0,1,0,0,0,1,0,0,0,0,0,0,0,0,0,1,0
eafc3ad0-a47f-11e7-b5cf-fd750643ba69,2017,62,0,0,0,0,1,0,0,0,0,1,0,0,1,0,0,0,0,0,0,0,0,0,0,1,0
9D8523AB-0087-461A-8409-EB7731178267,2013,33,1,0,0,0,0,0,0,0,1,0,0,0,0,0,0,0,1,0,0,0,0,0,0,1,0
444497b0-89a3-11e7-bf1d-81579668407a,2015,00,0,0,0,0,0,1,0,0,0,0,1,0,0,1,0,0,0,0,0,0,0,0,0,1,0
9D94C7D1-D0F2-493B-BB3F-314043B33D14,2014,00,0,0,0,0,0,1,0,0,0,0,1,0,0,1,0,0,0,0,0,0,0,1,0,0,0
9D9571EC-44B4-4205-9D8B-B7A0E38548BE,2012,00,0,0,0,0,0,1,0,0,0,1,0,0,0,1,1,0,0,0,0,0,0,1,0,0,0
b510be50-b024-11f0-a027-d955a4d2f085,2025,62,0,1,0,0,0,0,0,0,1,0,0,0,0,0,0,0,1,0,0,0,0,0,0,1,0
9DAA921A-2B94-49F3-9957-516AE19D6F69,2011,56,0,0,0,0,0,1,0,0,0,1,0,0,0,1,0,0,0,0,0,0,0,1,0,0,0
33234575-E00B-4134-9A54-07487F715BD0,2015,62,1,0,1,0,0,0,0,0,1,0,0,0,0,0,0,0,0,1,0,0,0,0,0,1,0
9DAFBDE0-2CF6-44D5-B47B-D41FC5DB600E,2010,92,0,0,0,0,0,1,0,0,0,1,0,0,0,1,0,0,0,0,0,0,0,0,0,1,0
2EC97468-3D69-4A03-91EE-9EB0BAA5D1BE,2009,92,0,0,0,0,1,0,0,0,0,1,0,0,1,0,0,0,0,0,0,0,0,0,0,1,0
9DB4D353-45BB-43C8-95CD-7EC40748428C,2013,52,0,0,0,1,0,0,0,0,1,0,0,0,0,0,0,0,0,0,0,1,0,0,0,1,0
aeeb5300-ca6b-11e9-a165-8941f678e264,1995,52,0,0,0,0,1,0,0,0,0,1,0,0,1,0,0,0,0,0,0,0,0,0,0,1,0
78c6b7b0-0b6d-11e8-827c-bba53cbad290,2017,00,0,1,0,0,0,0,0,0,1,0,0,0,0,0,0,1,0,0,0,0,0,0,0,1,0
34E718E1-0013-483C-B2B7-EFA3CF27AF70,2023,61,1,1,0,0,0,0,0,0,1,0,0,0,0,0,0,0,1,0,0,0,0,0,0,1,1
9DC43342-03B8-46E0-9654-C83E7A3DB038,2014,92,1,0,0,0,0,0,0,0,1,0,0,0,0,0,0,0,1,0,0,0,1,0,0,0,0
48a7f6a0-782e-11ee-aff5-65f5e013890e,2022,00,0,1,0,0,0,0,0,1,1,0,0,0,0,0,0,1,0,0,0,0,0,0,0,1,0
426e9b00-3da0-11ed-a11a-bb811330b875,2021,62,0,1,0,0,0,0,0,1,1,0,0,0,0,0,0,0,0,0,0,1,0,0,0,1,0
A83657F7-7697-4BF1-9477-35827EFC8300,2016,00,0,0,0,1,1,0,0,0,0,1,0,0,1,0,1,0,0,0,0,0,0,0,0,1,0
9DD63FB2-F23F-4C6B-B86F-930333C42B2C,2010,62,0,0,0,0,0,0,0,1,1,0,0,0,0,0,0,0,0,0,0,1,0,0,0,1,0
9DD67468-4F20-4EF5-92B7-15A502CF22F0,2012,92,0,0,0,0,0,1,0,0,0,1,0,0,0,1,0,0,0,0,0,0,0,0,0,1,0
2ed14820-1216-11eb-a3ae-53136ea5d4e6,2020,51,0,1,0,0,0,0,0,0,1,0,0,0,0,0,0,0,1,0,0,0,0,0,0,1,0
28B343EF-1C6B-4099-8233-3B45A9A23257,2016,62,0,0,0,0,1,0,0,0,0,1,0,0,1,0,0,0,0,0,0,0,0,0,0,1,0
7d05f300-04ac-11eb-8c43-8ded27596b66,2020,62,0,1,1,0,0,0,0,0,1,0,0,0,0,0,0,0,0,1,0,0,0,0,0,1,0
9DF42B8E-3F42-44E9-842A-6F3E48CF0AE7,2015,62,0,0,0,0,0,1,0,0,0,1,0,0,0,1,0,0,0,0,0,0,0,0,0,1,0
EA4C8648-1B93-429B-9992-0B083C8BAE24,2016,62,0,0,0,0,1,0,0,0,0,1,0,0,1,0,0,0,0,0,0,0,0,0,0,1,0
eb212000-a1a2-11e7-bd2e-43ac41b832c9,2017,06,0,1,0,0,0,0,0,0,1,0,0,0,0,0,0,1,0,0,0,0,0,0,0,1,0
fcc0ac60-e4ae-11eb-8ef6-fbb8d39928b9,2020,51,0,0,0,0,0,1,0,0,0,1,0,0,0,1,0,0,0,0,0,0,0,0,0,1,0
9DF97E30-EDE9-4206-A421-C9464E44C74E,2013,92,0,0,0,0,0,1,0,0,0,1,0,0,0,1,0,0,0,0,0,0,0,0,0,1,0
9DFDDC7A-B269-4680-893E-8BC849B30D94,2013,52,0,1,0,0,0,0,0,0,1,0,0,0,0,0,0,1,0,0,0,0,0,0,0,1,0
9E0569B6-C0E0-4FC8-82BD-E59B782277A5,2013,92,0,0,0,0,0,1,0,0,0,1,0,0,0,1,0,0,0,0,0,0,0,1,0,0,0
6678E3F5-4BEC-48DF-B0F6-B3724FF3AC0C,2023,61,1,1,0,0,0,0,0,0,1,0,0,0,0,0,0,0,1,0,0,0,0,0,0,1,1
9E07F0A2-3C2A-41A5-8739-5B781971833B,2013,92,0,0,0,0,1,0,0,0,0,1,0,0,1,0,0,0,0,0,0,0,0,0,0,1,0
9E0C9AF8-6791-4FBC-A651-50F4B5E16811,2014,62,0,0,0,1,0,0,0,0,0,0,0,1,0,0,1,0,0,0,0,0,0,0,0,1,0
9E116AE0-E63D-41AB-BB7D-53CBBF6A4E6E,2014,92,0,1,0,0,0,0,0,0,1,0,0,0,0,0,0,1,0,0,0,0,0,0,1,0,0
9E1662D0-94C5-403A-8A62-673C99CE441B,2012,00,0,1,0,0,0,0,0,0,1,0,0,0,0,0,0,1,0,0,0,0,0,0,0,1,0
9E1D8805-BBE4-4163-993D-0A7730F4C9D2,2012,81,0,1,0,0,0,0,0,0,1,0,0,0,0,0,0,1,1,0,0,0,0,0,0,1,0
F9F65E2C-FBB7-417D-9293-F12C18B637E0,2023,61,1,1,0,0,0,0,0,0,1,0,0,0,0,0,0,0,1,0,0,0,0,0,0,1,1
AB81AC88-6885-4B74-A176-228222E995B8,2016,11,0,0,0,0,1,0,0,0,0,1,0,0,1,0,0,0,0,0,0,0,0,0,0,1,0
9E37EF1F-CC86-4975-9CCC-FEA6ECE4E2BC,2014,62,0,0,0,0,0,1,0,0,0,1,0,0,0,1,0,0,0,0,0,0,0,1,0,0,0
1CD85C9B-5F86-47BB-81D5-02AF08D6BA3C,2023,61,1,1,0,0,0,0,0,0,1,0,0,0,0,0,0,0,1,0,0,0,0,0,0,1,1
cc26e7e0-099d-11ec-863c-8359987c65e0,2021,54,0,0,0,0,0,1,0,0,0,1,0,0,0,1,0,0,0,0,0,0,0,0,0,1,0
F2D51367-413F-42F1-926C-72B4342832C4,2012,62,0,0,0,0,1,0,0,0,1,1,0,0,1,0,0,0,0,0,0,0,0,0,0,1,0
96bbb480-e4a6-11eb-8ef6-fbb8d39928b9,2021,62,0,0,0,0,1,0,0,0,0,1,0,0,1,0,0,0,0,0,0,0,0,0,0,1,0
afe501a0-c49d-11e7-9a8b-47d1b690bc01,2013,72,0,0,0,1,0,0,0,0,0,1,0,0,0,0,1,0,0,0,0,0,0,0,0,1,0
8099D2B1-0B88-4BA3-86CD-5BDC9199CA16,2016,61,0,0,0,0,1,0,0,1,0,0,1,0,1,0,0,0,0,0,0,0,0,0,0,1,0
f5032310-8ccc-11e7-811e-83915e56fc98,2017,00,0,0,0,1,0,0,0,0,0,1,0,0,0,0,1,0,0,0,0,0,0,0,0,1,0
7e77b030-2901-11e9-adf7-352895b3dcd2,2018,92,0,0,0,1,0,0,0,0,0,1,0,0,0,0,1,0,0,0,0,0,0,0,0,1,0
cd8d7dc0-74a5-11eb-a956-8766d2dd0181,2020,51,0,1,1,0,0,0,0,0,1,0,0,0,0,0,0,1,0,1,0,0,0,0,0,1,0
9E65802C-5C49-4AA2-B423-85D3069CD5FD,2013,92,0,0,0,0,1,0,0,0,0,1,0,0,1,0,0,0,0,0,0,0,0,1,0,0,0
9E67B9A1-2C34-4D9B-AD31-94D73D939D70,2008,62,0,0,0,0,1,0,0,0,0,1,0,0,1,0,0,0,0,0,0,0,0,0,0,1,0
9E691CF8-D2CC-464E-BE0C-B44F956692E1,2011,92,0,0,0,0,1,0,0,0,0,1,0,0,1,0,0,0,0,0,0,0,0,0,0,1,0
9E74E102-9743-4208-A9ED-B2E829F76E84,2009,00,0,1,0,0,0,0,0,0,1,0,0,0,0,0,0,0,0,0,0,1,0,0,0,1,0
9E78DB20-F398-44CB-9075-3E7E673D14C8,2012,61,0,0,0,0,1,0,0,0,1,0,0,0,1,0,0,0,0,0,0,0,0,1,0,0,0
9E7BEC1D-0008-4CB8-B4AF-E43E261546B4,2015,51,0,1,0,0,0,0,0,0,1,0,0,0,0,0,0,1,0,0,0,0,0,0,0,1,0
9E83E60C-64AC-4DA5-B964-C2798C775D5B,2013,52,0,0,0,0,0,1,0,0,0,0,1,0,0,0,1,0,0,0,0,0,0,1,0,0,0
9E8A462A-9190-44ED-BC0B-700243C78588,2013,51,0,1,0,0,0,0,0,0,1,0,0,0,0,0,0,1,0,0,0,0,1,0,0,0,0
9E9436E1-5B60-4268-8C6A-4E04B7B3F046,2013,00,0,0,0,0,0,1,0,0,0,1,0,0,0,1,0,0,0,0,0,0,0,1,0,0,0
28dbfc40-e20c-11e7-8553-197c24c367d2,2017,62,0,0,0,0,1,0,0,0,0,1,0,0,1,0,0,0,0,0,0,0,0,0,0,1,0
1AF7EEE9-BCD4-43C7-81DB-E1EE48CB82ED,2016,62,1,0,1,0,0,0,0,0,1,0,0,0,0,0,0,0,1,0,0,0,0,1,0,0,0
9E9EAE80-C555-4005-A5BB-7D54F6205EC2,2013,62,0,0,0,1,0,0,0,0,1,0,0,0,0,0,1,0,0,0,0,0,0,1,0,0,0
9E9F9932-9E6B-440E-A9A8-6E0D6F80C873,2014,62,0,0,0,1,0,0,0,0,1,0,0,0,0,0,1,0,0,0,0,0,0,0,0,1,0
C18BF793-EE19-4225-A848-93378D1CE287,2016,62,1,0,1,0,0,0,0,0,1,0,0,0,0,0,0,0,1,0,0,0,1,0,0,0,0
9EA6A1C8-C1B7-49F0-997E-F6B810D20D44,2010,62,0,0,0,1,0,0,0,0,1,0,0,0,0,0,1,0,0,0,0,0,0,1,0,0,0
9EBC8224-2E90-49BB-ACB4-EE627CADCB45,2013,51,0,0,1,0,0,0,0,0,1,0,0,0,0,0,0,0,0,1,0,0,0,0,0,1,0
5A48B49F-75C6-49C2-A815-63FE64B43D74,2016,44,0,0,0,0,0,1,0,0,0,1,0,0,0,1,0,0,0,0,0,0,0,0,0,1,0
9EC46077-B724-4534-854B-823D016EE229,2010,54,0,0,0,0,0,1,0,0,0,0,1,0,0,0,1,0,0,0,0,0,0,1,0,0,0
9ECDBD95-C260-4858-B182-D45F39E72E1D,2013,00,0,0,0,1,0,0,0,0,1,0,0,0,0,0,1,0,0,0,0,0,0,1,0,0,0
21AC4DFC-4DEB-4365-B0AC-D3D496EA25FF,2023,61,1,1,0,0,0,0,0,0,1,0,0,0,0,0,0,0,1,0,0,0,0,0,0,1,1
CB10FE1B-FECD-44ED-A0BB-98C3A5E958A3,2023,61,1,1,0,0,0,0,0,0,1,0,0,0,0,0,0,0,1,0,0,0,0,0,0,1,1
013d6d40-fbeb-11e9-8c71-6b6c5a5368d9,2018,52,0,1,0,0,0,0,0,1,1,0,0,0,0,0,0,0,1,0,0,0,0,0,0,1,0
9EE78B92-D2A6-46A9-9694-8140DF15FF49,2013,00,0,1,0,0,0,0,0,0,1,0,0,0,0,0,0,1,0,0,0,0,1,0,0,0,0
9EFB472D-D1D2-452C-A999-A349CA5B3795,2013,52,0,1,1,0,0,0,0,0,1,0,0,0,0,0,0,1,0,1,0,0,0,0,0,1,0
599bb4d0-bf7b-11e9-a5a0-eb7abaf171bc,2017,52,0,0,0,0,1,0,0,0,0,1,0,0,1,0,0,0,0,0,0,0,0,0,0,1,0
046473E6-227A-44F8-AFD1-79F49BC9DB29,2023,61,1,1,0,0,0,0,0,0,1,0,0,0,0,0,0,0,1,0,0,0,0,0,0,1,1
9e9a5030-ca6d-11e9-a165-8941f678e264,2019,05,0,0,0,0,0,1,0,0,0,1,0,0,0,1,0,0,0,0,0,0,0,0,0,1,0
258a81c0-0b55-11e8-985b-1119ad21cbad,2017,51,0,1,0,0,0,0,0,0,1,0,0,0,0,0,0,1,0,0,0,0,0,0,0,1,0
9F18AD15-72EC-462E-8719-D3217989B8B6,2013,51,1,1,0,0,0,0,0,0,1,0,0,0,0,0,0,1,0,0,0,0,1,0,0,0,0
5C55991A-CD8F-48FE-89A5-0F057A914765,2015,92,0,0,0,0,0,1,0,0,0,1,0,0,0,0,1,0,0,0,0,0,0,0,0,1,0
9F1E4760-34FD-404A-B619-82AC219BDAB7,2012,52,0,0,0,0,0,1,0,0,0,1,0,0,0,1,0,0,0,0,0,0,0,0,0,1,0
29A97A50-B822-42E4-A60A-C01DEA70861E,2023,61,1,1,0,0,0,0,0,0,1,0,0,0,0,0,0,0,1,0,0,0,0,0,0,1,1
976C8221-E0D3-4EAC-B91D-C5FDCDA9F20D,2016,92,0,0,0,0,1,0,0,0,0,1,0,0,1,0,0,0,0,0,0,0,0,0,0,1,0
9F28738B-1C0A-4700-BF62-820C572CD933,2010,92,0,0,0,0,0,1,0,0,0,1,0,0,0,1,0,0,0,0,0,0,0,0,0,1,0
9F2BD1EA-BA33-4A86-83DC-8E1FDA613F69,2012,00,0,0,0,1,0,0,0,0,1,0,0,0,0,0,1,0,0,0,0,0,0,1,0,0,0
90E5C1D5-5862-4B7F-8A98-E2508746BDE7,2023,61,1,1,0,0,0,0,0,0,1,0,0,0,0,0,0,0,1,0,0,0,0,0,0,1,1
9F2E5318-01C1-458B-BEC9-C71E4464B804,2015,61,0,0,0,0,0,1,0,1,0,0,0,1,0,1,0,0,0,0,0,0,0,0,0,1,0
6ba7d5a0-8e72-11ec-87f6-d3dcb0bc7258,2021,56,1,0,0,0,0,0,0,1,1,0,0,0,0,0,0,0,1,0,0,0,0,0,0,1,0
9F46A2D6-51B9-4C54-A673-FF4E5BB45034,2009,92,0,0,0,0,0,1,0,0,0,1,0,0,0,1,0,0,0,0,0,0,0,0,0,1,0
65EC0E00-D711-4349-A4A7-D23DC1A82F86,2023,52,1,1,0,0,0,0,0,0,1,0,0,0,0,0,0,0,1,0,0,0,0,0,0,1,1
9F514849-50A4-48EC-9C16-88D562F70CB9,2014,81,0,1,0,0,0,0,0,0,1,0,0,0,0,0,0,0,0,0,0,1,0,0,0,1,0
154D4191-3129-4C41-9E2B-F38C72135369,2023,61,1,1,0,0,0,0,0,0,1,0,0,0,0,0,0,0,1,0,0,0,0,0,0,1,1
9F5EC660-3CB5-46C1-93E1-24D8F54B5432,2012,61,0,0,0,0,1,0,0,0,0,1,0,0,1,0,0,0,0,0,0,0,0,0,0,1,0
cda8e120-3531-11ed-979a-ede67af894b9,2021,00,0,1,0,0,0,0,0,0,1,0,0,0,0,0,0,1,0,0,0,0,0,0,0,1,0
66585F2B-2D79-432C-922A-E03FF22AC0E9,2023,00,1,1,0,0,0,0,0,0,1,0,0,0,0,0,0,0,1,0,0,0,0,0,0,1,1
3D6D6E4A-4F01-4F8F-BD19-9C9BD634AF4C,2016,45,0,1,0,0,0,0,0,0,1,0,0,0,0,0,0,1,0,0,0,0,0,1,0,0,0
d8bb2c80-d949-11ef-94f8-638529e3ff3b,2024,51,0,1,0,0,0,0,0,1,1,0,0,0,0,0,0,0,1,0,0,0,0,0,0,1,0
e839fe90-8cba-11e7-97c0-cfe5b6ac1588,2017,00,1,0,0,0,0,0,0,0,1,0,0,0,0,0,0,0,1,0,0,0,0,0,0,1,0
6e3e25c0-fbe5-11e9-8c71-6b6c5a5368d9,2018,51,0,0,0,0,1,0,0,0,1,0,0,0,1,0,0,1,0,0,0,0,0,0,0,1,0
9F9599A3-90A3-4E24-8190-2BC8D714C3BB,2013,54,0,1,0,0,0,0,0,0,1,0,0,0,0,0,0,1,0,0,0,0,0,0,0,1,0
9F992D62-10F1-45AB-AF87-2F6511B73956,2013,62,0,0,0,1,0,0,0,0,1,0,0,0,0,0,1,0,0,0,0,0,0,1,0,0,0
15ba8050-7fe0-11ee-a4c1-3bbfd6b8c865,2023,54,1,1,0,0,0,0,0,0,1,0,0,0,0,0,0,0,1,0,0,0,0,0,0,1,0
CC86A206-CA47-49B4-A7F1-8AB886BD6F12,2015,62,0,0,0,0,0,1,0,0,0,1,0,0,0,1,0,0,0,0,0,0,0,0,0,1,0
9FA5B4DE-8718-4995-846A-44CE0A582587,2012,81,0,1,0,0,0,0,0,0,1,0,0,0,0,0,0,1,0,0,0,0,0,0,0,1,0
109AE399-9876-496F-A7CE-C972BF894144,2016,00,0,0,0,0,0,1,0,0,0,1,0,0,0,1,0,0,0,0,0,0,0,0,0,1,0
9FACDAAA-ACC9-4690-91DE-0A5CDA7A706E,2012,00,0,0,0,0,0,0,0,1,0,0,0,1,0,0,0,0,0,0,0,1,0,0,0,1,0
8d8c0670-6bbb-11e7-97f1-7f40b0b1fd66,2017,62,0,0,0,0,1,0,0,0,0,1,0,0,1,0,0,0,0,0,0,0,0,0,0,1,0
9FB444DA-2E2A-4724-B11E-BA8534BA591D,2015,62,0,0,0,0,0,1,0,0,0,1,0,0,0,1,0,0,0,0,0,0,0,0,0,1,0
9FB608BA-B39A-4398-AB20-A0286EECC62E,2014,61,0,0,1,0,0,0,0,0,0,1,0,0,0,0,0,0,0,1,0,0,0,0,0,1,0
9FB704C1-8641-4E94-82B4-4B49AC9185D8,2014,44,0,0,0,1,0,0,0,0,1,0,0,0,0,0,0,0,0,0,0,1,0,0,1,0,0
9FC1902D-38C8-41E9-9931-67BCDADF1683,2013,61,0,0,0,1,0,0,0,0,0,1,0,0,0,0,1,0,0,0,0,0,0,0,0,1,0
9FC2C6FA-BFF9-4572-99E1-4A2245B61342,2012,92,0,0,0,0,0,1,0,0,0,0,1,0,0,1,0,0,0,0,0,0,0,0,0,1,0
9FC3D60B-A20A-419D-A3CA-EEB8527B497D,2012,81,0,1,0,0,0,0,0,0,1,0,0,0,0,0,0,1,0,0,0,0,1,0,0,0,0
dbc27cd0-83f0-11ee-94c6-6fecd7388f85,2022,54,1,0,0,0,0,0,0,1,1,0,0,0,0,0,0,0,1,0,0,0,0,0,0,1,0
9FCA1D02-6BB3-491D-9EB0-0D5854EC2C98,2014,00,0,1,0,0,0,0,0,0,1,0,0,0,0,0,0,1,0,0,0,0,1,0,0,0,0
9FCBFBF2-596E-4DBB-9DF8-3F993BEC5F83,2012,00,1,1,1,0,0,0,0,0,1,0,0,0,0,0,0,0,0,1,0,0,0,0,0,1,0
9FD04AA6-04CF-4735-86FF-61A62C0D5452,2013,05,0,0,0,0,0,1,0,0,0,1,0,0,0,1,0,0,0,0,0,0,0,0,0,1,0
9FD052FA-89FF-443D-B831-B64682D29B81,2013,62,1,0,1,0,0,0,0,0,1,0,0,0,0,0,0,0,0,1,0,0,0,0,0,1,0
c0051190-ac57-11e8-8036-a30436c88231,2017,92,0,0,0,0,1,0,0,0,0,1,0,0,1,0,0,0,0,0,0,0,0,1,0,0,0
f3604ef0-9b0f-11e8-8050-370b93adfe70,2018,92,0,0,0,0,0,1,0,0,1,0,0,0,0,1,1,0,0,0,0,0,0,0,0,1,0
0FF3EBC0-E321-49FD-85BD-BC3814154F33,2016,45,0,0,0,0,0,1,0,0,0,1,0,0,0,1,0,0,0,0,0,0,0,1,0,0,0
9FEAAF24-C1A9-4BD6-968B-2D12FB778A57,2014,54,0,1,0,0,0,0,0,0,1,0,0,0,0,0,0,0,0,0,0,1,0,0,0,1,0
9FF0E9E9-CB7F-40AE-8D82-1A05911A867F,2013,51,0,1,0,0,0,0,0,0,1,0,0,0,0,0,0,1,0,0,0,0,0,0,0,1,0
9FF7E88F-E2AC-4C15-8E37-DF98FE8C0F27,2013,92,0,0,0,0,1,0,0,0,0,1,0,0,1,0,0,0,0,0,0,0,0,0,0,1,0
120f72d0-9982-11e7-b039-d34ad5cfc38b,2017,44,0,0,0,1,0,0,0,0,1,0,0,0,0,0,0,0,0,0,0,1,0,0,0,1,0
9FFDDAD8-1FC8-4675-8598-EE972F0EC66A,2013,00,0,0,0,0,0,1,0,0,0,1,0,0,0,1,0,0,0,0,0,0,0,0,0,1,0
F5944DF1-6C4E-4A51-82D1-E4860E29DC96,2016,54,0,0,0,0,0,1,0,0,0,1,0,0,0,1,0,0,0,0,0,0,0,0,0,1,0
9E3E33F3-E846-4226-BEB6-D8AD8639747C,2016,51,0,1,0,0,0,0,0,0,1,0,0,0,0,0,0,1,0,0,0,0,0,0,0,1,0
A00BCCFD-2E19-4C81-A94B-A4C0484D3AF3,2012,56,0,0,0,0,0,0,0,1,0,0,0,1,0,0,0,0,0,0,0,1,0,0,0,1,0
20e8afb0-d91b-11f0-82e6-074fe481ef29,2024,00,0,0,0,0,0,1,0,0,1,0,0,0,0,1,0,0,0,0,0,0,0,0,0,1,0
A025D88E-B136-436B-8162-782F2121C098,2011,62,0,1,0,0,0,0,0,0,1,0,0,0,0,0,0,0,0,0,0,1,0,0,0,1,0
A0281F3B-92F2-4F10-80D6-1715D6D98E66,2014,52,0,0,0,1,0,0,0,0,1,0,0,0,0,0,1,0,0,0,0,0,0,1,0,0,0
A02C34D3-5B25-411E-BBDA-05ED5F676DF6,2010,62,0,0,0,0,0,1,0,0,0,1,0,0,0,0,1,0,0,0,0,0,0,1,0,0,0
A0309A22-68F1-4CC4-961E-623C5E6B407F,2011,52,0,1,0,0,0,0,0,0,1,0,0,0,0,0,0,1,0,0,0,0,0,0,0,1,0
A034B2DF-D01E-4721-A11B-10A2AE58ADD5,2014,62,0,0,0,0,1,0,0,0,0,1,0,0,1,0,0,0,0,0,0,0,0,0,0,1,0
ad25b8f0-de19-11e9-b511-f75921c18742,2019,62,1,0,0,0,0,0,0,0,1,0,0,0,0,0,0,0,1,0,0,0,0,1,0,0,0
A03C063F-4447-4E11-B32F-E8650CB7A31B,2010,62,0,0,0,1,0,0,0,0,0,1,0,0,0,0,1,0,0,0,0,0,0,1,0,0,0
43e7fc30-10b3-11ec-ac2c-abfc822846a5,2017,61,0,1,0,0,0,0,0,0,1,0,0,0,0,0,0,1,0,0,0,0,1,0,0,0,0
96715516-6B27-4DE3-935E-24817A09A75A,2023,61,1,1,0,0,0,0,0,0,1,0,0,0,0,0,0,0,1,0,0,0,0,0,0,1,1
A0669728-61F0-455C-8786-3A75AB36F1AE,2015,56,1,0,0,0,0,0,0,0,1,0,0,0,0,0,0,0,1,0,0,0,0,0,0,1,0
fb411460-92cd-11ec-a39a-3584eb2df2ab,2021,51,1,1,0,0,0,0,0,0,1,0,0,0,0,0,0,0,1,0,0,0,0,0,0,1,0
A0702EA8-463D-4007-B42B-B408FA74F3F5,2013,42,0,0,0,1,0,0,0,0,1,0,0,0,0,0,0,0,0,0,0,1,0,0,0,1,0
A071B2B2-83F3-4BDD-B9A8-3753D26BB3BC,2010,92,0,0,0,0,0,1,0,0,0,1,0,0,0,1,0,0,0,0,0,0,0,0,1,0,0
A073AA0E-CC7E-416F-9A59-4D97A39FF367,2014,62,0,1,0,0,0,0,0,0,1,0,0,0,0,0,0,0,0,0,0,1,0,0,0,1,0
6F37143C-32BC-4705-9C9B-22CCEA810A2A,2015,62,1,0,0,0,0,0,0,0,1,0,0,0,0,0,0,0,1,0,0,0,0,1,0,0,0
A0772109-2249-4F8E-A3EA-F7AB8FC4D898,2012,44,0,0,0,1,0,0,0,0,1,0,0,0,0,0,1,0,0,0,0,0,0,1,0,0,0
5de73950-b69f-11e8-b56a-011002460f8b,2018,62,0,0,1,0,1,0,0,0,1,1,0,0,1,0,0,0,0,0,0,0,0,0,0,1,0
A079FEAB-6583-4B79-95F0-B85C13178DDF,2012,92,0,0,0,0,0,1,0,0,0,1,0,0,0,1,0,0,0,0,0,0,0,0,0,1,0
fc3046d0-a0f7-11ea-878c-ff8a51fa1e8f,2020,92,0,0,0,0,1,0,0,0,0,1,0,0,1,0,0,0,0,0,0,0,0,0,0,1,0
A09A513E-6B31-4F7D-B96F-D64C032AE7DD,2013,45,0,0,0,1,0,0,0,0,1,0,0,0,0,0,1,0,0,0,0,0,0,1,0,0,0
12ACC249-6A34-4DC1-AFEA-1BEBE2E9B778,2023,61,1,1,0,0,0,0,0,0,1,0,0,0,0,0,0,0,1,0,0,0,0,0,0,1,1
d8bcd760-d82b-11eb-a5a2-812629c6bc41,2021,00,0,0,0,0,0,1,0,0,0,1,0,0,0,1,0,0,0,0,0,0,0,0,0,1,0
A0A94EA0-91C9-4212-B3F7-58527D6EC63F,2013,92,0,1,0,0,0,0,0,0,1,0,0,0,0,0,0,1,0,0,0,0,1,0,0,0,0
8a885840-1a5f-11ed-ac8d-a1874ec50e39,2022,44,0,0,0,1,0,0,0,0,1,0,0,0,0,0,0,0,0,0,0,1,0,0,0,1,0
96a873b0-a61b-11e8-b17d-c5c01e287634,2018,06,0,0,0,0,0,1,0,0,0,1,0,0,0,1,0,0,0,0,0,0,0,1,0,0,0
A0BE107A-893F-45B8-9E44-B89E2E4FA7BC,2014,62,0,0,0,1,0,0,0,0,1,0,0,0,0,0,1,0,0,0,0,0,0,1,0,0,0
A0C75668-B881-492D-8A80-520AD6910A04,2013,92,0,0,0,0,0,1,0,0,0,1,0,0,0,1,0,0,0,0,0,0,0,0,0,1,0
A0C86E3B-42BE-48D4-8168-54C2C91A1834,1984,92,0,0,0,0,1,0,0,0,0,1,0,0,1,0,0,0,0,0,0,0,0,0,0,1,0
A0D3AE68-4B77-4744-A4D1-FE047A6168B9,2015,54,0,0,0,0,1,0,0,0,1,0,0,0,1,0,0,0,0,0,0,0,0,0,0,1,0
542F951C-2D32-43B2-B812-60E67DF57062,2023,00,1,1,0,0,0,0,0,0,1,0,0,0,0,0,0,0,1,0,0,0,0,0,0,1,1
A0EA1B20-A05E-4889-89BC-8527F9CB7FB1,2014,62,0,0,0,0,0,1,0,0,0,1,0,0,0,1,0,0,0,0,0,0,0,0,0,1,0
e37f39c0-c59e-11e7-8053-ff1e84d2b694,2016,92,0,1,0,0,0,0,0,0,1,0,0,0,0,0,0,1,0,0,0,0,0,0,0,1,0
7f8c1a60-c9f9-11eb-8af5-ed6b4a3c0fb5,2020,54,0,1,0,0,0,0,0,0,1,0,0,0,0,0,0,1,0,0,0,0,0,0,0,1,0
98cb1610-01a5-11eb-b177-5f49668a9776,2020,00,0,0,0,0,0,1,0,0,0,1,0,0,0,1,0,0,0,0,0,0,0,0,0,1,0
3668e080-25c5-11eb-a3b1-07c4769263ea,2020,92,0,0,0,0,1,0,0,0,0,1,0,0,1,0,0,0,0,0,0,0,0,0,0,1,0
A11157F9-33D0-42A4-8B6E-B6AD317C2AC8,2012,92,0,0,0,0,1,0,0,0,0,1,0,0,1,0,0,0,0,0,0,0,0,0,0,1,0
A1119792-19A0-4A9D-A934-09534D243421,2013,00,0,0,0,0,1,0,0,0,0,1,0,0,1,0,0,0,0,0,0,0,0,0,0,1,0
9EDF4CBB-E73E-45A8-B291-151D032554FA,2015,52,0,0,1,0,0,0,0,0,1,0,0,0,0,0,0,0,0,1,0,0,0,0,0,1,0
A11AF86B-FEEF-404E-B091-4FF10AC56A82,2012,62,0,0,0,0,1,0,0,0,0,1,0,0,1,0,0,0,0,0,0,0,0,0,0,1,0
DBE96DCE-3C24-46C3-94AB-911B079CC6BA,2016,51,0,1,0,0,0,0,0,0,1,0,0,0,0,0,0,1,0,0,0,0,0,0,0,1,0
9D687722-21C5-4A7B-9E69-D5DA62423BFF,2015,52,0,0,0,0,0,1,0,0,0,1,0,0,0,1,0,0,0,0,0,0,0,0,0,1,0
6CAD8DF8-29AD-49CC-B904-7C958F52B944,2023,61,1,1,0,0,0,0,0,0,1,0,0,0,0,0,0,0,1,0,0,0,0,0,0,1,1
798735FB-6388-49E5-B625-CEDECBFFBE66,2023,61,1,1,0,0,0,0,0,0,1,0,0,0,0,0,0,0,1,0,0,0,0,0,0,1,1
A144FC0C-40AE-4997-9B2A-D7DAF7816467,2014,62,0,0,0,0,0,1,0,0,0,1,0,0,0,1,0,0,0,0,0,0,0,0,0,1,0
A14E8ACC-8CE5-48D7-AD0E-2F46F0056E09,2013,00,1,1,1,0,0,0,0,0,1,0,0,0,0,0,0,0,0,1,0,0,0,0,0,1,0
2AF2E403-80B7-4329-BE7B-5D0A33510DBB,2023,61,1,1,0,0,0,0,0,0,1,0,0,0,0,0,0,0,1,0,0,0,0,0,0,1,1
C74D97B0-1EAE-257E-44AA-9D5BADE97BAF,2025,62,1,0,0,0,0,0,0,0,1,0,0,0,0,0,0,0,1,0,0,0,0,0,0,1,0
FCE51DA8-1230-4D3F-874D-31A0E67C5917,2023,61,1,1,0,0,0,0,0,0,1,0,0,0,0,0,0,0,1,0,0,0,0,0,0,1,1
A16172E9-4B5F-4FB1-BC70-8CAE634F5780,2012,62,0,0,0,1,0,0,0,0,1,0,0,0,0,0,1,0,0,0,0,0,0,1,0,0,0
A163682C-1CFE-4C05-A0D9-D3B07B256053,2013,81,0,1,0,0,0,0,0,0,1,0,0,0,0,0,0,1,0,0,0,0,1,0,0,0,0
A166AE89-4C5C-4779-8C59-5CACB27BAD7E,2012,62,0,0,0,0,1,0,0,0,0,1,0,0,1,0,0,0,0,0,0,0,0,0,0,1,0
A173DB4D-D6E9-4759-AF08-AA002089C0E8,2010,06,0,0,0,0,0,1,0,0,0,1,0,0,0,1,1,0,0,0,0,0,0,1,0,0,0
A1765E78-B49B-4B20-BA7F-39F6BD14AE9A,2013,51,0,1,0,0,0,0,0,0,1,0,0,0,0,0,0,1,0,0,0,0,0,0,0,1,0
f593edc0-3bfd-11ec-963f-f964320be408,2021,44,0,1,1,0,0,0,0,0,1,0,0,0,0,0,0,0,0,1,0,0,0,0,0,1,0
88633b40-8925-11e8-8760-271b3d9edf6d,2017,92,0,0,0,0,0,1,0,0,0,1,0,0,0,0,1,0,0,0,0,0,0,1,0,0,0
A17AAC0C-E541-4A27-9AA3-97F8CCF1567C,2014,44,0,0,0,1,0,0,0,0,1,0,0,0,0,0,1,0,0,0,0,0,0,1,0,0,0
A17F5298-1BB0-437B-AD40-500B08E40E7E,2013,00,1,1,1,0,0,0,0,0,1,0,0,0,0,0,0,0,0,1,0,0,0,0,0,1,0
A1849F47-C227-4CED-9340-C9B6D27D6ADA,2012,00,0,1,0,0,0,0,0,0,1,0,0,0,0,0,0,0,1,0,0,0,0,0,0,1,0
1F24B1E4-A051-43A0-ACBE-CFED7647F7DD,2015,92,0,0,0,1,0,1,0,0,0,0,1,0,0,1,1,0,0,0,0,0,0,0,0,1,0
3e5595a0-8810-11e7-9a4a-fb58f2b09996,2016,61,0,1,0,0,0,0,0,0,1,0,0,0,0,0,0,0,0,0,1,0,1,0,0,0,0
A1901EC7-4F4A-4770-B0DD-FBC0613E4BB2,2013,52,0,0,0,1,0,0,0,0,1,0,0,0,0,0,1,0,0,0,0,0,0,1,0,0,0
A1978001-597A-4CD4-B3BF-979AA577BE00,2013,81,0,0,0,0,1,0,0,0,0,1,0,0,1,0,0,0,0,0,0,0,0,0,0,1,0
A19A7498-CA64-4D50-A8F1-D61728DBACC0,2012,00,0,0,0,0,0,1,0,0,0,1,0,0,0,1,0,0,0,0,0,0,0,1,0,0,0
A19E4EA7-0297-4B52-9AC9-534F0B525853,2011,62,0,0,0,0,1,0,0,0,0,1,0,0,1,0,0,0,0,0,0,0,0,0,0,1,0
A1A0196F-246F-4FBC-BBF4-7B7A879BB869,2011,92,0,0,0,0,0,1,0,0,0,1,0,0,0,1,0,0,0,0,0,0,0,0,1,0,0
7F02562A-C78B-4D28-853B-94B51D3BA54A,2015,51,0,1,0,0,0,0,0,0,1,0,0,0,0,0,0,0,0,0,0,1,0,0,0,1,0
A1ACFB4F-8B2D-4EDE-9167-F4DA11E5F0E9,2010,62,0,0,0,0,0,1,0,0,0,0,1,0,0,0,1,0,0,0,0,0,0,1,0,0,0
675e9fc0-a77b-11e7-ae18-bd2df8850f54,2017,44,0,0,0,1,0,0,0,0,1,0,0,0,0,0,0,0,0,0,0,1,0,0,0,1,0
90052650-77fa-11ee-a9cf-35532141bb65,2022,62,1,0,0,0,0,0,0,1,1,0,0,0,0,0,0,0,1,0,0,0,0,1,0,0,0
A1CDD436-784B-4ADD-9094-222D882F93CB,2012,92,0,0,0,0,1,0,0,0,0,1,0,0,1,0,0,0,0,0,0,0,0,0,0,1,0
A1D49722-F171-47E3-9475-CD8733D8C5B7,2011,61,0,0,0,0,0,1,0,0,0,1,0,0,0,1,0,0,0,0,0,0,0,0,0,1,0
54CA33C9-DF8A-43A3-ACBC-D37E2B17EAE4,2015,54,0,0,1,0,0,0,0,0,1,0,0,0,0,0,0,0,0,1,0,0,1,0,0,0,0
9446add0-8e84-11ec-a600-657ec2694f8f,2020,00,0,0,0,0,0,1,0,0,0,1,0,0,0,1,0,0,0,0,0,0,0,0,0,1,0
A1DB83F4-055C-4302-AA1B-1079546FFBEB,2012,62,0,0,0,0,1,0,0,0,1,0,0,0,1,0,0,0,0,0,0,0,0,0,0,1,0
A1DD9FC8-8DAD-41A6-BE3C-01E55EC33FE6,2014,62,0,0,0,0,0,1,0,0,0,1,0,0,0,1,0,0,0,0,0,0,0,0,0,1,0
35534913-8CBB-4D41-B5DF-56A543FF7B4F,2015,52,0,0,0,1,0,0,0,0,1,0,0,0,0,0,1,0,0,0,0,0,0,0,0,1,0
A1E19C63-1F06-487B-AC1C-1C958AE78CB8,2014,00,0,1,0,0,0,0,0,0,1,0,0,0,0,0,0,1,0,0,0,0,1,0,0,0,0
A1E5BC8A-5AE9-48AD-91FF-BE5BC6B38587,2008,00,0,0,0,0,1,0,0,0,0,1,0,0,1,0,0,0,0,0,0,0,0,0,0,1,0
A1FCFB45-4675-4A34-9769-791F411C86D8,2013,44,0,1,0,0,0,0,0,0,1,0,0,0,0,0,0,0,1,0,0,0,0,0,0,1,0
A1FDC3DD-BE9C-4DD7-B71C-00A6778BA4E2,2016,00,0,0,0,0,0,0,0,1,0,0,0,1,0,0,0,0,0,0,0,1,0,0,0,1,0
A1FF2F45-3927-4887-997D-8F61C087963A,2012,92,1,1,1,0,0,0,0,0,1,0,0,0,0,0,0,0,0,1,0,0,0,0,0,1,0
075EF62F-C643-4E96-BBB9-7E90A88116D4,2016,62,1,0,0,0,0,0,0,0,1,0,0,0,0,0,0,0,1,0,0,0,1,0,0,0,0
1768bff0-caab-11e9-be6a-93e1b0174537,2019,51,0,0,0,0,0,1,0,0,0,1,0,0,0,1,0,0,0,0,0,0,0,0,0,1,0
31abe2c0-94b1-11e7-9340-f70be1ebf87c,2017,00,0,0,0,0,0,1,0,0,0,1,0,0,0,1,0,0,0,0,0,0,0,0,0,1,0
A2128CDD-12E5-4142-9BF8-16185ADAF542,2014,92,0,0,0,0,1,0,0,0,0,1,0,0,1,0,0,0,0,0,0,0,0,0,0,1,0
2534FFC3-4383-4644-86B5-2863617B50B4,2023,52,1,1,0,0,0,0,0,0,1,0,0,0,0,0,0,0,1,0,0,0,0,0,0,1,1
A21ED145-362D-4E77-8ECE-956E6DF8BA42,2014,61,0,0,0,1,0,0,0,0,0,0,1,0,0,0,1,0,0,0,0,0,0,0,0,1,0
A229A7EF-D7CA-44C8-BB86-2F7063525110,2014,62,0,0,0,0,1,0,0,0,0,1,0,0,1,0,0,0,0,0,0,0,0,0,0,1,0
137CDC93-EB25-4AF6-BD47-94B8397DBD5D,2016,62,0,0,0,0,0,1,0,0,0,0,1,0,0,1,1,0,0,0,0,0,0,1,0,0,0
f38952c0-c48f-11e7-9a8b-47d1b690bc01,2017,00,0,0,0,0,0,1,0,0,0,1,0,0,0,1,0,0,0,0,0,0,0,0,0,1,0
A2310321-714D-402D-8F61-6E7419CE8E5F,2013,00,0,1,0,0,0,0,0,0,1,0,0,0,0,0,0,1,0,0,0,0,0,0,0,1,0
14E90038-D57B-4482-9A02-EA7BF5A2A74E,2015,61,1,1,1,0,0,0,0,0,1,0,0,0,0,0,0,0,1,0,0,0,1,0,0,0,0
BBAAC085-E50D-4F54-921E-B8DCFCE92D37,2023,61,1,1,0,0,0,0,0,0,1,0,0,0,0,0,0,0,1,0,0,0,0,0,0,1,1
05376890-85f1-11e8-ae9b-a1b647b0d464,2018,92,0,0,0,0,1,0,0,0,0,1,0,0,1,0,0,0,0,0,0,0,0,0,0,1,0
5357D585-642B-4A6C-89F7-BF8C6C39CE95,2015,06,0,0,0,1,0,0,0,0,1,0,0,0,0,0,1,0,0,0,0,0,0,1,0,0,0
981F6B4E-A1E1-4D46-9D49-E472F28A87CA,2011,62,0,0,0,0,1,0,0,0,0,1,0,0,1,0,0,0,0,0,0,0,0,0,0,1,0
A23E99A3-00BB-4E76-8D0A-5FE517C7F766,2013,02,0,0,0,1,0,0,0,0,1,0,0,0,0,0,1,0,0,0,0,0,0,1,0,0,0
EF4FF984-6ED4-43F7-8BBC-110058CF26D1,2013,62,0,0,0,0,1,1,0,0,0,1,0,0,1,0,0,0,0,0,0,0,0,0,0,1,0
A24DECD7-0B9C-4B35-93D2-A85259F6CDDF,2012,52,0,0,0,0,0,1,0,0,0,1,0,0,0,1,0,0,0,0,0,0,0,0,0,1,0
F155F2D7-F75F-4FB2-967D-C2235659110D,2016,48,0,0,0,0,0,1,0,0,0,1,0,0,0,1,0,0,0,0,0,0,0,0,0,1,0
A255A028-8075-4157-A21F-2FFF60370F34,2010,92,0,0,0,0,0,1,0,0,0,1,0,0,0,1,0,0,0,0,0,0,0,0,1,0,0
A257E206-0DEF-4959-841C-25E2A12658E9,2014,56,0,0,0,0,0,1,0,0,0,0,1,0,0,1,0,0,0,0,0,0,0,0,0,1,0
A26F47AD-1504-4F01-8396-662C27564DDB,2013,52,0,0,0,1,0,0,0,0,1,0,0,0,0,0,0,0,0,0,0,1,0,0,0,1,0
019a5060-ef60-11e9-8b51-736a93581b2e,2018,61,0,0,0,0,0,1,0,0,0,1,0,0,0,1,0,0,0,0,0,0,0,0,0,1,0
edd1fbe0-01a7-11eb-b177-5f49668a9776,2020,62,0,0,0,0,1,0,0,0,0,1,0,0,1,0,0,0,0,0,0,0,0,0,0,1,0
A2843185-5C8E-4FD7-BC40-E626023451AE,2011,92,0,0,0,1,0,0,0,0,0,0,1,0,0,0,1,0,0,0,0,0,0,1,0,0,0
A28F4B10-132B-4B60-9EBA-EC56C55BB40F,2010,62,0,0,0,1,0,0,0,0,1,0,0,0,0,0,1,0,0,0,0,0,0,1,0,0,0
A28FE07C-C227-4D9B-8787-E88E1F6B5AB9,2011,06,0,0,0,1,0,0,0,0,1,0,0,0,0,0,1,0,0,0,0,0,0,1,0,0,0
A723D98F-2913-4D32-A3A5-E4FD1BD0BB22,2016,54,0,0,0,0,1,0,0,0,1,1,0,0,1,0,0,0,0,0,0,0,0,0,0,1,0
8EF0E448-6E3F-4229-B925-F108C5B15CA3,2016,62,0,0,1,0,0,0,0,0,1,0,0,0,0,0,0,0,0,1,0,0,0,0,0,1,0
A2B3B10A-B081-4168-97F6-48B6F6C76DDA,2013,92,0,0,0,0,0,1,0,0,0,1,0,0,0,1,0,0,0,0,0,0,0,0,0,1,0
46b5dce0-f3a1-11eb-821b-d1ebb09f37f0,2019,92,0,0,0,1,0,0,0,0,1,0,0,0,0,0,1,0,0,0,0,0,0,0,0,1,0
A2C30B85-41D8-4147-9DA9-E6B5E9F6DCD7,2014,62,0,0,0,0,1,0,0,0,0,1,0,0,1,0,0,0,0,0,0,0,0,0,0,1,0
A2D205CC-2F1A-4AB9-8EBD-873BF38E5461,2012,92,0,0,0,0,0,1,0,0,0,1,0,0,0,1,0,0,0,0,0,0,0,0,0,1,0
A2DC9EB1-5724-4A14-8B17-E57B8590EB4D,2013,62,0,0,0,0,0,1,0,0,0,1,0,0,0,1,0,0,0,0,0,0,0,0,0,1,0
A2DF80E7-5388-4B1F-A2F7-C2061BC32744,2013,05,0,1,0,0,0,0,0,0,1,0,0,0,0,0,0,1,0,0,0,0,1,0,0,0,0
A2E20521-2E17-4CE6-9FF2-CEA6F08B19C2,2012,05,0,1,0,0,0,0,0,0,1,0,0,0,0,0,0,0,0,0,1,0,1,0,0,0,0
529322f0-df46-11e9-9ff0-a5a30eaf0927,2019,92,1,1,0,0,1,0,0,0,1,1,0,0,0,0,0,0,1,0,0,0,0,0,0,1,0
A2EF181E-4AA4-48F3-AC04-DC90DE1B71BF,2012,05,0,1,0,0,0,0,0,0,1,0,0,0,0,0,0,1,0,0,0,0,0,0,0,1,0
A2F2DC7E-0313-4715-A4CB-7BF8AC5AF6B4,2008,51,0,1,0,0,0,0,0,0,1,0,0,0,0,0,0,1,0,0,0,0,0,0,0,1,0
9B2297F8-E672-479F-8769-567C54E7D3EE,2023,61,1,1,0,0,0,0,0,0,1,0,0,0,0,0,0,0,1,0,0,0,0,0,0,1,1
727C3DC1-4B43-4E8A-B8AE-7E6938D954F8,2016,62,0,0,0,0,1,0,0,0,0,1,0,0,1,0,0,0,0,0,0,0,0,0,0,1,0
5C9E609A-6088-4878-9A78-025B94D993D7,2015,92,0,0,0,0,0,1,0,0,0,1,0,0,0,1,0,0,0,0,0,0,0,0,0,1,0
C0EDB31B-A951-4317-B59A-08D8FFC82BDA,2023,61,1,1,0,0,0,0,0,0,1,0,0,0,0,0,0,0,1,0,0,0,0,0,0,1,1
A30F8B72-8F8B-4953-A852-5C2D3B2780B7,2013,51,0,0,0,1,0,0,0,0,0,1,0,0,0,0,1,0,0,0,0,0,0,1,0,0,0
21373d90-1d11-11eb-a925-afd7acbe9906,2019,00,0,0,0,0,0,1,0,0,0,1,0,0,0,1,0,0,0,0,0,0,0,1,0,0,0
A314D0DF-4DF4-4BC8-B2AA-4EB1C00FA5B7,2013,42,1,1,0,0,0,0,0,0,1,0,0,0,0,0,0,0,1,0,0,0,0,0,0,1,0
20d659f0-c8e7-11e9-918d-0fca885a1bcc,2018,92,0,0,0,0,0,1,0,0,0,1,0,0,0,1,0,0,0,0,0,0,0,0,0,1,0
4A1BEB16-93A4-47C0-9E37-4B6363109185,2023,61,1,1,0,0,0,0,0,0,1,0,0,0,0,0,0,0,1,0,0,0,0,0,0,1,1
8ed289a0-9cbb-11e8-ace0-d908cba85008,2018,51,0,0,0,0,0,1,0,0,0,1,0,0,0,1,0,0,0,0,0,0,0,0,0,1,0
63F3092B-2D36-418C-8C46-B8C35A9505E3,2016,33,0,0,0,0,0,1,0,0,0,1,0,0,0,1,0,0,0,0,0,0,0,0,0,1,0
A337C1D3-2976-4E7E-9751-95EAE2B51A00,2012,51,0,0,0,0,1,0,0,0,0,1,0,0,1,0,0,0,0,0,0,0,0,0,0,1,0
fa168470-a23b-11e8-ae61-0fc7f403e976,2015,92,0,0,0,0,0,1,0,0,0,1,0,0,0,1,0,0,0,0,0,0,0,0,0,1,0
2B0A88B3-4FEE-4E8E-AC10-77F31DB7AC13,2023,61,1,1,0,0,0,0,0,0,1,0,0,0,0,0,0,0,1,0,0,0,0,0,0,1,1
f11052a0-de9d-11e7-aa62-a96e008cbc03,2016,61,0,1,0,0,0,0,0,0,1,0,0,0,0,0,0,1,0,0,0,0,0,0,0,1,0
A349508B-DA36-41BC-993C-CC129D04244F,2011,51,0,1,1,0,0,0,0,0,1,0,0,0,0,0,0,0,0,1,0,0,0,0,0,1,0
A3518A94-7FDC-4828-88F5-46EEFEEF04FD,2013,62,0,0,0,0,1,0,0,0,0,1,0,0,1,0,0,0,0,0,0,0,0,0,0,1,0
A3576320-0FD1-4060-A594-30FFEEC90CE3,2011,92,0,0,0,0,0,1,0,0,0,1,0,0,0,0,1,0,0,0,0,0,0,0,0,1,0
A3590FBC-5971-4D3C-BC6B-AA716FF5F397,2010,62,0,0,0,0,0,1,0,0,0,1,0,0,0,1,0,0,0,0,0,0,0,0,0,1,0
5dd1c870-b47a-11e9-b6ed-d1eb4820968c,2005,00,0,0,0,0,1,0,0,0,0,1,0,0,1,0,0,0,0,0,0,0,1,0,0,0,0
A363A54B-FB03-4CDD-AC92-D5BF6D5593D1,2013,56,0,1,0,0,0,0,0,0,1,0,0,0,0,0,0,0,1,0,0,0,0,1,0,0,0
2CDADB0E-AB25-4024-AF22-212130488387,2015,92,0,0,0,0,1,0,0,0,0,1,0,0,1,0,0,0,0,0,0,0,0,0,0,1,0
A3739627-CAAD-44AE-A8C1-15F86313B714,2010,92,0,0,0,0,0,1,0,0,0,1,0,0,0,1,0,0,0,0,0,0,0,0,1,0,0
A37A1264-7C6E-4216-A6B0-1E38FCEB798D,2011,02,0,0,1,0,1,0,0,0,0,1,0,0,1,0,0,0,0,1,0,0,1,0,0,0,0
A37C9F76-CCE9-4D08-8835-616F6D48B42C,2011,62,0,0,0,0,0,1,0,0,0,1,0,0,0,0,1,0,0,0,0,0,0,1,0,0,0
e21ebe30-6f04-11eb-abae-df57f584edbc,2020,54,0,0,0,0,0,1,0,0,0,1,0,0,0,1,0,0,0,0,0,0,0,0,0,1,0
A38B6411-D3DF-4EE3-909E-1B033F14275B,2012,51,0,1,0,0,0,0,0,0,1,0,0,0,0,0,0,1,0,0,0,0,0,0,0,1,0
9857e750-a1bd-11ea-aa67-0b6b068266ad,2020,62,0,1,0,0,0,0,0,0,1,0,0,0,0,0,0,1,0,0,0,0,0,0,0,1,0
A3967BBA-1481-49A0-BCE0-32A3763DBC85,2013,92,0,0,0,0,0,1,0,0,0,0,1,0,0,1,0,0,0,0,0,0,0,0,0,1,0
A3A01611-3A93-4A0E-B519-A3107D574C04,2010,62,0,0,0,0,0,1,0,0,0,0,1,0,0,1,0,0,0,0,0,0,0,1,0,0,0
A3A16A12-9948-4DA7-8549-B337E62BB2AE,2014,51,0,0,0,0,0,0,0,1,0,0,0,1,0,0,0,0,0,0,0,1,0,0,0,1,0
A3ACED45-8843-40DA-B0C2-91F16D95FAEE,2013,51,0,1,1,0,0,0,0,0,1,0,0,0,0,0,0,0,0,1,0,0,0,0,0,1,0
A3B096B4-FB2B-4434-AB85-21F2746E6BC9,2013,51,0,1,0,0,0,0,0,0,1,0,0,0,0,0,0,1,0,0,0,0,0,0,0,1,0
A3BD014A-8AD9-4E39-B408-FCEC20B6443A,2014,92,0,0,0,0,0,1,0,0,0,1,0,0,0,1,0,0,0,0,0,0,0,0,0,1,0
95e96870-c0a8-11e7-89a5-cb2864f71ca2,2017,72,0,0,0,0,0,1,0,0,0,1,0,0,0,1,0,0,0,0,0,0,0,0,1,0,0
A3C7B2AF-4859-4CB4-A3E5-52C1BA60845B,2013,06,0,0,0,1,0,0,0,0,1,0,0,0,0,0,1,0,0,0,0,0,0,0,0,1,0
A3CA5031-5FE6-4DCA-A6BF-E05774268B44,2013,00,0,0,0,1,0,0,0,0,1,0,0,0,0,0,1,0,0,0,0,0,0,1,0,0,0
A28913FB-5206-45DB-A163-D3CA495EABF0,2015,54,0,1,0,0,0,0,0,0,1,0,0,0,0,0,0,0,0,0,0,1,0,0,0,1,0
A3D12E02-BDE4-49D9-AFAD-A024BEF62EBD,2011,81,0,0,0,1,0,0,0,0,1,0,0,0,0,0,1,0,0,0,0,0,0,1,0,0,0
A3D61205-A72D-4648-B429-ED20E0EDAB82,2013,92,0,1,0,0,0,0,0,0,1,0,0,0,0,0,0,0,1,0,0,0,0,0,0,1,0
BD1C2771-58E1-4E3F-A06C-C70AB9F8CA2F,2015,92,0,0,0,0,0,1,0,0,0,1,0,0,0,0,1,0,0,0,0,0,0,1,0,0,0
f41a65a0-aa01-11e8-b272-396d7fe012b7,2017,52,0,1,1,0,0,0,0,0,1,0,0,0,0,0,0,0,0,1,0,0,0,0,0,1,0
195d37c0-b1fa-11e8-800d-891a5c02ea18,2017,44,0,0,0,0,1,0,0,0,0,1,0,0,1,0,0,0,0,0,0,0,0,0,0,1,0
A3E5917D-8912-4005-9D39-F2D975F6F316,2014,62,0,0,0,1,0,0,0,0,1,0,0,0,0,0,1,0,0,0,0,0,0,1,0,0,0
72a93f40-df21-11e9-9ff0-a5a30eaf0927,2019,81,0,0,0,0,0,1,0,0,0,1,0,0,0,1,0,0,0,0,0,0,0,0,0,1,0
C162377C-13F1-4777-9105-CD85FBE7354D,2014,92,0,0,0,0,1,1,0,0,0,1,0,0,0,1,0,0,0,0,0,0,0,0,0,1,0
A3F08223-0046-42CF-8723-E335031AF1B8,2014,00,0,1,0,0,0,0,0,0,1,0,0,0,0,0,0,1,0,0,1,0,1,0,0,0,0
A3F3690A-6B82-439F-AA8E-832D7AD03027,2011,71,0,0,0,0,0,1,0,0,0,1,0,0,0,1,0,0,0,0,0,0,0,0,0,1,0
A3F40AD0-BC3C-434B-99B0-DD789BA1C35B,2015,51,0,0,0,0,0,1,0,0,0,1,0,0,0,1,0,0,0,0,0,0,0,0,0,1,0
d1e3ddb0-a785-11e7-ae18-bd2df8850f54,2017,52,0,0,0,1,0,0,0,0,1,0,0,0,0,0,1,0,0,0,0,0,0,0,0,1,0
DFC900AD-AC45-4E59-A97E-EA60C60C0B97,2004,92,0,0,0,0,1,0,0,0,0,1,0,0,1,0,0,0,0,0,0,0,0,0,0,1,0
A403487B-0A2B-43CA-A840-266CCD39F4A0,2013,92,0,0,0,0,0,1,0,0,0,1,0,0,0,1,0,0,0,0,0,0,0,0,0,1,0
A4146679-35A9-45C5-A788-5E58E49C331E,2014,51,0,1,0,0,0,0,0,0,1,0,0,0,0,0,0,0,0,0,1,0,1,0,0,0,0
A41A67E4-351E-4F33-9789-B516051C84BF,2013,00,0,1,0,0,0,0,0,0,1,0,0,0,0,0,0,1,0,0,0,0,1,0,0,0,0
41001836-3203-4D26-A135-EE12BF4197E0,2023,61,1,1,0,0,0,0,0,0,1,0,0,0,0,0,0,0,1,0,0,0,0,0,0,1,1
1b736440-e7b7-11ea-8ff0-e3594c873b30,2020,62,0,1,0,0,0,0,0,0,1,0,0,0,0,0,0,0,0,0,0,1,0,0,0,1,0
cbbf5832-3773-4ff8-9e6b-a8972907b1e6,2024,45,0,1,0,0,0,0,0,0,1,0,0,0,0,0,0,1,0,0,0,0,0,0,0,1,0
D23CF02F-40D2-432E-9E2C-C551D79AACD7,2016,00,0,0,0,0,0,1,0,0,0,1,0,0,0,1,0,0,0,0,0,0,0,0,0,1,0
A435213A-11D1-4CF0-B2CD-2A56BE643248,2014,00,0,0,0,0,0,1,0,0,0,1,0,0,0,1,0,0,0,0,0,0,0,0,0,1,0
A4370E75-52D7-4F24-89FD-F7ADB6A86882,2013,61,0,0,0,1,1,0,0,0,0,1,0,0,0,0,1,0,0,0,0,0,0,0,0,1,0
A44B06FA-0E54-48A2-8D58-335280E3FFC4,2010,62,0,0,0,1,0,0,0,0,1,0,0,0,0,0,1,0,0,0,0,0,0,1,0,0,0
A4500FF0-1267-42ED-8F45-2CF6D9DF73A5,2012,00,1,0,0,0,0,0,0,0,1,0,0,0,0,0,0,0,1,0,0,0,0,0,0,1,0
a123d630-842b-11e7-a921-2d695ce70b69,2017,61,0,0,1,0,0,0,0,0,1,0,0,0,0,0,0,0,0,1,0,0,0,0,0,1,0
cd9096c0-d2ec-11e8-9b3a-b50b161886e9,2018,92,0,0,0,0,1,0,0,0,0,1,0,0,1,0,0,0,0,0,0,0,0,0,0,1,0
A46474E1-4CB3-4DD4-8F49-A7C11EF593D7,2013,54,0,1,0,0,0,0,0,0,1,0,0,0,0,0,0,1,0,0,0,0,0,0,0,1,0
A46E1691-E394-406A-BA5A-FC90BE31398E,2014,00,0,1,0,0,0,0,0,0,1,0,0,0,0,0,0,0,0,0,1,0,1,0,0,0,0
300FB5BF-7298-4E3E-A880-39120AD4068E,2016,56,0,0,0,0,1,0,0,0,0,1,0,0,1,0,0,0,0,0,0,0,0,0,0,1,0
A47FDF07-69C7-4E91-98BC-28EAB4CE1480,2013,61,0,0,0,1,0,0,0,0,1,0,0,0,0,0,1,0,0,0,0,0,0,1,0,0,0
A4804C0B-AD7E-4694-B8C5-29FF527D6A60,2011,45,0,0,0,0,1,0,0,0,0,1,0,0,1,0,0,0,0,0,0,0,0,0,0,1,0
A488B0E7-E041-4C39-AFB3-558757867F82,2011,51,0,1,0,0,0,0,0,0,1,0,0,0,0,0,0,0,1,0,0,0,0,0,0,1,0
3965c160-b3a0-11e9-8244-abb132467e1d,2017,62,0,0,0,0,0,1,0,0,0,1,0,0,0,1,0,0,0,0,0,0,0,0,0,1,0
B93B7C0A-E9D1-494B-9B84-2BEAFAFCE61E,2023,00,1,1,0,0,0,0,0,0,1,0,0,0,0,0,0,0,1,0,0,0,0,0,0,1,1
A4BB2551-B201-4BFE-ACAB-5DA3DA6BAAE9,2013,00,0,0,0,0,1,0,0,0,0,1,0,0,1,0,0,0,0,0,0,0,0,0,0,1,0
A4C476B3-C32E-4B20-BB35-C364065EB3A6,2014,51,0,1,0,0,0,0,0,0,1,0,0,0,0,0,0,1,0,0,0,0,1,0,0,0,0
A4C6B162-7C07-429A-8574-9D4C661097AD,2013,92,0,0,0,0,0,1,0,0,0,1,0,0,0,1,0,0,0,0,0,0,0,0,0,1,0
A4C7848E-5FE1-47F5-87F4-0EC9B8DEC617,2012,62,0,0,0,0,0,1,0,0,0,1,0,0,0,1,0,0,0,0,0,0,0,0,0,1,0
16DCDADE-31D2-40C7-B26D-CB220747E25B,2023,61,1,1,0,0,0,0,0,0,1,0,0,0,0,0,0,0,1,0,0,0,0,0,0,1,1
A4D1913E-7F13-4EE5-A912-4EC65C987D1C,2012,92,0,0,0,0,0,1,0,0,0,1,0,0,0,1,0,0,0,0,0,0,0,0,0,1,0
A4D47CB5-1771-4785-A9D8-10E14E3799E6,2016,72,0,0,0,0,1,0,0,0,0,1,0,0,1,0,0,0,0,0,0,0,0,0,0,1,0
A4DE22AE-C849-4A06-9854-989CB2993D91,2015,92,0,0,0,0,0,1,0,0,0,1,0,0,0,1,0,0,0,0,0,0,0,0,0,1,0
823cd220-ba55-11e7-a4ec-c71ec2b9ee3a,2017,51,0,0,0,0,0,1,0,0,0,1,0,0,0,1,0,0,0,0,0,0,0,0,0,1,0
7df5b310-7e7d-11ee-a021-bbe4713468e2,2023,92,0,1,0,0,0,0,0,0,1,0,0,0,0,0,0,0,0,0,0,1,0,0,0,1,0
A4E6DE1E-C994-48BB-B8E2-F0AC94DFD6A7,2013,09,0,0,0,0,0,1,0,0,0,0,1,0,0,0,1,0,0,0,0,0,0,1,0,0,0
c8489ae0-2da4-11eb-8132-47626699b560,2012,00,0,0,0,0,1,0,0,0,1,0,1,0,1,0,0,1,0,0,0,0,0,0,0,1,0
c51567c0-2881-11ed-bdae-91b81469f75a,2021,54,0,1,0,0,0,0,0,1,1,0,0,0,0,0,0,1,0,0,0,0,0,0,0,1,0
B13EB79B-BC51-4463-9B29-E7F22CA9682E,2023,61,1,1,0,0,0,0,0,0,1,0,0,0,0,0,0,0,1,0,0,0,0,0,0,1,1
71D6CD5B-0FFB-4AB4-8194-17675FC4B27A,2013,06,0,0,0,0,0,1,0,0,0,1,0,0,0,1,0,0,0,0,0,0,0,0,0,1,0
A4FEF30F-98DB-4AA7-A51E-681AB1D54BA1,2013,92,0,0,0,0,0,1,0,0,0,1,0,0,0,1,0,0,0,0,0,0,0,0,0,1,0
af59f170-83e9-11ee-898d-0f9c5bf59690,2022,71,0,0,1,0,0,0,0,0,1,0,0,0,0,0,0,0,0,1,0,0,1,0,0,0,0
A5148C0F-DD89-4B76-9581-3021527B5C61,2010,92,0,0,0,0,0,0,0,1,0,0,0,1,0,0,0,0,0,0,0,1,0,1,0,0,0
A520F037-09E7-4AC4-AF79-99CEBE0B69E2,2007,92,0,0,0,1,0,0,0,0,1,0,0,0,0,0,1,0,0,0,0,0,0,0,0,1,0
79427dd0-e3a1-11e7-8742-2bc46bd10713,2016,62,0,0,0,0,0,1,0,0,0,1,0,0,0,1,0,0,0,0,0,0,0,0,0,1,0
70360291-9A97-4F9E-99AF-D500C14B5F1C,2016,62,0,1,0,0,0,0,0,0,1,0,0,0,0,0,0,0,0,0,0,1,0,0,0,1,0
cc2e5360-a92d-11e7-a3c5-dbae2580635b,2017,62,0,0,1,0,0,0,0,0,1,0,0,0,0,0,0,0,0,1,0,0,0,1,0,0,0
A5420B0D-A5B4-49F3-8AC0-913A075466E4,2012,00,1,1,1,0,0,0,0,0,1,0,0,0,0,0,0,0,0,1,0,0,0,0,0,1,0
A5479BAE-17C5-40CC-B29B-4CA3EF5B6EBD,2015,52,0,0,0,1,0,0,0,0,1,0,0,0,0,0,0,0,0,0,0,1,0,0,0,1,0
A5480B27-82B6-475C-A1BD-F8DD7C696AA2,2013,92,0,0,0,0,0,1,0,0,0,1,0,0,0,1,0,0,0,0,0,0,0,0,0,1,0
A55BD3FB-CAAB-434D-AB99-95FE3E2BCE10,2010,62,0,0,0,1,0,0,0,0,1,0,0,0,0,0,1,0,0,0,0,0,0,1,0,0,0
A5632AB3-4BC7-4F5E-9AF6-83CB349ABD54,2014,55,0,1,0,0,0,0,0,0,1,0,0,0,0,0,0,0,1,0,0,0,0,1,0,0,0
A5794CE7-0B8A-47BD-8B2E-6057154698E5,2013,92,0,0,0,0,1,0,0,0,0,1,0,0,1,0,0,0,0,0,0,0,0,1,0,0,0
CB782177-F579-435B-A975-B9F3C9C4368D,2023,61,1,1,0,0,0,0,0,0,1,0,0,0,0,0,0,0,1,0,0,0,0,0,0,1,1
cccdaf20-a10d-11ea-878c-ff8a51fa1e8f,2020,92,0,0,0,0,0,1,0,0,0,1,0,0,0,1,0,0,0,0,0,0,0,0,0,1,0
A58DA343-23D1-4370-B38E-F84C0EDA593A,2011,52,0,0,1,0,0,0,0,0,1,0,0,0,0,0,0,0,0,1,0,0,0,0,0,1,0
A59C1709-026D-4E71-9DE9-641F9FDADD65,2007,92,0,0,0,1,1,0,0,0,0,1,0,0,1,0,0,0,0,0,0,0,0,0,0,1,0
A5A0AC2D-5439-469E-82A8-A19C88FE61C5,2014,62,0,0,0,0,1,0,0,0,0,1,0,0,1,0,0,0,0,0,0,0,0,0,0,1,0
A5AE7FC6-CA6F-42E0-A095-1B6A945FF2E5,2013,54,1,0,1,0,0,0,0,0,1,0,0,0,0,0,0,0,1,1,0,0,1,0,0,0,0
A5B4782A-6D7E-47C0-8019-3DFFA1F2A797,2014,92,0,0,0,0,0,1,0,0,0,1,0,0,0,1,0,0,0,0,0,0,0,0,0,1,0
A5B4D2A7-6823-4AFC-8E25-C2E7C5E0DCC4,2013,92,0,0,0,0,0,1,0,0,0,1,0,0,0,1,0,0,0,0,0,0,0,0,0,1,0
0BF82C6D-FC9C-4C48-BDAC-507560C09BF3,2016,51,0,1,0,0,0,0,0,0,1,0,0,0,0,0,0,1,0,0,0,0,0,0,0,1,0
fce9a620-85f6-11e8-ae9b-a1b647b0d464,2018,00,0,1,0,0,0,0,0,0,1,0,0,0,0,0,0,0,1,0,0,0,1,0,0,0,0
A5B997C1-D9CF-460C-949C-0E8E26F1CFDA,2004,92,0,0,1,0,0,0,0,0,1,0,0,0,0,0,0,0,0,1,0,0,0,0,0,1,0
A5BA548B-B0C8-4C7D-8744-56A06909A2AE,2011,92,0,0,0,0,0,1,0,0,0,1,0,0,0,1,0,0,0,0,0,0,0,0,0,1,0
A5C330C2-A1AC-477C-A795-F70CDB6B8BFF,2012,52,0,0,0,0,0,1,0,0,0,1,0,0,0,1,0,0,0,0,0,0,0,0,0,1,0
C5B2EE5F-AF68-4311-96FE-0CCB66155C60,2023,52,1,1,0,0,0,0,0,0,1,0,0,0,0,0,0,0,1,0,0,0,0,0,0,1,1
5080b2a0-bda3-11e7-822d-6d41de439a88,2017,00,0,0,0,0,1,0,0,0,1,0,0,0,1,0,0,0,0,0,0,0,0,0,0,1,0
a39aa960-a15e-11e8-a73d-8bf9996ed0ad,2017,61,0,0,0,0,0,1,0,0,0,1,0,0,0,1,0,0,0,0,0,0,0,0,0,1,0
BE3110F3-3030-458F-A4C6-674B0E47E4BC,2023,61,1,1,0,0,0,0,0,0,1,0,0,0,0,0,0,0,1,0,0,0,0,0,0,1,1
189c12a0-d909-11f0-82e6-074fe481ef29,2025,00,0,1,0,0,0,0,0,0,1,0,0,0,0,0,0,0,0,0,0,1,0,0,0,1,0
A5F72597-851B-4C43-B11E-3142EB44B0E5,2013,62,0,0,0,1,0,0,0,0,1,0,0,0,0,0,1,0,0,0,0,0,0,1,0,0,0
A5FCBB83-42B0-4E68-93EC-2B72A08B7946,2013,00,1,1,1,0,0,0,0,0,1,0,0,0,0,0,0,0,0,1,0,0,0,0,0,1,0
653f4c50-99a9-11e8-bb21-7f662dc72866,2018,61,1,0,0,0,0,0,0,0,1,0,0,0,0,0,0,0,1,0,0,0,1,0,0,0,0
7B4B9338-2CE9-4093-B8DF-148DF54A884C,2014,62,1,0,1,0,0,0,0,0,1,0,0,0,0,0,0,0,0,1,0,0,0,0,0,1,0
3D63E6CD-9F18-4E35-9F15-2DE4AF8B9068,2015,62,0,0,0,0,1,0,0,0,0,1,0,0,1,0,0,0,0,0,0,0,0,0,0,1,0
A61159DD-0619-402B-B1E7-3E631910CB61,2010,92,0,0,0,0,0,1,0,0,0,1,0,0,0,1,0,0,0,0,0,0,0,0,1,0,0
A6162CD0-DFE3-4226-A4AA-59FF69890200,2012,61,0,1,0,0,0,0,0,0,1,0,0,0,0,0,0,1,0,0,0,0,0,0,0,1,0
A61664D6-A675-483C-B6DE-EB9EE9FF4FA0,2012,92,1,1,1,0,0,0,0,0,1,0,0,0,0,0,0,0,0,1,0,0,0,0,0,1,0
48934C98-689F-4EE7-905E-A525D8DAD761,2011,72,0,0,0,0,0,1,0,0,0,1,0,0,0,1,0,0,0,0,0,0,0,0,0,1,0
64579670-a506-11ea-a892-dbe5c33247b8,2020,62,0,0,0,0,0,1,0,0,0,1,0,0,0,1,0,0,0,0,0,0,0,0,0,1,0
A6288B64-12BE-4048-BB17-F90B391E0E02,2013,54,0,1,0,0,1,0,0,0,0,1,0,0,1,0,0,0,0,0,0,0,0,0,0,1,0
c0c53470-09a7-11eb-92b1-f7181081a05e,2020,62,0,0,0,0,0,1,0,0,0,1,0,0,0,1,0,0,0,0,0,0,0,0,0,1,0
A62898A7-8145-44CD-A655-662C8FFE23F5,2013,62,0,0,0,0,1,0,0,0,0,1,0,0,1,0,0,0,0,0,0,0,0,1,0,0,0
2ec94550-99ca-11ee-89dc-614b8d944829,2022,00,0,1,0,0,0,0,0,0,1,0,0,0,0,0,0,1,0,0,0,0,0,0,0,1,0
A62CFC6A-5D5A-4A65-9055-A9BC95D3B735,2013,00,0,1,0,0,0,0,0,0,1,0,0,0,0,0,0,1,0,0,0,0,1,0,0,0,0
bc99fbd0-a16f-11e8-a73d-8bf9996ed0ad,2018,61,1,0,0,0,0,0,0,0,1,0,0,0,0,0,0,0,1,0,0,0,1,0,0,0,0
42F4DC02-A043-494D-9C5D-25B3D3097348,2016,62,0,0,0,0,0,1,0,0,0,1,1,0,0,1,0,0,0,0,0,0,0,0,0,1,0
6f033c20-0adb-11ea-9821-617d71ee6253,2018,54,0,1,0,0,0,0,0,0,1,0,0,0,0,0,0,1,1,0,0,0,0,0,0,1,0
A65406B2-F60B-43A4-945B-0E3010D3CCF2,2012,05,0,1,0,0,0,0,0,0,1,0,0,0,0,0,0,0,0,0,0,1,0,0,0,1,0
A66B5877-9BF1-447B-ADD0-A62F9E9A0842,2012,00,1,1,1,0,0,0,0,0,1,0,0,0,0,0,0,0,0,1,0,0,0,0,0,1,0
A67046EA-6245-47D4-8AEF-AD18832C1DDE,2013,51,0,0,0,0,0,1,0,0,0,1,0,0,0,1,0,0,0,0,0,0,0,0,0,1,0
A6704C5C-AD20-4CD9-B811-44DE560CDF36,2011,92,0,0,0,0,1,0,0,0,0,1,0,0,1,0,0,0,0,0,0,0,0,0,0,1,0
74AD2D06-6FB8-4C5F-A24A-20A37760BB60,2016,92,0,0,1,0,0,0,0,0,1,0,0,0,0,0,0,0,0,1,0,0,1,0,0,0,0
ce142850-093e-11e8-bbae-ed39c73f1398,2016,52,0,1,0,0,0,0,0,0,1,0,0,0,0,0,0,0,0,0,0,1,0,0,0,1,0
A67C4991-A002-4608-A797-77BE1D0DA610,2010,62,0,0,0,1,0,0,0,0,1,0,0,0,0,0,1,0,0,0,0,0,0,1,0,0,0
1F333106-0600-4887-A111-0EAA59DCD2AD,2023,00,1,1,0,0,0,0,0,0,1,0,0,0,0,0,0,0,1,0,0,0,0,0,0,1,1
A68DB0CD-7AA3-4FCB-A238-D393B71A1282,2013,62,0,0,0,0,1,0,0,0,0,1,0,0,1,0,0,0,0,0,0,0,0,0,0,1,0
A695E842-89AD-4547-B767-076CF8EE6205,2014,61,0,1,0,0,0,0,0,0,1,0,0,0,0,0,0,0,0,0,1,0,1,0,0,0,0
A696DC25-CECF-4C0B-826D-652A0765669B,2014,00,1,0,0,0,0,0,0,0,1,0,0,0,0,0,0,0,1,0,0,0,1,0,0,0,0
A6A5C211-22B3-414F-804C-6F3EFB4391D6,2014,00,0,1,0,0,0,0,0,0,1,0,0,0,0,0,0,0,1,0,0,0,1,0,0,0,0
A6A827D8-66EE-4746-8146-0143711B3A3A,2013,92,0,1,0,0,0,0,0,0,1,0,0,0,0,0,0,0,1,0,0,0,0,1,0,0,0
A6A8FC27-D3BA-467E-8BA0-A0DA44272075,2015,92,0,0,0,0,0,1,0,0,1,0,0,0,0,1,0,0,0,0,0,0,0,0,0,1,0
A6B1832A-9783-482D-A961-E76534793D35,2014,62,0,0,0,0,0,1,0,0,0,1,0,0,0,1,1,0,0,0,0,0,0,0,0,1,0
A6B68837-DA55-41C7-97B1-0E9FFFB8AF02,2012,51,0,1,0,0,0,0,0,0,1,0,0,0,0,0,0,0,0,0,1,0,0,1,0,0,0
A6BCD580-A5F3-46D6-8046-4655BCCE36D9,2013,62,0,1,0,0,0,0,0,0,1,0,0,0,0,0,0,1,0,0,0,0,0,0,0,1,0
bf7ff3a0-7c49-11e7-8ec0-e369e9638092,2017,92,0,0,0,0,0,1,0,0,0,1,0,0,0,1,0,0,0,0,0,0,0,0,0,1,0
A6C44A9A-8E9A-4BFE-A2B6-1005FDF8F5A0,2012,00,0,0,0,1,0,0,0,0,1,0,0,0,0,0,1,0,0,0,0,0,0,1,0,0,0
A6CA3D50-2CA9-46D3-A746-10AFE75AAE0E,2014,62,0,0,0,1,0,0,0,0,1,0,0,0,0,0,1,0,0,0,0,0,0,1,0,0,0
A6CC356A-CB4F-4F98-B641-37CBA5934BBF,2014,62,1,0,0,0,0,0,0,0,1,0,0,0,0,0,0,0,1,0,0,0,0,1,0,0,0
A6D1C2F4-5858-45B8-A6E2-5C7C334138CD,2011,62,0,0,0,1,0,0,0,0,1,0,0,0,0,0,1,0,0,0,0,0,0,1,0,0,0
A6DE1B9E-03F1-4D76-A691-CC6F15B93599,2013,81,0,0,0,0,0,0,0,1,0,0,0,1,0,0,0,0,0,0,0,1,0,0,0,1,0
01E592CE-97CB-4345-97CF-2A278B67624B,2016,62,1,0,0,0,0,0,0,0,1,0,0,0,0,0,0,0,1,0,0,0,0,1,0,0,0
A6E4B61A-CB6E-4A57-BAD8-78F876F215F7,2015,56,0,0,0,0,1,0,0,0,0,1,0,0,1,0,0,0,0,0,0,0,0,0,0,1,0
A6F1AEBA-9472-484F-8941-B552075FA07D,2011,54,0,0,0,1,0,0,0,0,1,0,0,0,0,0,1,0,0,0,0,0,0,1,0,0,0
800136B3-61A1-4C8E-A5E9-7478524E8481,2023,61,1,1,0,0,0,0,0,0,1,0,0,0,0,0,0,0,1,0,0,0,0,0,0,1,1
A7017B4D-5DBE-4763-AD4D-293737EB6BAE,2013,51,0,1,0,0,0,0,0,0,1,0,0,0,0,0,0,1,0,0,0,0,0,0,0,1,0
EDF78BB5-EC9F-4253-A95C-09892CABE651,2016,62,0,0,0,0,0,1,0,0,0,1,0,0,0,1,0,0,0,0,0,0,0,0,0,1,0
831e9350-81f1-11e7-ace7-c5c15a923e51,2017,44,0,0,0,1,0,0,0,0,1,0,0,0,0,0,0,0,0,0,0,1,0,0,0,1,0
A709F818-004D-4388-BF34-5939CDDB32BE,2014,23,0,0,0,1,0,0,0,0,1,0,0,0,0,0,1,0,0,0,0,0,0,1,0,0,0
55cbb290-0d5b-11eb-835c-77358de149b1,2020,00,1,0,0,0,0,0,0,0,1,0,0,0,0,0,0,0,1,0,0,0,0,1,0,0,0
A72029AC-45B6-4A41-9D90-CDCE18C118B5,2013,44,0,1,0,0,0,0,0,0,1,0,0,0,0,0,0,0,1,0,0,0,0,0,0,1,0
A723B1AD-7341-466A-A8CC-3BBCE7493EE8,2010,62,0,0,0,1,0,0,0,0,1,0,0,0,0,0,1,0,0,0,0,0,0,1,0,0,0
A727E6CF-0E4D-4528-9D1A-5F182E188DBE,2014,56,0,0,0,0,1,0,0,0,0,1,0,0,1,0,0,0,0,0,0,0,0,0,0,1,0
A72C7649-5F39-4238-9BEE-CFEC603D2666,2010,52,0,0,0,1,0,0,0,0,1,0,0,0,0,0,1,0,0,0,0,0,0,1,0,0,0
A735D018-8809-4BEB-B20E-47F0AA7C7714,2013,92,0,1,0,0,0,0,0,0,1,0,0,0,0,0,0,1,0,0,0,0,1,0,0,0,0
A73B4191-BF5F-448B-992A-FE2013867453,2014,62,0,0,0,0,0,1,0,0,0,1,0,0,0,1,0,0,0,0,0,0,0,0,0,1,0
D4F3ABA6-5F68-4BF2-906F-D127A51756A4,2023,00,1,1,0,0,0,0,0,0,1,0,0,0,0,0,0,0,1,0,0,0,0,0,0,1,1
688bbab0-e3ab-11e7-8742-2bc46bd10713,2015,92,0,0,0,0,0,1,0,0,0,0,1,0,0,1,0,0,0,0,0,0,0,0,0,1,0
A75C2A7A-D4BB-42EB-8770-4779F80779CA,2015,92,0,0,0,0,0,1,0,0,0,1,0,0,0,1,0,0,0,0,0,0,0,0,0,1,0
A75C9170-FE54-45CA-AAFA-8ED934B8FDD3,2013,62,0,0,0,0,0,1,0,0,0,1,0,0,0,1,0,0,0,0,0,0,0,0,0,1,0
FFF6A612-E288-4252-B281-3B23630E4B0F,2023,61,1,1,0,0,0,0,0,0,1,0,0,0,0,0,0,0,1,0,0,0,0,0,0,1,1
368b6a40-0d29-11ed-9141-192d7c736152,2020,52,0,1,0,0,0,0,0,0,1,0,0,0,0,0,0,0,0,0,0,1,0,0,0,1,0
A77AA791-6319-411D-A34D-E246BC2D1AC2,2014,62,0,0,0,1,0,0,0,0,1,0,0,0,0,0,1,0,0,0,0,0,0,0,0,1,0
A77FDCCF-E6CB-4D64-A2E6-F191C938DB4D,2013,52,0,0,1,0,1,0,0,0,1,1,0,0,1,0,0,0,0,1,0,0,0,0,0,1,0
818273e0-0749-11ec-863c-8359987c65e0,2020,51,1,1,0,0,0,0,0,0,1,0,0,0,0,0,0,0,1,0,0,0,0,0,0,1,0
3dfc4200-c9b0-11e9-9a33-13e06a29212c,2019,62,1,0,0,0,0,0,0,0,1,0,0,0,0,0,0,0,1,0,0,0,0,1,0,0,0
A4C07DFB-8630-4C7D-85C3-EDF88A9815B5,2023,52,1,1,0,0,0,0,0,0,1,0,0,0,0,0,0,0,1,0,0,0,0,0,0,1,1
A795BC73-7D84-4E6E-92F6-D456EC64AF98,2010,62,0,0,0,0,0,1,0,0,0,1,0,0,0,1,0,0,0,0,0,0,0,1,0,0,0
172e0dc0-d568-11e9-8558-6543aabf247e,2019,00,0,0,0,0,0,1,0,0,0,1,0,0,0,1,0,0,0,0,0,0,0,0,0,1,0
B86313FC-BB19-4BCA-8227-A0F7E76ED767,2016,62,0,1,0,0,0,0,0,0,1,0,0,0,0,0,0,0,0,0,0,1,0,0,0,1,0
A79C65C9-7AB3-4D1D-BA91-D94CAA7222B1,2012,56,1,1,0,0,0,0,0,0,1,0,0,0,0,0,0,0,1,0,0,0,0,0,0,1,0
f01b0f30-b345-11e7-9de8-4bde146bf807,2017,44,0,0,0,1,0,0,0,0,1,0,0,0,0,0,0,0,0,0,0,1,0,1,0,0,0
A7AC0B92-A5EE-4140-BA7A-E8782AC3135A,2012,92,0,0,0,0,0,1,0,0,0,1,0,0,0,0,1,0,0,0,0,0,0,0,0,1,0
82324bb0-7c58-11e7-8ec0-e369e9638092,2017,00,0,0,0,1,0,0,0,0,1,0,0,0,0,0,0,0,0,0,0,1,0,1,0,0,0
A7B86EB6-E663-4F82-BE19-1033EFDF2920,2013,92,0,0,0,0,0,1,0,0,0,1,0,0,0,1,0,0,0,0,0,0,0,0,0,1,0
A7BA487A-437F-4ED1-B47C-D3B01881AEC8,2013,92,0,1,0,0,0,0,0,0,1,0,0,0,0,0,0,1,0,0,0,0,1,0,0,0,0
F1881FAF-9A18-4655-AF97-BB78972D5005,2015,54,0,1,0,0,1,0,0,0,1,1,0,0,1,0,0,0,0,0,0,0,0,0,0,1,0
820a17b0-4645-11ec-b26b-73b5a62f8946,2020,51,0,0,0,0,0,1,0,0,0,1,0,0,0,1,0,0,0,0,0,0,0,0,0,1,0
A7E5E977-9E10-4C43-A70D-EB36C2A1F29D,2012,62,0,0,0,1,0,0,0,0,1,0,0,0,0,0,1,0,0,0,0,0,0,1,0,0,0
A7EF9EDE-121E-49B1-94E9-365F714FEB5B,2012,92,0,0,0,0,1,0,0,0,0,0,1,0,1,0,0,0,0,0,0,0,0,0,0,1,0
2c2e82c0-237a-11eb-b77f-316b5c5dd5eb,2020,54,1,1,0,0,0,0,0,0,1,0,0,0,0,0,0,0,1,0,0,0,0,0,0,1,0
A7F4E9C6-020D-47C3-9EB6-B85ADA380E0E,2013,62,0,0,0,1,0,0,0,0,1,0,0,0,0,0,1,0,0,0,0,0,0,0,0,1,0
A7F71BC9-9F4C-4B7A-9087-2890C26288E7,2003,51,0,0,0,0,1,0,0,0,0,1,0,0,1,0,0,0,0,0,0,0,0,0,0,1,0
f7a051f0-1f95-11ec-aba2-27b717aed560,2019,62,1,1,0,0,0,0,0,0,1,0,0,0,0,0,0,0,1,0,0,0,0,1,0,0,0
98D573DB-AD4B-4FE7-8551-716FB426D630,2023,61,1,1,0,0,0,0,0,0,1,0,0,0,0,0,0,0,1,0,0,0,0,0,0,1,1
A8162BB7-35C8-4FA1-BF5A-09F7FC0C5011,2013,52,0,0,0,1,0,0,0,0,1,0,1,0,0,0,1,0,0,0,0,0,0,1,0,0,0
A816DA24-CEF3-412C-BE36-F544127D9935,2014,48,0,0,0,0,0,1,0,0,0,0,1,0,0,1,0,0,0,0,0,0,1,0,0,0,0
A820F41A-C73E-4948-9444-563AA63A5E05,2013,00,1,1,1,0,0,0,0,0,1,0,0,0,0,0,0,0,0,1,0,0,0,0,0,1,0
A8288A83-6850-475B-B4C9-EB4C870336C3,2012,92,0,0,0,0,1,0,0,0,0,1,0,0,1,0,0,0,0,0,0,0,0,0,0,1,0
A82924ED-C887-49C2-932E-806AAC5DEB19,2015,52,0,0,0,0,0,1,0,0,0,1,0,0,0,1,0,0,0,0,0,0,0,0,0,1,0
3B7F1CB2-7F5F-4539-883C-581361B89921,2016,81,0,0,0,0,0,1,0,0,0,1,0,0,0,1,0,0,0,0,0,0,0,0,0,1,0
C377D21F-DD71-42EA-B49E-787EE671AB9C,2015,42,0,0,0,1,0,0,0,0,1,0,0,0,0,0,1,0,0,0,0,0,0,1,0,0,0
A8320814-9DC4-4F9F-A848-144AB8ABF8B9,2013,42,0,1,0,0,0,0,0,0,1,0,0,0,0,0,0,1,0,0,0,0,0,0,0,1,0
48cbfda0-351f-11ed-979a-ede67af894b9,2021,61,1,0,0,0,0,0,0,1,1,0,0,0,0,0,0,0,1,0,0,0,0,0,0,1,0
9357c330-e45b-11e9-a93a-d3a3d34c5869,2019,51,0,0,0,0,0,1,0,0,0,1,0,0,0,1,0,0,0,0,0,0,0,0,0,1,0
A83A9CFC-424E-464A-807B-ADBD009B1E68,2015,00,0,0,0,0,1,1,0,0,0,1,0,0,0,1,0,0,0,0,0,0,0,0,0,1,0
DABB5E33-8945-4EEB-81A1-14B819A93ADB,2023,61,1,1,0,0,0,0,0,0,1,0,0,0,0,0,0,0,1,0,0,0,0,0,0,1,1
A8444DB7-5E67-4F26-8A26-E1F857DC7AE1,2015,92,0,0,0,0,0,1,0,0,0,0,1,0,0,1,0,0,0,0,0,0,0,0,0,1,0
A8464B81-FEE8-4DA1-AF3A-3688D89C5682,2012,62,0,0,0,0,1,0,0,0,0,1,0,0,1,0,0,0,0,0,0,0,0,0,0,1,0
A8486A6E-EFDA-4C80-A242-EFA09DBDB1B0,2005,92,0,0,0,0,1,0,0,0,0,1,0,0,1,0,0,0,0,0,0,0,0,0,0,1,0
A84AA087-52B6-46DF-B4E9-BBEB4F1BF8C7,2014,62,0,0,0,1,0,0,0,0,1,0,0,0,0,0,1,0,0,0,0,0,0,1,0,0,0
A8513C72-8A51-4478-BC3E-57030A9CC624,2012,92,1,1,1,0,0,0,0,0,1,0,0,0,0,0,0,0,0,1,0,0,0,0,0,1,0
A8549862-4925-437A-95E5-5ED448AA5C22,2011,92,0,0,0,0,0,1,0,0,0,1,0,0,0,1,0,0,0,0,0,0,0,0,1,0,0
a126a5e0-c8f8-11e9-b2db-f769187145bf,2018,51,0,0,0,0,1,0,0,0,0,1,0,0,1,0,0,0,0,0,0,0,0,0,0,1,0
bad077c0-0ccf-11eb-9ca0-972c112a0cb8,2020,51,0,0,0,0,0,0,0,1,1,0,0,0,0,0,0,0,0,0,0,1,0,0,0,1,0
bfd78b10-034d-11e9-aee0-f7420d4f3238,2018,44,0,0,0,1,0,0,0,0,1,0,0,0,0,0,1,0,0,0,0,0,0,1,0,0,0
A8667AA0-7967-47F8-854C-0B28C942CF72,2012,52,0,0,0,0,0,0,0,1,0,0,0,1,0,0,0,0,0,0,0,1,0,0,0,1,0
A8683D69-2479-4A14-BBB0-5340A36DD921,2014,62,0,0,0,1,0,0,0,0,1,0,0,0,0,0,1,0,0,0,0,0,0,1,0,0,0
A869CFD0-8FE3-4E99-B7F6-7B57C607BC82,2015,62,0,0,0,0,0,1,0,0,0,1,0,0,0,1,1,0,0,0,0,0,0,1,0,0,0
A8718715-0F94-477C-BFF0-9E5A61B25885,2012,51,0,0,0,0,1,0,0,0,1,1,0,0,1,0,0,0,0,0,0,0,0,0,0,1,0
A875A1BB-E04B-4406-BEC6-127C82B16F33,2013,92,0,0,0,0,1,0,0,0,0,1,0,0,1,0,0,0,0,0,0,0,0,0,0,1,0
A875C73C-566B-4D37-9616-7465710B64C9,2013,52,0,0,0,0,0,1,0,0,0,1,0,0,0,1,0,0,0,0,0,0,0,1,0,0,0
A88430C7-0177-44C4-8CE3-E42DDA9DC032,2013,92,0,1,0,0,0,0,0,0,1,0,0,0,0,0,0,0,1,0,0,0,0,0,1,0,0
A88790CC-37AA-43D1-8FBC-EF8C84E831EB,2014,56,0,0,0,0,1,0,0,0,0,1,0,0,1,0,0,0,0,0,0,0,0,1,0,0,0
46F0E733-3167-421E-953C-D18EA1BC22CB,2015,62,0,0,0,0,1,0,0,0,0,1,0,0,1,0,0,0,0,0,0,0,0,0,0,1,0
A8947DAD-B839-46DC-94BD-8E3260AE60CE,2012,62,0,0,0,0,0,1,0,0,0,1,0,0,0,1,0,0,0,0,0,0,0,0,0,1,0
89c2e320-3596-11ec-9ec7-15e66f657ea5,2019,00,0,1,0,0,0,0,0,0,1,0,0,0,0,0,0,1,0,0,0,0,0,0,0,1,0
801faad0-1587-11ec-8375-f10617ad68c4,2021,99,1,0,0,0,0,0,0,0,1,0,0,0,0,0,0,0,1,0,0,0,0,1,0,0,0
be03bc20-1e31-11ed-a957-9f20ba7b4dd5,2022,54,0,0,0,0,1,0,0,0,0,0,1,0,1,0,0,0,0,0,0,0,0,0,0,1,0
cef4d060-9378-11e9-96b8-11c597846497,2019,00,0,0,0,1,0,0,0,0,1,0,0,0,0,0,0,0,0,0,0,1,0,0,0,1,0
A8B2E146-A3C5-44ED-8C51-387F38C8D951,2014,62,0,0,0,0,1,0,0,0,0,1,0,0,1,0,0,0,0,0,0,0,0,0,0,1,0
F25481CC-AFC6-4ACA-9CED-7F96B4F5CA93,2015,92,0,0,0,0,0,1,0,0,0,1,0,0,0,1,0,0,0,0,0,0,0,0,0,1,0
83D7E3A6-DADB-4097-8982-74CADD41F45F,2015,61,1,1,1,0,0,0,0,0,1,0,0,0,0,0,0,0,0,1,0,0,0,0,0,1,0
A8C9B3C0-4B94-4353-A7C7-D7776226B4F4,2014,00,0,0,0,0,0,1,0,0,0,1,0,0,0,1,0,0,0,0,0,0,0,0,0,1,0
35214780-e2de-11e7-a8b4-b50015373b0a,2017,62,0,0,0,0,1,0,0,0,0,0,1,0,1,0,0,0,0,0,0,0,0,0,0,1,0
A8D0B60F-DE53-4902-AA9F-C17E80F9543B,2013,92,0,0,0,0,1,0,0,0,0,1,0,0,1,0,0,0,0,0,0,0,0,0,0,1,0
A8D1B6FB-B2AC-4A4F-8FF4-E9BEE9398756,2005,00,0,0,1,0,1,0,0,0,1,1,0,0,1,0,0,0,0,0,0,0,0,0,0,1,0
8BF42429-0CD0-433C-8DA4-99F0D50A0B24,2016,54,0,0,0,0,0,1,0,0,0,1,0,0,0,1,0,0,0,0,0,0,0,0,0,1,0
34636b20-8c16-11e8-bfaf-f7b4555dc539,2018,02,0,0,0,0,0,1,0,0,0,1,0,0,0,1,0,0,0,0,0,0,0,0,0,1,0
A8E159D3-8FF6-4BAA-8D20-3CE35CA1863F,2014,62,0,0,0,0,0,1,0,0,0,1,0,0,0,1,0,0,0,0,0,0,0,0,0,1,0
A8E5486F-F806-479C-B944-81F7063F4805,2011,92,0,0,0,0,1,0,0,0,0,1,0,0,1,0,0,0,0,0,0,0,0,0,0,1,0
39d1a810-8e97-11ec-ab9f-33907697f3a6,2020,62,0,1,0,0,0,0,0,0,1,0,0,0,0,0,0,1,0,0,0,0,0,0,0,1,0
A90237BB-737B-401D-8766-D9C3F3CCECE9,2013,00,0,1,0,0,0,0,0,0,1,0,0,0,0,0,0,1,0,0,0,0,0,0,0,1,0
6364D3F0-F495-B6AB-9DCF-8D3B5C6E0B01,2025,54,0,1,0,0,0,0,0,0,1,0,0,0,0,0,0,1,0,0,0,0,0,0,0,1,0
44E77A9C-BE93-4C11-8BA1-2A14342ADC46,2015,44,0,0,0,1,0,0,0,0,1,0,0,0,0,0,0,0,0,0,0,1,0,0,0,1,0
c498fc90-35a1-11ec-be76-613d00a742ca,2021,51,0,1,0,0,0,0,0,0,1,0,0,0,0,0,0,1,0,0,0,0,0,0,0,1,0
cbdb8fc0-070f-11eb-ab9e-fb89bdbaf0c7,2018,62,0,0,0,0,0,1,0,0,0,1,0,0,0,1,0,0,0,0,0,0,0,0,0,1,0
d4f002d0-88fe-11e8-82c8-d50e157d53ee,2018,00,0,0,0,0,0,1,0,0,0,1,0,0,0,1,0,0,0,0,0,0,0,0,0,1,0
A92E7691-61CE-4AA5-9E17-7E6BC603768F,2014,92,0,0,0,0,1,0,0,0,0,1,0,0,1,0,0,0,0,0,0,0,0,0,0,1,0
A9384171-6136-484C-AAF7-F59E56AE8557,2013,92,0,0,0,0,1,0,0,0,0,1,0,0,1,0,0,0,0,0,0,0,0,0,0,1,0
A93DF8A2-853C-4EA7-BFB3-9D3CF5BE5E54,2013,52,0,0,0,1,1,0,0,0,1,1,0,0,0,0,1,0,0,0,0,0,0,1,0,0,0
A93E4696-57AF-468B-B6C9-CADC2B7FBAED,2014,42,0,0,0,0,1,0,0,0,0,1,0,0,1,0,0,0,0,0,0,0,0,1,0,0,0
50709240-0aa0-11e8-827c-bba53cbad290,2016,56,0,0,0,0,0,1,0,0,0,1,0,0,0,1,0,0,0,0,0,0,0,0,0,1,0
A95184DD-0274-4017-B35C-BFF7574C01F2,2012,00,0,1,0,0,0,0,0,0,1,0,0,0,0,0,0,1,0,0,0,0,0,0,0,1,0
A95E9A71-64FE-4326-9161-6C1166C50A4D,2012,52,0,0,0,0,0,1,0,0,0,1,0,0,0,1,0,0,0,0,0,0,0,0,0,1,0
f5369f80-0b5a-11e8-985b-1119ad21cbad,2017,00,0,1,0,0,0,0,0,0,1,0,0,0,0,0,0,1,0,0,0,0,0,1,0,0,0
A98FB4F2-BFFE-4AF5-9E80-D3E436F80E0B,2012,92,0,0,0,0,1,0,0,0,0,1,0,0,1,0,0,0,0,0,0,0,0,0,0,1,0
64F136A0-6EA4-436E-84A9-D76194C2D734,2023,61,1,1,0,0,0,0,0,0,1,0,0,0,0,0,0,0,1,0,0,0,0,0,0,1,1
A9B2ADD3-4334-4817-9426-2813417DFBD0,2013,52,0,0,0,0,1,0,0,0,0,0,1,0,1,0,0,0,0,0,0,0,0,0,0,1,0
A9B3BCE7-FA5D-4763-AF10-7CA8BDDB710E,2014,92,0,0,0,1,0,0,0,0,0,1,0,0,0,0,1,0,0,0,0,0,0,0,0,1,0
8bce88f0-af5c-11e7-b9c1-d3b3b0fdcbd2,2017,44,0,0,0,1,0,0,0,0,1,0,0,0,0,0,0,0,0,0,0,1,1,0,0,0,0
A9BB8983-26C6-4EA3-BFDE-14EF0E005493,2013,62,0,0,0,1,0,0,0,0,1,0,0,0,0,0,1,0,0,0,0,0,0,1,0,0,0
A9BF0327-BB36-4565-B14A-F7715B642152,2012,54,0,1,0,0,0,0,0,0,1,0,0,0,0,0,0,0,1,0,0,0,0,1,0,0,0
A9C47A4C-9037-4167-BF42-CF8597E36982,2014,44,0,0,0,0,1,0,0,0,0,1,0,0,1,0,0,0,0,0,0,0,0,0,0,1,0
0AEC63A3-BE3A-42B5-BAFB-3085B78C00E7,2023,61,1,1,0,0,0,0,0,0,1,0,0,0,0,0,0,0,1,0,0,0,0,0,0,1,1
A9CD0944-50E8-4C90-953A-39B116A2CB7A,2015,52,0,1,0,0,0,0,0,0,1,0,0,0,0,0,0,0,1,0,0,0,0,0,0,1,0
AA766952-4DB4-4192-82AD-3C1BE248DAE0,2016,61,0,1,0,0,0,0,0,0,1,1,0,0,0,0,0,0,1,0,0,0,1,0,0,0,0
3074bb70-b11b-11e8-ac9c-a56a5b5fabb0,2018,61,0,0,1,0,0,0,0,0,1,0,0,0,0,0,0,0,0,1,0,0,0,0,0,1,0
5342D838-4127-483B-9992-177F170F53D1,2016,52,0,0,0,0,1,1,0,0,0,1,0,0,1,0,0,0,0,0,0,0,0,0,0,1,0
A9E55D77-5F94-4979-86B5-8FA65D0E852F,2010,92,0,0,0,0,0,1,0,0,0,1,0,0,0,1,0,0,0,0,0,0,0,0,1,0,0
2510b040-b023-11f0-a027-d955a4d2f085,2025,00,1,1,0,0,0,0,0,0,1,0,0,0,0,0,0,0,1,0,0,0,0,0,0,1,0
63ccf200-83e1-11ee-898d-0f9c5bf59690,2023,54,0,1,1,0,0,0,0,0,1,0,0,0,0,0,0,0,0,1,0,0,0,0,0,1,0
A9F21A7E-3756-4105-BE8D-4B2B050008E7,2011,92,0,0,0,0,0,1,0,0,0,1,0,0,0,1,0,0,0,0,0,0,0,0,0,1,0
AA01C325-5B5F-4E18-A6F0-3FF65C631C34,2013,92,0,1,0,0,0,0,0,0,1,0,0,0,0,0,0,1,0,0,0,0,1,0,0,0,0
AA022572-CC8A-423B-87A5-2142FFC4ADB3,2012,52,0,1,0,0,0,0,0,0,1,0,0,0,0,0,0,1,0,0,0,0,0,0,0,1,0
AA02CAB8-F9C5-4753-8B72-359CBA8889FC,2010,62,0,0,0,0,1,0,0,0,0,1,0,0,1,0,0,0,0,0,0,0,0,0,0,1,0
9D05BD4D-30D8-4A74-BEE1-A5F557E62BE3,2015,62,0,0,0,0,1,0,0,0,0,1,0,0,1,0,0,0,0,0,0,0,0,0,0,1,0
AA1C21B7-8A28-42B7-8108-C6384ECE4617,2012,62,0,0,0,1,0,0,0,0,1,0,0,0,0,0,1,0,0,0,0,0,0,0,0,1,0
d072da10-dae3-11e9-aa50-b778a2874faa,2016,51,0,0,0,0,0,1,0,0,0,1,0,0,0,1,0,0,0,0,0,0,0,0,0,1,0
92F5D2FE-5A28-4D04-860E-311BBD2A5C86,2023,61,1,1,0,0,0,0,0,0,1,0,0,0,0,0,0,0,1,0,0,0,0,0,0,1,1
AA2AEEBE-0BAD-4907-9CD7-E681E454666E,2013,55,0,0,0,1,0,0,0,0,1,0,0,0,0,0,0,0,0,0,0,1,0,0,0,1,0
976115BA-EDDF-42CE-B3FA-7266D4621738,2016,62,0,0,0,0,0,1,0,0,1,1,0,0,0,1,0,0,0,0,0,0,0,1,0,0,0
6A2425A9-8362-4ADF-9297-DFE6ADE1ED3E,2015,54,0,1,0,0,0,0,0,0,1,0,0,0,0,0,0,0,0,0,0,1,0,0,0,1,0
AA358280-15FC-4ED4-8D69-72E7A93DCEFF,2010,92,0,0,0,0,0,1,0,0,0,1,0,0,0,1,0,0,0,0,0,0,0,0,0,1,0
542B5397-B26B-4C7A-807B-715CE881F09D,2023,61,1,1,0,0,0,0,0,0,1,0,0,0,0,0,0,0,1,0,0,0,0,0,0,1,1
568a66d0-1d42-11eb-866e-51f25f42af12,2020,61,1,0,0,0,0,0,0,0,1,0,0,0,0,0,0,0,1,0,0,0,0,0,0,1,0
AA464FE7-9027-44DB-B5A4-0658751DA115,2010,62,0,0,0,1,0,0,0,0,1,0,0,0,0,0,1,0,0,0,0,0,0,1,0,0,0
aec56520-94ab-11e7-9340-f70be1ebf87c,2017,00,0,1,0,0,0,0,0,0,1,0,0,0,0,0,0,0,1,0,0,0,0,0,0,1,0
AA5DC8A2-8CC8-4B46-B822-039EBCEEA69A,2013,00,1,0,1,0,0,0,0,0,1,0,0,0,0,0,0,0,1,0,0,0,1,0,0,0,0
C7D2ABD6-A225-4819-8094-01268E6D1233,2016,61,0,1,0,0,0,0,0,0,1,0,0,0,0,0,0,1,0,0,0,0,0,0,0,1,0
AA62F4DA-A37B-4CD7-B5AD-ED628C0BF80D,2013,61,0,1,0,0,0,0,0,0,1,0,0,0,0,0,0,1,0,0,0,0,0,0,0,1,0
AA650815-C10F-4AAF-9FE8-2AD4D21570E0,2010,62,0,0,0,0,0,1,0,0,0,1,0,0,0,1,1,0,0,0,0,0,0,1,0,0,0
AA72F806-3F53-4EE1-9AE0-317C937FB625,2012,62,0,0,0,0,0,1,0,0,0,1,0,0,0,0,1,0,0,0,0,0,0,1,0,0,0
AA7E1209-02FE-4AA7-93B2-E74DE0F8A8A3,2011,92,0,0,0,0,0,1,0,0,0,1,0,0,0,0,1,0,0,0,0,0,0,0,0,1,0
0c06e1d0-4166-11ec-b81c-33d442e55df8,2019,51,0,0,0,0,1,0,0,0,0,1,0,0,1,0,0,0,0,0,0,0,0,0,0,1,0
AA886245-D51B-41EE-9FFB-F9BD3DA90F98,2010,92,0,0,0,0,0,1,0,0,0,1,0,0,0,1,0,0,0,0,0,0,0,0,0,1,0
c0dece70-8926-11e8-8760-271b3d9edf6d,2018,92,0,0,0,1,0,0,0,0,1,0,0,0,0,0,1,0,0,0,0,0,0,1,0,0,0
AA89AEB7-09C1-4B19-9117-F44BEBC349B0,2011,52,0,0,0,0,1,0,0,0,0,1,0,0,1,0,0,0,0,0,0,0,0,0,0,1,0
0c2d7550-2f35-11eb-be94-ff2f41197b3c,2019,00,0,0,0,1,0,0,0,0,1,0,0,0,0,0,1,0,0,0,0,0,0,0,0,1,0
AA97E31E-4558-435D-81F5-6B40EE5D28EB,2013,54,0,1,0,0,0,0,0,0,1,0,0,0,0,0,0,0,1,0,0,0,0,0,0,1,0
AA9D0D53-6C35-4F29-84A9-68B86BB6593E,2014,62,0,0,0,0,0,1,0,0,0,1,0,0,0,1,0,0,0,0,0,0,0,1,0,0,0
AAA12C4E-0E64-44D7-9B37-0F0406E36C3E,2010,92,0,0,0,0,0,1,0,0,0,1,0,0,0,0,1,0,0,0,0,0,0,0,0,1,0
c74e8f00-2d9a-11eb-8132-47626699b560,2020,49,1,0,0,0,0,0,0,0,1,0,0,0,0,0,0,0,1,0,0,0,0,1,0,0,0
B09564B8-D79F-46DA-B7E0-498991821E2F,2023,52,1,1,0,0,0,0,0,0,1,0,0,0,0,0,0,0,1,0,0,0,0,0,0,1,1
AAC0CBFF-6DA2-413D-9427-4822CF512099,2010,52,0,0,0,1,0,0,0,0,1,0,0,0,0,0,1,0,0,0,0,0,0,1,0,0,0
AACE0E39-68B3-4D65-8B28-AE7114331075,2011,92,0,0,0,0,1,0,0,0,0,1,0,0,1,0,0,0,0,0,0,0,0,0,0,1,0
309e9240-4fca-11ed-b425-911ebaacea9c,2022,51,0,1,0,0,0,0,0,0,1,0,0,0,0,0,0,1,0,0,0,0,0,1,0,0,0
AAD2C875-627B-48AB-B117-08BCE605F5CF,2012,52,0,1,0,0,0,0,0,0,1,0,0,0,0,0,0,1,0,0,0,0,0,0,0,1,0
AAD8DFDB-9657-49FF-A227-28E50B2BA143,2012,53,0,0,0,1,0,0,0,0,1,0,0,0,0,0,1,0,0,0,0,0,0,0,0,1,0
6c78aba0-0a15-11ea-9e73-f15207d33dcb,2018,61,0,1,0,0,0,0,0,0,0,1,0,0,0,0,0,1,0,0,0,0,0,0,0,1,0
AAE3EE16-409E-4D79-9683-DDE997E0AE77,2014,62,0,0,0,1,0,0,0,0,1,0,0,0,0,0,1,0,0,0,0,0,0,1,0,0,0
AAE58193-CBE3-48EE-A8EA-BCB25CD747BC,2012,92,1,1,1,0,0,0,0,0,1,0,0,0,0,0,0,0,0,1,0,0,0,0,0,1,0
AAEFD515-974F-4153-BCDD-6B4179F1846E,2026,32,0,1,1,0,0,0,0,0,1,0,0,0,0,0,0,0,0,1,0,0,0,0,0,1,0
AAF37CE3-3696-49B1-9281-7F7B90CFA905,2015,92,0,0,0,0,1,0,0,0,0,1,0,0,1,0,0,0,0,0,0,0,0,0,0,1,0
AAF927DF-9882-45E8-9587-5170F56CE424,2012,54,0,0,0,1,0,0,0,0,1,0,0,0,0,0,1,0,0,0,0,0,0,0,0,1,0
AB0802AD-B689-4EAB-8371-5B1F4F9EDC86,2014,92,0,0,0,0,0,1,0,0,0,1,0,0,0,1,0,0,0,0,0,0,0,0,0,1,0
AB163D6D-CEAA-4503-8A44-E8D8A811C6DE,2013,62,0,0,0,0,0,1,0,0,0,1,0,0,0,1,0,0,0,0,0,0,0,0,0,1,0
AB2007A4-82AB-44E5-A203-3986349C8C31,2010,62,0,0,0,0,0,1,0,0,0,0,1,0,0,1,1,0,0,0,0,0,0,1,0,0,0
36644031-85d0-4917-af8c-b14695a814c1,2024,33,0,1,0,0,0,0,0,0,1,0,0,0,0,0,0,1,0,0,0,0,0,0,0,1,0
AB2D8E43-7A5E-490D-AA59-3EF0A87596DD,2013,00,0,1,0,0,0,0,0,0,1,0,0,0,0,0,0,1,0,0,0,0,1,0,0,0,0
AB340DD6-3531-4652-AF1F-9E9626E00D73,2012,00,0,0,0,1,0,0,0,0,1,0,0,0,0,0,1,0,0,0,0,0,0,1,0,0,0
AB37CAA5-2FA0-4E28-BDFB-58715C93D3A8,2010,92,0,0,0,0,0,1,0,0,0,1,0,0,0,1,0,0,0,0,0,0,0,0,0,1,0
AB38D5E3-0EC2-4C20-8E59-D2D1D1FCFBE5,2013,81,0,1,0,0,0,0,0,0,1,0,0,0,0,0,0,1,0,0,0,0,0,0,0,1,0
EE678FD1-E70F-41E2-908F-6A4B7FE5AE4C,2014,92,0,0,0,0,0,1,0,0,0,1,0,0,0,1,0,0,0,0,0,0,0,0,0,1,0
AB3C9429-6EF0-4EBC-8D8D-D538658CAC07,2014,44,0,0,0,1,0,0,0,0,1,0,0,0,0,0,0,0,0,0,0,1,0,0,0,1,0
AB48B420-B3E5-401C-8991-2239242A171A,2013,92,0,0,0,0,1,0,0,0,0,1,0,0,1,0,0,0,0,0,0,0,0,0,0,1,0
AB4AB0A6-0858-4090-81BE-6B587075F87F,2014,62,0,0,0,0,0,1,0,0,0,1,0,0,0,1,0,0,0,0,0,0,0,0,0,1,0
AB546E55-78B5-46E1-8F74-37B0793EB637,2014,52,0,0,0,0,0,0,0,1,1,0,0,0,0,0,0,0,0,0,0,1,0,0,0,1,0
AB547ECD-D17A-4EA0-9D14-87F432D09153,2015,62,0,0,0,0,0,1,0,0,0,1,0,0,0,0,1,0,0,0,0,0,0,1,0,0,0
A234568C-0FE3-4434-A5B5-B0F90CA4D643,2016,62,0,0,0,0,1,0,0,0,1,0,0,0,1,0,0,0,0,0,0,0,0,0,0,1,0
AB57F5D7-6568-4E9D-9680-9558A21FECC7,2013,92,0,0,0,0,1,0,0,0,0,1,0,0,1,0,0,0,0,0,0,0,0,0,0,1,0
DA246080-8D52-4EE0-ACA1-36FCBC1B4E09,2015,00,0,0,0,1,0,0,0,0,1,0,0,0,0,0,1,0,0,0,0,0,0,1,0,0,0
AB648A29-3989-4EFA-9AB1-4DA086905E50,2013,00,1,1,1,0,0,0,0,0,1,0,0,0,0,0,0,0,0,1,0,0,0,0,0,1,0
AB6E8720-B246-498B-9CDC-E706C5758409,2012,62,0,0,0,0,0,1,0,0,0,1,0,0,0,0,1,0,0,0,0,0,0,1,0,0,0
AB6F21F0-B201-45C9-93BB-9524AD534C16,2010,92,0,0,0,0,0,1,0,0,0,1,0,0,0,1,0,0,0,0,0,0,0,0,1,0,0
AB70CA0F-2184-403C-8F6B-CAAF6E102140,2013,48,0,1,0,0,0,0,0,0,1,0,0,0,0,0,0,1,0,0,0,0,1,0,0,0,0
BE1D4E89-2EC8-4A92-8586-820801D037CC,2015,62,0,0,0,0,1,0,0,0,0,1,0,0,1,0,0,0,0,0,0,0,0,0,0,1,0
14fd2670-971d-11e7-a11c-5542f7e3819f,2011,62,0,0,0,0,0,1,0,0,0,0,1,0,0,0,1,0,0,0,0,0,0,1,0,0,0
2f7d3d00-d50d-11eb-8806-c7cd39544f5b,2021,00,0,1,0,0,0,0,0,0,1,0,0,0,0,0,0,0,1,0,0,0,0,0,0,1,0
28e1ad70-ee38-11eb-a0c0-efc7cda0e23f,2017,31,0,0,0,0,1,0,0,0,0,1,0,0,1,0,0,0,0,0,0,0,0,0,0,1,0
AB8E2FD0-C3CB-42D6-AAD0-DF27BE133915,2013,56,0,0,0,0,1,0,0,0,0,1,0,0,1,0,0,0,0,0,0,0,0,0,0,1,0
AB97BF7F-0C86-4614-9DCE-FAF32A1BE721,2013,51,0,0,1,0,1,0,0,1,1,1,0,0,1,0,0,0,0,1,0,0,0,0,0,1,0
AB9939F6-CC3B-43FF-8AF7-DD501BEF9700,2014,00,0,0,0,1,0,0,0,0,1,0,0,0,0,0,0,0,0,0,0,1,0,0,0,1,0
71947130-cf39-11e9-89a9-015b821d7cea,2019,61,1,0,0,0,0,0,0,0,1,0,0,0,0,0,0,0,1,0,0,0,0,1,0,0,0
ABB52ABF-0B66-444F-B062-335A53FA6034,2016,62,0,0,0,0,1,1,0,0,0,1,0,0,0,1,0,0,0,0,0,0,0,0,0,1,0
ABB7CDF4-8F13-4045-B993-43144C2DD06E,2010,62,0,0,0,0,1,1,0,0,0,1,0,0,0,1,0,0,0,0,0,0,0,0,0,1,0
ABD551D3-A3A1-4523-A570-7F3DF9937E70,2010,62,0,0,0,0,1,0,0,0,0,1,0,0,1,0,0,0,0,0,0,0,0,1,0,0,0
01586993-AD88-4722-ABB5-BCCFB871A30C,2023,52,1,1,0,0,0,0,0,0,1,0,0,0,0,0,0,0,1,0,0,0,0,0,0,1,1
ABDA520D-6C1B-4824-8132-3E0BE95BB1CF,2011,00,0,0,0,0,1,0,0,0,0,1,0,0,1,0,0,0,0,0,0,0,0,0,0,1,0
76b13ad0-1125-11ea-bd5f-71a8176be0a0,2018,92,0,0,0,0,0,1,0,0,0,1,0,0,0,1,1,0,0,0,0,0,0,0,0,1,0
ABE34819-1CCC-4F1D-86DA-F27071F840B4,2016,51,0,1,0,0,0,0,0,0,1,0,0,0,0,0,0,1,0,0,0,0,0,0,0,1,0
8C1E6C8D-40FF-4E0C-8883-1CFFF38B7B2F,2016,51,0,1,0,0,0,0,0,0,1,0,0,0,0,0,0,0,0,0,0,1,0,1,0,0,0
33CEE271-7514-4B5D-9B86-A53AABE0F6C6,2023,61,1,1,0,0,0,0,0,0,1,0,0,0,0,0,0,0,1,0,0,0,0,0,0,1,1
8e0bbd20-2436-11eb-af35-ed9bb3f10d5f,2020,62,1,0,0,0,0,0,0,1,1,0,0,0,0,0,0,0,1,0,0,0,0,0,0,1,0
AC00372F-3E6F-4358-9865-18FEE90A473D,2011,00,0,0,0,1,0,0,0,0,1,0,0,0,0,0,1,0,0,0,0,0,0,1,0,0,0
AC030EB7-36E1-4962-8D84-A1203A9AA06A,2010,92,0,0,0,0,0,1,0,0,0,1,0,0,0,1,0,0,0,0,0,0,0,0,0,1,0
AC05377E-9FCB-410C-976E-A8B3FB199C2A,2013,62,0,0,0,1,0,0,0,0,1,0,0,0,0,0,1,0,0,0,0,0,0,0,0,1,0
690E5AD8-9F3E-4779-A935-1FD0C8C91E1A,2015,92,0,0,0,1,0,0,0,0,1,0,0,0,0,0,1,0,0,0,0,0,0,0,0,1,0
AC19AECD-C568-49D6-ABEE-A8FB1E7EB661,2014,62,0,0,0,1,0,0,0,0,1,0,0,0,0,0,1,0,0,0,0,0,0,1,0,0,0
AC1CA5E6-4FA4-428D-9BDD-7AECBC7FBEAA,2013,00,0,0,0,0,1,0,0,0,0,1,0,0,1,0,0,0,0,0,0,0,0,0,0,1,0
AC24C87D-6A60-4D87-9EEC-FBF6D2313130,2014,00,0,0,1,1,0,0,0,0,0,1,1,0,0,0,1,0,0,1,0,0,0,0,0,1,0
DB6359EF-F9DC-405A-A2D3-25C0D2D365EC,2015,92,0,0,0,0,0,1,0,0,0,1,0,0,0,0,1,0,0,0,0,0,0,1,0,0,0
AC4D678A-6245-4AA6-B0E5-954329EDE22C,2013,62,0,0,0,0,1,0,0,0,0,1,0,0,1,0,0,0,0,0,0,0,0,0,0,1,0
AC50DD6B-D44D-4B65-92FE-67C4A1AFF698,2015,52,0,1,0,0,0,0,0,0,1,0,0,0,0,0,0,0,0,0,0,1,0,0,0,1,0
AC5A7915-DCD6-4565-8E8E-90DED57EDF9D,2013,62,0,0,0,1,0,0,0,0,1,0,0,0,0,0,1,0,0,0,0,0,0,1,0,0,0
AC5C6BCC-3C62-4C94-BD70-888019D91778,2010,05,0,1,0,0,0,0,0,0,1,0,0,0,0,0,0,0,0,0,0,1,0,0,0,1,0
65c54690-fbe9-11e9-8c71-6b6c5a5368d9,2018,92,0,0,0,1,0,0,0,0,1,0,0,0,0,0,1,0,0,0,0,0,0,0,0,1,0
AC640713-74EC-48EE-BF97-C071522DB937,2014,44,0,0,0,1,0,0,0,0,1,0,0,0,0,0,1,0,0,0,0,0,0,0,0,1,0
AC64852D-C869-431D-B6FF-F2AC486299B7,2014,61,0,0,0,0,0,1,0,0,0,1,0,0,0,1,0,0,0,0,0,0,1,0,0,0,0
AC733FDB-0A89-41BF-9FCC-FA2F4E586602,2010,62,0,0,0,0,0,1,0,0,0,0,1,0,0,0,1,0,0,0,0,0,0,1,0,0,0
a7861d20-d968-11e7-8b17-fdfed30923dd,2016,62,0,0,0,0,1,0,0,0,0,1,0,0,1,0,0,0,0,0,0,0,0,0,0,1,0
AC9B9258-083E-4372-B6AC-274B40DD7AF3,2012,00,0,0,0,0,1,0,0,0,0,1,0,0,1,0,0,0,0,0,0,0,0,0,0,1,0
ACA22495-BD4C-4BE1-B779-BCF7DC3F5C08,2012,00,0,0,0,0,1,0,0,0,0,1,0,0,1,0,0,0,0,0,0,0,0,0,0,1,0
ACA47082-9737-4B89-82F3-0FFAC3223FC7,2014,33,0,0,0,1,0,0,0,0,1,0,0,0,0,0,0,0,0,0,0,1,0,0,0,1,0
4f463200-25ed-11ec-8021-93be7268887c,2019,00,0,0,0,0,0,1,0,0,0,1,0,0,0,1,0,0,0,0,0,0,0,0,0,1,0
D8E7DB35-0400-4DFE-A6EA-F88B8A9CCE50,2023,61,1,1,0,0,0,0,0,0,1,0,0,0,0,0,0,0,1,0,0,0,0,0,0,1,1
ACC2A1EC-3738-4850-8D25-59CD25B1E2A5,2008,62,0,0,0,1,0,0,0,0,1,0,0,0,0,0,1,0,0,0,0,0,0,1,0,0,0
559EFC31-4047-4340-AC51-8FBAD527AE29,2015,62,0,0,0,0,1,0,0,0,0,1,0,0,1,0,0,0,0,0,0,0,0,0,0,1,0
b9dce4a0-b1f7-11e8-800d-891a5c02ea18,2018,52,0,0,0,1,0,0,0,0,1,0,0,0,0,0,0,0,0,0,0,1,0,0,0,1,0
ACC8472A-48C5-4672-B01A-F7C9FB5F1B55,2013,51,0,1,0,0,0,0,0,0,1,0,0,0,0,0,0,0,0,0,0,1,0,0,0,1,0
44F683A8-4163-B352-3AFE-57C2E008BC8C,2025,44,0,1,0,0,0,0,0,0,1,0,0,0,0,0,0,1,0,0,0,0,0,0,0,1,0
cc7513a0-243a-11eb-af35-ed9bb3f10d5f,2020,62,0,1,0,0,0,0,0,0,1,0,0,0,0,0,0,0,1,0,0,0,0,0,0,1,0
ACF13596-54EE-4542-95E0-B9CA991D063B,2014,51,0,0,0,0,0,1,0,0,0,1,0,0,0,1,0,0,0,0,0,0,0,0,0,1,0
ACF76A34-7570-4FD5-9A0D-0535AE78ED35,2012,61,0,1,0,0,0,0,0,0,1,0,0,0,0,0,0,0,0,0,0,1,0,0,0,1,0
AD03ADFF-D600-4DD0-B69F-C8BB892CE60F,2012,52,0,0,0,1,0,0,0,0,1,0,0,0,0,0,0,0,0,0,0,1,0,0,0,1,0
AD0E4447-7008-4E4B-8DAB-FBF45E7B0470,2010,92,0,0,0,0,0,1,0,0,0,1,0,0,0,1,0,0,0,0,0,0,0,0,0,1,0
E8E0A132-87DE-4E00-AD25-918B84D19DCA,2016,92,0,0,0,0,1,1,0,0,0,1,0,0,0,1,0,0,0,0,0,0,0,0,0,1,0
542EE903-678A-4AB4-9C97-E497A705B618,2023,00,1,1,0,0,0,0,0,0,1,0,0,0,0,0,0,0,1,0,0,0,0,0,0,1,1
AD2CC5B5-D6B4-4B62-A5E4-8B6ED36677C2,2012,00,0,0,0,0,1,0,0,0,1,1,0,0,1,0,0,0,0,0,0,0,0,0,0,1,0
AD316C89-D7B7-42F0-9A4C-7439D13C75D7,2013,00,0,1,0,0,0,0,0,0,1,0,0,0,0,0,0,0,0,0,1,0,1,0,0,0,0
dcbd5640-945f-11e8-8a69-45d02d35861b,2018,06,0,1,1,0,0,0,0,0,1,0,0,0,0,0,0,0,0,1,0,0,0,0,0,1,0
AD3C0726-E541-4616-BF17-216392EF2194,2011,92,0,0,0,0,1,0,0,0,0,1,0,0,1,0,0,0,0,0,0,0,0,0,0,1,0
AD413D9B-CFCD-4CC3-B50C-FC6AC795A8E8,2011,92,0,0,0,0,1,0,0,0,0,1,0,0,1,0,0,0,0,0,0,0,0,0,0,1,0
331DF63A-C160-406E-AAFD-B3BB173D6E77,2013,52,0,0,0,0,1,0,0,0,1,1,0,0,1,0,0,0,0,0,0,0,0,0,0,1,0
887834f0-0e82-11ed-9a95-4bdaebaab721,2019,00,0,0,0,1,0,0,0,0,1,0,0,0,0,0,1,0,0,0,0,0,0,0,0,1,0
e7877d70-c49f-11e7-9a8b-47d1b690bc01,2017,81,0,1,0,0,0,0,0,0,1,0,0,0,0,0,0,1,0,0,0,0,0,1,0,0,0
EA8F4E5B-06FF-4345-9716-03E207398EB2,2023,61,1,1,0,0,0,0,0,0,1,0,0,0,0,0,0,0,1,0,0,0,0,0,0,1,1
AD7932A2-2053-4505-890E-2A5CC0EA060B,2012,23,0,0,0,0,1,0,0,0,0,1,0,0,1,0,0,0,0,0,0,0,0,0,0,1,0
0e72f460-1d08-11ea-b94e-893211cca703,2019,22,0,0,0,0,1,0,0,0,0,1,0,0,1,0,0,0,0,0,0,0,0,0,0,1,0
AD84444C-3AA4-4B0D-A72E-28FDB16D2C1F,2012,92,0,0,0,0,1,0,0,0,0,1,0,0,1,0,0,0,0,0,0,0,0,0,0,1,0
109b5700-78df-11ee-883f-1da00fe89b12,2022,42,1,0,0,0,0,0,0,1,1,0,0,0,0,0,0,0,1,0,0,0,0,0,0,1,0
A90F0829-3A25-4F09-9923-A6AF0369E3AD,2023,61,1,1,0,0,0,0,0,0,1,0,0,0,0,0,0,0,1,0,0,0,0,0,0,1,1
ef44aec0-e1dc-11e7-8553-197c24c367d2,2016,62,0,0,0,0,1,0,0,0,0,1,0,0,1,0,0,0,0,0,0,0,0,0,0,1,0
594F0950-52EE-4B37-B3E8-6CD997B5975D,2014,62,0,0,0,0,1,0,0,0,0,1,0,0,1,0,0,0,0,0,0,0,0,0,0,1,0
17f01c60-0a52-11eb-a175-e162319ad19d,2019,00,0,0,0,0,0,0,0,1,1,0,0,0,0,0,0,0,0,0,0,1,0,0,0,1,0
ADB5547D-87EB-4A46-890C-8F7796B49775,2011,62,0,0,0,0,0,0,0,1,0,0,0,1,0,0,0,0,0,0,0,1,0,1,0,0,0
ADBEFDC8-D591-4CB1-AD64-1C54FA960A29,2007,92,0,0,0,0,0,1,0,0,0,1,0,0,0,0,1,0,0,0,0,0,0,1,0,0,0
ADC3CE6B-39C3-4868-B6DB-A2BE474BBDF4,2013,62,0,0,1,0,1,0,0,0,1,1,0,0,1,0,0,0,0,0,0,0,0,0,0,1,0
D844BE1C-B8F4-494E-BD24-EDBBD33176E5,2016,62,1,0,0,0,0,0,0,0,1,0,0,0,0,0,0,0,1,0,0,0,0,1,0,0,0
ADD2CBB0-3DA5-4BDE-8279-7721CF7BDD7D,2012,92,0,0,0,0,0,1,0,0,0,1,0,0,0,1,0,0,0,0,0,0,0,0,1,0,0
ADD62D8D-2951-4CB9-81A3-336B12F20F34,2014,81,0,0,0,0,1,0,0,0,0,1,0,0,1,0,0,0,0,0,0,0,0,0,0,1,0
ADD7E519-6980-4972-B188-6C3FCE21A54A,2012,23,0,1,0,0,0,0,0,0,1,0,0,0,0,0,0,1,0,0,0,0,0,0,0,1,0
7ec06a90-c11a-11e8-a33a-95e6749d3999,2018,00,0,0,0,0,0,1,0,0,0,1,0,0,0,1,0,0,0,0,0,0,0,0,0,1,0
ADDCEC58-3F7C-4584-87A4-A8DBE90B0F0B,2014,54,0,0,0,0,0,0,0,1,1,0,0,0,0,0,0,0,0,0,0,1,0,0,0,1,0
c4e99f40-1d22-11ea-93dd-ad92e007263c,2019,22,0,0,0,0,0,1,0,0,0,1,0,0,0,1,0,0,0,0,0,0,0,0,0,1,0
ffca5f10-8ab0-11e8-874b-dd84fb61b260,2017,54,0,0,0,0,0,1,0,0,0,1,0,0,0,1,0,0,0,0,0,0,0,0,0,1,0
ADE833CC-2E5F-44B9-9FBE-961BA1E5A19C,2013,51,0,0,0,0,0,0,0,1,1,0,0,0,0,0,0,0,0,0,0,1,0,0,0,1,0
ADEFBEAC-A258-4270-A2D3-310C5EE5F0B1,2013,92,0,0,0,0,0,1,0,0,0,1,0,0,0,1,0,0,0,0,0,0,0,0,0,1,0
765ce730-b6a1-11e8-b56a-011002460f8b,2016,81,1,0,0,0,0,0,0,0,1,0,0,0,0,0,0,0,1,0,0,0,0,0,0,1,0
ADF9B541-1A5A-4D95-AAC7-9CCF062EB1E4,2010,62,0,0,0,1,0,0,0,0,1,0,0,0,0,0,1,0,0,0,0,0,0,1,0,0,0
D0162C46-2F34-4713-B18F-0A1EDAECFEBA,2023,61,1,1,0,0,0,0,0,0,1,0,0,0,0,0,0,0,1,0,0,0,0,0,0,1,1
ADFB981E-6178-49EB-830E-B8C87C6A02F0,2013,00,0,1,0,0,0,0,0,0,1,0,0,0,0,0,0,1,0,0,0,0,0,0,0,1,0
2aa692e0-d2ea-11e8-9b3a-b50b161886e9,2018,52,0,1,0,0,0,0,0,0,1,0,0,0,0,0,0,1,0,0,0,0,0,0,0,1,0
AE02B086-BE59-4B80-96CC-A9E8E232E6D5,2011,92,0,0,0,0,0,1,0,0,0,1,0,0,0,1,0,0,0,0,0,0,0,0,0,1,0
AE0A63AC-FD19-40C9-83B0-297FD733B596,2014,62,0,0,0,0,0,0,0,1,1,0,0,0,0,0,0,0,0,0,0,1,0,0,0,1,0
AE0AF7D6-B863-4605-A5D3-8087ACD7CA56,2014,09,1,0,1,0,0,0,0,0,1,0,0,0,0,0,0,0,0,1,0,0,1,0,0,0,0
AE0F975F-3853-420A-AA59-33CAFF7EC099,2013,92,0,1,0,0,0,0,0,0,1,0,0,0,0,0,0,0,0,0,0,1,0,0,0,1,0
c448c540-7247-11eb-b847-53c7fcddcc7a,2020,54,0,0,0,0,0,1,0,0,0,1,0,0,0,1,0,0,0,0,0,0,0,0,0,1,0
AE263091-A728-4455-88D5-4EBD1F8B480E,2012,62,0,0,0,0,1,0,1,0,1,1,0,0,1,0,0,0,0,0,0,0,0,1,0,0,0
AE2887B8-F00B-4B52-BA46-39672AF7C2F8,2011,00,0,1,0,0,0,0,0,0,1,0,0,0,0,0,0,0,0,0,0,1,0,0,0,1,0
AE2FE728-0237-41A0-A31F-6AF51267D08B,2008,55,0,0,0,1,0,0,0,0,1,0,0,0,0,0,1,0,0,0,0,0,0,1,0,0,0
F2E6E942-F950-4325-8002-58E4AD4600B5,2023,61,1,1,0,0,0,0,0,0,1,0,0,0,0,0,0,0,1,0,0,0,0,0,0,1,1
2398ba30-9a6b-11e8-8652-5d096cfefbb4,2012,62,0,0,0,0,1,0,0,0,0,1,0,0,1,0,0,0,0,0,0,0,0,0,0,1,0
AE3738A0-446C-409F-9E17-6CED9B4F0A41,2009,62,0,0,0,0,1,0,0,0,0,1,0,0,1,0,0,0,0,0,0,0,0,0,0,1,0
AE37CCC0-E461-4196-BE64-73E292CAABE9,2013,92,1,1,1,0,0,0,0,0,1,0,0,0,0,0,0,0,0,1,0,0,0,0,0,1,0
DBD162E4-D64A-435C-91ED-87771ADBB1D8,2016,61,1,0,0,0,0,0,0,0,1,0,0,0,0,0,0,0,1,0,0,0,1,0,0,0,0
AE3C830C-3D7E-4071-8BBD-70FF13BBE1D8,2013,32,0,1,0,0,0,0,0,0,1,0,0,0,0,0,0,1,0,0,1,0,1,0,0,0,0
8a6aa5c0-e3aa-11e7-8742-2bc46bd10713,2016,62,0,0,0,1,0,0,0,0,1,0,0,0,0,0,1,0,0,0,0,0,0,0,0,1,0
AE4781E2-3082-49CC-B4BF-B3DE92808A2A,2012,62,0,0,0,1,0,0,0,0,1,0,0,0,0,0,1,0,0,0,0,0,0,1,0,0,0
AE4988E4-B354-4484-94D4-AF2D65B6352B,2013,92,0,0,0,0,0,1,0,0,0,1,0,0,0,1,0,0,0,0,0,0,0,0,0,1,0
AE4D2E72-809C-421D-B5FF-6C53317AF12C,2014,92,0,0,0,0,0,1,0,0,0,1,0,0,0,1,0,0,0,0,0,0,0,0,0,1,0
F6B56BCD-8F5E-4C66-B538-166A6CFED764,2023,61,1,1,0,0,0,0,0,0,1,0,0,0,0,0,0,0,1,0,0,0,0,0,0,1,1
AE5D8CDE-D8B8-46CE-9FD4-2A462D60C71C,2012,51,0,0,0,0,0,0,0,1,1,0,0,0,0,0,0,0,0,0,0,1,0,0,0,1,0
C5CD91B8-20F6-4340-ACEA-BC2BA01EF95F,2015,81,0,1,0,0,0,0,0,0,1,0,0,0,0,0,0,1,0,0,0,0,0,1,0,0,0
AE689FC5-6115-4A4F-BD06-2548094CD902,2010,92,0,0,0,0,0,1,0,0,0,1,0,0,0,1,0,0,0,0,0,0,0,0,1,0,0
D8ED7F09-D4BD-4FAC-8BB5-156C57BED69B,2015,51,0,0,0,0,1,0,0,0,0,1,0,0,1,0,0,0,0,0,0,0,0,0,0,1,0
d4a9ba90-6c87-11eb-ae4f-03e1e00a9a54,2020,51,0,0,0,0,0,1,0,0,0,1,0,0,0,1,0,0,0,0,0,0,0,0,0,1,0
08d88be0-9967-11e7-a8f4-3b6b04fdb9a4,2017,48,0,1,0,0,0,0,0,0,1,0,0,0,0,0,0,1,0,0,0,0,0,0,0,1,0
AE7169DB-4BB5-43F3-86B6-8211F4E6D74E,2013,00,0,0,0,0,1,0,0,0,0,1,0,0,1,0,0,0,0,0,0,0,0,1,0,0,0
AE76ECD0-AA66-49C2-8E08-86C02505258D,2011,52,0,0,0,1,0,0,0,0,1,0,0,0,0,0,1,0,0,0,0,0,0,1,0,0,0
FB2D9F62-1B6A-40AC-81DE-C8EB89B88D2F,2023,52,1,1,0,0,0,0,0,0,1,0,0,0,0,0,0,0,1,0,0,0,0,0,0,1,1
AE7BC0B4-6C8C-4221-B93B-A7122118BB27,2013,92,0,0,0,1,0,0,0,0,1,0,0,0,0,0,1,0,0,0,0,0,0,0,0,1,0
AE8ACC75-E339-4628-93BB-FD629C520C85,2006,09,0,0,0,0,1,0,0,0,0,1,0,0,1,0,0,0,0,0,0,0,0,0,0,1,0
FC20DAED-698F-41B6-8A6A-56F2128BA8A4,2023,54,1,1,0,0,0,0,0,0,1,0,0,0,0,0,0,0,1,0,0,0,0,0,0,1,1
AE98C5E9-DA17-45FB-A231-559CEB223AD3,2013,92,0,0,0,0,0,1,0,0,0,1,0,0,0,1,0,0,0,0,0,0,0,0,0,1,0
AEA236C9-2DDA-4B38-A42A-05722E99AB17,2013,52,0,1,0,0,0,0,0,0,1,0,0,0,0,0,0,0,1,0,0,0,0,0,0,1,0
34716320-a930-11e7-b732-299fe2e433d1,2016,52,1,0,0,0,0,0,0,0,1,0,0,0,0,0,0,0,1,0,0,0,0,0,0,1,0
D0A13D8A-64BE-42FE-B7C4-C86A6675D4A0,2023,61,1,1,0,0,0,0,0,0,1,0,0,0,0,0,0,0,1,0,0,0,0,0,0,1,1
5e9054d0-1f98-11ec-aba2-27b717aed560,2020,61,1,1,0,0,0,0,0,0,1,0,0,0,0,0,0,0,1,0,0,0,0,0,0,1,0
AEAE4E02-0624-466A-ABA9-E7D18CBE82EF,2015,62,0,0,0,0,1,0,0,0,0,1,0,0,1,0,0,0,0,0,0,0,0,0,0,1,0
A796F103-B354-49F1-842C-3A5B47DE8ECD,2023,61,1,1,0,0,0,0,0,0,1,0,0,0,0,0,0,0,1,0,0,0,0,0,0,1,1
AED3A509-72E7-47BC-8082-8C030EC3D2F9,2013,33,0,0,0,0,0,1,0,0,0,1,0,0,0,1,1,0,0,0,0,0,0,1,0,0,0
AED74CB2-A3AD-4AC8-AFDB-E7278047AABD,2013,92,0,0,0,0,0,1,0,0,0,0,1,0,0,0,1,0,0,0,0,0,0,0,0,1,0
23FE3534-3F14-4056-812D-06772473B7E7,2023,00,1,1,0,0,0,0,0,0,1,0,0,0,0,0,0,0,1,0,0,0,0,0,0,1,1
AEDF80C0-133B-4D18-8120-1BD8B17E5901,2013,72,0,1,0,0,0,0,0,0,1,0,0,0,0,0,0,1,0,0,0,0,1,0,0,0,0
854E102C-ED08-442E-9F37-43F561739F3D,2015,62,0,0,0,0,0,1,0,0,0,1,0,0,0,1,0,0,0,0,0,0,0,0,0,1,0
AEECF270-64E9-469B-960C-40E06BCFDF4C,2011,92,0,0,0,0,0,1,0,0,0,1,0,0,0,1,0,0,0,0,0,0,0,0,0,1,0
AEF76670-CA82-469B-BE0A-B5EFA2381D0F,2014,51,0,0,0,1,0,0,0,0,1,0,0,0,0,0,1,0,0,0,0,0,1,0,0,0,0
AEFA1252-CFA9-4DF1-8D60-89441CE3A095,2009,72,0,1,0,0,0,0,0,0,0,0,0,1,0,0,0,0,1,0,0,0,1,0,0,0,0
AEFA7E95-8E63-4C89-8DA3-22CCAE8FD13D,2013,53,0,0,0,0,0,1,0,0,0,1,0,0,0,1,0,0,0,0,0,0,0,1,0,0,0
AEFF14F4-C15B-407B-ADFC-83FC58525138,2010,92,0,0,0,0,0,1,0,0,0,1,0,0,0,1,0,0,0,0,0,0,0,0,0,1,0
AF03598B-DB5E-410B-ADA7-678555BF4BEB,2011,92,0,0,0,0,0,1,0,0,0,1,0,0,0,1,0,0,0,0,0,0,0,0,0,1,0
AF108731-F2F5-4B1E-B75E-0FC9FFFDE9D9,2014,51,0,1,0,0,0,0,0,0,1,0,0,0,0,0,0,0,0,0,1,0,1,0,0,0,0
0C5C2C0E-B4D9-4828-85F6-497ADBD9476E,2013,92,0,0,0,0,1,0,0,0,0,1,0,0,1,0,0,0,0,0,0,0,1,0,0,0,0
AF160495-648F-4F8F-AB32-A6C66502C3AF,2012,05,0,1,0,0,0,0,0,0,1,0,0,0,0,0,0,1,0,0,0,0,0,0,0,1,0
83CF2465-BBEA-4F73-B640-DC027CEEE5A1,2015,61,0,1,0,1,0,0,0,0,1,0,0,0,0,0,0,0,1,0,0,0,0,0,0,1,0
AF2BB762-BE40-4BA0-9618-CE0CE3506AE4,2013,00,1,1,1,0,0,0,0,0,1,0,0,0,0,0,0,0,0,1,0,0,0,0,0,1,0
AF3BEE5E-7FF8-4C93-B703-EF9E8C9AE142,2013,52,0,0,0,1,0,0,0,0,1,0,0,0,0,0,0,0,0,0,0,1,0,0,0,1,0
E2C3BDE5-7EE9-4CFD-8B51-E0871071458E,2015,62,0,0,0,0,1,0,0,0,0,1,0,0,1,0,0,0,0,0,0,0,0,0,0,1,0
AF68AB7E-91B1-4772-BD2C-9F8F9F32D87F,2015,62,0,0,0,1,0,0,0,0,0,1,0,0,0,0,1,0,0,0,0,0,0,0,0,1,0
22493EDF-5778-4683-AEBC-66FB7830B1A4,2016,92,0,0,0,0,1,0,0,0,0,1,0,0,1,0,0,0,0,0,0,0,0,1,0,0,0
831a94f0-fe7b-11e8-aee0-f7420d4f3238,2018,52,0,1,0,0,0,0,0,0,1,0,0,0,0,0,0,1,0,0,0,0,0,0,0,1,0
AF6E39F8-ACDC-4D3D-8FAC-7E8FCF6F90F7,2013,92,1,1,0,0,0,0,0,0,1,0,0,0,0,0,0,1,0,0,0,0,0,0,0,1,0
AF861519-9AB9-4A3E-8A88-EB94331A2D3E,2014,72,0,1,0,0,0,0,0,0,1,0,0,0,0,0,0,1,0,0,0,0,0,0,0,1,0
AF86926E-CF16-4ECC-B4B2-9C2E26CF98A4,2012,44,1,0,0,0,0,0,0,0,1,0,0,0,0,0,0,0,1,0,0,0,1,0,0,0,0
45E96920-F078-4997-AB0C-91549896D95E,2015,61,0,0,0,1,0,0,0,0,1,0,0,0,0,0,1,0,0,0,0,0,0,1,0,0,0
AFA1BA9B-501C-4074-8066-6F51B17D1A3A,2011,92,0,0,0,0,1,0,0,0,0,1,0,0,1,0,0,0,0,0,0,0,0,0,0,1,0
c6067b10-2388-11eb-b77f-316b5c5dd5eb,2020,52,1,0,0,0,0,0,0,0,1,0,0,0,0,0,0,0,1,0,0,0,0,0,0,1,0
AFA9BE8B-3F64-4709-8926-3A29E749CD6A,2013,62,0,0,0,1,0,0,0,0,1,0,0,0,0,0,1,0,0,0,0,0,0,1,0,0,0
df59dc80-3608-11ed-9153-3540a8e4c67f,2021,52,0,1,0,0,0,0,0,0,1,0,0,0,0,0,0,1,0,0,0,0,1,0,0,0,0
AFAD0F77-B4A0-4183-832C-9866A0935062,2012,00,0,1,0,0,0,0,0,0,1,0,0,0,0,0,0,1,0,0,0,0,0,0,0,1,0
AFB3751B-CA0C-42A2-8AD2-C8AA1413FF10,2010,62,0,0,0,1,0,0,0,0,1,0,0,0,0,0,1,0,0,0,0,0,0,1,0,0,0
2CBB438E-82BF-4E06-922D-FC9683C1E10F,2023,61,1,1,0,0,0,0,0,0,1,0,0,0,0,0,0,0,1,0,0,0,0,0,0,1,1
fadb42c0-89cb-11e8-b658-d333758cf8bc,2018,51,0,1,0,0,0,0,0,0,1,0,0,0,0,0,0,1,0,0,0,0,0,0,0,1,0
41AA181B-9047-47D1-ADC6-F01572BCB952,2016,92,0,0,0,1,0,0,0,0,1,0,0,0,0,0,0,0,0,0,0,1,0,0,0,1,0
275AE6F1-7CAD-42D4-9C24-72D6F33F9989,2016,62,0,0,0,1,0,0,0,0,1,0,1,0,0,0,1,0,0,0,0,0,0,1,0,0,0
8a605e40-4642-11ec-b26b-73b5a62f8946,2020,62,0,1,0,0,0,0,0,0,1,0,0,0,0,0,0,1,0,0,0,0,0,0,0,1,0
AFCDA400-364A-4892-898A-87930213FEB7,2010,52,0,0,0,0,0,1,0,0,0,0,1,0,0,1,0,0,0,0,0,0,0,1,0,0,0
15d34c40-2597-11ea-b8c8-4fa7e4328c98,2019,00,0,0,0,0,1,0,0,0,0,1,0,0,1,0,0,0,0,0,0,0,0,0,0,1,0
f5301aa0-e3ac-11e7-8742-2bc46bd10713,2015,62,0,0,0,0,1,0,0,0,0,1,0,0,1,0,0,0,0,0,0,0,0,0,0,1,0
AFE5146C-DC6C-4FA7-B1FE-01070807677F,2013,03,0,1,0,0,0,0,0,0,1,0,0,0,0,0,0,1,0,0,0,0,0,0,0,1,0
AFE955CE-DAB0-4054-B55F-666F939415BB,2012,81,0,0,0,1,0,0,0,0,1,0,0,0,0,0,1,0,0,0,0,0,0,1,0,0,0
AFF07078-8624-4EB6-A3CD-D7F003778CE3,2013,51,0,1,0,0,0,0,0,0,1,0,0,0,0,0,0,1,0,0,0,0,0,0,0,1,0
B124687D-155B-4EED-BACF-E90D902E8F93,2015,62,0,0,0,0,1,0,0,0,0,1,0,0,1,0,0,0,0,0,0,0,0,0,0,1,0
B00012A1-4BFB-4C59-B053-963BA865CD88,2011,92,0,0,0,1,0,0,0,0,1,0,0,0,0,0,1,0,0,0,0,0,0,1,0,0,0
9CF7500C-2B1E-47F2-9CC5-D2DB4E3A2CA6,2015,62,1,1,0,0,0,0,0,0,1,0,0,0,0,0,0,0,1,0,0,0,0,1,0,0,0
97D8C6F5-3EDA-449C-9EF4-3C13EA606DE2,2016,92,0,0,0,1,0,0,0,0,1,0,0,0,0,0,1,0,0,0,0,0,0,0,0,1,0
229d4a70-027a-11e9-aee0-f7420d4f3238,2014,04,0,0,0,0,1,0,0,0,0,1,0,0,1,0,0,0,0,0,0,0,0,0,0,1,0
B0210F31-4F94-4597-93A3-1A35D28B46E9,2012,00,0,0,0,0,0,1,0,0,0,1,0,0,0,0,0,0,0,0,0,1,0,1,0,0,0
59470020-ce58-11e9-b4e5-4769cce343a0,2019,52,0,0,0,0,0,1,0,0,0,1,0,0,0,1,0,0,0,0,0,0,0,0,0,1,0
CBC7677A-6801-4704-9861-0E2DCEC7C98C,2015,62,0,1,0,0,0,0,0,0,1,0,0,0,0,0,0,0,1,0,0,0,0,1,0,0,0
D8C13200-4106-4E93-8D59-EB88AEF253A7,2023,61,1,1,0,0,0,0,0,0,1,0,0,0,0,0,0,0,1,0,0,0,0,0,0,1,1
B040AF5E-E527-4193-A95D-01592F7B6FA1,2014,05,0,0,0,0,0,0,1,0,0,0,0,1,0,0,0,0,0,0,0,1,1,0,0,0,0
B0432CDE-1FE7-41A8-B7C2-564AEAAB25E7,2012,62,0,0,0,0,0,0,0,1,0,0,0,1,0,0,0,0,0,0,0,1,0,1,0,0,0
F150B912-FCD0-40A4-BA5F-0A43A7C9B50C,2016,62,0,0,0,0,0,1,0,0,0,1,0,0,0,1,0,0,0,0,0,0,0,1,0,0,0
B060248C-7F76-45D6-AAB1-BC4D87E8BDA1,2013,62,0,0,0,1,0,0,0,0,1,0,0,0,0,0,1,0,0,0,0,0,0,1,0,0,0
B061AF4F-40B8-412B-AC50-26FBD6B2E43A,2012,00,0,1,0,0,0,0,0,0,1,0,0,0,0,0,0,1,0,0,0,0,0,0,0,1,0
B063116A-B445-48CB-B81E-33444F6EE8C7,2012,92,0,0,0,0,0,1,0,0,0,1,0,0,0,1,0,0,0,0,0,0,0,0,0,1,0
b136c3a0-c35a-11e9-a1ca-07083fc9ae26,2019,00,1,0,0,0,0,0,0,1,1,0,0,0,0,0,0,0,1,0,0,0,1,0,0,0,0
B067072C-F6AF-48F2-B30A-B4B172798477,2013,00,0,0,0,0,0,1,0,0,0,1,0,0,0,1,0,0,0,0,0,0,0,0,0,1,0
73a3b310-a996-11ed-aa48-c57b469b256d,2022,00,1,0,0,0,0,0,0,1,1,0,0,0,0,0,0,0,1,0,0,0,0,0,0,1,0
B072C939-BDCA-4932-A8E6-7FF8B6A536B9,2015,03,0,0,0,0,1,0,0,0,0,1,0,0,1,0,0,0,0,0,0,0,0,0,0,1,0
aff2b840-8e6a-11ec-a600-657ec2694f8f,2020,00,1,0,1,0,0,0,0,0,1,0,0,0,0,0,0,0,1,1,0,0,0,0,0,1,0
1c0cdc80-eeac-11e7-b683-c1703914e4a4,2016,62,0,0,0,0,1,0,0,0,0,1,0,0,1,0,0,0,0,0,0,0,0,0,0,1,0
B08097B8-4D6A-474E-9544-A40D7A824520,2014,62,0,0,0,1,0,0,0,0,1,0,0,0,0,0,1,0,0,0,0,0,0,1,0,0,0
d073dd80-a786-11e7-ae18-bd2df8850f54,2017,52,0,0,0,1,0,0,0,0,1,0,0,0,0,0,0,0,0,0,0,1,0,0,0,1,0
B08CF38F-268F-4E60-BE46-E91185819967,2012,09,0,0,0,0,1,0,0,0,0,1,0,0,1,0,0,0,0,0,0,0,0,0,0,1,0
B08FFCCF-B838-495B-81CE-A4A984B16EC9,2015,61,0,0,0,1,0,0,0,0,1,0,0,0,0,0,1,0,0,0,0,0,0,1,0,0,0
fe6fb6f0-a196-11e7-9764-c7e1aa1637e1,2017,62,0,0,0,0,0,1,0,0,0,1,0,0,0,1,0,0,0,0,0,0,0,0,0,1,0
B0939703-F027-4685-B8D0-81CB23E1A3D2,2013,51,0,1,0,0,0,0,0,0,1,0,0,0,0,0,0,1,0,0,0,0,1,0,0,0,0
B09C77DC-3C1E-41E8-A235-CB4A705849BC,2013,52,1,0,0,0,0,0,0,0,1,0,0,0,0,0,0,0,1,0,0,0,0,1,0,0,0
B09F4C80-19AA-4C6D-B024-FD85179A6555,2014,62,0,0,0,0,0,1,0,0,0,1,0,0,0,1,0,0,0,0,0,0,0,0,0,1,0
A98ED65B-546C-4B0D-A3BA-F9C65E6DE58C,2016,52,0,0,0,0,0,1,0,0,0,1,0,0,0,1,0,0,0,0,0,0,0,0,0,1,0
B0A1770C-8755-48C7-BF69-16DD16B63630,2012,92,0,1,0,0,0,0,0,0,1,0,0,0,0,0,0,1,0,0,0,0,0,0,0,1,0
5B1DE07F-0937-4CBD-9ECD-6D0452613F3F,2015,55,0,0,0,1,0,0,0,0,0,1,0,0,0,0,1,0,0,0,0,0,0,0,0,1,0
B0AFD700-CE60-4A86-B322-46D10F3DB2EC,2010,62,0,0,0,1,0,0,0,0,1,0,0,0,0,0,1,0,0,0,0,0,0,1,0,0,0
B0B2D58E-1708-4CF4-852B-F3DE6915FDC9,2011,62,0,0,0,1,0,0,0,0,1,0,0,0,0,0,1,0,0,0,0,0,0,1,0,0,0
8eb10b30-a4fd-11ea-9a08-d99599f4dafe,2020,92,0,1,0,0,0,0,0,0,1,0,0,0,0,0,0,1,0,0,0,0,0,0,0,1,0
B0B388C8-69EB-4F12-8F28-7EA24EFF0131,2013,44,0,0,0,1,0,0,0,0,1,0,0,0,0,0,1,0,0,0,0,0,0,1,0,0,0
3DBCB138-599E-4DD4-B80E-71B169E811AC,2016,62,0,0,0,0,1,0,0,0,0,1,0,0,1,0,0,0,0,0,0,0,0,0,0,1,0
B0BA9C34-ADAA-4964-97B2-C8E908E4D682,2014,62,0,0,0,1,0,0,0,0,1,0,0,0,0,0,1,0,0,0,0,0,0,1,0,0,0
B0BC548B-5E1B-43F9-A0F4-6D395DDFC179,2013,52,0,0,0,1,0,0,0,0,1,0,0,0,0,0,0,0,0,0,0,1,0,0,0,1,0
D3D319D0-EACC-409B-A8D5-E64D2D1342B3,2023,61,1,1,0,0,0,0,0,0,1,0,0,0,0,0,0,0,1,0,0,0,0,0,0,1,1
3206a8f0-7791-11e7-a457-a5a222e6d450,2017,81,1,0,0,0,0,0,0,0,1,0,0,0,0,0,0,0,1,0,0,0,0,1,0,0,0
B0C33433-654A-46C9-9F82-F51F1567F351,2013,92,0,0,0,0,0,1,0,0,0,1,0,0,0,1,0,0,0,0,0,0,0,0,0,1,0
B0CA006C-41C1-44DC-B1F3-1C213B9F3549,2013,62,0,0,0,0,1,0,0,0,0,1,0,0,1,0,0,0,0,0,0,0,0,0,0,1,0
67D76339-98B9-4BE1-A7E2-D4CA0107A7C0,2015,62,0,0,0,0,0,1,0,0,0,1,0,0,0,1,0,0,0,0,0,0,0,0,0,1,0
0f9a3930-72d7-11e7-ace1-3bcdf5dc8d5d,2017,00,0,0,0,1,0,0,0,0,1,0,0,0,0,0,1,0,0,0,0,0,0,0,0,1,0
BBF709BC-17CB-4B4A-BE28-E3E3A7F6A0D9,2023,61,1,1,0,0,0,0,0,0,1,0,0,0,0,0,0,0,1,0,0,0,0,0,0,1,1
55f9ddb0-a21d-11e8-ae61-0fc7f403e976,2013,92,1,1,0,0,1,0,0,0,0,1,0,0,1,0,0,0,0,0,0,0,0,0,0,1,0
30ed8130-b370-11e7-8c05-89053a811f98,2017,51,1,0,0,0,0,0,0,0,1,0,0,0,0,0,0,0,1,0,0,0,1,0,0,0,0
B0D7EED2-7F2B-47C6-BD9D-6101EF2D7EAD,2012,00,0,1,0,0,0,0,0,0,1,0,0,0,0,0,0,1,0,0,0,0,0,0,0,1,0
66105E01-0431-438E-8CA2-D28ED471768A,2016,92,0,1,0,0,0,0,0,0,1,0,0,0,0,0,0,0,1,0,0,0,0,0,0,1,0
dd1a38f0-de1a-11e9-b511-f75921c18742,2017,56,1,1,0,0,0,0,0,0,1,0,0,0,0,0,0,0,1,0,0,0,0,0,0,1,0
ec6715a0-9d51-11e7-88fd-d58755d0feda,2017,52,0,0,0,0,1,0,0,0,0,1,1,0,1,0,0,0,0,0,0,0,0,1,0,0,0
B64997B3-ABCB-4D9A-A6B8-91C6C3B8DE52,2023,61,1,1,0,0,0,0,0,0,1,0,0,0,0,0,0,0,1,0,0,0,0,0,0,1,1
7d0864d0-89b8-11e8-88c8-4f24b24771cb,2018,61,0,0,0,0,0,0,0,1,0,0,0,1,0,0,0,1,0,0,0,0,0,1,0,0,0
0DC8277A-F1C2-4743-A196-C0B3105057B6,2015,33,0,1,0,0,0,0,0,0,1,0,0,0,0,0,0,0,1,0,0,0,0,0,0,1,0
B1010A34-343D-4299-993C-B1A261A707A5,2014,51,0,1,0,0,0,0,0,0,1,0,0,0,0,0,0,0,1,0,0,0,0,0,0,1,0
B10AB907-0F5C-4035-8F93-13AA154A239E,2012,00,0,0,0,1,0,0,0,0,1,0,0,0,0,0,0,0,0,0,0,1,0,1,0,0,0
1BD9A9CA-CB27-4D97-A6CD-2951776FCC4E,2015,61,0,0,0,0,0,1,0,0,1,1,0,0,0,1,0,0,0,0,0,0,0,1,0,0,0
B1105D4B-62CA-469E-B28F-FE7246167310,2015,03,0,1,0,0,0,0,0,0,1,0,0,0,0,0,0,1,0,0,0,0,0,0,0,1,0
c238b060-374c-11ec-a7f4-f1e825b21d01,2021,42,1,0,0,0,0,0,0,0,1,0,0,0,0,0,0,0,1,0,0,0,0,1,0,0,0
8DC99F44-26E7-460C-BC13-E9198F99D72E,2015,92,0,0,0,0,0,1,0,0,0,1,0,0,0,1,0,0,0,0,0,0,0,0,0,1,0
B11D45C4-2F25-40A2-9C9A-1368DDB75821,2014,62,0,0,0,1,0,0,0,0,0,1,0,0,0,0,1,0,0,0,0,0,0,0,0,1,0
52D36B7E-97E8-4BF1-B7CB-767E065447D6,2023,61,1,1,0,0,0,0,0,0,1,0,0,0,0,0,0,0,1,0,0,0,0,0,0,1,1
B1232E61-68AC-4B75-897E-20961AE49E6C,2014,52,0,1,0,0,0,0,0,0,1,0,0,0,0,0,0,1,0,0,1,0,1,0,0,0,0
10059290-e440-11e7-977c-0b3846f56840,2016,62,0,0,0,0,1,0,0,0,0,0,1,0,1,0,0,0,0,0,0,0,0,0,0,1,0
B127C554-D119-4C43-BE11-409654C73DEF,2013,62,0,0,0,0,1,0,0,0,0,1,0,0,1,0,0,0,0,0,0,0,0,0,0,1,0
B12868F2-F26C-4294-BA8A-6D4FC26CE61F,2013,48,0,0,0,0,1,0,0,0,0,1,0,0,1,0,0,0,0,0,0,0,0,0,0,1,0
87C118F0-A51E-4714-82B3-56062C0FE636,2015,62,0,1,0,0,0,0,0,0,1,0,0,0,0,0,0,0,1,0,0,0,0,1,0,0,0
B13ACEAE-65B6-4ED5-9ABF-A01452364C23,2008,00,0,0,1,1,1,0,0,0,0,1,0,0,1,0,0,0,0,0,0,0,1,0,0,0,0
B1403F12-2540-4015-95BA-0516970EA949,2012,56,0,1,0,0,0,0,0,0,1,0,0,0,0,0,0,1,0,0,0,0,0,1,0,0,0
31BE49CB-FCB9-4CB3-B4C5-E8FCC010447F,2014,92,0,0,0,0,1,0,0,0,0,1,0,0,1,0,0,0,0,0,0,0,0,0,0,1,0
d97be680-f939-11eb-86f9-41a68a9542ff,2019,62,0,0,0,1,0,0,0,0,1,0,0,0,0,0,1,0,0,0,0,0,0,0,0,1,0
74d3d9d0-6c94-11e7-8419-7d473c8dcba3,2015,53,0,0,0,0,1,0,0,0,1,1,0,0,1,0,0,0,0,0,0,0,0,0,0,1,0
B158996A-8D83-4F35-9B90-1E67719C3942,2012,33,0,1,0,0,0,0,0,0,1,0,0,0,0,0,0,1,0,0,0,0,0,0,0,1,0
F8E9958F-1964-43C2-9FFD-18626E762388,2016,62,1,0,0,0,0,0,0,0,1,0,0,0,0,0,0,0,1,0,0,0,0,0,1,0,0
237094d0-8110-11e7-9cfb-2f8f443557c3,2017,62,0,1,1,0,0,0,0,0,1,0,0,0,0,0,0,0,0,1,0,0,0,1,0,0,0
B16DF467-2C61-4680-80E9-0ED32304E407,2003,33,0,0,0,0,0,0,0,1,0,0,0,1,0,0,0,0,0,0,0,1,0,0,0,1,0
B17030DA-9457-4790-8BAE-5EA17BEBB053,2011,92,0,0,0,0,0,1,0,0,0,1,0,0,0,0,1,0,0,0,0,0,0,0,0,1,0
BC91A601-D073-4201-B644-2B8205379892,2023,61,1,1,0,0,0,0,0,0,1,0,0,0,0,0,0,0,1,0,0,0,0,0,0,1,1
d51faf20-8a8f-11e8-ba1e-e3857583ba43,2018,81,1,0,0,0,0,0,0,0,1,0,0,0,0,0,0,0,1,0,0,0,0,0,0,1,0
32363f40-3022-11ec-a5c2-337d0141f916,2020,00,0,1,0,0,0,0,0,0,1,0,0,0,0,0,0,0,1,0,0,0,0,1,0,0,0
B192F601-46FF-4DFB-B61C-6B9D390819CA,2013,92,0,0,0,0,0,1,0,0,0,1,0,0,0,1,0,0,0,0,0,0,0,0,0,1,0
DDBF990F-0B4E-4E60-80DC-4B883081EFE3,2023,61,1,1,0,0,0,0,0,0,1,0,0,0,0,0,0,0,1,0,0,0,0,0,0,1,1
5b116e90-87ee-11ef-b77d-ef1c26b0e176,2024,53,0,1,0,0,1,0,0,0,1,1,0,0,0,0,0,1,0,0,0,0,0,0,0,1,0
B19ACB38-8978-4ABB-8C1F-6C7D6D8A9730,2008,45,0,1,0,0,0,0,0,0,1,0,0,0,0,0,0,0,0,0,0,1,0,0,0,1,0
B19F3599-2F1C-41F3-9EFE-7454062C2F3E,2013,72,1,1,0,0,0,0,0,0,1,0,0,0,0,0,0,0,1,0,0,0,0,0,0,1,0
B1A5E98F-9C1D-4E32-AEA4-A9A3F9F4B2E0,2012,62,0,0,0,1,0,0,0,0,1,0,0,0,0,0,1,0,0,0,0,0,0,1,0,0,0
2A921ADB-0CEA-43C3-B1E8-BFFF8334E715,2011,56,0,1,0,0,0,1,0,0,1,0,0,0,0,0,0,1,0,0,0,0,0,1,0,0,0
B1ACADC0-3EDC-4B84-B18F-8C4A1F494DDC,2012,62,0,0,0,0,0,0,0,1,0,0,0,1,0,0,0,0,0,0,0,1,0,1,0,0,0
c2a0e160-78d3-11ee-883f-1da00fe89b12,2022,00,0,1,0,0,0,0,0,0,1,0,0,0,0,0,0,1,0,0,0,0,0,0,0,1,0
B0DB3905-1D78-41D3-A0D0-A11ACFB7968A,2016,62,0,0,0,0,0,1,0,0,0,1,0,0,0,1,0,0,0,0,0,0,0,1,0,0,0
B1B2B440-A7D5-457C-B94D-3D9ABE18B516,2013,51,0,1,0,0,0,0,0,0,1,0,0,0,0,0,0,0,0,0,0,1,0,0,0,1,0
23415D47-D19C-4844-AE9F-7322243A480A,2016,62,0,0,0,0,0,1,0,0,0,0,1,0,0,1,0,0,0,0,0,0,0,0,0,1,0
B1B8E5FA-FADA-414F-9559-39988B2CBBE8,2013,92,0,0,0,0,0,1,0,0,0,1,0,0,0,1,0,0,0,0,0,0,0,1,0,0,0
B1BC6CF9-BE56-4CCC-BD69-48CCE7EDDF74,2013,00,0,1,0,0,0,0,0,0,1,0,0,0,0,0,0,1,0,0,0,0,0,0,0,1,0
B1C4E9BA-9955-4D1B-8EE1-0A1A6504E1F7,2011,62,0,0,0,0,1,0,0,0,0,1,0,0,1,0,0,0,0,0,0,0,0,0,0,1,0
B1C5C1CB-3FDB-4EAE-9AC3-854577D2EBF9,2013,00,1,1,1,0,0,0,0,0,1,0,0,0,0,0,0,0,0,1,0,0,0,0,0,1,0
B1CCC9F9-DB0F-49A3-A76E-2DFAC7FF0AC2,2012,54,1,0,0,0,0,0,0,0,1,0,0,0,0,0,0,0,1,0,0,0,0,1,0,0,0
B1DA4B93-E4F0-44F6-B493-E1064F8C1040,2012,51,0,1,0,0,0,0,0,0,1,0,0,0,0,0,0,1,0,0,0,0,0,0,1,0,0
B1DB9C1B-5D75-4A5A-BB18-CA21990A3952,2010,92,0,0,0,0,0,1,0,0,0,1,0,0,0,1,0,0,0,0,0,0,0,0,1,0,0
B1E29BA2-D80D-4A76-9564-08812CAA59AA,2014,81,0,1,0,0,0,0,0,0,1,0,0,0,0,0,0,0,1,0,0,0,1,0,0,0,0
47831ae0-d3d5-11e9-9298-79b47a23a7bd,2018,51,0,0,0,0,0,0,0,1,1,0,0,0,0,0,0,0,0,0,0,1,0,0,0,1,0
B1E7BCC9-EFAE-4E3C-9FD1-6D40C6319143,2014,00,0,1,0,0,0,0,0,0,1,0,0,0,0,0,0,1,0,0,0,0,1,0,0,0,0
EF2FFB2E-6AB8-4418-BC1A-694848C85912,2015,54,0,0,0,0,0,1,0,0,1,1,1,0,0,1,0,0,0,0,0,0,0,0,0,1,0
0CA6D74A-3873-41C5-8262-64A969708DDA,2015,62,0,0,0,0,0,1,0,0,0,1,1,0,0,1,0,0,0,0,0,0,0,0,0,1,0
B1FF0AB7-0D3B-446A-8372-A9377677EE42,2010,52,0,0,0,1,0,0,0,0,1,0,0,0,0,0,1,0,0,0,0,0,0,1,0,0,0
892a1030-3b15-11ec-ba5b-a1f2db3b8242,2019,00,1,0,0,0,0,0,0,0,1,0,0,0,0,0,0,0,1,0,0,0,1,0,0,0,0
B20CCBE3-EF6E-440E-8EA7-A0F45A9BBFEF,2013,62,0,0,0,0,1,0,0,0,0,1,0,0,1,0,0,0,0,0,0,0,0,0,0,1,0
B20EFBC7-4930-4C33-88E4-9CC820699D5F,2013,92,0,0,0,0,0,1,0,0,0,1,0,0,0,1,0,0,0,0,0,0,0,0,0,1,0
981d7da0-e422-11e7-8742-2bc46bd10713,2016,62,1,0,0,0,0,0,0,0,1,0,0,0,0,0,0,0,1,0,0,0,0,1,0,0,0
66bc8120-e378-11e7-bf7a-0771e1cc9602,2010,62,0,0,0,0,0,1,0,0,0,1,0,0,0,0,1,0,0,0,0,0,0,1,0,0,0
9d4b4560-1faa-11ec-aba2-27b717aed560,2012,00,0,0,1,0,1,0,0,0,1,1,0,0,1,0,0,0,0,0,0,0,0,0,0,1,0
B224BD02-8F57-4E2C-8461-697BE0592C10,2014,92,0,0,0,0,0,1,0,0,0,1,0,0,0,1,0,0,0,0,0,0,0,0,0,1,0
b6a090e0-05ad-11ec-a755-057d35a918cc,2020,44,0,1,0,0,0,0,0,0,1,0,0,0,0,0,0,0,0,0,0,1,0,0,0,1,0
B23ACB59-5773-4F6A-89F8-F48D78BE51E4,2013,92,0,1,0,0,0,0,0,0,1,0,0,0,0,0,0,1,0,0,0,0,1,0,0,0,0
B23C06B5-D3AB-4AF6-A9C8-69485F8EC839,2012,92,0,0,0,0,0,1,0,0,0,1,0,0,0,1,0,0,0,0,0,0,0,0,0,1,0
B23D13CC-6BFA-4E13-81CB-7E432300BB19,2013,92,0,0,0,0,1,0,0,0,0,1,0,0,1,0,0,0,0,0,0,0,0,0,0,1,0
e436b250-b632-11e8-9fc1-ef3f92dd4725,2018,00,0,0,1,0,0,0,0,0,1,0,0,0,0,0,0,0,0,1,0,0,0,0,0,1,0
3ff14110-c356-11e9-9e37-df5a0636e02f,2018,61,0,0,0,0,0,1,0,0,0,1,0,0,0,1,0,0,0,0,0,0,0,0,0,1,0
B2463B53-39F4-4CE7-A78A-8937B9E5CAB9,2013,52,0,1,0,0,0,0,0,0,1,0,0,0,0,0,0,1,0,0,0,0,0,0,0,1,0
b0c1eb30-0250-11eb-8781-bfb630cdf748,2019,62,0,0,0,0,1,0,0,0,0,1,0,0,1,0,0,0,0,0,0,0,0,0,0,1,0
B25A95F2-5B47-4D3A-B818-B619ECCE81A0,2011,62,0,0,0,0,0,1,0,0,0,1,0,0,0,1,1,0,0,0,0,0,0,1,0,0,0
B262B582-C7EC-4C02-AB1B-215B31F99058,2014,53,0,0,0,0,1,0,0,0,0,1,0,0,1,0,0,0,0,0,0,0,0,0,0,1,0
B26A8379-1C83-4CD8-9F1D-8C6814069856,2012,92,1,1,1,0,0,0,0,0,1,0,0,0,0,0,0,0,0,1,0,0,0,0,0,1,0
B26AB0A0-E9BD-42C1-A51B-6B6BA3A1FC74,2014,00,0,0,0,0,1,0,0,0,0,1,0,0,1,0,0,0,0,0,0,0,0,0,0,1,0
B26B6DF8-7C3D-4304-B80C-7CF096C1B292,2013,00,1,1,1,0,0,0,0,0,1,0,0,0,0,0,0,0,0,1,0,0,0,0,0,1,0
B26D4A00-A1C9-44CD-A14D-E7BF47DAAED9,2014,51,0,1,0,0,0,0,0,0,1,0,0,0,0,0,0,0,1,0,0,0,1,0,0,0,0
B278AEB9-98A0-4776-B6E6-28679F13471A,2015,23,0,0,0,1,0,0,0,0,1,0,0,0,0,0,1,0,0,0,0,0,0,1,0,0,0
48509806-F7FE-41BA-806E-E0B3D88D5865,2023,52,1,1,0,0,0,0,0,0,1,0,0,0,0,0,0,0,1,0,0,0,0,0,0,1,1
35c97511-7e3f-48ff-9a22-333ac816408d,2024,51,0,1,1,0,0,0,0,0,1,0,0,0,0,0,0,1,0,1,0,0,0,0,0,1,0
6CE347DC-3D90-4561-BBBC-61DFE8EADA1A,2015,06,0,0,0,0,0,1,0,0,0,1,0,0,0,1,0,0,0,0,0,0,0,0,0,1,0
B28C79D5-2476-4EC0-B54E-3B22FC48E108,2013,00,0,0,0,0,1,0,0,0,0,1,0,0,1,0,0,0,0,0,0,0,0,0,0,1,0
B29388F3-1301-42A3-BBAC-42A593F4CABE,2013,00,0,0,1,0,1,0,0,0,1,1,0,0,1,0,0,0,0,0,0,0,0,0,0,1,0
084B950E-ECE3-45C3-9779-40B2DABE6629,2023,61,1,1,0,0,0,0,0,0,1,0,0,0,0,0,0,0,1,0,0,0,0,0,0,1,1
B29A984A-F3C6-498C-A93E-9A733A22A838,2013,81,0,0,0,0,0,0,0,1,0,0,0,1,0,0,0,0,0,0,0,1,0,1,0,0,0
B29C8B0C-CE40-4C37-8F7F-126B777063CB,2015,44,1,1,0,0,0,0,0,0,1,0,0,0,0,0,0,0,1,0,0,0,0,1,0,0,0
B2A15289-C01D-4657-98F0-29B9948A5A6B,2012,51,0,1,0,0,0,0,0,0,1,0,0,0,0,0,0,0,1,0,0,0,0,0,0,1,0
B2A8003D-884D-43FE-A487-77B819EE6760,2013,62,0,0,0,0,0,1,0,0,0,0,0,1,0,1,0,0,0,0,0,0,0,1,0,0,0
4DEE753A-6139-4F5C-9522-0F48451BDFD7,2023,61,1,1,0,0,0,0,0,0,1,0,0,0,0,0,0,0,1,0,0,0,0,0,0,1,1
b0a60720-a953-11e7-bb38-a97a354bfe15,2016,62,0,0,1,0,0,0,0,0,1,0,0,0,0,0,0,0,0,1,0,0,0,0,0,1,0
B2C36AC1-97B2-445F-B517-F4B620F7488C,2013,51,0,1,0,0,0,0,0,0,1,0,0,0,0,0,0,1,0,0,0,0,1,0,0,0,0
9cf1a540-6ebc-4c8b-b7b6-12549f2f915a,2024,51,0,1,0,0,0,0,0,1,1,0,0,0,0,0,0,0,1,0,0,0,0,0,0,1,0
B2C8E510-5FE4-4F1C-80E4-59021655E492,2013,92,0,1,0,0,0,0,0,0,1,0,0,0,0,0,0,1,0,0,0,0,0,0,0,1,0
C6EC0F01-F791-4BCA-8BE4-AA6D0A22851D,2015,51,0,0,0,0,0,1,0,0,1,0,0,0,0,1,0,0,0,0,0,0,0,0,0,1,0
B2D05217-F2DD-4CB5-83B1-FB831EBA230B,2013,92,0,1,0,0,0,0,0,0,1,0,0,0,0,0,0,0,0,0,1,0,1,0,0,0,0
B4F98055-45C1-48EC-AA35-DDAF2F01E12C,2016,54,0,1,0,0,0,0,0,0,1,0,0,0,0,0,0,1,0,0,0,0,0,0,0,1,0
B2DCA290-87BE-417E-9486-213B50246DF4,2012,54,0,1,0,0,0,0,0,0,1,0,0,0,0,0,0,1,0,0,0,0,0,0,0,1,0
B2DF4E04-99C2-425E-8574-94F191C07283,2010,51,1,1,0,0,0,0,0,0,1,0,0,0,0,0,0,0,1,0,0,0,0,0,0,1,0
B2E18EA8-82C4-4711-A94A-716B26409657,2008,52,0,0,0,0,1,0,0,0,0,1,0,0,1,0,0,0,0,0,0,0,1,0,0,0,0
2376784A-4D9D-4C69-8B6E-8E2CAB429BF9,2013,62,0,0,0,0,1,0,0,0,0,1,0,0,1,0,0,0,0,0,0,0,0,0,0,1,0
AB84E6C2-3FEC-4640-A274-BAB65C37AB49,2016,52,0,0,0,1,0,0,0,0,1,0,0,0,0,0,0,0,0,0,0,1,0,0,0,1,0
B2E3F2A0-C0CB-4ADE-8281-C99368C3EA92,2012,61,0,0,0,1,0,0,0,0,1,0,0,0,0,0,1,0,0,0,0,0,0,0,0,1,0
B2E68EF6-1FAA-4412-AF87-4A6DE466997B,2010,92,0,0,0,0,0,1,0,0,0,1,0,0,0,1,0,0,0,0,0,0,0,0,1,0,0
B2F90025-1EE9-40C9-BE57-C77F9B08959C,2010,92,0,0,0,0,0,1,0,0,0,1,0,0,0,1,0,0,0,0,0,0,0,0,1,0,0
131c2f30-e915-11e9-b01d-8d8474fb7a4b,2017,62,0,0,0,1,0,0,0,0,0,1,0,0,0,0,1,0,0,0,0,0,0,0,0,1,0
B2FE0113-539F-4F60-B8BC-5FAC3B6C0A3B,2011,00,0,1,0,0,0,0,0,0,1,0,0,0,0,0,0,1,0,0,0,0,0,0,0,1,0
5CC52D07-C433-4771-A6EB-29965D6BDF5C,2023,61,1,1,0,0,0,0,0,0,1,0,0,0,0,0,0,0,1,0,0,0,0,0,0,1,1
B302C5EE-6E6B-46D7-9635-F6E287FA305E,2013,00,1,1,1,0,0,0,0,0,1,0,0,0,0,0,0,0,0,1,0,0,0,0,0,1,0
B30F6284-CE6F-40B5-878F-10A6C5A97596,2013,32,0,0,0,0,1,0,0,0,0,1,0,0,1,0,0,0,0,0,0,0,0,0,0,1,0
E0F3C8E8-AF91-44BA-B2A7-38C5A6C0C0D4,2015,92,0,0,0,0,0,1,0,0,0,1,0,0,0,1,0,0,0,0,0,0,0,0,0,1,0
73140210-d958-11e7-a452-77d2890a67ae,2016,00,0,0,0,0,0,1,0,0,0,1,0,0,0,1,0,0,0,0,0,0,0,0,0,1,0
98f6ea40-a2d2-11e7-b671-fb4cdbd76ea5,2017,62,1,0,0,0,0,0,0,0,1,0,0,0,0,0,0,0,1,0,0,0,0,1,0,0,0
B3208B99-04C9-482F-BD60-35A92D744D56,2011,92,0,0,0,0,1,0,0,0,0,1,0,0,1,0,0,0,0,0,0,0,0,0,0,1,0
B3228C33-E791-438F-B2EC-ACA7D51E6CA9,2013,92,0,0,0,0,1,0,0,0,0,1,0,0,1,0,0,0,0,0,0,0,0,0,0,1,0
e6ff22d0-a186-11e8-a73d-8bf9996ed0ad,2017,71,0,0,0,1,0,0,0,0,0,1,0,0,0,0,1,0,0,0,0,0,0,0,0,1,0
B3294DFA-0BAE-4B33-AE7E-960F9659DCEB,2010,92,0,0,0,0,0,0,0,1,0,0,0,1,0,0,0,0,0,0,0,1,0,1,0,0,0
f1c76020-e0c1-11ef-bb83-fdfe95aef2b7,2023,54,0,1,0,0,0,0,0,0,1,0,0,0,0,0,0,0,0,0,0,1,0,0,0,1,0
B3321ED7-BBCD-40B8-B410-947086EE370D,2013,00,1,1,1,0,0,0,0,0,1,0,0,0,0,0,0,0,0,1,0,0,0,0,0,1,0
B33EE37B-A29B-42CF-9B57-0BACCDA925DF,2015,54,0,0,1,0,0,0,0,0,1,0,0,0,0,0,0,0,0,1,0,0,1,0,0,0,0
B34F95B5-A928-4421-8585-7BAE0A2ED8AD,2012,52,0,0,0,0,0,1,0,0,0,1,0,0,0,1,0,0,0,0,0,0,0,1,0,0,0
cbf17b10-d517-11f0-8f89-6d14fba40689,2025,00,0,0,0,0,0,1,0,0,0,1,0,0,0,1,0,0,0,0,0,0,0,0,0,1,0
B356D3E7-A041-427F-9477-D25AF2F6E9C6,2014,21,0,0,0,0,1,0,0,0,0,1,0,0,1,0,0,0,0,0,0,0,1,0,0,0,0
B35C205C-EED2-4E62-BEBA-A560895BB646,2012,62,0,0,0,1,0,0,0,0,1,0,0,0,0,0,1,0,0,0,0,0,0,1,0,0,0
d69d6c70-fe75-11e8-aee0-f7420d4f3238,2018,00,1,0,1,0,0,0,0,0,1,0,0,0,0,0,0,0,0,1,0,0,1,0,0,0,0
b85091d0-3b16-11ec-ba5b-a1f2db3b8242,2018,54,0,1,1,0,0,0,0,0,1,0,0,0,0,0,0,0,0,1,0,0,0,0,0,1,0
B367E1B6-77F3-4F4B-9C73-846E8BBD494C,2012,56,0,0,0,0,1,0,0,0,0,1,0,0,1,0,0,0,0,0,0,0,0,0,0,1,0
713290B6-7831-4F1E-9331-1669B52A8001,2023,61,1,1,0,0,0,0,0,0,1,0,0,0,0,0,0,0,1,0,0,0,0,0,0,1,1
B38108B4-039D-46BE-A78C-4FD75BC1DE0D,2011,62,0,0,0,1,0,0,0,0,1,0,0,0,0,0,1,0,0,0,0,0,0,1,0,0,0
B38B2904-6CCC-4B43-9AB3-C79702932151,2011,52,0,0,0,1,0,0,0,0,1,0,0,0,0,0,1,0,0,0,0,0,0,1,0,0,0
af4949b0-80f8-11e7-8520-b5d4bef506ca,2017,52,0,0,0,1,0,0,0,0,1,0,0,0,0,0,0,0,0,0,0,1,0,0,0,1,0
B393A7D5-91C3-4FF5-A8D6-A5562550AA42,2013,00,0,0,0,0,1,0,0,0,0,1,0,0,1,0,0,0,0,0,0,0,0,0,0,1,0
B399329C-3D5E-48B9-8FAF-D7E73F069C8B,2013,42,1,1,0,0,0,0,0,0,1,0,0,0,0,0,0,0,1,0,0,0,0,0,0,1,0
6D2EEF18-F19F-4A53-A029-3D195E03717E,2023,61,1,1,0,0,0,0,0,0,1,0,0,0,0,0,0,0,1,0,0,0,0,0,0,1,1
B39F5CAD-C7C9-44E9-BE0B-36B1675B0F45,2013,33,0,0,0,0,0,0,0,1,0,0,0,1,0,0,0,0,0,0,0,1,0,0,0,1,0
B3A0D2C3-DB93-45C9-B276-07C1D2E8E7F4,2011,54,1,0,0,0,0,0,0,0,1,0,0,0,0,0,0,0,1,0,0,0,0,0,0,1,0
EF29B9F9-21F7-4FD6-B876-A6E8B6D0FB4C,2023,61,1,1,0,0,0,0,0,0,1,0,0,0,0,0,0,0,1,0,0,0,0,0,0,1,1
a565c9e0-ca2d-11e7-a7a2-ef5723624be0,2016,44,0,0,0,0,1,0,0,0,0,1,0,0,1,0,0,0,0,0,0,0,0,0,0,1,0
B3ADF169-744F-4470-BFBA-3D140042B800,2014,00,0,1,0,0,0,0,0,0,1,0,0,0,0,0,0,1,0,0,0,0,1,0,0,0,0
8b0654f0-6c7a-11eb-ae4f-03e1e00a9a54,2019,54,0,0,0,0,0,1,0,0,0,1,0,0,0,1,0,0,0,0,0,0,0,0,0,1,0
349c1500-38d0-11ec-b42b-a7ad11fc87ee,2021,92,0,1,1,0,0,0,0,0,1,0,0,0,0,0,0,0,0,1,0,0,0,0,0,1,0
B3B9E261-C214-4CF4-80E9-C3E3E398E2E8,2012,62,0,0,0,0,1,0,0,0,0,1,0,0,1,0,0,0,0,0,0,0,0,0,0,1,0
B3BB05C7-3260-4638-9BB3-5B146C66DBA7,2011,62,0,0,0,1,0,0,0,0,1,0,0,0,0,0,1,0,0,0,0,0,0,1,0,0,0
6ECE29AD-4C27-4916-8A69-6F6E33CB5603,2023,61,1,1,0,0,0,0,0,0,1,0,0,0,0,0,0,0,1,0,0,0,0,0,0,1,1
18C585D7-5C51-4A8C-ADFE-C990F19E6CA6,2016,62,0,0,0,0,0,1,0,0,0,1,0,0,0,1,0,0,0,0,0,0,0,0,0,1,0
B3DA37E3-2BE3-4861-AF13-EE14A4763893,2013,00,0,0,0,1,0,0,0,0,1,0,0,0,0,0,0,0,0,0,0,1,0,0,0,1,0
B3DFB2FB-9EAE-4C28-8003-976519F5BCF4,2012,52,0,0,0,0,1,0,0,0,0,1,0,0,1,0,0,0,0,0,0,0,0,0,0,1,0
71F878B2-EFA9-424B-97C9-F0424E89A7A7,2023,61,1,1,0,0,0,0,0,0,1,0,0,0,0,0,0,0,1,0,0,0,0,0,0,1,1
b8580b70-8cd5-11e7-811e-83915e56fc98,2017,00,0,0,0,0,1,0,0,0,0,1,0,0,1,0,0,0,0,0,0,0,0,0,0,1,0
6442de40-d585-11e7-af4f-6b5d4514198e,2016,52,0,0,0,0,0,1,0,0,0,0,1,0,0,1,0,0,0,0,0,0,0,0,0,1,0
B3FB9877-8BE3-4CBF-9FA0-DA825DA10765,2014,62,0,0,0,0,0,1,0,0,0,1,0,0,0,1,0,0,0,0,0,0,0,0,0,1,0
91DA92EA-067F-4038-AAB0-C28124153C18,2023,61,1,1,0,0,0,0,0,0,1,0,0,0,0,0,0,0,1,0,0,0,0,0,0,1,1
d53991b0-de96-11e7-9424-7b935f12be98,2017,33,0,0,1,0,0,0,0,0,1,0,0,0,0,0,0,0,0,1,0,0,0,0,0,1,0
B40E3D3B-9A91-475D-B79A-940D6F3C0533,2013,54,0,1,0,0,0,0,0,0,1,0,0,0,0,0,0,0,0,0,0,1,0,0,0,1,0
75e7f5c0-d63b-11e7-af4f-6b5d4514198e,2016,62,0,0,0,0,1,0,0,0,0,0,1,0,1,0,0,0,0,0,0,0,0,0,0,1,0
df0228e0-0b75-11e8-827c-bba53cbad290,2017,00,0,0,0,0,0,1,0,0,0,1,0,0,0,1,0,0,0,0,0,0,0,0,0,1,0
B415B46A-E9A6-4B71-A798-ECECB8EE28AF,2015,62,0,0,0,0,0,1,0,0,0,1,0,0,0,1,0,0,0,0,0,0,0,0,0,1,0
B415D2D0-5ECA-4D3A-A37B-640FF659C53E,2013,52,0,0,0,1,0,0,0,0,1,0,0,0,0,0,0,0,0,0,0,1,0,0,0,1,0
B417DA04-3034-408B-827F-3808312D6FE3,2015,51,0,1,0,0,0,0,0,0,1,0,0,0,0,0,0,1,0,0,0,0,0,0,0,1,0
B41BDEBB-8FA9-4EA1-8474-B96EFB602235,2012,51,0,1,0,0,0,0,0,0,1,0,0,0,0,0,0,1,0,0,0,0,0,0,0,1,0
B41E0B3A-E596-480F-88DB-36F152F76D49,2015,62,0,0,0,1,0,0,0,0,0,1,0,0,0,0,1,0,0,0,0,0,0,0,0,1,0
B427DFB8-0AD2-49A9-BE96-D00F5DB52E05,2010,62,0,0,0,0,0,1,0,0,0,1,0,0,0,1,0,0,0,0,0,0,0,1,0,0,0
B4310E87-4B91-4D51-A35C-D9151FD47325,2013,51,0,1,0,0,0,0,0,0,1,0,0,0,0,0,0,0,1,0,0,0,0,0,0,1,0
d22736f0-c31e-11e7-8b51-4ba52e63b6cc,2017,54,0,0,0,1,1,0,0,0,0,1,0,0,0,0,1,0,0,0,0,0,1,0,0,0,0
B4462949-34D4-4486-ACC8-29CD984F429F,2014,09,0,0,0,1,0,0,0,0,1,0,0,0,0,0,1,0,0,0,0,0,0,1,0,0,0
B4568990-DA66-4236-ACDC-F63753B4A556,2013,62,0,0,0,1,0,0,0,0,1,0,0,0,0,0,1,0,0,0,0,0,0,0,0,1,0
B45A620E-0559-4002-B147-9A22F2AC7736,2014,00,0,0,0,1,0,0,0,0,1,0,0,0,0,0,0,0,0,0,0,1,0,0,0,1,0
D2BFCCA3-F6F2-4D10-B970-5DF104F35076,2023,61,1,1,0,0,0,0,0,0,1,0,0,0,0,0,0,0,1,0,0,0,0,0,0,1,1
B46CEE5C-5D66-424B-8059-5D55BDB8F1E0,2006,56,0,0,0,0,1,0,0,0,0,1,0,0,1,0,0,0,0,0,0,0,0,0,0,1,0
89c70c60-078d-11ed-8fd4-9be359ef207c,2022,00,0,1,0,0,0,0,0,0,1,0,0,0,0,0,0,0,0,0,0,1,0,0,0,1,0
DF47070A-6496-4C4C-B32E-C46A7B9A248F,2016,62,0,0,0,0,0,1,0,0,0,1,0,0,0,1,0,0,0,0,0,0,0,0,0,1,0
B4883BFB-38A6-49FE-9766-5E53C020D1BA,2014,00,0,1,0,0,0,0,0,0,1,0,0,0,0,0,0,1,0,0,0,0,1,0,0,0,0
526de640-761e-11e7-9d88-ab89f89c69db,2016,00,0,1,0,0,0,0,0,0,1,0,0,0,0,0,0,1,0,0,1,0,0,0,0,1,0
B4972629-EE41-40B2-AAD0-7380909D213A,2012,33,0,0,0,0,1,0,0,0,0,1,0,0,1,0,0,0,0,0,0,0,0,0,0,1,0
B49B813A-ADB0-4B91-87C0-4DCCA192EB8E,2010,62,0,0,0,0,1,0,0,0,0,1,0,0,1,0,0,0,0,0,0,0,0,0,0,1,0
0B98B59C-8A90-424E-A65B-C1A8BA46601A,2023,61,1,1,0,0,0,0,0,0,1,0,0,0,0,0,0,0,1,0,0,0,0,0,0,1,1
12a0e3a0-0b60-11e8-985b-1119ad21cbad,2017,51,0,0,0,0,0,1,0,0,0,1,0,0,0,1,0,0,0,0,0,0,1,0,0,0,0
B4AFFF29-BDB7-4C8C-A688-E0E26A07E163,2013,92,0,0,1,0,0,0,0,0,1,0,0,0,0,0,0,0,0,1,0,0,0,0,0,1,0
0CA8005D-C670-41E3-8B72-291DEB3C7D76,2014,62,0,0,0,0,1,0,0,0,0,1,0,0,1,0,0,0,0,0,0,0,0,0,0,1,0
26f37b00-c561-11e7-9e23-d39fd27e665b,2017,51,0,1,0,0,0,0,0,0,1,0,0,0,0,0,0,0,1,0,0,0,0,0,0,1,0
B4C25BFE-5954-4F1E-B12E-13FF4760090E,2011,62,0,1,0,0,0,0,0,0,1,0,0,0,0,0,0,0,1,0,0,0,0,1,0,0,0
B4C2C85B-3810-47A7-814A-D4D80EA2612E,2013,81,0,1,0,0,0,0,0,0,1,0,0,0,0,0,0,0,0,0,1,0,1,0,0,0,0
e5a18d70-2383-11eb-b77f-316b5c5dd5eb,2020,62,0,1,0,0,0,0,0,0,1,0,0,0,0,0,0,1,0,0,0,0,0,0,0,1,0
B4C8E9B8-3012-44BD-A859-11D1276022F5,2012,72,0,0,0,0,1,0,0,0,0,1,0,0,1,0,0,0,0,0,0,0,0,0,0,1,0
B4CEA872-3269-4EE4-A18D-21D2444C2234,2012,62,0,1,0,0,0,0,0,0,1,0,0,0,0,0,0,1,0,0,0,0,0,0,0,1,0
B4D747A1-D7B2-4FFE-B71B-70DE1673DF72,2013,52,0,0,0,0,0,1,0,0,0,1,0,0,0,1,0,0,0,0,0,0,0,0,0,1,0
74AE0380-0FEB-48A4-AD1A-98E33383601E,2023,33,1,1,0,0,0,0,0,0,1,0,0,0,0,0,0,0,1,0,0,0,0,0,0,1,1
B4DE2A49-C61B-46E7-ABF3-77E4879691E4,2011,92,0,0,0,0,1,0,0,0,0,1,0,0,1,0,0,0,0,0,0,0,0,0,0,1,0
34465320-2b55-11ea-9dc8-9fe5cd17ac1d,2019,92,1,0,0,0,0,0,0,0,1,0,0,0,0,0,0,0,1,0,0,0,1,0,0,0,0
B4E332AE-FCC5-4F6E-9404-17596F8BD62D,2015,62,0,0,0,0,1,0,0,0,0,1,0,0,1,0,0,0,0,0,0,0,0,0,0,1,0
B4F244E3-61DD-4049-B9F8-3D41F2676129,2013,00,1,1,0,0,0,0,0,0,1,0,0,0,0,0,0,1,1,0,0,0,1,0,0,0,0
FFAA881C-1365-4E73-94F2-EEDF88378AAF,2013,61,0,0,0,0,1,0,0,0,0,1,0,0,1,0,0,0,0,0,0,0,0,0,0,1,0
236A8DEE-8A36-40DD-840D-E67AAAC82F2D,2023,52,1,1,0,0,0,0,0,0,1,0,0,0,0,0,0,0,1,0,0,0,0,0,0,1,1
B503E17B-A4EE-48A0-9E0B-9B72F552E26B,2012,45,0,1,0,0,0,0,0,0,1,0,0,0,0,0,0,1,0,0,0,0,0,0,0,1,0
B506636E-A520-4B24-AF0F-4FD5E4B5D864,2014,92,0,0,0,1,0,0,0,0,1,0,0,0,0,0,1,0,0,0,0,0,0,0,0,1,0
B50839C3-B491-478A-AAD7-A31FF541981B,2013,62,0,0,0,0,0,1,0,0,0,1,0,0,0,1,0,0,0,0,0,0,0,0,0,1,0
536f6730-e43c-11e7-8742-2bc46bd10713,2016,62,1,0,0,0,0,0,0,0,1,0,0,0,0,0,0,0,1,0,0,0,0,0,0,1,0
B52163E6-671D-43AB-B4EE-C1C481435A9C,2015,51,0,1,1,0,0,0,0,0,1,0,0,0,0,0,0,1,0,1,0,0,0,1,0,0,0
B54A5779-6ABC-41D7-81E4-93B4AD05ACB3,2010,92,0,0,0,0,0,1,0,0,0,1,0,0,0,1,0,0,0,0,0,0,0,0,0,1,0
B5543276-B10F-4A06-9CAD-A9B1B4E4F84B,2013,92,0,0,0,0,0,1,0,0,0,1,0,0,0,1,0,0,0,0,0,0,0,1,0,0,0
B55A8B9E-6589-4263-AF9B-E65EB61107D9,2013,92,0,0,0,0,0,1,0,0,0,1,0,0,0,1,0,0,0,0,0,0,0,1,0,0,0
0FCA7535-E829-4C9A-B011-45B20039BC98,2016,54,0,1,0,0,0,1,0,0,1,0,0,0,0,0,0,1,1,0,0,0,0,0,0,1,0
F5FF9C41-3DFB-42AB-8B7E-1C3CC619B0E8,2023,61,1,1,0,0,0,0,0,0,1,0,0,0,0,0,0,0,1,0,0,0,0,0,0,1,1
B56A96FF-2814-4E9F-8ACC-D7E7E659B10F,2012,52,0,1,0,0,0,0,0,0,1,0,0,0,0,0,0,1,0,0,0,0,0,0,0,1,0
ec5c6ec0-25e2-11ec-8021-93be7268887c,2021,51,0,1,0,0,0,0,0,0,1,0,0,0,0,0,0,1,0,0,0,0,0,0,0,1,0
33265AA8-8F1E-4B29-999D-B411B529BD2D,2016,61,0,0,0,0,0,1,0,0,0,1,0,0,0,1,0,0,0,0,0,0,0,1,0,0,0
8bc38110-e0b6-11ef-bb83-fdfe95aef2b7,2024,62,0,1,0,0,0,0,0,0,1,0,0,0,0,0,0,0,1,0,0,0,0,0,0,1,0
c2ddddc0-40d3-11ec-b81c-33d442e55df8,2016,00,0,0,0,0,1,0,0,0,0,1,0,0,1,0,0,0,0,0,0,0,0,0,0,1,0
49AF05E8-23C9-402C-8E0B-CF5A474AF801,2023,61,1,1,0,0,0,0,0,0,1,0,0,0,0,0,0,0,1,0,0,0,0,0,0,1,1
B58939C9-2E16-4A67-9D8E-DAC626B71BE9,2012,62,0,0,0,1,0,0,0,0,1,0,0,0,0,0,1,0,0,0,0,0,0,1,0,0,0
B58B2B4C-9F48-415B-AB5D-3466B89F3196,2023,00,1,1,0,0,0,0,0,0,1,0,0,0,0,0,0,0,1,0,0,0,0,0,0,1,1
9A1819B0-A503-4D08-B7A5-E7D3D2FCC45A,2023,61,1,1,0,0,0,0,0,0,1,0,0,0,0,0,0,0,1,0,0,0,0,0,0,1,1
B598C5C0-F920-400E-AC97-94C4F5AF8895,2012,81,0,0,0,0,0,0,0,1,1,0,0,0,0,0,0,0,0,0,0,1,0,0,0,1,0
B59CE439-FCD8-41CB-BD43-FE7618416472,2013,21,1,0,0,0,0,0,0,0,1,0,0,0,0,0,0,0,1,0,0,0,0,1,0,0,0
7AD91346-E95D-41AC-81AA-97291D22114A,2016,00,0,0,1,0,0,0,0,0,1,0,0,0,0,0,0,0,0,1,0,0,0,0,0,1,0
B5ADFDEA-7EFA-4475-A5C7-67AA8356006F,2012,00,1,1,1,0,0,0,0,0,1,0,0,0,0,0,0,0,0,1,0,0,0,0,0,1,0
71107a80-d9b7-11eb-8feb-0b45b7dcf47e,2021,99,0,1,0,0,0,0,0,0,1,0,0,0,0,0,0,0,0,0,0,1,0,0,0,1,0
B5C36E6B-E3E2-4327-A934-4BBDCAEB11D5,2013,09,0,0,0,0,0,1,0,0,0,1,0,0,0,1,0,0,0,0,0,0,1,0,0,0,0
9C4FE727-CFD0-4E42-B04D-2CDD11163111,2023,61,1,1,0,0,0,0,0,0,1,0,0,0,0,0,0,0,1,0,0,0,0,0,0,1,1
B5CDDB4D-C24E-4D24-9208-4C1B066CD73B,2011,92,0,0,0,0,0,1,0,0,0,1,0,0,0,1,0,0,0,0,0,0,0,0,0,1,0
B5D485DE-8E5F-4638-9E60-C624BE329357,2013,00,0,1,0,0,0,0,0,0,1,0,0,0,0,0,0,0,0,0,1,0,1,0,0,0,0
176103f0-a9dd-11e7-8c20-836b8b691ede,2016,52,0,0,0,0,1,0,0,0,0,1,0,0,1,0,0,0,0,0,0,0,0,0,0,1,0
B5E2ACD7-9BD0-4406-ABA3-70D5DA1FF24A,2011,62,0,0,0,0,1,0,0,0,0,1,0,0,1,0,0,0,0,0,0,0,0,0,0,1,0
B5E6353D-D953-425E-B7A4-8905758F8592,2013,61,0,0,0,0,1,0,0,0,1,0,0,0,1,0,0,0,0,0,0,0,1,0,0,0,0
B5F1914F-85F4-4BB7-9230-F1C58250757E,2014,00,0,1,0,0,0,0,0,0,1,0,0,0,0,0,0,0,0,0,1,0,1,0,0,0,0
bcbfc780-dec8-11e7-aa62-a96e008cbc03,2016,45,0,1,0,0,0,0,0,0,1,0,0,0,0,0,0,1,0,0,0,0,0,0,0,1,0
B602051A-98E4-405C-AE10-09FF18A4FF1F,2014,61,0,0,0,0,0,1,0,0,0,1,0,0,0,1,0,0,0,0,0,0,0,0,0,1,0
06C51486-9B7F-4BD8-B3CB-FC9116FD1B84,2016,00,0,0,0,0,0,1,0,0,0,1,0,0,0,1,0,0,0,0,0,0,0,0,0,1,0
3DA5F925-5E96-4817-9E4E-BFD1261E09FD,2023,61,1,1,0,0,0,0,0,0,1,0,0,0,0,0,0,0,1,0,0,0,0,0,0,1,1
BA2B47CE-5116-4A18-AFBD-43001FE7BDD3,2015,92,0,0,0,0,0,1,0,0,0,1,0,0,0,1,0,0,0,0,0,0,0,0,0,1,0
8D3C4541-AFA7-4EA2-8632-BE0786341114,2023,61,1,1,0,0,0,0,0,0,1,0,0,0,0,0,0,0,1,0,0,0,0,0,0,1,1
795e8790-016e-11ea-9d67-277844cc3a60,2017,00,0,0,0,0,0,1,0,0,0,1,0,0,0,1,0,0,0,0,0,0,0,0,0,1,0
B62D936A-9905-45ED-8EDA-4E5C8FB6AFF2,2012,23,0,1,0,0,0,0,0,0,1,0,0,0,0,0,0,0,1,0,0,0,0,1,0,0,0
B6326827-A9EC-4C0B-AC12-550DD1C2E9B5,2013,92,0,1,0,0,0,0,0,0,1,0,0,0,0,0,0,0,1,0,0,0,0,0,0,1,0
c29df010-070a-11eb-ab9e-fb89bdbaf0c7,2019,62,0,1,1,0,0,0,0,0,1,0,0,0,0,0,0,0,0,1,0,0,0,0,0,1,0
B64B656E-64EA-46DD-A7BC-8BAAB6595E8B,2014,51,0,0,0,0,0,1,0,0,1,0,0,0,0,1,0,0,0,0,0,0,1,0,0,0,0
AF5FF65E-1870-4EB0-A9BD-7B4CAD4B2951,2023,52,1,1,0,0,0,0,0,0,1,0,0,0,0,0,0,0,1,0,0,0,0,0,0,1,1
B651F8FB-52FB-4206-874C-67FDC6B7F114,2005,52,0,1,0,0,0,0,0,0,1,0,0,0,0,0,0,0,1,0,0,0,0,0,0,1,0
B65444EB-E9D3-489B-A862-F82102A5DCED,2014,00,0,0,0,0,0,1,0,0,0,1,0,0,0,1,0,0,0,0,0,0,0,0,0,1,0
B656C149-01B6-45FB-B7A0-6E3D84099AF3,2014,00,0,0,0,0,0,1,0,0,0,1,0,0,0,1,0,0,0,0,0,0,0,0,0,1,0
B65780C3-5651-4B43-89A1-DB0E5E911AF1,2014,92,0,0,0,0,0,1,0,0,0,1,0,0,0,1,0,0,0,0,0,0,0,0,0,1,0
B658D29E-E064-411B-94B6-08CF0115C874,2013,33,0,1,0,0,0,0,0,0,1,0,0,0,0,0,0,1,0,0,0,0,0,0,0,1,0
B65CFD00-A308-4EB4-9CF6-D29EB69364A3,2013,56,1,1,0,0,0,0,0,0,1,0,0,0,0,0,0,0,1,0,0,0,0,0,0,1,0
B66803DC-62A0-11E3-9309-14109FCE954D,2013,92,0,0,0,1,0,0,0,0,0,1,0,0,0,0,1,0,0,0,0,0,0,1,0,0,0
B66947E1-62A0-11E3-B103-14109FCE954D,2013,92,0,0,0,0,0,1,0,0,0,1,0,0,0,1,0,0,0,0,0,0,0,0,0,1,0
B669718F-62A0-11E3-9156-14109FCE954D,2013,92,0,0,0,0,0,1,0,0,0,1,0,0,0,1,0,0,0,0,0,0,0,0,0,1,0
B6699A6B-62A0-11E3-9D9D-14109FCE954D,2013,92,0,0,0,0,0,0,0,1,0,1,0,0,0,0,0,0,0,0,0,1,0,0,0,1,0
B669C6F5-62A0-11E3-8C3E-14109FCE954D,2013,92,0,0,0,0,0,1,0,0,0,1,0,0,0,1,0,0,0,0,0,0,0,0,0,1,0
B669EF4C-62A0-11E3-8087-14109FCE954D,2013,92,0,0,0,0,0,1,0,0,0,1,0,0,0,1,0,0,0,0,0,0,0,0,0,1,0
B66A1CF5-62A0-11E3-8DF5-14109FCE954D,2013,92,0,0,0,1,0,0,0,0,1,0,0,0,0,0,1,0,0,0,0,0,0,0,0,1,0
B66A4E07-62A0-11E3-9B8A-14109FCE954D,2013,92,0,0,0,1,0,0,0,0,0,1,0,0,0,0,1,0,0,0,0,0,0,0,0,1,0
B66A7A7D-62A0-11E3-992C-14109FCE954D,2013,92,0,0,0,0,0,1,0,0,0,1,0,0,0,1,0,0,0,0,0,0,0,0,0,1,0
B66AA36B-62A0-11E3-99D0-14109FCE954D,2013,92,0,0,0,1,0,0,0,0,0,1,0,0,0,0,1,0,0,0,0,0,0,0,0,1,0
B66ADAEE-62A0-11E3-9921-14109FCE954D,2013,92,0,0,0,0,0,1,0,0,0,1,0,0,0,1,0,0,0,0,0,0,0,0,0,1,0
B66B0423-62A0-11E3-A840-14109FCE954D,2013,92,0,0,0,0,0,1,0,0,0,1,0,0,0,1,0,0,0,0,0,0,0,0,0,1,0
B66B2DBD-62A0-11E3-BD37-14109FCE954D,2013,92,0,0,0,0,0,1,0,0,0,1,0,0,0,1,0,0,0,0,0,0,0,0,0,1,0
B66B5870-62A0-11E3-B69A-14109FCE954D,2013,92,0,0,0,0,0,1,0,0,0,1,0,0,0,1,0,0,0,0,0,0,0,0,0,1,0
B66B846B-62A0-11E3-840C-14109FCE954D,2013,92,0,0,1,0,0,0,0,0,1,0,0,0,0,0,0,0,0,1,0,0,0,0,0,1,0
B66BB805-62A0-11E3-A062-14109FCE954D,2013,92,0,0,0,0,0,1,0,0,0,1,0,0,0,1,0,0,0,0,0,0,0,0,0,1,0
B66BE163-62A0-11E3-8F66-14109FCE954D,2013,92,0,0,0,0,0,1,0,0,0,1,0,0,0,1,0,0,0,0,0,0,0,0,0,1,0
B66C091C-62A0-11E3-9EE4-14109FCE954D,2013,92,0,0,0,0,1,0,0,0,0,1,0,0,1,0,0,0,0,0,0,0,0,0,0,1,0
B66C3470-62A0-11E3-8690-14109FCE954D,2013,92,0,0,0,0,1,0,0,0,0,1,0,0,1,0,0,0,0,0,0,0,0,0,0,1,0
B66C5D61-62A0-11E3-A879-14109FCE954D,2013,92,0,0,0,0,1,0,0,0,0,1,0,0,1,0,0,0,0,0,0,0,0,0,0,1,0
B66C856B-62A0-11E3-8987-14109FCE954D,2013,92,0,0,0,0,0,1,0,0,0,1,0,0,0,1,0,0,0,0,0,0,0,0,0,1,0
B66CB0BA-62A0-11E3-834C-14109FCE954D,2013,92,0,0,0,0,0,1,0,0,0,1,0,0,0,1,0,0,0,0,0,0,0,0,0,1,0
B66CDB14-62A0-11E3-84B5-14109FCE954D,2013,92,0,0,0,0,0,1,0,0,0,1,0,0,0,1,0,0,0,0,0,0,0,0,0,1,0
B66D02D9-62A0-11E3-A3F5-14109FCE954D,2013,92,0,0,0,0,0,1,0,0,0,1,0,0,0,1,0,0,0,0,0,0,0,0,0,1,0
B66D2ACC-62A0-11E3-9760-14109FCE954D,2013,92,0,0,0,0,0,1,0,0,0,1,0,0,0,1,0,0,0,0,0,0,0,0,0,1,0
B66D59AE-62A0-11E3-B028-14109FCE954D,2013,92,0,0,0,0,1,0,0,0,0,1,0,0,1,0,0,0,0,0,0,0,0,0,0,1,0
E2CCA15D-E873-4B04-A7C4-ED67D1181547,2023,61,1,1,0,0,0,0,0,0,1,0,0,0,0,0,0,0,1,0,0,0,0,0,0,1,1
B66D86FD-62A0-11E3-BADC-14109FCE954D,2013,92,0,0,0,0,0,1,0,0,0,1,0,0,0,1,0,0,0,0,0,0,0,0,0,1,0
B66DAE70-62A0-11E3-958A-14109FCE954D,2013,92,0,0,0,0,0,1,0,0,0,1,0,0,0,1,0,0,0,0,0,0,0,0,0,1,0
B66DDECF-62A0-11E3-B313-14109FCE954D,2013,92,0,0,0,0,0,1,0,0,0,1,0,0,0,1,0,0,0,0,0,0,0,0,0,1,0
B66E17A3-62A0-11E3-AC69-14109FCE954D,2013,92,0,0,0,1,0,0,0,0,0,1,0,0,0,0,1,0,0,0,0,0,0,0,0,1,0
B66E56EB-62A0-11E3-B4B7-14109FCE954D,2013,92,0,0,0,0,0,1,0,0,0,1,0,0,0,1,0,0,0,0,0,0,0,0,0,1,0
B66E8FD4-62A0-11E3-8F53-14109FCE954D,2013,92,0,0,0,0,0,1,0,0,0,1,0,0,0,1,0,0,0,0,0,0,0,0,0,1,0
B66EC757-62A0-11E3-A7A3-14109FCE954D,2013,92,0,0,0,0,1,0,0,0,0,1,0,0,1,0,0,0,0,0,0,0,0,0,0,1,0
B66EFA91-71CC-4CDF-9418-4C53B5759A4F,2015,62,0,1,0,0,0,0,0,0,1,0,0,0,0,0,0,0,0,0,0,1,0,0,0,1,0
B66EFD85-62A0-11E3-B824-14109FCE954D,2013,92,0,0,0,0,0,1,0,0,0,1,0,0,0,1,0,0,0,0,0,0,0,0,0,1,0
B66F339E-62A0-11E3-B2C1-14109FCE954D,2013,92,0,0,0,0,1,0,0,0,0,0,1,0,1,0,0,0,0,0,0,0,0,0,0,1,0
B66F6B68-62A0-11E3-89D8-14109FCE954D,2013,92,0,0,0,0,1,0,0,0,0,1,0,0,1,0,0,0,0,0,0,0,0,0,0,1,0
B66F9585-62A0-11E3-8B49-14109FCE954D,2013,92,0,0,0,0,1,0,0,0,0,1,0,0,1,0,0,0,0,0,0,0,0,0,0,1,0
B66FBF3D-62A0-11E3-9F67-14109FCE954D,2013,92,0,0,0,0,0,1,0,0,0,1,0,0,0,1,0,0,0,0,0,0,0,0,0,1,0
B66FE9F8-62A0-11E3-9942-14109FCE954D,2013,92,0,0,0,0,1,0,0,0,0,1,0,0,1,0,0,0,0,0,0,0,0,0,0,1,0
B670292B-62A0-11E3-B84B-14109FCE954D,2013,92,0,0,0,0,1,0,0,0,0,1,0,0,1,0,0,0,0,0,0,0,0,0,0,1,0
B670693A-62A0-11E3-A201-14109FCE954D,2013,92,0,0,0,0,0,1,0,0,0,1,0,0,0,1,1,0,0,0,0,0,0,1,0,0,0
B670AE19-62A0-11E3-82F4-14109FCE954D,2013,92,0,0,0,0,0,1,0,0,0,1,0,0,0,1,0,0,0,0,0,0,0,0,0,1,0
B670EDA8-62A0-11E3-9187-14109FCE954D,2013,92,0,0,0,0,0,1,0,0,0,1,0,0,0,1,0,0,0,0,0,0,0,0,0,1,0
B6711DE6-62A0-11E3-BDED-14109FCE954D,2013,92,0,0,0,0,1,0,0,0,0,1,0,0,1,0,0,0,0,0,0,0,0,0,0,1,0
B6716A4F-62A0-11E3-BC6A-14109FCE954D,2013,92,0,0,0,0,1,0,0,0,0,1,0,0,1,0,0,0,0,0,0,0,0,0,0,1,0
B671AE8A-62A0-11E3-B33A-14109FCE954D,2013,92,0,0,0,0,1,0,0,0,0,1,0,0,1,0,0,0,0,0,0,0,0,0,0,1,0
B671EDAB-62A0-11E3-BC5D-14109FCE954D,2013,92,0,0,0,0,0,1,0,0,0,1,0,0,0,1,0,0,0,0,0,0,0,0,0,1,0
B6722CB8-62A0-11E3-BF26-14109FCE954D,2013,92,0,0,0,0,0,1,0,0,0,1,0,0,0,1,0,0,0,0,0,0,0,0,0,1,0
B67265CA-62A0-11E3-8528-14109FCE954D,2013,92,0,0,0,0,0,1,0,0,0,1,0,0,0,1,0,0,0,0,0,0,0,0,0,1,0
B672930F-62A0-11E3-82E6-14109FCE954D,2013,92,0,0,0,0,0,1,0,0,0,1,0,0,0,1,0,0,0,0,0,0,0,0,0,1,0
B672BAFD-62A0-11E3-9856-14109FCE954D,2013,92,0,0,0,0,0,1,0,0,0,1,0,0,0,1,0,0,0,0,0,0,0,0,0,1,0
B672E30F-62A0-11E3-AAF5-14109FCE954D,2013,92,0,0,0,0,0,1,0,0,0,1,0,0,0,1,0,0,0,0,0,0,0,0,0,1,0
B6730AE8-62A0-11E3-9E9C-14109FCE954D,2013,92,0,0,0,0,0,1,0,0,0,1,0,0,0,1,0,0,0,0,0,0,0,0,0,1,0
B6733375-62A0-11E3-B324-14109FCE954D,2013,92,0,0,0,0,0,1,0,0,0,1,0,0,0,1,0,0,0,0,0,0,0,0,0,1,0
B67362E1-62A0-11E3-A97B-14109FCE954D,2013,92,0,0,0,1,0,1,0,0,0,1,0,0,0,1,1,0,0,0,0,0,0,1,0,0,0
B6739F75-62A0-11E3-A6FC-14109FCE954D,2013,92,0,0,0,0,0,1,0,0,0,1,0,0,0,1,0,0,0,0,0,0,0,0,0,1,0
B673C6C0-62A0-11E3-9C93-14109FCE954D,2013,92,0,0,0,0,0,1,0,0,0,1,0,0,0,1,0,0,0,0,0,0,0,0,0,1,0
B673EF00-62A0-11E3-B1E8-14109FCE954D,2013,92,0,0,0,0,0,1,0,0,0,1,0,0,0,1,0,0,0,0,0,0,0,0,0,1,0
B67415FA-62A0-11E3-A24F-14109FCE954D,2013,92,0,0,0,0,0,1,0,0,0,1,0,0,0,1,0,0,0,0,0,0,0,0,0,1,0
B6743C91-62A0-11E3-AD06-14109FCE954D,2013,92,0,0,0,0,0,1,0,0,0,1,0,0,0,1,0,0,0,0,0,0,0,0,0,1,0
B6746382-62A0-11E3-B01B-14109FCE954D,2013,92,0,0,0,0,0,1,0,0,0,1,0,0,0,1,0,0,0,0,0,0,0,0,0,1,0
B6748AE3-62A0-11E3-9611-14109FCE954D,2013,92,0,0,0,0,0,1,0,0,0,1,0,0,0,1,0,0,0,0,0,0,0,0,0,1,0
B674B211-62A0-11E3-A7A5-14109FCE954D,2013,92,0,0,0,0,0,1,0,0,0,1,0,0,0,1,0,0,0,0,0,0,0,0,0,1,0
B67BB154-50A4-4063-8534-A09240D174A8,2007,33,0,0,1,0,0,0,0,1,1,0,0,0,0,0,0,0,0,1,0,0,0,0,0,1,0
B68664E1-9446-43D9-A339-8D54FC3F7149,2014,05,0,0,0,1,0,0,0,0,0,0,0,1,0,0,1,0,0,0,0,0,0,1,0,0,0
B68AEBD4-EB32-4168-AECC-559CEBF5FB42,2013,51,0,1,0,0,0,0,0,0,1,0,0,0,0,0,0,1,0,0,0,0,0,0,0,1,0
B68BE8FB-77D9-4487-80F5-DDD471848583,2007,44,1,1,0,0,0,0,0,0,1,0,0,0,0,0,0,0,1,0,0,0,0,0,0,1,0
B68DBE34-2C4E-4497-9714-099A5DC1577B,2013,42,0,1,0,0,0,0,0,0,1,0,0,0,0,0,0,1,0,0,0,0,0,0,0,1,0
B69A9210-6D21-4577-96E9-F312F3FA5EF5,2012,92,0,0,0,0,1,0,0,0,0,1,0,0,1,0,0,0,0,0,0,0,0,0,0,1,0
B6B11328-10E5-46F1-ABFE-7BD4BD18118A,2013,52,0,1,0,0,0,0,0,0,1,0,0,0,0,0,0,0,1,0,0,0,0,0,0,1,0
ADD4F5F2-8812-4606-9748-5F9036BA7838,2023,61,1,1,0,0,0,0,0,0,1,0,0,0,0,0,0,0,1,0,0,0,0,0,0,1,1
B6C05241-E4AC-493C-8041-A59E06987DE6,2012,92,0,0,0,0,0,1,0,0,0,1,0,0,0,1,0,0,0,0,0,0,0,0,0,1,0
B6C82CBF-CC49-4846-9F6E-26CE2F395A4C,2009,51,1,1,1,0,0,0,0,0,1,0,0,0,0,0,0,0,0,1,0,0,0,0,0,1,0
80741BBD-AC31-48DB-BA51-3104C2DF596C,2015,62,0,0,0,0,1,0,0,0,0,1,0,0,1,0,0,0,0,0,0,0,0,0,0,1,0
B6DB4B47-AFBA-455F-9D42-7C3D4BBD6D9E,2012,00,0,0,0,0,0,1,0,0,0,1,0,0,0,1,0,0,0,0,0,0,0,0,0,1,0
B6DB9DA9-BDF5-4490-9FA0-ABC0C1D9D4A2,2013,62,0,0,0,0,1,0,0,0,0,1,0,0,1,0,0,0,0,0,0,0,1,0,0,0,0
388a7320-8e78-11ec-ab9f-33907697f3a6,2021,62,1,0,0,0,0,0,0,1,1,0,0,0,0,0,0,0,1,0,0,0,0,0,0,1,0
4b7533d0-22d6-11eb-b221-a300329fb9cf,2018,09,0,0,0,0,0,0,0,1,1,0,0,0,0,0,0,1,0,0,0,0,1,0,0,0,0
80629175-98C7-40E5-8A83-A89A5A9376A0,2015,62,0,0,0,1,0,0,0,0,1,0,0,0,0,0,1,0,0,0,0,0,0,1,0,0,0
3139e850-98e9-11e7-a6db-535ccd646699,2017,62,0,0,0,0,1,0,0,0,0,1,0,0,1,0,0,0,0,0,0,0,0,0,0,1,0
f32cd680-9d61-11e7-88fd-d58755d0feda,2017,92,0,1,0,0,0,0,0,0,1,0,0,0,0,0,0,0,0,0,0,1,0,1,0,0,0
12f1def0-fe75-11e8-aee0-f7420d4f3238,2018,00,1,0,0,0,0,0,0,0,1,0,0,0,0,0,0,0,1,0,0,0,1,0,0,0,0
3B3A8D2E-0B3B-4637-966A-406307615CAA,2023,61,1,1,0,0,0,0,0,0,1,0,0,0,0,0,0,0,1,0,0,0,0,0,0,1,1
e20e4a90-d578-11e9-8597-ff36b2265d64,2019,00,0,0,0,0,1,0,0,0,0,1,0,0,1,0,0,0,0,0,0,0,0,0,0,1,0
B7105FAE-7DC9-487E-AF64-A4420B9E874D,2013,22,0,0,0,0,0,1,0,0,0,1,0,0,0,1,0,0,0,0,0,0,0,1,0,0,0
988B32A6-52C3-4586-A899-5CDA6D19EE22,2023,61,1,1,0,0,0,0,0,0,1,0,0,0,0,0,0,0,1,0,0,0,0,0,0,1,1
B71473FB-8222-4C26-8BBC-8177659DBCBB,2013,62,0,1,0,0,0,0,0,0,1,0,0,0,0,0,0,0,0,0,0,1,0,1,0,0,0
B714B01E-3D33-4DA8-9E38-43DFBC60D316,2013,61,0,1,1,0,0,0,0,0,1,0,0,0,0,0,0,0,0,1,0,0,0,0,0,1,0
37AF3885-1B44-44EE-B003-7075954EA15F,2016,51,0,1,0,0,0,0,0,0,1,0,0,0,0,0,0,0,0,0,0,1,0,0,0,1,0
B72FB7CE-71A3-4BA7-8FFB-23924A1EC566,2009,62,0,0,0,0,1,0,0,0,0,1,0,0,1,0,0,0,0,0,0,0,0,0,0,1,0
18b29cacc-fb5a-4d4e-8795-b026325804e5,2024,54,1,0,0,0,0,0,0,1,1,0,0,0,0,0,0,0,1,0,0,0,0,0,0,1,0
227bf4e0-07b7-11ea-a8b1-672cf95dfdfd,2019,54,0,0,0,0,0,1,0,0,0,1,0,0,0,1,0,0,0,0,0,0,0,0,0,1,0
B741F99A-80A0-4434-A8F4-26E98E6297ED,2013,61,0,1,0,0,0,0,0,0,1,0,0,0,0,0,0,1,0,0,0,0,0,0,0,1,0
045A7C93-09AA-488C-996C-9E7B12C2CEB9,2016,92,0,1,0,0,0,0,0,0,1,0,1,0,0,0,0,1,0,0,0,0,0,0,0,1,0
B7594A49-E6D7-46C8-8609-3A76315E536F,2009,33,1,1,1,0,0,0,0,0,1,0,0,0,0,0,0,0,0,1,0,0,0,0,0,1,0
056DCF85-233B-46AD-A7F3-9FF186EDAF49,2023,61,1,1,0,0,0,0,0,0,1,0,0,0,0,0,0,0,1,0,0,0,0,0,0,1,1
B76030D5-4682-4FFD-8539-3BCC7F5CB09A,2007,00,0,0,0,0,1,0,0,0,0,1,0,0,1,0,0,0,0,0,0,0,0,0,0,1,0
B7670CBB-3B42-4024-BDF6-1BED5F9F986A,2013,72,0,0,0,1,0,0,0,0,1,0,0,0,0,0,0,0,0,0,0,1,0,0,0,1,0
8a00b6d0-ce57-11e9-a07e-2170fe2d70c6,2017,45,1,0,0,0,0,0,0,0,1,0,0,0,0,0,0,0,1,0,0,0,0,0,0,1,0
A63FE393-2177-45A3-987F-0E1E452873C2,2023,61,1,1,0,0,0,0,0,0,1,0,0,0,0,0,0,0,1,0,0,0,0,0,0,1,1
7a723c10-72c6-11eb-a46e-831b23dc7360,2020,62,0,0,0,0,0,1,0,0,0,1,0,0,0,1,0,0,0,0,0,0,0,0,0,1,0
B775025C-D22F-472C-AD01-EC90325CC584,2010,62,0,0,0,1,0,0,0,0,1,0,0,0,0,0,1,0,0,0,0,0,0,1,0,0,0
D8EFB9AD-19BA-4B93-887A-F95399733518,2015,61,0,1,0,0,0,0,0,1,1,0,0,1,0,0,0,0,0,0,0,1,0,0,1,0,0
11dd69c0-b68c-11e8-b56a-011002460f8b,2017,51,0,1,0,0,0,0,0,0,1,0,0,0,0,0,0,1,0,0,0,0,0,0,0,1,0
B77C36B5-D30A-42A1-86D0-CCC42E57A698,2013,52,0,0,0,0,1,0,0,0,1,0,0,0,1,0,0,0,0,0,0,0,0,0,0,1,0
B78658A4-05B1-4065-88E9-9EEA26A32840,2010,62,0,0,0,1,1,0,0,0,1,1,0,0,0,0,1,0,0,0,0,0,0,1,0,0,0
B7889E4B-2E36-4D30-903D-7DB8FB15F0D5,2013,09,0,0,0,0,0,1,0,0,0,1,0,0,0,1,0,0,0,0,0,0,0,0,0,1,0
B7A11D85-2614-499A-8E56-4AD5805D02FC,2013,92,0,1,0,0,0,0,0,0,1,0,0,0,0,0,0,1,0,0,0,0,1,0,0,0,0
a0af9dc0-327c-11ec-a962-0f8a4d8d5131,2020,52,0,1,1,0,0,0,0,0,1,0,0,0,0,0,0,1,0,1,0,0,0,0,0,1,0
34c49240-811a-11e7-8520-b5d4bef506ca,2017,00,0,0,0,0,0,1,0,0,1,0,0,0,0,0,0,1,0,0,0,0,0,1,0,0,0
e2b312f0-af5f-11e7-b9af-6daebc71dd3b,2016,92,0,1,0,0,0,0,0,0,1,0,0,0,0,0,0,1,0,0,0,0,0,1,0,0,0
A84A4045-AA9D-4412-9A96-D885231B027B,2023,61,1,1,0,0,0,0,0,0,1,0,0,0,0,0,0,0,1,0,0,0,0,0,0,1,1
B7C03E5B-9251-4976-AFA9-B9D061E874C8,2012,00,0,1,0,0,0,0,0,0,1,0,0,0,0,0,0,1,0,0,0,0,0,0,0,1,0
B7C30B2F-10AD-4B2B-A7BF-72D6BB98F046,2009,00,0,0,0,0,1,0,0,0,0,1,0,0,1,0,0,0,0,0,0,0,0,0,0,1,0
DE58D78C-5193-4714-AF7E-8BAB4997FA8E,2023,61,1,1,0,0,0,0,0,0,1,0,0,0,0,0,0,0,1,0,0,0,0,0,0,1,1
B7C5AB83-C904-4274-A781-92F03E02AAE2,2012,00,0,1,0,0,0,0,0,0,1,0,0,0,0,0,0,1,0,0,0,0,0,0,0,1,0
D06202A5-2C3C-4456-9E92-EDC805A10A50,2023,61,1,1,0,0,0,0,0,0,1,0,0,0,0,0,0,0,1,0,0,0,0,0,0,1,1
B7D0E28A-86DD-4B83-B989-DF3C56781725,2013,51,0,1,0,0,0,0,0,0,1,0,0,0,0,0,0,1,0,0,0,0,1,0,0,0,0
B7EDC6D7-537E-4513-874C-3B6CBB2B3F7A,2013,92,1,1,1,0,0,0,0,0,1,0,0,0,0,0,0,0,0,1,0,0,0,0,0,1,0
B7EE9769-5AB5-412D-BAC5-1F1CE06B6F89,2013,00,0,0,0,1,0,0,0,0,1,0,0,0,0,0,1,0,0,0,0,0,0,1,0,0,0
B801317A-04C0-46B2-A373-91AF94C249D8,2013,44,0,0,0,1,0,0,0,0,1,0,0,0,0,0,1,0,0,0,0,0,0,0,0,1,0
B8058BE4-CA8A-4F6B-AC0A-59FEDA2B615F,2010,92,0,0,0,0,0,1,0,0,0,1,0,0,0,1,0,0,0,0,0,0,0,0,1,0,0
B80F5550-296C-4136-ADDA-37FADF6BC9E5,2015,00,0,0,0,1,0,0,0,0,1,0,0,0,0,0,1,0,0,0,0,0,0,1,0,0,0
0c215b90-4689-11ed-9a6c-911ade1670b5,2021,00,1,0,0,0,0,0,0,0,1,0,0,0,0,0,0,0,1,0,0,0,1,0,0,0,0
21253090-45a1-11ed-9a6c-911ade1670b5,2021,05,0,0,0,0,0,1,0,0,0,1,0,0,0,1,0,0,0,0,0,0,0,0,0,1,0
90172d30-d888-11e8-a65e-ff31a80401c2,2017,00,1,1,0,0,0,0,0,0,1,0,0,0,0,0,0,0,1,0,0,0,0,0,0,1,0
B8407F30-DDB9-4947-A40D-EDDBEE1348A5,2010,62,0,0,0,1,0,0,0,0,1,0,0,0,0,0,1,0,0,0,0,0,0,1,0,0,0
B84741E3-0406-4DD4-A3B4-C9DDFAD52B2E,2013,05,0,0,0,0,1,0,0,0,0,1,0,0,1,0,0,0,0,0,0,0,0,0,0,1,0
7faf95d0-8687-11e7-8e76-6d3ed9e599f7,2017,00,1,0,0,0,0,0,0,0,1,0,0,0,0,0,0,0,1,0,0,0,0,0,0,1,0
B85761D4-DD5E-4E07-BD1E-0FDE3B495E44,2011,92,0,0,0,0,0,1,0,0,0,1,0,0,0,0,1,0,0,0,0,0,0,0,0,1,0
B85B2675-358B-4143-98E9-E4A86C31B678,2012,56,0,0,0,0,1,0,0,0,0,0,1,0,1,0,0,0,0,0,0,0,0,0,0,1,0
B862CACF-DABC-4257-BFEB-610C19428F2B,2014,54,0,0,0,0,1,0,0,0,0,1,0,0,1,0,0,0,0,0,0,0,0,0,0,1,0
57076FE8-2377-4514-9009-15294B962CE2,2023,62,1,1,0,0,0,0,0,0,1,0,0,0,0,0,0,0,1,0,0,0,0,0,0,1,1
a810e980-39c3-11ed-a8d9-e567d58abfd4,2022,71,1,1,0,0,0,0,0,1,1,0,0,0,0,0,0,0,1,0,0,0,0,0,0,1,0
B869831A-A4D3-45A5-9F4F-3767F47BE2AC,2012,00,0,0,0,0,0,1,0,0,0,1,0,0,0,0,1,0,0,0,0,0,0,1,0,0,0
5f9d6a90-1795-11eb-a388-210bf038e9e5,2020,44,0,0,0,1,0,0,0,0,1,0,0,0,0,0,0,0,0,0,0,1,0,0,0,1,0
75a9e620-e9d7-11e9-bcf0-459173902f03,2019,62,0,0,0,0,0,1,0,0,0,1,0,0,0,1,0,0,0,0,0,0,0,0,0,1,0
f994ae10-da0f-11ef-94f8-638529e3ff3b,2023,06,1,1,0,0,0,0,0,0,1,0,0,0,0,0,0,0,1,0,0,0,0,0,0,1,1
56aecca0-2b6c-11ea-b50d-3fd6f00cf940,2019,44,0,0,0,1,0,0,0,0,1,0,0,0,0,0,0,0,0,0,0,1,0,0,0,1,0
B8804EE9-CAA8-4649-A85D-99038027E857,2014,52,0,0,0,1,0,0,0,0,1,0,0,0,0,0,1,0,0,0,0,0,0,1,0,0,0
B88408C8-8E82-4B8E-9D00-3C82BC379B45,2013,54,0,1,0,0,0,0,0,0,1,0,0,0,0,0,0,1,0,0,0,0,0,0,0,1,0
B887562D-DC0E-4703-8E48-6F481E27C5ED,2011,92,0,0,0,0,1,0,0,0,0,1,0,0,1,0,0,0,0,0,0,0,0,0,0,1,0
B88E09D1-8309-4C06-9E4F-1A776189A8CB,2014,62,0,0,0,0,1,0,0,0,0,1,0,0,1,0,0,0,0,0,0,0,0,0,0,1,0
B8A3C389-C6C7-439A-B2CA-320B9CB51B2C,2013,44,0,0,0,0,0,1,0,0,0,1,0,0,0,1,0,0,0,0,0,0,0,0,0,1,0
E36F9CF2-C8D0-4DAC-9E5B-93EC32BA6930,2023,61,1,1,0,0,0,0,0,0,1,0,0,0,0,0,0,0,1,0,0,0,0,0,0,1,1
B8B20E02-39D2-4CD3-B83D-15389D0C676D,2010,92,0,0,0,0,0,1,0,0,0,1,0,0,0,1,0,0,0,0,0,0,0,0,0,1,0
B8B7A2C4-0C80-43EB-90B2-5A445DD34E8C,2012,92,0,0,0,0,1,0,0,0,0,1,0,0,1,0,0,0,0,0,0,0,0,0,0,1,0
aded0c10-1a1d-11ec-9cee-0b92cf8d85df,2020,92,0,1,0,0,0,0,0,0,1,0,0,0,0,0,0,0,1,0,0,0,0,0,0,1,0
5af2b3d0-d95a-11e9-baf3-31037743ca61,2017,54,0,0,0,0,1,0,0,0,0,1,0,0,1,0,0,0,0,0,0,0,1,0,0,0,0
af617680-c55d-11e7-8460-859aaa890f03,2017,92,0,0,0,0,0,1,0,0,0,1,0,0,0,1,0,0,0,0,0,0,0,0,0,1,0
f7d32230-77b3-11e7-a457-a5a222e6d450,2017,00,0,0,1,0,0,0,0,0,1,0,0,0,0,0,0,0,0,1,0,0,0,0,0,1,0
bfd27100-899d-11e7-bf1d-81579668407a,2017,00,0,0,0,0,0,1,0,0,1,0,0,0,0,1,0,1,0,0,0,0,0,1,0,0,0
B8DD9BC0-D99B-40D6-BDD4-10CC223572D0,2012,52,0,0,0,0,0,1,0,0,0,1,0,0,0,1,0,0,0,0,0,0,0,0,0,1,0
B8E04295-D559-4B6E-BC63-505A808F5F69,2011,52,0,0,0,0,1,0,0,0,0,1,0,0,1,0,0,0,0,0,0,0,0,0,0,1,0
18b5e040-ce57-11e9-b4e5-4769cce343a0,2019,92,0,1,0,0,0,0,0,0,1,0,0,0,0,0,0,0,1,0,0,0,0,0,0,1,0
B8F2599C-4BDF-4135-98D5-C622DA4B4816,2012,00,1,1,1,0,0,0,0,0,1,0,0,0,0,0,0,0,0,1,0,0,0,0,0,1,0
B8F25A26-C649-476E-858B-FC87A4E3E221,2012,00,0,0,0,0,1,0,0,0,0,1,0,0,1,0,0,0,0,0,0,0,0,0,0,1,0
19D355E5-F624-41E7-9797-4CA4590FFD5A,2016,62,0,0,0,1,0,0,0,0,1,0,0,0,0,0,1,0,0,0,0,0,0,1,0,0,0
B8FFDDE9-8AB6-47DE-9288-7C12CD564A09,2011,92,0,0,0,0,0,1,0,0,0,1,0,0,0,1,0,0,0,0,0,0,0,0,0,1,0
6cacd910-b342-11e7-9a94-230655e65ca5,2017,72,0,0,0,0,1,0,0,0,0,1,0,0,1,0,0,0,0,0,0,0,1,0,0,0,0
0592453E-86B2-4900-B62B-464A22F576DA,2023,61,1,1,0,0,0,0,0,0,1,0,0,0,0,0,0,0,1,0,0,0,0,0,0,1,1
14BEA8C0-F183-4CAE-9B65-61D06891DD10,2016,62,0,0,0,0,1,0,0,0,0,1,0,0,1,0,0,0,0,0,0,0,0,0,0,1,0
B91D3034-C151-4A91-B500-1BA3624141C0,2013,21,0,1,0,0,0,0,0,0,1,0,0,0,0,0,0,0,1,0,0,0,0,1,0,0,0
d4359e90-d959-11e7-a452-77d2890a67ae,2017,62,0,0,0,0,1,0,0,0,0,1,0,0,1,0,0,0,0,0,0,0,0,0,0,1,0
B9348220-43D9-4D97-A3F4-93C43B11732E,2013,61,0,1,0,0,0,0,0,0,1,0,0,0,0,0,0,1,0,0,0,0,0,1,0,0,0
B942D2A3-6AFE-4774-92A6-3A1F8C55C507,2010,92,0,0,0,0,0,1,0,0,0,1,0,0,0,1,0,0,0,0,0,0,0,0,1,0,0
D13A77F6-A559-46D5-81A0-BEC6681E2071,2016,00,0,1,1,0,0,0,0,0,1,0,0,0,0,0,0,0,0,1,0,0,0,1,0,0,0
591bab60-0aa4-11e8-827c-bba53cbad290,2017,33,0,1,0,0,0,0,0,0,1,0,0,0,0,0,0,1,0,0,0,0,0,0,0,1,0
EE146B43-34F4-49E4-9596-1A18A855504F,2015,52,0,0,0,1,0,0,0,0,0,0,0,1,0,0,0,0,0,0,0,1,0,0,0,1,0
B957DCC3-1738-49D2-B63F-FBD9FEB1CE73,2010,62,0,0,0,1,0,0,0,0,1,0,0,0,0,0,1,0,0,0,0,0,0,1,0,0,0
B96C4583-7126-4097-8F7B-B5CDDB039DFE,2010,92,0,0,0,0,0,1,0,0,0,1,0,0,0,0,1,0,0,0,0,0,0,0,1,0,0
B96F0A1A-B74D-481C-8858-CEB8E423A14F,2005,06,0,0,0,0,1,0,0,0,0,1,0,0,1,0,0,0,0,0,0,0,0,0,0,1,0
B970868E-4FB0-4F47-B585-7677CC9324EE,2013,00,1,1,1,0,0,0,0,0,1,0,0,0,0,0,0,0,0,1,0,0,0,0,0,1,0
B9765F5B-3050-4566-8D2B-8C8EAC260D9B,2012,61,0,0,0,1,0,0,0,0,1,0,0,0,0,0,1,0,0,0,0,0,0,1,0,0,0
B97A1CE3-07AB-440A-9C11-F4F535645019,2012,92,1,1,1,0,0,0,0,0,1,0,0,0,0,0,0,0,0,1,0,0,0,0,0,1,0
B985130B-58A9-4E94-BC1A-1467811A3E31,2012,92,0,0,0,0,0,1,0,0,0,1,0,0,0,1,0,0,0,0,0,0,0,0,0,1,0
34A3F241-D958-43DA-A9CD-AC0265D49BB6,2023,61,1,1,0,0,0,0,0,0,1,0,0,0,0,0,0,0,1,0,0,0,0,0,0,1,1
D3E039A2-869F-490E-BF46-C89FF66DC744,2023,61,1,1,0,0,0,0,0,0,1,0,0,0,0,0,0,0,1,0,0,0,0,0,0,1,1
AD8BDF0D-C37E-4742-B29D-CB0BF061ABF8,2016,62,0,0,0,0,0,1,0,0,0,1,1,0,0,1,0,0,0,0,0,0,0,0,0,1,0
B99B9E8B-1DEB-4564-9A08-5CEE7DAAA022,2013,92,0,1,0,0,0,0,0,0,1,0,0,0,0,0,0,1,0,0,0,0,1,0,0,0,0
f0ea7580-8c27-11e7-944b-11adeb58a7b0,2017,00,0,0,0,0,1,0,0,0,0,1,0,0,1,0,0,0,0,0,0,0,0,0,0,1,0
6390A0A5-5990-4F69-B5A4-712D253E7743,2016,51,0,1,0,0,0,0,0,0,1,0,0,0,0,0,0,0,0,0,0,1,0,0,0,1,0
48ACF5B3-BB74-4ED9-AFBD-7EDF0869609D,2023,00,1,1,0,0,0,0,0,0,1,0,0,0,0,0,0,0,1,0,0,0,0,0,0,1,1
96e7c560-0173-11ea-9d67-277844cc3a60,2017,92,0,0,0,0,0,1,0,0,0,1,0,0,0,1,0,0,0,0,0,0,0,0,0,1,0
B9C8586C-6556-4099-A495-409DDAB8DE15,2014,92,0,0,0,0,0,1,0,0,0,1,0,0,0,1,0,0,0,0,0,0,0,0,0,1,0
B9CE339D-2CD0-4CF0-A3E4-68AA922E5426,2014,00,1,0,0,0,0,0,0,0,1,0,0,0,0,0,0,0,1,0,0,0,1,0,0,0,0
45DFF85D-3F54-459C-BD2F-24D00DD607A8,2016,62,0,0,0,0,0,1,0,0,0,1,0,0,0,1,0,0,0,0,0,0,0,0,0,1,0
8A8802A7-B065-46D0-AB75-3FDFDEF7B812,2014,62,0,0,0,0,1,0,0,0,0,1,0,0,1,0,0,0,0,0,0,0,0,0,0,1,0
4A7E69A1-FEDA-49C9-A810-651A55983750,2016,00,1,1,1,0,1,0,0,0,1,0,0,0,0,0,0,0,1,1,0,0,1,0,0,0,0
B9E23941-026C-418C-9B62-E333CA4C5ABC,2013,56,0,0,0,1,0,0,0,0,1,0,0,0,0,0,1,0,0,0,0,0,0,1,0,0,0
3A7C3C15-13EC-46B9-8FB6-A4F2123CD0FD,2023,00,1,1,0,0,0,0,0,0,1,0,0,0,0,0,0,0,1,0,0,0,0,0,0,1,1
B9EE1982-F35E-4236-A9E4-0474926B76E1,2013,92,0,1,0,0,0,0,0,0,1,0,0,0,0,0,0,1,0,0,1,0,1,0,0,0,0
5b43de70-a627-11e8-b17d-c5c01e287634,2018,42,1,1,0,0,0,0,0,0,1,0,0,0,0,0,0,0,1,0,0,0,0,0,0,1,0
499b8730-c8eb-11e9-9c16-3f32faecab86,2019,62,1,0,1,0,0,0,0,0,1,0,0,0,0,0,0,0,1,0,0,0,0,1,0,0,0
0125ACA2-17F2-4BBC-AF88-1D21F296457C,2016,51,0,0,0,0,1,0,0,0,0,1,0,0,1,0,0,0,0,0,0,0,0,1,0,0,0
BA0CB7CB-7BF1-40A1-886E-ACF7C9683C8E,2012,62,0,1,0,0,0,0,0,0,1,0,0,0,0,0,0,0,0,0,0,1,0,0,0,1,0
FE056EBB-F0BE-49D2-AED4-0DB3756D566D,2023,61,1,1,0,0,0,0,0,0,1,0,0,0,0,0,0,0,1,0,0,0,0,0,0,1,1
7D1D41C4-5A45-4F84-9A7D-1032030ABF21,2016,54,0,1,0,0,0,0,0,0,1,0,0,0,0,0,0,0,0,0,0,1,0,0,0,1,0
BA0FADD8-BEAA-44ED-BE59-9D1976D54781,2013,92,0,0,0,0,0,1,0,0,0,1,0,0,0,1,0,0,0,0,0,0,0,0,0,1,0
5fc76510-c94c-11e7-aa33-c3c39d564c9a,2016,51,1,1,0,0,0,0,0,0,1,0,0,0,0,0,0,0,1,0,0,0,0,0,0,1,0
BA1381E7-DC27-4E9F-8B11-349FD506202D,2011,62,0,0,0,0,0,0,0,1,0,0,0,1,0,0,0,0,0,0,0,1,0,1,0,0,0
BA1D9042-4AD4-49EF-BF82-4BC5AE5877EB,2014,21,0,0,0,1,0,0,0,0,1,0,0,0,0,0,0,0,0,0,0,1,0,0,0,1,0
BA2067B6-ECE5-4B43-AA97-F2F75967EFAB,2013,00,1,1,1,0,0,0,0,0,1,0,0,0,0,0,0,0,0,1,0,0,0,0,0,1,0
BA270E32-B596-4E6C-8978-FE481388D876,2013,52,0,1,0,0,0,0,0,0,1,0,0,0,0,0,0,1,0,0,0,0,1,0,0,0,0
7DDCCADB-F828-4AF4-9C1E-A1A2B2433536,2016,44,0,0,0,1,0,0,0,0,1,0,0,0,0,0,1,0,0,0,0,0,0,1,0,0,0
BA2EFBC9-8415-40C5-8B5F-A4EFB8BF7B38,2012,92,1,1,1,0,0,0,0,0,1,0,0,0,0,0,0,0,0,1,0,0,0,0,0,1,0
7F30CBA5-656B-45A3-B651-383B3A34365D,2015,00,0,1,0,0,0,0,0,0,1,0,0,0,0,0,0,1,0,0,1,0,1,0,0,0,0
BA379E02-8032-4EC6-8034-D5C6223210D9,2012,62,0,0,0,0,0,0,0,1,0,0,0,1,0,0,0,0,0,0,0,1,0,1,0,0,0
BA450A28-961D-448C-AA02-A0AFC8005A6B,2013,52,0,0,0,0,0,1,0,0,0,1,0,0,0,1,0,0,0,0,0,0,0,0,0,1,0
BA45A885-7EF6-40CC-9AD9-3F8E683B9050,2014,00,0,1,0,0,0,0,0,0,1,0,0,0,0,0,0,1,0,0,0,0,0,0,0,1,0
BA463F72-32F8-41DD-BFE7-7E4078FEF91A,2010,92,0,1,0,0,0,0,0,0,1,0,0,0,0,0,0,0,1,0,0,0,0,0,0,1,0
ee0bef70-3ccb-11ec-b63a-33c287a8ec4a,2021,54,1,1,0,0,0,0,0,0,1,0,0,0,0,0,0,0,1,0,0,0,0,0,0,1,0
BA52DE82-0F5E-4F2C-8400-84316377DA60,2011,51,0,1,0,0,0,0,0,0,1,0,0,0,0,0,0,0,0,0,0,1,0,1,0,0,0
6dfbe670-48bc-11ed-8c60-33546f64e3dc,2021,00,0,1,0,0,0,0,0,1,1,0,0,0,0,0,0,0,1,0,0,0,0,0,0,1,0
1D6F766A-021D-429B-963A-CB05779BEBD8,2023,61,1,1,0,0,0,0,0,0,1,0,0,0,0,0,0,0,1,0,0,0,0,0,0,1,1
BA602E9A-8D68-4857-A80E-F03A2A22CF04,2013,81,0,0,0,0,1,0,0,0,0,1,0,0,1,0,0,0,0,0,0,0,0,0,0,1,0
BA603111-BB09-4F22-87FF-33A31A0086CE,2008,51,0,0,0,0,0,0,0,1,0,0,0,1,0,0,0,0,0,0,0,1,0,0,0,1,0
3D88E4B8-81FA-4662-9BB3-43E48D73C152,2016,44,0,0,0,1,0,0,0,0,1,0,0,0,0,0,0,0,0,0,0,1,0,1,0,0,0
0CB8F2E8-0421-41C0-8386-778A701068C3,2023,61,1,1,0,0,0,0,0,0,1,0,0,0,0,0,0,0,1,0,0,0,0,0,0,1,1
99D4638E-F70F-43A2-9CAD-CAC159A349E9,2016,54,1,1,0,0,0,0,0,0,1,0,0,0,0,0,0,0,1,0,0,0,0,1,0,0,0
d51037c0-dc25-11e7-be42-df02fe7390b5,2017,62,0,0,0,0,0,1,0,0,0,1,0,0,0,1,0,0,0,0,0,0,0,0,0,1,0
41E8B3B5-E1FD-4C79-97C4-5CDCCBBA1E02,2023,61,1,1,0,0,0,0,0,0,1,0,0,0,0,0,0,0,1,0,0,0,0,0,0,1,1
C858860E-DF1F-418B-B645-577F6A6D7508,2023,61,1,1,0,0,0,0,0,0,1,0,0,0,0,0,0,0,1,0,0,0,0,0,0,1,1
db154c10-df29-11e9-9ff0-a5a30eaf0927,2019,62,0,0,0,0,0,1,0,0,0,1,0,0,0,1,0,0,0,0,0,0,0,0,0,1,0
4f699080-327a-11ec-a962-0f8a4d8d5131,2021,51,0,1,0,0,0,0,0,0,1,0,0,0,0,0,0,1,0,0,0,0,0,0,0,1,0
950bc800-de09-11e9-92e6-b7a271e742aa,2019,62,1,0,0,0,0,0,0,0,1,0,0,0,0,0,0,0,1,0,0,0,0,1,0,0,0
2A24FB58-937A-487C-B397-A09E5136381F,2023,61,1,1,0,0,0,0,0,0,1,0,0,0,0,0,0,0,1,0,0,0,0,0,0,1,1
BABAA95E-B2F1-46B0-B392-DC2D2AE84E9A,2013,81,0,0,0,0,0,1,0,0,0,1,0,0,0,1,0,0,0,0,0,0,0,0,0,1,0
BABBCB22-BF69-4682-8FA2-48B86687F6DB,2015,00,0,0,0,0,0,1,0,0,0,1,0,0,0,1,0,0,0,0,0,0,0,0,0,1,0
5FC533E3-FDCE-405A-B052-0815B7BA7084,2023,61,1,1,0,0,0,0,0,0,1,0,0,0,0,0,0,0,1,0,0,0,0,0,0,1,1
BAC92CAB-D578-43BA-A17B-987D3D63831A,2010,62,0,0,0,1,0,0,0,0,1,0,0,0,0,0,1,0,0,0,0,0,0,1,0,0,0
BACFC23F-4749-4051-955F-FE22D99AE09A,2015,92,0,0,0,0,0,1,0,0,0,1,0,0,0,1,0,0,0,0,0,0,0,0,0,1,0
BAE5B59A-6247-4375-920E-86338BF77464,2014,92,0,0,0,0,0,1,0,0,0,1,0,0,0,1,0,0,0,0,0,0,0,0,0,1,0
49680b60-83ec-11ee-898d-0f9c5bf59690,2023,31,0,1,0,0,0,0,0,0,1,0,0,0,0,0,0,1,0,0,0,0,0,0,0,1,0
BAECB13F-8E93-460E-82F8-B1C66C583644,2012,92,0,0,0,0,1,0,0,0,0,1,0,0,1,0,0,0,0,0,0,0,0,0,0,1,0
BAEFA519-053C-4E00-A427-5058A9FDCEDF,2013,62,0,0,0,0,1,0,0,0,0,1,0,0,1,0,0,0,0,0,0,0,0,0,0,1,0
BAF6581E-08D3-4AAB-9757-0C1CA854F4EF,2015,32,1,0,0,0,0,0,0,0,1,0,0,0,0,0,0,0,1,0,0,0,1,0,0,0,0
A2606540-C87F-41E3-88C0-78804F258516,2023,61,1,1,0,0,0,0,0,0,1,0,0,0,0,0,0,0,1,0,0,0,0,0,0,1,1
f24dac60-dfeb-11ef-8e7d-5bcd93832819,2024,00,0,1,0,0,0,0,0,0,1,0,0,0,0,0,0,0,1,0,0,0,0,0,0,1,0
BB28D7DE-A037-433E-AC1C-84FEA934E2E8,2012,52,0,1,0,0,0,0,0,0,1,0,0,0,0,0,0,0,1,0,0,0,0,0,0,1,0
BB2C54F8-08C0-49D4-9659-614CC5CCFC88,2013,52,0,0,0,1,0,0,0,0,1,0,0,0,0,0,0,0,0,0,0,1,0,0,0,1,0
BB3229D2-103F-4C32-BFD1-D1E3FE448C68,2011,52,0,1,0,0,0,0,0,0,1,0,0,0,0,0,0,0,1,0,0,0,0,0,0,1,0
74e91fe0-44c3-11ed-a916-a1b9ec4e3e46,2021,56,0,1,0,0,0,0,0,0,1,0,0,0,0,0,0,0,1,0,0,0,0,0,0,1,0
BB3FF39A-876D-419F-A76E-5E465C42B4B6,2015,44,0,1,0,0,0,0,0,0,1,0,0,0,0,0,0,1,0,0,0,0,0,0,0,1,0
8E296A06-7A37-5633-70DE-D05F5A3BF3EC,2025,51,0,1,0,0,0,0,0,0,1,0,0,0,0,0,0,1,0,0,0,0,0,0,0,1,0
705D7A8D-26A8-47B7-8938-CD4125015A3A,2016,00,0,1,0,0,0,0,0,0,1,0,0,0,0,0,0,0,0,0,0,1,0,0,0,1,0
BB502F52-1174-4F99-ABAC-52BB6D1A761F,2011,92,0,0,0,0,1,0,0,0,0,1,0,0,1,0,0,0,0,0,0,0,0,0,0,1,0
BB51E07A-7C80-42DB-B9EB-CD5E3190535F,2014,62,0,0,0,0,0,1,0,0,0,1,0,0,0,0,1,0,0,0,0,0,0,1,0,0,0
2ed03930-1adf-11ec-93a7-f3130d45721c,2021,72,1,1,0,0,0,0,0,0,1,0,0,0,0,0,0,0,1,0,0,0,0,0,0,1,0
BB52D807-2EFD-41F0-A5D6-102F8762221E,2010,62,0,0,0,1,0,0,0,0,1,0,0,0,0,0,1,0,0,0,0,0,0,1,0,0,0
BB56FC70-8D1F-4073-B1C5-A2BD25A0BF50,2013,62,1,0,0,0,0,0,0,0,1,0,0,0,0,0,0,0,1,0,0,0,1,0,0,0,0
D244EEC1-81A2-4325-AAED-2DDCAC802B97,2016,62,0,0,0,0,0,1,0,0,1,0,0,0,0,1,0,0,0,0,0,0,0,1,0,0,0
783B151C-F641-40B3-AE24-6542870B17AB,2023,61,1,1,0,0,0,0,0,0,1,0,0,0,0,0,0,0,1,0,0,0,0,0,0,1,1
2B687C34-0A8B-40FB-8C2E-54986E43D73F,2015,62,0,0,0,0,1,0,0,0,0,1,0,0,1,0,0,0,0,0,0,0,0,0,0,1,0
BB6683DD-3186-4027-95F8-E1A6F93F2E03,2012,61,0,0,0,1,0,0,0,0,1,0,0,0,0,0,1,0,0,0,0,0,0,1,0,0,0
BB73703D-E8B7-4629-8233-2C6B666A54D3,2010,51,1,1,1,0,0,0,0,0,1,0,0,0,0,0,0,0,0,1,0,0,0,0,0,1,0
93CD5B40-DF17-41F8-BD09-269EDE8384E1,2015,52,0,0,0,0,1,0,0,0,0,1,0,0,1,0,0,0,0,0,0,0,0,1,0,0,0
BB796274-4852-41F9-89C0-E10A48B98A0D,2013,92,0,0,0,0,0,1,0,0,0,1,0,0,0,1,0,0,0,0,0,0,0,0,0,1,0
c3d6abd0-9415-11e8-87f1-7302439b2762,2018,54,0,0,0,0,0,1,0,0,0,1,0,0,0,1,0,0,0,0,0,0,0,0,0,1,0
BB7D8E08-C2D6-4FAE-888B-F66B0C1B1E62,2012,52,0,1,0,0,0,0,0,0,1,0,0,0,0,0,0,1,0,0,0,0,0,0,0,1,0
0e239c90-d952-11e7-a452-77d2890a67ae,2016,62,1,0,0,0,0,0,0,0,1,0,0,0,0,0,0,0,1,0,0,0,0,1,0,0,0
057EC14F-0EFB-44A7-8ABA-8941451A96F1,2023,61,1,1,0,0,0,0,0,0,1,0,0,0,0,0,0,0,1,0,0,0,0,0,0,1,1
BB8326D3-FA4D-4A3D-9A45-78C4C139F2EB,2013,92,0,0,0,0,0,1,0,0,0,1,0,0,0,1,0,0,0,0,0,0,0,0,0,1,0
BB83DFBD-AE12-429F-B98E-81749A7D95D6,2010,09,0,0,0,1,0,0,0,0,1,0,0,0,0,0,1,0,0,0,0,0,0,1,0,0,0
BB9377E2-B69D-4FED-BFA0-FD53D9D08E9B,2012,52,0,1,0,0,0,0,0,0,1,0,0,0,0,0,0,1,0,0,0,0,0,0,0,1,0
BB945489-CCF6-4635-AF93-D14F1DA856A7,2011,92,0,0,0,0,1,0,0,0,0,1,0,0,1,0,0,0,0,0,0,0,0,0,0,1,0
BB953BCC-8299-4455-9227-8555609D8AB2,2012,61,0,1,0,0,0,0,0,0,1,0,0,0,0,0,0,0,1,0,0,0,0,0,0,1,0
BB9770FC-C175-4195-8B45-E5F5395F8320,2008,00,0,1,0,0,0,0,0,0,1,0,0,0,0,0,0,1,0,0,0,0,0,0,0,1,0
4B487BC3-F71A-43D1-8F46-CF63D2860EE1,2009,00,0,0,0,0,1,0,0,0,0,0,1,0,1,0,0,0,0,0,0,0,0,0,0,1,0
BB99DD92-1838-4C97-997E-63787AC222BD,2010,92,0,0,0,0,1,0,0,0,0,1,0,0,1,0,0,0,0,0,0,0,0,0,0,1,0
BB9D5035-85D1-435C-9381-5846D0A7D48C,2011,62,0,0,0,1,0,0,0,0,1,0,0,0,0,0,1,0,0,0,0,0,0,1,0,0,0
BBA27971-8390-48F1-86B4-59F9F28F129A,2013,62,0,1,0,0,0,0,0,0,1,0,0,0,0,0,0,0,1,0,0,0,0,0,0,1,0
de2c3a20-c3ca-11e7-8b51-4ba52e63b6cc,2017,92,0,1,0,0,0,0,0,0,1,0,0,0,0,0,0,0,1,0,0,0,1,0,0,0,0
BBC5F07D-AF57-4DD7-B702-AE6B48656189,2012,42,0,0,0,0,0,1,0,0,0,1,0,0,0,1,0,0,0,0,0,0,0,0,0,1,0
BBDAC09D-9A29-49CC-A114-44E6CF0723AA,2013,51,0,1,0,0,0,0,0,0,1,0,0,0,0,0,0,1,0,0,0,0,0,0,0,1,0
f1178b00-972b-11e8-8342-0f8f10fcd812,2018,31,0,0,0,1,1,0,0,0,0,1,0,0,1,0,0,0,0,0,0,0,0,0,0,1,0
BBE6B6FF-33DA-4933-BFA6-E7A37CA98331,2013,44,0,1,0,0,0,0,0,0,1,0,0,0,0,0,0,1,0,0,0,0,0,0,0,1,0
aeca6d10-0a61-11ec-9d35-0d797e3f6b54,2018,33,0,0,1,0,1,0,0,0,1,1,0,0,1,0,0,0,0,0,0,0,0,0,0,1,0
BBEA3438-A152-4417-9376-A6D801B96690,2014,04,0,1,0,0,0,0,0,0,1,0,0,0,0,0,0,1,0,0,0,0,0,0,0,1,0
BBEC3496-5276-4933-8796-218E8C6400E7,2010,62,0,0,0,1,0,0,0,0,1,0,0,0,0,0,1,0,0,0,0,0,0,1,0,0,0
553641B1-6C95-4159-A002-ABAE2E9C16F9,2016,62,0,0,0,1,1,0,0,0,0,1,0,0,1,0,1,0,0,0,0,0,0,0,0,1,0
BBF53AFB-2068-4C2A-9C21-C19C7A86E5E9,2010,92,0,0,0,0,1,0,0,0,0,1,0,0,1,0,0,0,0,0,0,0,0,0,0,1,0
BBF65864-518F-4697-8468-3A2B830E682D,2015,92,0,0,0,1,0,0,0,0,1,0,0,0,0,0,1,0,0,0,0,0,0,0,0,1,0
BC02850F-C1A0-4F1B-912E-4DBE339882CD,2011,92,0,0,0,0,1,0,0,0,0,1,0,0,1,0,0,0,0,0,0,0,0,0,0,1,0
BC05EF72-E5AE-4B2F-BD05-3C74F7736AE1,2013,51,0,1,0,0,0,0,0,0,1,0,0,0,0,0,0,1,0,0,0,0,1,0,0,0,0
3e2ceda0-c58a-11e7-8314-790c8d59abbb,2017,00,0,1,0,0,0,0,0,0,1,0,0,0,0,0,0,1,1,0,0,0,0,0,0,1,0
2038B30F-A9D2-43BD-965A-C4C67828721D,2015,92,0,0,0,0,0,1,0,0,0,1,0,0,0,1,0,0,0,0,0,0,0,0,0,1,0
85c435f0-c32e-11e7-8b51-4ba52e63b6cc,2017,52,0,0,0,1,0,0,0,0,1,0,0,0,0,0,0,0,0,0,0,1,0,0,0,1,0
BC231D06-E735-490A-859F-B27CE44D2B32,2011,92,0,0,0,0,1,0,0,0,0,1,0,0,1,0,0,0,0,0,0,0,0,0,0,1,0
8414DA23-6CF6-4E49-99EA-78C4842FF42B,2016,62,0,1,0,0,0,0,0,0,1,0,0,0,0,0,0,1,0,0,0,0,0,0,0,1,0
BC2BB2B4-25EF-4E11-84B5-7BF913B84178,2013,51,0,1,0,0,0,0,0,0,1,0,0,0,0,0,0,0,1,0,0,0,0,0,0,1,0
BC33D49A-4EE8-41D0-BB3C-1E0CBC4DE9E9,2013,92,0,1,0,0,0,0,0,0,1,0,0,0,0,0,0,1,0,0,0,0,0,1,0,0,0
2b68a8f0-8767-11e7-944f-971cfc93387d,2017,51,0,0,1,0,0,0,0,0,1,0,0,0,0,0,0,0,0,1,0,0,0,0,0,1,0
0af52090-d63f-11e7-af4f-6b5d4514198e,2017,62,0,1,0,0,0,0,0,0,1,0,0,0,0,0,0,1,0,0,0,0,0,0,0,1,0
85D9EEF0-F25C-484B-9BFA-D637C2E2DA18,2015,51,0,1,0,0,0,0,0,0,1,0,0,0,0,0,0,0,1,0,0,0,0,0,0,1,0
BC463142-F2E2-4211-80A5-5C628BFCF061,2010,92,0,0,0,0,0,1,0,0,0,1,0,0,0,0,1,0,0,0,0,0,0,0,0,1,0
BC463A06-B2D7-44BD-AF00-00303745261A,2011,06,0,0,0,1,0,0,0,0,1,0,0,0,0,0,1,0,0,0,0,0,0,0,0,1,0
BC4BE9C4-58B0-4D32-A584-D244D80DA642,2011,51,0,1,0,0,0,0,0,0,1,0,0,0,0,0,0,0,1,0,0,0,0,0,0,1,0
B93F7BFF-4E44-4E92-B769-CA3FB34894F1,2016,62,0,0,0,1,0,0,0,0,1,0,0,0,0,0,1,0,0,0,0,0,0,1,0,0,0
BC5F1D9B-88C0-4402-9031-FDF044FE98C8,2015,45,0,1,0,0,0,0,0,0,1,0,0,0,0,0,0,1,0,0,0,0,0,0,0,1,0
BC600177-1AC0-4B09-999F-32244A11BDAC,2011,00,0,0,0,1,0,0,0,0,1,0,0,0,0,0,1,0,0,0,0,0,0,1,0,0,0
A55AE8D8-3536-421F-A615-8269CD93CB88,2015,48,0,0,0,0,1,0,0,0,1,1,0,0,1,0,0,0,0,0,0,0,0,0,0,1,0
695a0b20-1d1c-11ea-93dd-ad92e007263c,2019,62,0,0,1,0,0,0,0,0,1,0,0,0,0,0,0,0,0,1,0,0,0,0,0,1,0
BC711FC9-3609-40D5-B76D-562CBF2BBBDF,2013,51,0,1,0,0,0,0,0,0,1,0,0,0,0,0,0,0,0,0,1,0,1,0,0,0,0
37015110-bf0e-11e7-a9c6-17df034f6c5e,2017,44,0,0,0,1,0,0,0,0,1,0,0,0,0,0,0,0,0,0,0,1,1,0,0,0,0
18AC025C-C0EA-4823-ADEF-A3FAA0BE4CFB,2015,92,0,0,0,0,0,1,0,0,0,1,0,0,0,1,0,0,0,0,0,0,0,0,0,1,0
BC907BE6-25FD-4D47-8844-FF32466CAFB2,2012,92,0,0,0,0,0,1,0,0,0,1,0,0,0,1,0,0,0,0,0,0,0,1,0,0,0
BC97C389-C7AE-49B2-9E5F-6DE4F3290463,2011,92,0,0,0,0,0,1,0,0,0,1,0,0,0,0,1,0,0,0,0,0,0,0,0,1,0
d01b7395-e593-4032-a89b-ff37834e098d,2024,54,0,1,0,0,0,0,0,0,1,0,0,0,0,0,0,1,0,0,0,0,0,0,0,1,0
2f213890-0235-11ea-ad43-7952870528d4,2019,51,0,0,0,0,0,1,0,0,0,1,0,0,0,1,0,0,0,0,0,0,0,0,0,1,0
BCA1E0EF-DB4B-4A9E-8D89-3D079BD8DCC7,2012,62,0,0,0,0,0,1,0,0,0,1,0,0,0,1,0,0,0,0,0,0,0,0,0,1,0
BCA71192-885B-4E77-BD5B-C38709896E70,2013,44,0,1,0,0,0,0,0,0,1,0,0,0,0,0,0,0,1,0,0,0,0,0,0,1,0
BCA7A79F-C9A1-4D98-9A44-DD1DE77A48BF,2010,92,0,0,0,0,1,0,0,0,0,1,0,0,1,0,0,0,0,0,0,0,0,0,0,1,0
BCAA3342-59D4-4B52-96C3-5024B2103F6E,2014,62,0,0,0,0,1,0,0,0,0,1,0,0,1,0,0,0,0,0,0,0,0,0,0,1,0
0a676970-8122-11e7-abf2-119fe288b6e8,2017,52,0,0,0,1,0,0,0,0,1,0,0,0,0,0,0,0,0,0,0,1,1,0,0,0,0
BCB88461-5249-46C3-BD5F-8424A55B2164,2013,51,0,1,0,0,0,0,0,0,1,0,0,0,0,0,0,1,0,0,0,0,1,0,0,0,0
69FCBF4F-2C83-4859-898A-1802894E0B75,2015,92,0,0,1,0,1,0,0,0,1,0,1,0,0,0,0,0,0,1,0,0,0,0,0,1,0
BCC01B61-5F92-4258-9A69-295EF408A011,2012,92,0,0,0,0,0,1,0,0,0,1,0,0,0,1,0,0,0,0,0,0,0,0,0,1,0
BCC41BF5-CD3B-40E1-9B57-5DDA49627AD1,2013,45,0,0,0,0,0,1,0,0,0,0,1,0,0,1,0,0,0,0,0,0,0,0,0,1,0
BCC49126-DD92-46FE-B723-1381108A6C75,2015,62,0,0,0,0,1,0,0,0,0,1,0,0,1,0,0,0,0,0,0,0,0,0,0,1,0
BCC5E334-EB82-49FE-BD56-85C22D426BC8,2013,61,0,0,0,0,1,0,0,0,0,0,1,0,1,0,0,0,0,0,0,0,0,0,0,1,0
BCC742FB-A2A4-4E18-8A1F-3591D7CDC048,2013,00,0,0,0,0,0,1,0,0,0,1,0,0,0,1,0,0,0,0,0,0,0,0,0,1,0
95B69AF8-6989-4C94-874F-916336989516,2014,92,0,0,0,0,1,0,0,0,0,1,0,0,1,0,0,0,0,0,0,0,0,0,0,1,0
7d4b6750-c562-11e7-9e23-d39fd27e665b,2017,00,0,0,0,0,1,0,0,0,0,1,1,0,1,0,0,0,0,0,0,0,0,0,0,1,0
BCD74A0A-418E-4FFB-8F12-4364B62A3232,2013,92,0,0,0,0,0,1,0,0,0,1,0,0,0,1,0,0,0,0,0,0,0,0,0,1,0
BCDD0B50-6514-4309-BABF-C057DC398C99,2014,62,0,0,0,0,1,0,0,0,0,1,0,0,1,0,0,0,0,0,0,0,0,0,0,1,0
BCDDED71-3904-4355-BF09-F1C5F35E26B8,2013,09,0,1,0,0,0,0,0,0,1,0,0,0,0,0,0,0,1,0,0,0,0,0,0,1,0
BCE2AEC0-34CC-4833-B24D-24FFF954F871,2010,62,0,0,0,0,1,0,0,0,0,1,0,0,1,0,0,0,0,0,0,0,0,1,0,0,0
4346a110-eeab-11e7-b683-c1703914e4a4,2015,62,0,0,0,0,1,0,0,0,0,1,0,0,1,0,0,0,0,0,0,0,0,0,0,1,0
7385A606-EA73-4006-91FF-4133E1E94E6D,2016,72,0,0,0,1,0,0,0,0,1,0,0,0,0,0,0,0,0,0,0,1,0,1,0,0,0
7BD53F6E-9CE4-462C-8DBB-3980C6ACC723,2011,92,0,0,0,0,1,0,0,0,0,1,0,0,1,0,0,0,0,0,0,0,1,0,0,0,0
3fab8fa0-e2dc-11e7-a8b4-b50015373b0a,2017,92,0,0,0,0,0,1,0,0,0,1,0,0,0,1,0,0,0,0,0,0,0,0,0,1,0
9ad283f0-d55a-11e7-bfad-07ede9e0bc7c,2017,62,0,0,0,1,0,0,0,0,1,0,0,0,0,0,1,0,0,0,0,0,0,1,0,0,0
66d05780-e2d9-11e7-a8b4-b50015373b0a,2016,62,1,1,0,0,0,0,0,0,1,0,0,0,0,0,0,0,1,0,0,0,0,1,0,0,0
60DF0F8C-0249-4F25-BEB5-5A1FB9808108,2016,92,0,0,0,0,1,1,0,0,0,1,0,0,1,0,0,0,0,0,0,0,0,0,0,1,0
b2e73670-0787-11ed-8fd4-9be359ef207c,2021,00,0,1,0,0,0,0,0,0,1,0,0,0,0,0,0,0,1,0,0,0,0,0,0,1,0
BD350944-F4F3-4FB3-8E12-29DE7722FF2A,2004,00,0,0,0,0,0,0,0,1,0,0,0,1,0,0,0,0,0,0,0,1,1,0,0,0,0
1426fc70-6b04-11e7-9b43-bf152d61c1c6,2017,62,0,0,0,0,0,1,0,0,0,0,0,1,0,1,0,0,0,0,0,0,0,0,0,1,0
7bde6b70-0a10-11ea-9e73-f15207d33dcb,2019,51,0,0,0,0,1,0,0,0,0,1,0,0,1,0,0,0,0,0,0,0,0,0,0,1,0
a314b070-0746-11ec-863c-8359987c65e0,2020,05,0,1,0,0,0,0,0,0,1,0,0,0,0,0,0,1,0,0,0,0,0,0,0,1,0
BD4695B2-35D0-48ED-BDF6-A938949B75C9,2010,62,0,0,0,1,0,0,0,0,1,0,0,0,0,0,1,0,0,0,0,0,0,1,0,0,0
BD49A521-FBD7-430F-9FE5-EEA0C7951BAD,2014,62,0,0,0,0,1,0,0,0,0,1,0,0,1,0,0,0,0,0,0,0,0,0,0,1,0
BD54D206-5DD0-4988-A2FF-F00ABA55FAEF,2010,92,0,0,0,0,0,1,0,0,0,1,0,0,0,1,0,0,0,0,0,0,0,0,1,0,0
BD5A8A6F-AF37-41F0-93D5-C657B92F9767,2013,51,0,1,0,0,0,0,0,0,1,0,0,0,0,0,0,1,1,0,0,0,0,0,0,1,0
c5f617c0-141d-11ed-af60-614e3bf0813a,2019,61,0,0,0,0,1,0,0,0,0,1,0,0,1,0,0,0,0,0,0,0,0,0,0,1,0
BD6DC73D-C581-483A-BE46-900698A3757F,2010,62,0,0,0,0,0,1,0,0,0,1,0,0,0,0,1,0,0,0,0,0,0,1,0,0,0
4B17BF12-C68A-4873-A17A-2ACFDE441EB4,2016,92,1,0,1,0,0,0,0,0,1,0,0,0,0,0,0,0,0,1,0,0,0,1,0,0,0
BD71EF22-F735-4AE9-A9A4-3F39DABF6169,2014,61,0,1,0,0,0,1,0,0,1,0,0,0,0,0,0,1,0,0,0,0,0,1,0,0,0
248BE843-1169-402F-9C32-698BFAB6CACD,2015,81,1,0,0,0,0,0,0,0,1,0,0,0,0,0,0,0,1,0,0,0,0,0,0,1,0
BD918C60-167E-48C6-8075-CB90CFBAE761,2015,62,0,0,0,1,0,0,0,0,1,0,0,0,0,0,1,0,0,0,0,0,0,0,0,1,0
40b3cf70-ce67-11e9-b4e5-4769cce343a0,2019,62,0,0,0,1,0,0,0,0,0,0,0,1,0,0,1,0,0,0,0,0,0,0,0,1,0
e96efd00-0849-11e8-8ccf-e3865b9fabe5,2016,92,0,0,0,0,0,1,0,0,0,1,0,0,0,1,0,0,0,0,0,0,0,0,0,1,0
BDA3B689-8154-4D35-94BA-2390BE9C4E5D,2013,92,0,0,0,0,0,1,0,0,0,1,0,0,0,1,0,0,0,0,0,0,0,0,0,1,0
283a3540-3b18-11ec-ba5b-a1f2db3b8242,2016,54,0,1,0,0,0,0,0,0,1,0,0,0,0,0,0,1,0,0,0,0,0,0,0,1,0
BDA7FD92-67FE-437B-9761-13A98BECE20D,2010,62,0,0,0,1,0,0,0,0,1,0,0,0,0,0,1,0,0,0,0,0,0,1,0,0,0
BDAD70AE-3C86-4D6C-AE21-8AE8DEFCC35B,2013,32,0,0,0,0,0,1,0,0,0,1,0,0,0,1,0,0,0,0,0,0,0,0,0,1,0
BDB26086-FF98-48E7-94E3-D1931C66B951,2013,61,1,0,0,0,0,0,0,0,1,0,0,0,0,0,0,0,1,0,0,0,0,1,0,0,0
24551BF0-DCD6-48DC-B806-C945D21A9B51,2015,62,0,0,0,1,0,0,0,0,1,0,0,0,0,0,1,0,0,0,0,0,0,1,0,0,0
BDB75E84-D1EA-4166-99AE-69B16F131B96,2014,81,0,1,0,0,0,0,0,0,1,0,0,0,0,0,0,1,0,0,0,0,0,0,0,1,0
BDBC800E-B984-4BE5-AE31-99EA975F67A5,2013,56,0,0,0,1,0,0,0,0,1,0,0,0,0,0,1,0,0,0,0,0,0,1,0,0,0
EDA98B08-12A7-448D-A04A-A88D285D2FD8,2016,92,0,0,0,0,0,1,0,0,0,1,0,0,0,1,0,0,0,0,0,0,0,1,0,0,0
BDD1DE7E-4DEB-428D-A97E-C7D650238C5D,2012,62,0,0,0,1,0,0,0,0,1,0,0,0,0,0,1,0,0,0,0,0,0,1,0,0,0
5efbb140-2457-11eb-af35-ed9bb3f10d5f,2020,48,0,0,0,0,0,1,0,0,1,0,0,0,0,1,0,0,0,0,0,0,0,0,0,1,0
0d4ced90-89c8-11e8-b658-d333758cf8bc,2018,51,0,1,0,0,0,0,0,0,1,0,0,0,0,0,0,1,0,0,0,0,1,0,0,0,0
76DA3F83-FED3-4F89-97A7-0AFFDF39F622,2015,81,0,0,1,0,0,0,0,0,1,1,0,0,0,0,0,0,0,1,0,0,0,0,0,1,0
BDE7E11D-2016-4340-A6E1-C7F75B41D0A8,2013,44,0,0,0,0,0,1,0,0,0,1,0,0,0,1,0,0,0,0,0,0,0,0,0,1,0
BDEC17DA-DAB3-4CDC-9ADD-80CBE8C1D0FF,2011,92,0,0,0,0,1,0,0,0,0,1,0,0,1,0,0,0,0,0,0,0,0,0,0,1,0
9734ddd0-346c-11ed-979a-ede67af894b9,2021,52,1,0,0,0,0,0,0,1,1,0,0,0,0,0,0,0,1,0,0,0,0,0,0,1,0
BDED8721-3BA2-42A5-94AD-64101F797F6C,2013,00,0,1,0,0,0,0,0,0,1,0,0,0,0,0,0,1,0,0,0,0,1,0,0,0,0
BDEF0AB2-35B6-4716-B367-C52256E83907,2015,05,0,1,0,0,0,0,0,0,1,0,0,0,0,0,0,0,0,0,0,1,0,0,0,1,0
BE00D0BA-54A0-4C83-A8E0-099FFCC5B8C1,2012,00,0,1,0,0,0,0,0,0,1,0,0,0,0,0,0,1,0,0,0,0,0,0,0,1,0
BE05C1B0-9E04-4129-977B-F8103D420062,2012,92,0,0,0,0,0,1,0,0,0,1,0,0,0,1,0,0,0,0,0,0,0,0,0,1,0
eb638c40-bda6-11e7-822d-6d41de439a88,2017,92,0,0,0,0,0,1,0,0,0,1,0,0,0,1,0,0,0,0,0,0,0,0,0,1,0
BE0C2CD4-0A0F-47D1-A21C-5B7EF3B1D6E5,2012,72,0,0,0,0,1,0,0,0,0,1,0,0,1,0,0,0,0,0,0,0,0,0,0,1,0
BE10EA89-5CAB-4972-BBD6-F3A0AAE4E102,2012,00,0,0,0,1,0,0,0,0,1,0,0,0,0,0,1,0,0,0,0,0,0,1,0,0,0
378EBD04-AE0B-4C32-B015-EB99D6F183DF,2015,92,0,0,0,0,0,1,0,0,0,1,0,0,0,1,0,0,0,0,0,0,0,0,0,1,0
BE190DD2-B1AA-4D1A-816D-CDE25CD40434,2012,62,0,1,0,0,0,0,0,0,1,0,0,0,0,0,0,0,0,0,0,1,0,0,0,1,0
BE22A1C5-B481-4662-A14F-0DC16CFF2B51,2015,52,0,0,0,0,0,1,0,0,0,1,0,0,0,1,0,0,0,0,0,0,0,0,0,1,0
6cd95db0-14ee-11ed-b9fc-2360f2a42188,2017,51,0,1,0,0,0,0,0,0,1,0,0,0,0,0,0,1,0,0,0,0,0,0,0,1,0
cb55fbb0-9d6f-11e7-af90-45f1ceac3d54,2017,44,0,0,0,1,0,0,0,0,1,0,0,0,0,0,0,0,0,0,0,1,0,1,0,0,0
BE4ADF86-6177-46F6-8D47-004F3B47E130,2015,92,0,0,0,0,0,1,0,0,0,1,0,0,0,1,0,0,0,0,0,0,0,0,0,1,0
BE4FBDA8-083C-4F71-8E9B-FD1405162305,2011,51,0,1,0,0,0,0,0,0,1,0,0,0,0,0,0,1,0,0,0,0,0,0,0,1,0
cca737a0-2470-11eb-b042-01be07ea3379,2020,00,0,0,0,0,0,1,0,0,0,1,0,0,0,1,0,0,0,0,0,0,0,0,0,1,0
D4A0D040-00E5-4FF4-B4AA-B785BA91AF71,2016,92,0,0,0,0,0,1,0,0,0,1,0,0,0,1,0,0,0,0,0,0,0,1,0,0,0
BE694F56-3C50-465E-B376-066C0C0B0FE8,2013,56,0,1,0,0,0,0,0,0,1,0,0,0,0,0,0,0,0,0,0,1,0,0,0,1,0
85fdeee0-a195-11e7-9764-c7e1aa1637e1,2017,62,0,0,0,0,0,1,0,0,0,1,0,0,0,1,0,0,0,0,0,0,0,0,0,1,0
BE7CBE07-D53D-43D9-875A-31C7CE71EE50,2013,05,0,0,0,0,0,1,0,0,0,1,0,0,0,0,1,0,0,0,0,0,0,1,0,0,0
2979cc70-d904-11f0-82e6-074fe481ef29,2025,54,0,0,0,0,0,1,0,0,0,1,0,0,0,1,0,0,0,0,0,0,0,0,0,1,0
583ab060-e5ea-11e9-a0ce-353e27116082,2016,72,1,0,1,0,0,0,0,0,1,0,0,0,0,0,0,0,0,1,0,0,0,0,0,1,0
BE910780-7E6B-4791-A64C-63290A2BD021,2012,81,0,1,0,0,0,0,0,0,1,0,0,0,0,0,0,0,0,0,0,1,0,0,0,1,0
BE969358-83C2-4313-8507-2AAF586629AE,2009,52,0,0,0,0,1,0,0,0,0,1,0,0,1,0,0,0,0,0,0,0,0,0,0,1,0
BE9B03D3-6903-4EB1-9CE2-285DC968FF41,2014,00,0,1,0,0,0,0,0,0,1,0,0,0,0,0,0,0,0,0,1,0,1,0,0,0,0
BEA23A90-CF99-4919-8346-230EEF5F50B0,2008,05,0,0,0,1,0,0,0,0,1,0,0,0,0,0,1,0,0,0,0,0,0,0,0,1,0
2A971A2A-33B9-4D9C-967E-614A7CEF6808,2016,92,0,0,0,0,0,1,0,0,0,1,0,0,0,1,0,0,0,0,0,0,0,0,0,1,0
BEDC4E3B-E94B-4DCF-8CFA-4A2A354786DC,2012,62,0,0,0,0,0,1,0,0,0,1,0,0,0,1,0,0,0,0,0,0,0,0,0,1,0
DB6AD561-D2FB-4D90-8FBB-90DC47D2A9C2,2015,00,0,0,0,0,1,0,0,0,1,0,0,0,1,0,0,0,0,0,0,0,0,0,0,1,0
BEEB4E82-AD12-42A3-8FE6-A1F4EAF9D4B3,2013,51,0,0,0,0,0,1,0,0,1,0,0,0,0,1,0,0,0,0,0,0,0,1,0,0,0
BEEEB63F-AE9F-4A2C-B817-0867F8494E94,2013,62,0,0,0,1,0,0,0,0,1,0,0,0,0,0,1,0,0,0,0,0,0,1,0,0,0
BEF42051-EE6A-4BE3-8E8D-C2D7D69BEF41,2013,52,1,0,0,0,0,0,0,0,1,0,0,0,0,0,0,0,1,0,0,0,0,1,0,0,0
BF033213-06B9-4021-BB56-DAB66E5EDBDF,2012,00,0,0,0,0,0,1,0,0,0,1,0,0,0,1,0,0,0,0,0,0,0,0,0,1,0
DEC1902C-CF1E-4471-AF06-C21214F3D875,2016,51,0,1,0,0,0,0,0,0,1,0,0,0,0,0,0,1,0,0,0,0,0,0,0,1,0
BF1140AD-5AFE-4629-8A48-D0FCF6723A0E,2014,55,0,1,1,0,0,0,0,0,1,0,0,0,0,0,0,0,0,1,0,0,0,0,0,1,0
BF11CCEE-0AE0-4FCD-84A2-E28CEAEDD05A,2012,92,0,0,0,0,0,1,0,0,0,1,0,0,0,0,1,0,0,0,0,0,0,1,0,0,0
BF11D5A8-2F44-4E7E-9934-3572BF33B0E4,2013,62,0,0,0,0,0,1,0,0,0,1,0,0,0,0,1,0,0,0,0,0,0,1,0,0,0
BF14223C-BF57-4E71-94B6-8538ADBDE2B0,2015,45,1,1,1,0,0,0,0,0,1,0,0,0,0,0,0,0,0,1,0,0,0,0,0,1,0
BF17827D-7826-4366-96E1-C28DA6F243B2,2011,00,0,1,0,0,0,0,0,0,1,0,0,0,0,0,0,1,0,0,0,0,0,0,0,1,0
BF2A877C-A878-444E-8287-766A3B55153F,2013,62,0,0,0,1,0,0,0,0,1,0,0,0,0,0,1,0,0,0,0,0,0,1,0,0,0
053dcf70-aa07-11e8-b272-396d7fe012b7,2017,61,0,1,0,0,0,0,0,0,1,0,0,0,0,0,0,0,0,0,0,1,0,0,0,1,0
BF383842-5141-4209-99FE-5B79E98E80D8,2010,52,0,0,0,0,0,0,0,1,0,0,0,1,0,0,0,0,0,0,0,1,0,1,0,0,0
86daf0f0-2376-11ea-a520-cb05efb19081,2019,61,0,0,0,0,0,1,0,0,0,1,0,0,0,1,0,0,0,0,0,0,0,0,0,1,0
BF4D61A1-D066-45C2-8ABA-A596083AB230,2013,32,0,0,0,0,0,1,0,0,0,1,0,0,0,0,1,0,0,0,0,0,0,1,0,0,0
BF519EB5-AFCA-446F-A6A9-9529DFB7BE02,2014,32,0,0,0,1,0,0,0,0,1,0,0,0,0,0,1,0,0,0,0,0,0,1,0,0,0
BF522F48-B2B4-4A94-A6B2-9656CD4C0DAA,2013,61,0,1,0,0,0,0,0,0,1,0,0,0,0,0,0,0,1,0,0,0,0,0,0,1,0
BF58064E-19DF-49EA-9E7B-B89911F50801,2016,00,0,1,1,0,0,0,0,0,1,0,0,0,0,0,0,0,0,1,0,0,0,0,0,1,0
14590920-6c8d-11eb-aa83-f564cd4131c9,2020,00,0,1,0,0,0,0,0,0,1,0,0,0,0,0,0,0,1,0,0,0,0,0,0,1,0
BF657D9B-40C8-485A-84C1-ACD8645F6AA1,2013,61,0,0,0,0,0,1,0,0,0,1,0,0,0,1,0,0,0,0,0,0,0,0,0,1,0
BF6658FE-7860-4D41-B001-F6E18916CC51,2010,92,0,0,0,0,0,1,0,0,0,1,0,0,0,1,0,0,0,0,0,0,0,0,0,1,0
BF6D0180-DF65-4534-8C5D-9A1BC935A367,2013,52,0,0,0,1,0,0,0,0,1,0,0,0,0,0,1,0,0,0,0,0,0,1,0,0,0
251a97c0-d958-11e9-baf3-31037743ca61,2017,61,0,1,1,0,0,0,0,0,1,0,0,0,0,0,0,0,0,1,0,0,0,0,0,1,0
e26d7060-b116-11e8-ac9c-a56a5b5fabb0,2018,61,0,0,0,0,0,1,0,0,0,1,0,0,0,1,0,0,0,0,0,0,0,0,0,1,0
BF87CA5A-325A-4D5B-B087-EFF4C0431401,2011,52,0,0,0,0,1,0,0,0,0,1,0,0,1,0,0,0,0,0,0,0,0,0,0,1,0
BF888119-7379-4ACC-B222-C05781AFA770,2010,54,0,1,0,0,0,0,0,0,1,0,0,0,0,0,0,1,0,0,0,0,0,0,0,1,0
BF8CD58E-7F61-4DC8-B3C0-815D83CBA4F4,2014,51,0,0,0,0,0,0,1,0,1,0,0,0,0,0,0,1,0,0,0,0,1,0,0,0,0
BF950CBF-B7A5-40CA-83AF-E2674E8CC607,2014,62,0,0,0,1,0,0,0,0,1,0,0,0,0,0,1,0,0,0,0,0,0,1,0,0,0
0F55D03B-DE00-494B-98E1-24E1EBFFA273,2016,62,0,0,0,0,1,0,0,0,0,1,0,0,1,0,0,0,0,0,0,0,0,0,0,1,0
BFA363B6-1D48-4371-85D8-0473A86DEB8B,2013,54,0,1,0,0,0,0,0,0,1,0,0,0,0,0,0,1,1,0,0,0,0,0,0,1,0
BFA6DEFB-55AB-4672-9D1F-E3FF78B9DCB1,2012,61,0,0,0,0,1,0,0,0,0,1,0,0,1,0,0,0,0,0,0,0,0,0,0,1,0
BFB1B8F3-841A-4C0C-AE02-CB9E5950A83B,2012,62,0,0,0,1,0,1,0,0,1,1,0,0,0,0,1,0,0,0,0,0,0,1,0,0,0
BFB2A444-81E8-46A6-8806-97CCF9D4DBEF,2012,92,0,0,0,0,0,1,0,0,0,1,0,0,0,1,0,0,0,0,0,0,0,0,1,0,0
63ca28f0-811c-11e7-9cfb-2f8f443557c3,2017,00,0,0,0,0,0,1,0,0,0,1,0,0,0,1,0,0,0,0,0,0,0,0,0,1,0
BFC8B1F5-3CA7-4260-9B0A-D309F370462B,2003,00,0,0,0,1,1,0,0,0,0,1,0,0,1,0,0,0,0,0,0,0,0,0,0,1,0
5E394D93-C60C-4F81-A3FB-25171B782EAC,2016,00,0,1,0,0,0,0,0,0,1,0,0,0,0,0,0,1,0,0,0,0,0,1,0,0,0
BFCC7DEA-5AE2-4775-B37B-3B4666CEEE64,2012,00,0,1,0,0,0,0,0,0,1,0,0,0,0,0,0,1,0,0,0,0,0,0,0,1,0
BFCF4B50-AE28-421B-BB0A-222D562EBD0D,2013,52,0,0,0,1,0,0,0,0,1,0,0,0,0,0,0,0,0,0,0,1,0,0,0,1,0
BFD46DB8-C3BE-4E2E-86CD-14085C6D47CE,2014,00,0,0,0,0,0,1,0,0,0,1,0,0,0,1,0,0,0,0,0,0,0,0,0,1,0
BFE96F4B-9D12-441D-AF44-9FAC366E81D6,2011,06,0,0,0,1,0,0,0,0,1,0,0,0,0,0,1,0,0,0,0,0,0,1,0,0,0
99ecfee0-a1c0-11ea-aa67-0b6b068266ad,2020,92,0,0,0,0,1,0,0,0,0,1,0,0,1,0,0,0,0,0,0,0,0,0,0,1,0
C015DF1D-8A4A-44CD-9CCF-E9DD9C1B6262,2013,61,0,0,1,0,0,0,0,0,1,0,0,0,0,0,0,0,0,1,0,0,0,0,0,1,0
2a735790-2522-11eb-af35-ed9bb3f10d5f,2020,42,0,0,0,0,0,1,0,0,0,1,0,0,0,1,0,0,0,0,0,0,0,0,0,1,0
C01CFDBE-7724-42F2-AF92-9A8517F60A6A,2011,09,0,0,0,0,0,1,0,0,0,1,0,0,0,1,0,0,0,0,0,0,0,1,0,0,0
C0241D98-D659-40BB-AD6D-86DF6651FAF3,2013,00,0,0,0,1,0,0,0,0,1,0,0,0,0,0,0,0,0,0,0,1,0,0,0,1,0
C02A60AE-0B7F-4005-8185-2C66454FCBCC,2011,92,0,0,0,0,0,1,0,0,0,1,0,0,0,1,0,0,0,0,0,0,0,0,0,1,0
9885d8c0-2094-11ec-82c4-4d3486f21395,2021,54,1,1,0,0,0,0,0,0,1,0,0,0,0,0,0,0,1,0,0,0,1,0,0,0,0
6448FAC9-3BDB-4F65-AE21-F9748E766CF1,2016,62,0,0,0,0,1,0,0,0,0,1,0,0,1,0,0,0,0,0,0,0,0,0,0,1,0
fa70b2d0-fe87-11e8-aee0-f7420d4f3238,2018,48,0,1,0,0,0,0,0,0,1,0,0,0,0,0,0,0,0,0,0,1,0,0,0,1,0
C054BCD0-7514-4E04-93E2-654C61B5A3FF,2013,00,0,0,0,0,0,1,0,0,0,1,0,0,0,1,0,0,0,0,0,0,0,0,0,1,0
C0557A88-EB36-4056-8DC9-BF75F4A18C1A,2014,00,0,1,0,0,0,0,0,0,1,0,0,0,0,0,0,0,0,0,1,0,1,0,0,0,0
C0618B6D-51B7-40CA-831B-64DFD6AF2FE5,2012,51,1,0,0,0,0,0,0,0,1,0,0,0,0,0,0,0,1,0,0,0,0,0,0,1,0
C078E1FE-3ED8-472F-BD39-A7D1F3D347A4,2015,62,0,0,0,0,1,0,0,0,0,1,0,0,1,0,0,0,0,0,0,0,0,0,0,1,0
C07E499F-C3B9-4E72-A424-322D3EC9A299,2012,53,0,0,0,0,0,1,0,0,0,1,0,0,0,1,0,0,0,0,0,0,0,0,0,1,0
C086A850-3521-4B9F-BE9A-1AD76D28E87B,2013,51,0,0,0,0,0,0,0,1,1,0,0,0,0,0,0,0,0,0,0,1,0,1,0,0,0
5ae72d40-9193-11e8-ad4c-017f2df1a0a0,2016,52,0,0,0,0,1,0,0,0,0,1,0,0,1,0,0,0,0,0,0,0,1,0,0,0,0
52EC1D37-2331-452A-9E29-91027FABE9A1,2015,62,0,1,0,0,0,0,0,0,0,0,0,1,0,0,0,0,0,0,0,1,0,0,0,1,0
b02ada30-d957-11e7-a452-77d2890a67ae,2016,62,1,0,0,0,0,0,0,0,1,0,0,0,0,0,0,0,1,0,0,0,0,0,0,1,0
C08E6969-26ED-4FC7-84D0-618DDFCDE090,2012,92,1,1,1,0,0,0,0,0,1,0,0,0,0,0,0,0,0,1,0,0,0,0,0,1,0
C091AA76-173B-4C0A-9B1B-CE18767B8A96,2013,00,0,1,0,0,0,0,0,0,1,0,0,0,0,0,0,1,0,0,0,0,1,0,0,0,0
C092C7FC-E677-4EF1-810C-63D9B4A333F3,2015,00,0,1,0,0,0,0,0,0,1,0,0,0,0,0,0,0,0,0,1,0,1,0,0,0,0
C0A1ECCD-F001-42B7-B32B-B0CD5793067B,2012,53,0,0,0,1,0,0,0,0,1,0,0,0,0,0,1,0,0,0,0,0,0,1,0,0,0
C0A27979-2E44-472A-84E6-680CB92380A3,2014,62,0,0,0,0,1,0,0,0,0,1,0,0,1,0,0,0,0,0,0,0,0,0,0,1,0
16f13080-d903-11f0-82e6-074fe481ef29,2025,05,0,1,0,0,0,0,0,0,1,0,0,0,0,0,0,1,0,0,0,0,0,0,0,1,0
CA75042C-BECB-4DA3-9DAB-6010254CAA96,2016,62,0,0,1,0,1,1,0,0,1,1,0,0,0,1,0,0,0,0,0,0,0,0,0,1,0
79209AF7-0831-496D-8BE3-5AA4AADF353E,2016,62,0,1,1,0,0,0,0,0,1,0,0,0,0,0,0,0,0,1,0,0,0,0,0,1,0
C0BEAD1A-3C63-461D-84B9-5D729222C118,2011,81,0,0,0,1,1,0,0,0,1,1,0,0,0,0,1,0,0,0,0,0,0,1,0,0,0
0B76124E-EF8D-4D77-AF64-521D00BB1605,2015,62,0,0,0,1,0,0,0,0,1,0,0,0,0,0,1,0,0,0,0,0,0,1,0,0,0
C0C80531-1132-4679-BE50-355987376E9A,2013,00,0,0,0,1,0,0,0,0,1,0,0,0,0,0,0,0,0,0,0,1,0,0,0,1,0
C0D96EA2-E65C-4F16-82FD-8170E5CDB6A5,2014,62,0,0,0,1,0,0,0,0,1,0,0,0,0,0,1,0,0,0,0,0,0,1,0,0,0
C0DE860E-129C-4675-9BE4-1555E66AFC2C,2013,00,0,0,0,0,1,0,0,0,0,1,0,0,1,0,0,0,0,0,0,0,0,0,0,1,0
f018f870-a07b-11e8-899a-23ad2f84ca7d,2018,00,0,0,0,0,1,0,0,0,0,1,0,0,1,0,0,0,0,0,0,0,0,0,0,1,0
C0E387C0-C662-425D-9F71-FF1EE034AE32,2011,62,0,0,0,0,0,1,0,0,0,1,0,0,0,1,0,0,0,0,0,0,0,1,0,0,0
C0E70057-E538-4740-8A03-817FD88E058B,2014,00,0,0,0,0,0,1,0,0,0,1,0,0,0,1,0,0,0,0,0,0,0,0,0,1,0
967e4890-df6c-11e7-98c9-5b20d709bc39,2017,62,0,0,0,0,1,0,0,0,0,1,0,0,1,0,0,0,0,0,0,0,0,0,0,1,0
C0F0C9BB-2E1A-4851-B1CD-D7764EC97867,2015,92,0,0,0,0,0,1,0,0,0,1,0,0,0,1,0,0,0,0,0,0,0,1,0,0,0
C0FC507B-1AA3-4F3E-81F6-229D5D50C902,2013,52,0,1,0,0,0,0,0,0,1,0,0,0,0,0,0,1,0,0,1,0,1,0,0,0,0
C100D8E5-86E5-4BE3-923A-9A79592935AC,2009,00,0,0,1,0,1,0,0,0,1,1,0,0,1,0,0,0,0,0,0,0,0,0,0,1,0
C102D942-2886-4EE7-9B7A-FEF852F4DABB,2014,51,0,0,0,1,0,0,0,0,1,0,0,0,0,0,1,0,0,0,0,0,0,1,0,0,0
C108305E-4753-4279-A5AA-BB5F11C0F9B8,2013,45,0,0,0,0,0,1,0,0,1,0,0,0,0,1,0,1,0,0,0,0,1,0,0,0,0
C1090F85-C00E-49A4-BF1D-ECF954EFFFCD,2011,52,0,1,0,0,0,0,0,0,1,0,0,0,0,0,0,0,1,0,0,0,0,0,0,1,0
8C1FA580-5E26-47BB-8267-8E8290F6B116,2013,54,0,0,0,1,1,0,0,0,0,1,0,0,1,0,0,0,0,0,0,0,0,0,0,1,0
C12B6ED1-EAA2-4F7A-8808-C1162709E188,2012,92,0,0,0,0,0,1,0,0,0,1,0,0,0,1,0,0,0,0,0,0,0,0,0,1,0
6653fb70-d885-11e8-a65e-ff31a80401c2,2017,56,1,1,0,0,0,0,0,0,1,0,0,0,0,0,0,1,1,0,0,0,0,0,0,1,0
395d74c0-a101-11ef-859f-c58fde63a385,2024,33,0,1,0,0,0,0,0,0,1,0,0,0,0,0,0,0,1,0,0,0,0,0,0,1,0
37dadfc0-b45b-11f0-8923-2be2b684169f,2025,54,0,0,0,0,0,1,0,0,0,1,0,0,0,1,0,0,0,0,0,0,0,0,0,1,0
6483d550-0f5d-11ed-935e-2fa00f6a742d,2022,92,0,0,0,0,0,1,0,0,0,0,1,0,0,1,0,0,0,0,0,0,0,0,0,1,0
8ef8d6e0-0789-11ed-8fd4-9be359ef207c,2021,00,0,1,0,0,0,0,0,0,1,0,0,0,0,0,0,0,0,0,0,1,0,0,0,1,0
C96AC97B-3E82-4C98-B5DD-A8116D841F1A,2016,62,0,1,0,0,0,0,0,0,1,1,0,0,0,0,0,1,0,0,0,0,0,0,0,1,0
C159758E-77F7-4A87-B2DE-1CB09916410E,2013,61,0,1,0,0,0,0,0,1,1,0,0,0,0,0,0,1,0,0,0,0,1,0,0,0,0
a5d80050-8922-11e8-8760-271b3d9edf6d,2018,61,0,1,0,0,0,0,0,0,0,0,0,1,0,0,0,0,1,0,0,0,0,1,0,0,0
C169CAF2-381A-4442-A28C-677A7F287ABF,2011,62,0,0,0,1,0,0,0,0,1,0,0,0,0,0,1,0,0,0,0,0,0,1,0,0,0
F1E23781-8B72-4D9E-85CF-A31068564059,2015,62,1,0,0,0,0,0,0,0,1,0,0,0,0,0,0,0,1,0,0,0,0,1,0,0,0
C177949D-3785-45C0-841D-F60C4F0E8C41,2015,33,1,1,0,0,0,0,0,0,1,0,0,0,0,0,0,0,1,0,0,0,0,0,0,1,0
fa3fb8c0-1798-11eb-a388-210bf038e9e5,2018,52,0,0,0,0,0,1,0,0,0,1,0,0,0,1,0,0,0,0,0,0,0,0,0,1,0
C181F5AC-3DC4-4E85-926A-D2C04E00BDA4,2013,51,0,1,0,0,0,0,0,0,1,0,0,0,0,0,0,1,0,0,0,0,0,0,0,1,0
C18F26EB-3292-468E-96F5-9BDEA719DDD3,2014,92,0,0,0,0,0,1,0,0,0,1,0,0,0,1,0,0,0,0,0,0,0,0,0,1,0
C19049B3-9D99-44F7-8AB1-FD56013D59FA,2010,62,0,0,0,0,0,1,0,0,0,1,0,0,0,1,0,0,0,0,0,0,0,1,0,0,0
C1965420-4DCF-4123-A869-C96004DB5AAE,2015,44,0,0,0,1,0,0,0,0,1,0,0,0,0,0,0,0,0,0,0,1,0,0,0,1,0
D73903FA-4E92-47C6-88D3-47B2D17B3E85,2016,54,0,1,0,0,0,0,0,0,0,1,0,0,0,0,0,0,0,0,0,1,0,0,0,1,0
82f7c660-027b-11e9-aee0-f7420d4f3238,2018,02,0,0,0,1,0,0,0,0,1,0,0,0,0,0,0,0,0,0,0,1,0,0,0,1,0
C19D7044-63AA-4629-8994-58039B39AEB0,2015,72,1,1,0,0,0,0,0,0,1,0,0,0,0,0,0,0,1,0,0,0,0,0,0,1,0
566103b0-ffdb-11e9-ad81-39b9e5fce51c,2019,09,0,0,0,0,1,1,0,0,0,1,1,0,1,1,0,0,0,0,0,0,0,0,0,1,0
C1A9D9B8-7103-4F27-B1BA-78F21964A2E4,2014,53,0,0,0,0,1,0,0,0,0,1,0,0,1,0,0,0,0,0,0,0,0,0,0,1,0
C1B38226-B515-4BB8-A9E5-BDAB3B999B83,2014,71,0,1,0,0,0,0,0,0,1,0,0,0,0,0,0,1,0,0,0,0,0,0,0,1,0
EA5A4AE5-6C53-4369-84C0-70DF716C004C,2015,62,0,0,0,0,1,0,0,0,0,1,0,0,1,0,0,0,0,0,0,0,0,0,0,1,0
C1C27AD1-17DF-40E6-9C30-DABBDD677160,2010,92,0,0,0,0,0,1,0,0,0,1,0,0,0,1,0,0,0,0,0,0,0,0,1,0,0
96519E45-6DCA-45C2-BA3F-84B41EA56BE1,2015,62,0,0,0,0,0,1,0,0,0,1,0,0,0,1,0,0,0,0,0,0,0,1,0,0,0
aae96600-c8fb-11e9-9c8c-43e34f445f97,2019,23,0,0,0,0,1,0,0,0,0,1,0,0,1,0,0,0,0,0,0,0,0,0,0,1,0
5eca2a60-996a-11e7-a8f4-3b6b04fdb9a4,2017,62,0,0,0,0,1,0,0,0,0,1,0,0,1,0,0,0,0,0,0,0,0,0,0,1,0
C1EB836B-5AD7-4691-8C0D-C2F7A0EF5648,2012,00,0,0,0,0,0,1,0,0,0,1,0,0,0,1,0,0,0,0,0,0,0,0,0,1,0
C1EE90AB-4B8F-493F-A2CF-6FA383679C72,2012,44,0,0,0,0,1,0,0,0,0,1,0,0,1,0,0,0,0,0,0,0,0,0,0,1,0
fe481a70-6bcf-11e7-97f1-7f40b0b1fd66,2017,62,1,0,0,0,0,0,0,0,1,0,0,0,0,0,0,0,1,0,0,0,1,0,0,0,0
00659670-3b55-11ed-a11a-bb811330b875,2022,62,0,1,1,0,0,0,0,0,1,0,0,0,0,0,0,0,0,1,0,0,0,0,0,1,0
857A9015-007D-433D-8CF7-5C89E3D179DB,2016,62,1,0,0,0,0,0,0,0,1,0,0,0,0,0,0,0,1,0,0,0,0,0,0,1,0
C2015E67-C45C-43F0-8218-5699F2C3C4A5,2011,62,0,0,0,1,0,0,0,0,1,0,0,0,0,0,1,0,0,0,0,0,0,1,0,0,0
e07cf440-259d-11ea-b8c8-4fa7e4328c98,2019,00,0,0,0,0,0,1,0,0,0,1,0,0,0,1,0,0,0,0,0,0,0,0,0,1,0
C21B1E6A-342B-4717-B395-C1CBD253700E,2015,62,0,0,0,1,0,0,0,0,1,0,0,0,0,0,1,0,0,0,0,0,0,1,0,0,0
C222EEE1-1A9D-4958-811C-247061C5F763,2013,92,0,0,0,0,1,0,0,0,0,1,0,0,1,0,0,0,0,0,0,0,0,0,0,1,0
C22B221C-7DA7-4F5C-854B-B60021EA3563,2010,62,0,0,0,1,0,0,0,0,1,0,0,0,0,0,1,0,0,0,0,0,0,1,0,0,0
0b57d610-aa0e-11e8-b272-396d7fe012b7,2011,92,0,1,0,0,0,0,0,0,1,0,0,0,0,0,0,1,0,0,0,0,0,0,0,1,0
C2351F96-356D-4E6A-B368-3BB75FB974E3,2009,62,0,0,0,0,1,0,0,0,0,1,0,0,1,0,0,0,0,0,0,0,0,0,0,1,0
C23D2412-10EE-46DE-9082-DEC6E89AB330,2013,92,0,1,0,0,0,0,0,0,1,0,0,0,0,0,0,1,0,0,0,0,1,0,0,0,0
C23E0769-187E-496D-BCB3-015DB74238BC,2014,92,0,1,0,0,0,0,0,0,1,0,0,0,0,0,0,1,0,0,0,0,0,1,0,0,0
C2440E4F-0A77-429D-9F19-3390D484C01E,2013,00,0,0,0,0,0,1,0,0,1,0,0,0,0,1,0,0,0,0,0,0,1,0,0,0,0
C2453A7C-EA66-4775-807E-EEEE89A75661,2013,92,0,0,0,0,1,0,0,0,0,1,0,0,1,0,0,0,0,0,0,0,0,0,0,1,0
d7a22dc0-e07b-11e9-9ff0-a5a30eaf0927,2015,53,0,0,0,0,0,1,0,0,0,1,0,0,0,1,0,0,0,0,0,0,0,0,0,1,0
C25171C6-94FA-4C92-B26D-3B741404BABB,2014,51,0,0,0,1,0,0,0,0,1,0,0,0,0,0,1,0,0,0,0,0,0,0,0,1,0
e7f288a0-f163-11eb-821b-d1ebb09f37f0,2021,05,1,1,0,0,0,0,0,0,1,0,0,0,0,0,0,0,1,0,0,0,0,1,0,0,0
C2609878-C15E-444E-9A38-D17B9BCCEB72,2014,62,0,0,0,1,0,0,0,0,1,0,0,0,0,0,1,0,0,0,0,0,0,1,0,0,0
cef428d0-cfec-11e9-aa40-01794b8efffe,2009,52,0,0,0,0,1,0,0,0,0,1,0,0,1,0,0,0,0,0,0,0,0,0,0,1,0
9B06151A-1315-4120-B000-81449690CC95,2016,62,0,0,0,1,0,0,0,0,1,0,0,0,0,0,1,0,0,0,0,0,0,1,0,0,0
C282139F-C91B-4DB4-93E9-FAEE3BEBEB3B,2012,92,0,0,0,0,1,0,0,0,0,1,0,0,1,0,0,0,0,0,0,0,0,0,0,1,0
C284F565-7DDB-4FF3-B278-65E3DE6B061B,2013,92,0,0,0,0,0,1,0,0,0,1,0,0,0,1,0,0,0,0,0,0,0,0,0,1,0
C28E1D34-1652-4A0A-982E-8F4165399CE1,2013,31,0,1,0,0,0,0,0,0,1,0,0,0,0,0,0,1,0,0,0,0,0,0,0,1,0
005a1fa0-0171-11ea-9d67-277844cc3a60,2017,52,0,0,0,1,0,0,0,0,1,0,0,0,0,0,0,0,0,0,0,1,0,0,0,1,0
23d2fde0-8436-11e7-a921-2d695ce70b69,2017,44,0,0,0,1,0,0,0,0,1,0,0,0,0,0,0,0,0,0,0,1,0,0,0,1,0
C2977BBB-2132-4A58-A69D-614EBD59EBC8,2014,00,0,1,0,0,0,0,0,0,1,0,0,0,0,0,0,0,0,0,1,0,1,0,0,0,0
C29C4C44-7BB4-4E06-AB72-6452F8A0AEC7,2013,00,0,0,0,1,0,0,0,0,1,0,0,0,0,0,1,0,0,0,0,0,0,0,0,1,0
d2a8a910-d53f-11f0-8f89-6d14fba40689,2025,72,0,1,0,0,0,0,0,0,1,0,0,0,0,0,0,1,0,0,0,0,0,0,0,1,0
C2CED3FD-8956-471A-9D90-12579668F3E7,2011,92,0,0,0,0,0,1,0,0,0,1,0,0,0,1,0,0,0,0,0,0,0,0,1,0,0
70E9D97F-4812-43C4-9DAA-4F8C2460ED7D,2015,61,0,1,0,0,0,0,0,0,1,0,0,0,0,0,0,1,0,0,0,0,0,0,0,1,0
12b2d5a0-8aaf-11e8-874b-dd84fb61b260,2018,92,0,0,0,0,1,1,0,0,0,1,0,0,0,1,0,0,0,0,0,0,0,0,0,1,0
C2F7D1F5-4B59-4B69-9126-3E5E7C501DC2,2012,52,0,0,0,1,0,0,0,0,1,0,0,0,0,0,1,0,0,0,0,0,0,1,0,0,0
8e6bf910-a170-11e8-a73d-8bf9996ed0ad,2018,00,0,0,0,0,0,1,0,0,0,1,0,0,0,1,0,0,0,0,0,0,0,0,0,1,0
8C0226C3-BD54-4CC5-BED5-96D2E0CF7FD3,2016,61,1,1,1,0,0,0,0,0,1,0,0,0,0,0,0,0,0,1,0,0,0,0,0,1,0
af1befd0-c49e-11e7-9a8b-47d1b690bc01,2014,56,0,0,0,0,1,0,0,0,0,0,1,0,1,0,0,0,0,0,0,0,0,0,0,1,0
C312CE5A-7D8E-4739-BDAB-019617BC94F7,2010,92,0,0,0,0,1,0,0,0,0,1,0,0,1,0,0,0,0,0,0,0,0,0,0,1,0
db508db0-3027-11ec-a5c2-337d0141f916,2019,72,0,1,0,0,0,0,0,0,1,0,0,0,0,0,0,0,1,0,0,0,0,0,0,1,0
C318FA80-EA92-47C0-8C47-77682639C58C,2013,00,0,1,0,0,0,0,0,0,1,0,0,0,0,0,0,0,0,0,0,1,0,1,0,0,0
C3192A62-3452-4EBD-989F-2CD99A72777C,2013,52,0,0,1,1,0,0,0,0,1,0,0,0,0,0,0,0,0,1,0,0,1,0,0,0,0
C31B2716-19F4-46F5-BB66-201D645C4174,2014,62,0,0,0,0,0,1,0,0,0,1,0,0,0,1,0,0,0,0,0,0,0,0,0,1,0
9F61408E-3AFB-633E-50CD-F1B20DE6F466,2025,51,0,1,0,0,0,0,0,0,1,0,0,0,0,0,0,1,0,0,0,0,0,0,0,1,0
60103b30-f6c8-11ea-b7b2-2361ceadc5c7,2020,62,0,0,0,0,0,1,0,0,0,1,0,0,0,1,0,0,0,0,0,0,0,0,0,1,0
a8b4f5b0-027d-11e9-aee0-f7420d4f3238,2018,62,0,1,0,0,0,0,0,0,1,0,0,0,0,0,0,1,0,0,0,0,0,0,0,1,0
22ee2e90-093d-11e8-bbae-ed39c73f1398,2017,92,0,0,0,0,0,1,0,0,0,1,0,0,0,1,0,0,0,0,0,0,0,0,0,1,0
3C7E4271-2718-4897-B364-D0812F06615E,2016,62,0,1,0,0,0,0,0,0,1,0,0,0,0,0,0,0,0,0,0,1,0,1,0,0,0
C3370766-D826-4393-BB67-DE25126D7858,2013,92,0,0,0,0,0,1,0,0,0,1,0,0,0,1,0,0,0,0,0,0,0,0,0,1,0
C3399D72-963C-44E4-9456-0CCE9F20DB7D,2013,00,1,1,0,0,0,0,0,0,1,0,0,0,0,0,0,1,0,0,0,0,1,0,0,0,0
C34C4215-0A81-42E8-A9A8-7B257DFFE57B,2015,44,1,1,0,0,0,0,0,0,1,0,0,0,0,0,0,0,1,0,0,0,0,0,0,1,0
663700d0-ce5a-11e9-a07e-2170fe2d70c6,2016,81,0,1,0,0,0,0,0,1,1,0,0,0,0,0,0,0,0,0,0,1,0,0,0,1,0
C3507BCE-CF57-47D8-BD36-C6BC9E2841A8,2013,62,0,0,0,1,0,0,0,0,1,0,0,0,0,0,1,0,0,0,0,0,0,1,0,0,0
D771DDED-B975-49F5-AFDE-6B9BC1FF6A0E,2015,62,0,0,0,0,1,0,0,0,0,1,0,0,1,0,0,0,0,0,0,0,0,1,0,0,0
C3659813-3267-483F-B2B5-7CF3D9D2851F,2012,62,0,0,0,0,0,1,0,0,0,0,1,0,0,1,0,0,0,0,0,0,0,0,0,1,0
C36CE554-9D91-47AE-91E8-905FC6461EF5,2010,62,0,0,0,1,0,0,0,0,1,0,0,0,0,0,1,0,0,0,0,0,0,1,0,0,0
C36F51E8-07AE-4ADB-AC39-5EB57973C958,2012,54,0,1,0,0,0,0,0,0,1,0,0,0,0,0,0,1,0,0,0,0,0,0,0,1,0
C372B16C-FF13-473D-AD8C-4B216FFE1BC4,2011,62,0,0,0,1,0,0,0,0,1,0,0,0,0,0,1,0,0,0,0,0,0,1,0,0,0
31dfa8b0-1c77-11ec-bbb1-d17b99816d46,2019,54,0,1,1,0,0,0,0,0,1,0,0,0,0,0,0,1,0,1,0,0,0,0,0,1,0
C37979BC-4175-482E-A0A1-3BDEAA3B31AC,2015,81,0,1,0,0,0,0,0,0,1,0,0,0,0,0,0,0,1,0,0,0,0,0,0,1,0
6a231700-8ea6-11e8-a076-fd59426460e5,2013,62,0,0,0,0,1,0,0,0,0,1,0,0,1,0,0,0,0,0,0,0,0,0,0,1,0
aaed1200-352b-11e9-8dbb-275658e06f31,2018,00,0,0,0,0,0,1,0,0,0,1,0,0,0,1,0,0,0,0,0,0,0,0,0,1,0
C37CC12E-A471-4C58-8148-1C87B027A817,2012,05,0,1,0,0,0,0,0,0,1,0,0,0,0,0,0,1,0,0,0,0,0,0,0,1,0
C3827EC0-FD72-408D-BBE1-BBF1CBC7A4E9,2011,92,0,0,0,0,0,1,0,0,0,1,0,0,0,1,0,0,0,0,0,0,0,0,0,1,0
C39AE270-E422-422C-ACBD-E4EDE6D63EEA,2011,62,0,0,0,0,0,1,0,0,0,1,0,0,0,1,0,0,0,0,0,0,0,0,0,1,0
C3A0FD5D-A3AB-4533-8629-A7203BF3B714,2014,09,0,1,0,0,0,0,0,0,1,0,0,0,0,0,0,1,0,0,0,0,1,0,0,0,0
C3A120B3-3B73-41E0-88AF-67E56CDA1DA9,2013,62,0,0,0,0,1,0,0,0,0,1,0,0,1,0,0,0,0,0,0,0,0,0,0,1,0
C3ADBA53-2351-450C-9F35-E22CB50C930C,2015,62,0,0,0,0,0,1,0,0,0,1,0,0,0,1,0,0,0,0,0,0,0,0,0,1,0
6B60D63C-B555-45CA-AE70-B540127DC3ED,2014,71,0,0,0,0,1,0,0,0,1,1,0,0,1,0,0,0,0,0,0,0,0,0,0,1,0
8afc1710-daea-11e9-aa50-b778a2874faa,2019,51,0,0,0,0,0,1,0,0,0,1,0,0,0,1,0,0,0,0,0,0,0,0,0,1,0
56586a40-c24f-11e8-bf07-99bafabab839,2018,62,0,0,0,0,0,1,0,0,0,1,0,0,0,1,0,0,0,0,0,0,0,1,0,0,0
EA4B7138-720C-4084-B848-52D9F0DB9404,2015,45,0,0,0,1,0,0,0,0,1,0,0,0,0,0,0,0,0,0,0,1,0,0,0,1,0
F90ECB84-2E19-4577-8005-B4BB444E6CE2,2016,81,0,0,0,0,0,1,0,1,0,0,0,1,0,1,0,0,0,0,0,0,0,0,0,1,0
C3C9A59D-5A7E-44F2-8563-0F5192A10CCF,2012,92,1,1,1,0,0,0,0,0,1,0,0,0,0,0,0,0,0,1,0,0,0,0,0,1,0
C3CA451A-B82E-461C-8D7C-1FBACCC0DC4A,2012,56,0,1,0,0,0,0,0,0,1,0,0,0,0,0,0,0,1,0,0,0,0,1,0,0,0
C3CF68F4-CA1A-4B03-8A1B-5A1B48AA4752,2010,92,0,0,0,0,0,1,0,0,0,1,0,0,0,1,0,0,0,0,0,0,0,0,0,1,0
C3D27C6F-6678-4550-A2B6-9DB6CA4C4EA7,2013,62,0,0,0,0,0,1,0,0,0,1,0,0,0,1,1,0,0,0,0,0,0,1,0,0,0
ECC71C88-CB25-4764-8C8D-501BD0C6AF56,2015,72,0,0,0,0,0,1,0,0,0,1,0,0,0,1,0,0,0,0,0,0,0,1,0,0,0
fb403160-8c2b-11e7-944b-11adeb58a7b0,2017,62,0,0,0,1,0,0,0,0,1,0,0,0,0,0,1,0,0,0,0,0,0,0,0,1,0
C3DF206F-743B-406F-A4D6-18E6A3D0CC87,2012,92,0,0,0,1,0,0,0,0,1,0,0,0,0,0,1,0,0,0,0,0,0,1,0,0,0
F17F1A86-D5A6-48D6-962E-15A7B00A5B0A,2015,00,0,0,0,0,1,1,0,0,0,1,0,0,1,0,0,0,0,0,0,0,0,0,0,1,0
C3EC2909-F494-4B2C-B500-031C4D05A962,2014,55,0,1,0,0,0,0,0,0,1,0,0,0,0,0,0,1,0,0,1,0,1,0,0,0,0
c4a3deb0-a07d-11e8-899a-23ad2f84ca7d,2018,51,0,0,0,0,0,1,0,0,0,1,0,0,0,1,0,0,0,0,0,0,0,1,0,0,0
10C45B97-0D3E-4320-A5F0-543BD3AD3C28,2015,62,0,0,0,0,1,1,0,0,0,1,0,0,0,1,1,0,0,0,0,0,0,1,0,0,0
C3F76200-3A77-4A27-8E9B-B7AD8FC35811,2015,62,0,0,0,1,0,0,0,0,1,0,0,0,0,0,1,0,0,0,0,0,0,1,0,0,0
C405D734-41A3-4BCB-B426-8B494B530550,2011,92,0,0,0,0,0,1,0,0,0,1,0,0,0,1,0,0,0,0,0,0,0,0,0,1,0
41782970-0c90-11eb-ac0d-91a70ee1d655,2017,62,0,0,0,0,1,0,0,0,0,1,0,0,1,0,0,0,0,0,0,0,0,0,0,1,0
C4069257-1DCD-457A-AC6D-3938F7A95416,2011,62,0,1,0,0,0,0,0,0,1,0,0,0,0,0,0,0,0,0,0,1,0,0,0,1,0
adbd09c0-3bfb-11ec-963f-f964320be408,2020,56,0,1,0,0,0,0,0,0,1,0,0,0,0,0,0,1,0,0,0,0,0,0,0,1,0
E4D6823E-AF83-4265-9B88-8DC0AFB3419F,2024,51,0,1,0,0,0,0,0,0,1,0,0,0,0,0,0,1,1,0,0,0,0,0,0,1,0
C439CD1D-C3A0-49CA-97D3-5305C01B71F0,2013,92,0,0,0,0,0,1,0,0,0,1,0,0,0,1,0,0,0,0,0,0,0,0,0,1,0
9E6216A9-531E-4079-A1C3-0DCC65018A9E,2015,92,0,0,0,0,0,1,0,0,0,1,0,0,0,1,0,0,0,0,0,0,0,0,0,1,0
4DAE0CDD-F985-4A67-8704-4FDA964EC927,2016,62,0,1,0,0,0,0,0,0,1,0,0,0,0,0,0,0,0,0,0,1,0,0,0,1,0
C4488AA2-11FC-43B6-8F36-EB5A846C0901,2010,92,0,1,0,0,0,0,0,0,1,0,0,0,0,0,0,0,0,0,1,0,1,0,0,0,0
c643efb0-237c-11eb-b77f-316b5c5dd5eb,2020,62,0,0,0,0,0,1,0,0,0,0,1,0,0,1,1,0,0,0,0,0,0,0,0,1,0
C44C3AC1-BB42-4B16-8FB3-D3F67D0A6E5D,2010,61,0,1,0,0,0,0,0,0,1,0,0,0,0,0,0,0,1,0,0,0,0,0,0,1,0
C4559733-8AFC-4689-B813-38B371D02E88,2010,61,0,1,1,1,0,0,0,0,0,1,0,0,0,0,1,0,0,1,0,0,0,0,0,1,0
1ff853f0-a952-11e7-bb38-a97a354bfe15,2016,00,0,0,0,1,0,0,0,0,1,0,0,0,0,0,1,0,0,0,0,0,0,0,0,1,0
C48C8B46-10FD-41D1-8578-8FBD5265C1E8,2013,52,0,0,0,0,0,1,0,0,0,1,0,0,0,1,0,0,0,0,0,0,0,1,0,0,0
C48F55EF-22F4-4A1E-80B3-C3D33902C9FE,2007,00,0,0,0,1,0,0,0,0,1,0,0,0,0,0,1,0,0,0,0,0,0,1,0,0,0
92b6b920-70a6-11e7-955a-c3e87cda4766,2016,61,0,1,0,0,0,0,0,0,1,0,0,0,0,0,0,1,0,0,0,0,0,0,1,0,0
C49F9178-41FA-4971-818F-A6124B96D1EB,2014,00,0,0,0,1,0,0,0,0,0,0,0,1,0,0,1,0,0,0,0,0,1,0,0,0,0
C4A6B0E2-2F6E-4162-BA7D-6E63449DF726,2012,00,0,1,0,0,0,0,0,0,1,0,0,0,0,0,0,0,0,0,0,1,0,0,0,1,0
C4AB7E54-663F-4B2A-918C-3A5555AE9834,2003,52,0,1,0,0,0,0,0,0,1,0,0,0,0,0,0,0,1,0,0,0,0,0,0,1,0
C4B0271B-6972-4111-9A2D-233541C9A182,2015,61,0,0,0,1,0,0,0,0,1,0,0,0,0,0,1,0,0,0,0,0,0,0,0,1,0
C4B41244-7B89-4829-B16F-A362CD791445,2013,61,0,1,1,0,0,0,0,0,1,0,0,0,0,0,0,0,0,1,0,0,0,1,0,0,0
9C74C847-EBB4-492A-A58E-AA325135F135,2015,92,0,0,0,0,0,1,0,0,0,1,0,0,0,1,0,0,0,0,0,0,0,0,0,1,0
C4B80751-9462-4AC1-B725-C56D05E5EA05,2010,92,0,0,0,0,0,1,0,0,0,1,0,0,0,0,1,0,0,0,0,0,0,0,0,1,0
e9e9ac90-b6a3-11e8-b56a-011002460f8b,2018,56,0,0,0,0,0,1,0,0,0,1,0,0,0,1,0,0,0,0,0,0,0,0,0,1,0
f2b3b0b0-e4a5-11e9-8cfd-bf57b38104b7,2019,32,0,0,0,0,1,0,0,0,0,1,0,0,1,0,0,0,0,0,0,0,0,0,0,1,0
36EB0A1F-0C0B-4136-B4EC-F948CF7E3322,2014,51,0,1,1,0,0,0,0,0,1,0,0,0,0,0,0,1,0,1,0,0,0,0,0,1,0
4546c3a0-b35f-11e7-ab44-150a764d3763,2017,92,0,0,0,0,1,0,0,0,0,1,0,0,1,0,0,0,0,0,0,0,0,0,0,1,0
C4D5EAA3-04AF-4CFF-8B89-014517A8E324,2013,92,0,0,0,0,1,0,0,0,0,1,0,0,1,0,0,0,0,0,0,0,0,0,0,1,0
958cd2f0-aa2b-11e8-b2b4-5de6d270e153,2016,53,0,0,0,0,1,0,0,0,0,1,0,0,1,0,0,0,0,0,0,0,0,0,0,1,0
C5027F7F-87C5-4075-BE9E-816CAE2C9EA2,2008,52,0,0,0,1,0,0,0,0,1,0,0,0,0,0,1,0,0,0,0,0,0,1,0,0,0
C5085366-AC6A-4F1A-95F8-48A151895D45,2014,61,0,0,0,1,0,0,0,0,1,0,0,0,0,0,1,0,0,0,0,0,0,1,0,0,0
C508C6B6-5EE3-4221-B25D-A57AB521C39B,2012,92,0,0,0,0,0,1,0,0,0,1,0,0,0,1,0,0,0,0,0,0,0,0,0,1,0
3d8f3cd0-c25b-11e8-bf07-99bafabab839,2018,92,0,0,0,0,0,1,0,0,0,1,0,0,0,1,0,0,0,0,0,0,0,0,0,1,0
C5103667-1976-4E82-91C4-08A5C898C5F5,2013,51,0,1,0,0,0,0,0,0,1,0,0,0,0,0,0,0,0,0,0,1,0,0,0,1,0
C5185427-043E-4FA9-BEA3-BE361ED0E61F,2013,44,1,0,1,0,0,0,0,0,1,0,0,0,0,0,0,0,0,1,0,0,0,1,0,0,0
C529B44F-6137-42B7-AF2A-86B1270D9AF5,2010,54,0,0,0,0,0,1,0,0,0,0,1,0,0,1,0,0,0,0,0,0,0,1,0,0,0
C52BB004-153C-43DB-955B-26152825BD3A,2014,04,0,1,0,0,0,0,0,0,1,0,0,0,0,0,0,0,0,0,1,0,1,0,0,0,0
C53129EB-44BD-4EA8-AA7F-7E1EFAF2C271,2010,54,0,0,0,0,0,1,0,0,0,1,0,0,0,1,1,0,0,0,0,0,0,1,0,0,0
05839C79-6565-457D-97D6-AE982388E99E,2016,00,0,0,0,0,1,0,0,0,0,1,0,0,1,0,0,0,0,0,0,0,0,0,0,1,0
C546A3DC-4900-467D-B793-3D2412441A47,2012,62,0,0,0,1,0,0,0,0,1,0,0,0,0,0,1,0,0,0,0,0,0,1,0,0,0
C5503167-2846-4EE8-B449-C9B815733429,2012,52,0,0,0,1,0,0,0,0,1,0,0,0,0,0,1,0,0,0,0,0,0,1,0,0,0
70e5f570-1199-11ec-a044-77090c8577a4,2021,52,0,1,0,0,0,0,0,0,1,0,0,0,0,0,0,1,1,0,0,0,0,0,0,1,0
986496d0-843d-11e7-9557-ff063714718d,2017,62,0,0,0,0,1,0,0,0,0,1,0,0,1,0,0,0,0,0,0,0,0,0,0,1,0
C558E42A-116C-47F0-A7F2-9ED645D2EFCE,2011,92,0,0,0,0,0,0,0,1,0,0,0,1,0,0,0,0,0,0,0,1,0,1,0,0,0
C56260D0-AFE8-4FD1-8902-A707DF1606A2,2013,00,1,1,1,0,0,0,0,0,1,0,0,0,0,0,0,0,0,1,0,0,0,0,0,1,0
75899070-8d5f-11e9-b19c-fdab26daa332,2019,00,0,0,0,0,0,1,0,0,0,1,0,0,0,1,0,0,0,0,0,0,0,0,0,1,0
C58AF059-829B-4B32-A347-B1F4ED355C5C,2013,56,0,0,0,0,0,0,0,1,1,0,0,0,0,0,0,0,0,0,0,1,0,0,0,1,0
71de9530-c4a5-11e7-9a8b-47d1b690bc01,2017,92,0,0,0,0,0,1,0,0,0,1,0,0,0,1,0,0,0,0,0,0,0,0,0,1,0
C5A19BED-66B7-440C-95BB-A337EBBECC87,2014,51,0,0,0,0,1,0,0,0,0,1,0,0,1,0,0,0,0,0,0,0,0,0,0,1,0
C5AD26EE-822D-4C2B-A0D8-C9ACA82068C7,2013,62,0,0,0,0,0,1,0,0,0,1,0,0,0,1,1,0,0,0,0,0,0,1,0,0,0
C5B4F1AD-158C-4B81-9A3F-6D5D4D33EEE0,2013,92,0,1,0,0,0,0,0,0,1,0,0,0,0,0,0,0,1,0,0,0,0,0,0,1,0
c2fd5270-b6a9-11e8-b56a-011002460f8b,2018,54,0,0,0,0,1,0,0,0,0,1,0,0,1,0,0,0,0,0,0,0,0,0,0,1,0
09ef25c0-9cb9-11e7-bdec-d715fa410d81,2016,00,0,0,0,0,1,0,0,0,0,1,0,0,1,0,0,0,0,0,0,0,0,0,0,1,0
b2c0da10-1c74-11ec-bbb1-d17b99816d46,2018,44,0,0,0,1,0,0,0,0,1,0,0,0,0,0,0,0,0,0,0,1,0,0,0,1,0
e5fe7320-f2b2-11ea-8781-7798bdcc4349,2020,71,0,0,0,1,0,0,0,0,1,0,0,0,0,0,1,0,0,0,0,0,0,0,0,1,0
d55597b0-db81-11e7-b589-fd57f91024a3,2017,62,0,1,1,0,0,0,0,0,1,0,0,0,0,0,0,0,0,1,0,0,0,1,0,0,0
2bde5280-e7c7-11ea-8ff0-e3594c873b30,2020,62,1,0,0,0,0,0,0,0,1,0,0,0,0,0,0,0,1,0,0,0,0,0,0,1,0
C5E37868-9C01-4B3A-9EA1-40A7ED9C97DB,2013,92,0,0,0,0,0,1,0,0,0,1,0,0,0,1,0,0,0,0,0,0,0,0,0,1,0
3535c790-ce60-11e9-b4e5-4769cce343a0,2019,62,0,0,0,0,0,1,0,0,0,1,0,0,0,1,0,0,0,0,0,0,0,0,0,1,0
C5F18FF2-0578-4A0D-92DF-A2A200B978A8,2014,44,1,1,0,0,0,0,0,0,1,0,0,0,0,0,0,0,1,0,0,0,0,0,0,1,0
ec902e80-db78-11e7-b589-fd57f91024a3,2017,62,0,0,0,0,1,0,0,0,0,1,0,0,1,0,0,0,0,0,0,0,0,0,0,1,0
C610DE07-6E41-487C-ABF4-BFE8757E8833,2013,92,0,1,0,0,0,0,0,0,1,0,0,0,0,0,0,1,0,0,0,0,1,0,0,0,0
C619A632-EAB6-4A96-BE8A-ECEC463CA34B,2013,92,0,1,0,0,0,0,0,0,1,0,0,0,0,0,0,0,0,0,0,1,0,0,0,1,0
C61A3CD8-352E-424F-8B50-B1974D70DD11,2014,62,0,0,0,0,1,0,0,0,0,1,0,0,1,0,0,0,0,0,0,0,0,0,0,1,0
C620DB46-FEC6-4B03-9F3A-CE1D9258C237,2014,62,0,0,0,1,0,0,0,0,1,0,0,0,0,0,1,0,0,0,0,0,0,1,0,0,0
C624093E-78DE-4CF8-A31E-B87DE0354806,2013,52,0,1,0,0,0,0,0,0,1,0,0,0,0,0,0,0,1,0,0,0,0,1,0,0,0
47CC18C3-7731-41B5-BA44-DB6EE70446FA,2015,52,0,0,0,0,1,0,0,0,0,1,0,0,1,0,0,0,0,0,0,0,0,0,0,1,0
349A6A42-9E69-4020-B8DC-9693BCE6A450,2016,48,0,0,1,0,0,0,0,0,1,0,0,0,0,0,0,0,0,1,0,0,0,0,0,1,0
3f1580f0-72d0-11eb-a674-05cfd55ad89e,2020,54,0,0,0,0,0,1,0,0,0,1,0,0,0,1,0,0,0,0,0,0,0,0,0,1,0
C64F3633-9A1F-4F74-898E-82ABB6A55C5E,2012,92,1,1,1,0,0,0,0,0,1,0,0,0,0,0,0,0,0,1,0,0,0,0,0,1,0
1f388c90-a4ac-11e8-b571-7db57cad93dd,2018,92,1,0,0,0,0,0,0,0,1,0,0,0,0,0,0,0,1,0,0,0,0,1,0,0,0
7381A4EF-4D5B-4FBA-8854-D24BA0530FBC,2016,51,0,1,0,0,0,0,0,0,1,0,0,0,0,0,0,1,0,0,0,0,0,0,0,1,0
C6755B9B-00B2-44AE-A319-173D6BA35B9C,2011,52,0,0,0,0,0,0,0,1,0,0,0,1,0,0,0,0,0,0,0,1,0,1,0,0,0
C67B1DAC-8103-4D14-AAEB-E9A8A3303ACD,2013,00,0,1,0,0,0,0,0,0,1,0,0,0,0,0,0,1,0,0,0,0,1,0,0,0,0
C684D76D-1936-4CAB-9956-4FD999CDF0C7,2014,44,0,0,0,1,0,0,0,0,1,0,0,0,0,0,1,0,0,0,0,0,0,0,0,1,0
C686D43A-EE1B-4C67-A73A-7BDFFE1DA9A5,2012,92,0,1,0,0,0,0,0,0,1,0,0,0,0,0,0,0,1,0,0,0,0,0,0,1,0
C6954B63-E731-4586-A199-35088EEE6B59,2014,54,0,0,0,0,0,1,0,0,0,1,0,0,0,1,0,0,0,0,0,0,0,0,0,1,0
15AF299A-2F22-4D16-90F3-4140CF262818,2015,92,0,1,0,0,0,0,0,0,1,0,0,0,0,0,0,0,0,0,0,1,0,0,0,1,0
3f098480-e073-11e9-9b3e-615de4b5b4cd,2019,51,0,0,0,0,0,1,0,0,0,1,0,0,0,1,0,0,0,0,0,0,0,0,0,1,0
C6A36FF5-D328-4D41-B778-7CDFD77C1D5D,2013,00,0,1,0,0,0,0,0,0,1,0,0,0,0,0,0,1,0,0,0,0,1,0,0,0,0
C6AB303F-17DD-4729-8985-E8C9C46B5391,2013,54,0,1,0,0,0,0,0,0,1,0,0,0,0,0,0,1,0,0,0,0,0,0,0,1,0
C6AB35E4-64F4-413A-AE1E-A87F22DCFAD4,2013,72,0,0,0,0,1,0,0,0,0,1,0,0,1,0,0,0,0,0,0,0,0,0,0,1,0
C6AD30B6-6271-46B5-B3BD-8CCD976BC589,2011,62,0,0,0,1,0,0,0,0,1,0,0,0,0,0,1,0,0,0,0,0,0,1,0,0,0
BE63C1BC-E0F1-4B14-8307-F9FED37060E2,2016,71,0,0,0,0,0,1,0,0,0,1,0,0,0,1,0,0,0,0,0,0,0,0,0,1,0
C6B52EFC-20A7-4203-905F-8336135B349E,2013,61,0,0,0,0,0,1,0,0,0,1,0,0,0,1,0,0,0,0,0,0,0,0,0,1,0
ed843b40-af61-11f0-a09a-e931309a7290,2025,61,0,1,0,0,0,0,0,0,1,0,0,0,0,0,0,1,0,0,0,0,0,0,0,1,0
C6BE7EDF-BAA7-40EE-9697-E3C8742A0BE9,2015,00,0,0,0,0,0,1,0,0,0,1,0,0,0,1,0,0,0,0,0,0,0,0,0,1,0
C6C30497-82CE-4136-88BA-9050FB0CCA6F,2013,05,0,0,0,0,1,0,0,0,0,1,0,0,1,0,0,0,0,0,0,0,0,1,0,0,0
C6C62E0F-F738-4166-B97B-C91D6286894F,2013,52,0,0,0,0,0,1,0,0,0,1,0,0,0,1,0,0,0,0,0,0,0,0,0,1,0
C6CAC907-FC8C-473A-9290-3D71ED2760A6,2013,03,0,1,0,0,0,0,0,0,1,0,0,0,0,0,0,1,0,0,0,0,0,0,0,1,0
C6CBA096-5E5C-4D27-9E12-5CC9D5A3E9A0,2014,54,0,1,0,0,0,0,0,0,1,0,0,0,0,0,0,1,0,0,0,0,0,0,0,1,0
DF64D7B8-D079-446E-AB4E-BCDDE782F1F0,2016,00,0,0,0,0,1,0,0,0,0,1,0,0,1,0,0,0,0,0,0,0,0,0,0,1,0
429919f0-e931-11e9-b01d-8d8474fb7a4b,2017,06,0,0,0,0,0,1,0,0,0,1,0,0,0,1,0,0,0,0,0,0,0,0,0,1,0
e3165020-b416-11e7-9de8-4bde146bf807,2017,62,1,0,1,0,0,0,0,0,1,0,0,0,0,0,0,0,1,0,0,0,0,1,0,0,0
C6EEADE9-82B5-489B-A352-278F2ED3DA0A,2015,51,0,1,0,0,0,0,0,0,1,0,0,0,0,0,0,1,0,0,0,0,0,0,0,1,0
C6EF096A-2AB3-4F51-AE81-90FC5B50F374,2015,62,0,0,0,0,1,0,0,0,0,1,0,0,1,0,0,0,0,0,0,0,0,0,0,1,0
C6FB5EE4-92C2-4657-9D7E-490216D439B9,2013,61,1,0,0,0,0,0,0,0,1,0,0,0,0,0,0,0,1,0,0,0,0,1,0,0,0
829F71A9-40F7-48B4-8091-3B942E218596,2015,62,0,0,0,0,1,0,0,0,0,1,0,0,1,0,0,0,0,0,0,0,0,0,0,1,0
ad1fdda0-8e74-11ec-a600-657ec2694f8f,2021,62,1,1,0,0,0,0,0,0,1,0,0,0,0,0,0,0,1,0,0,0,0,0,0,1,0
8b660e60-bd43-11e8-aa8d-730052dce2c2,2018,71,0,0,0,1,0,0,0,0,1,0,0,0,0,0,1,0,0,0,0,0,0,1,0,0,0
9C136C1E-15CD-47F3-8151-B054C2D476F0,2016,62,0,0,0,1,0,1,0,0,0,1,0,0,0,1,1,0,0,0,0,0,0,1,0,0,0
62b447e0-0a9f-11e8-827c-bba53cbad290,2016,00,0,0,0,0,0,1,0,0,0,1,0,0,0,1,0,0,0,0,0,0,0,0,0,1,0
28f613d0-e928-11e9-b01d-8d8474fb7a4b,2017,54,0,0,0,0,0,1,0,0,0,1,0,0,0,1,0,0,0,0,0,0,0,0,0,1,0
AA278F61-85C3-47E8-A59C-913EFB8139D5,2015,00,0,0,0,0,1,0,0,0,1,0,0,0,1,0,0,0,0,0,0,0,0,0,0,1,0
e5e24800-e1e2-11e7-8553-197c24c367d2,2016,62,1,0,0,0,0,0,0,0,1,0,0,0,0,0,0,0,1,0,0,0,1,0,0,0,0
C763487D-FA11-4ADA-85F9-2482FEACCB1E,2012,52,0,0,0,1,0,0,0,0,1,0,0,0,0,0,1,0,0,0,0,0,0,1,0,0,0
C7676C52-36BD-493A-8E6B-45A4EC5C6940,2012,62,0,0,0,0,1,0,0,0,0,1,0,0,1,0,0,0,0,0,0,0,0,0,0,1,0
C7695885-EC98-4C67-A253-A8B943AF2C13,2013,00,0,0,0,0,1,0,0,0,0,1,0,0,1,0,0,0,0,0,0,0,0,0,0,1,0
C771BF66-517E-4349-84CF-C115684BE3BC,2012,52,0,0,0,0,0,1,0,0,0,1,0,0,0,1,0,0,0,0,0,0,0,0,0,1,0
C78C3E57-89C5-467B-A037-2192FE7343ED,2014,00,0,1,0,0,0,0,0,0,1,0,0,0,0,0,0,1,0,0,0,0,1,0,0,0,0
96e0cfc0-8e7b-11ec-a600-657ec2694f8f,2021,52,0,1,0,0,0,0,0,0,1,0,0,0,0,0,0,1,0,0,0,0,0,0,0,1,0
C797F89C-62FC-42BA-8742-5460E1CB8E71,2012,00,1,1,1,0,0,0,0,0,1,0,0,0,0,0,0,0,0,1,0,0,0,0,0,1,0
C79E1D46-CCA7-49E5-AC79-32DC9DF8265D,2013,62,0,0,0,1,0,0,0,0,1,0,0,0,0,0,1,0,0,0,0,0,0,1,0,0,0
C7AAFA9E-2A8A-4EFD-99EC-0980296EECFC,2013,92,0,0,0,0,0,1,0,0,0,1,0,0,0,1,0,0,0,0,0,0,0,0,0,1,0
C7BF2AE4-0FBB-4428-9B60-FF27096A20ED,2013,92,0,1,0,0,0,0,0,0,1,0,0,0,0,0,0,1,0,0,0,0,1,0,0,0,0
C7C96808-DEFC-4E52-B5CB-32941334801A,2012,00,0,1,0,0,0,0,0,0,1,0,0,0,0,0,0,0,0,0,0,1,0,0,0,1,0
1EA88F5A-F26B-4BE3-95BC-18D593860FB4,2015,33,0,0,0,0,1,0,0,0,0,1,0,0,1,0,0,0,0,0,0,0,0,0,0,1,0
C7E0BE47-8156-4505-888F-D9DF8E1EB962,2010,62,0,0,0,1,0,0,0,0,1,0,0,0,0,0,1,0,0,0,0,0,0,1,0,0,0
C7E38685-C92D-493D-88C3-51B1806A7FF9,2012,52,0,0,0,0,1,0,0,0,0,1,0,0,1,0,0,0,0,0,0,0,0,0,0,1,0
C7EB3D1D-48F3-4FE6-B784-1F3764CC7E02,2014,54,0,1,0,0,0,0,0,0,1,0,0,0,0,0,0,0,0,0,1,0,1,0,0,0,0
C7EBD2E6-F90A-4890-A07F-6B9B30BD1313,2013,00,0,1,1,0,0,0,0,0,1,0,0,0,0,0,0,0,0,1,0,0,0,0,0,1,0
5F6264FE-EFAE-4BA5-9EC2-BB4867BF7BDB,2016,61,0,0,0,0,0,1,0,0,0,1,0,0,0,1,0,0,0,0,0,0,0,1,0,0,0
C8077F36-9DDB-4CB7-9B30-9BB5EAC9EAD0,2014,61,0,1,0,0,0,0,0,0,1,0,0,0,0,0,0,0,1,0,0,0,0,0,0,1,0
859CE818-7F0A-4B14-9EB1-B0ACAC370DDA,2016,62,0,0,0,1,0,0,0,0,1,0,0,0,0,0,1,0,0,0,0,0,0,1,0,0,0
2e7a4180-23bc-11eb-b77f-316b5c5dd5eb,2020,54,0,1,0,0,0,0,0,0,1,0,0,0,0,0,0,1,0,0,0,0,0,0,0,1,0
6f0f7e90-dff6-11ef-8e7d-5bcd93832819,2024,56,0,1,0,0,0,0,0,0,1,0,0,0,0,0,0,0,0,0,0,1,0,0,0,1,0
C83F276A-32AE-47FD-8004-C1D32E2ADBB0,2014,62,1,1,1,0,0,0,0,0,1,0,0,0,0,0,0,0,0,1,0,0,0,0,0,1,0
C841D130-132E-4939-A7FD-052171319F33,2013,92,0,0,0,0,0,1,0,0,0,0,1,0,0,1,0,0,0,0,0,0,0,1,0,0,0
C84657B6-E97B-4631-9713-6EE654BFF40F,2012,62,0,0,0,1,0,0,0,0,1,0,0,0,0,0,1,0,0,0,0,0,0,1,0,0,0
C8497995-FF55-462C-9C4E-4A3861017E33,2011,62,0,0,0,1,0,0,0,0,1,0,0,0,0,0,1,0,0,0,0,0,0,1,0,0,0
ae25a5a0-7800-11ee-a9cf-35532141bb65,2022,51,0,1,0,0,0,0,0,0,1,0,0,0,0,0,0,1,0,0,0,0,0,0,0,1,0
688da860-1c35-11ea-a0aa-479da677bbbc,2019,54,0,0,0,0,0,1,0,0,0,1,0,0,0,1,0,0,0,0,0,0,0,1,0,0,0
c943a200-b40e-11f0-83f6-c95449796b4b,2025,71,0,1,0,0,0,0,0,0,1,0,0,0,0,0,0,0,0,0,0,1,0,0,0,1,0
C860A58B-729A-47F2-9C66-812BD5AA3662,2012,00,0,0,0,0,0,1,0,0,0,1,0,0,0,1,0,0,0,0,0,0,0,0,0,1,0
76acb1e0-c5c1-11e9-890f-61c57d05334d,2019,62,0,0,0,0,1,0,0,0,0,1,0,0,1,0,0,0,0,0,0,0,0,0,0,1,0
C862F7E3-905C-4ADD-A00A-F176CB9A85EB,2014,61,0,1,0,0,0,0,0,0,1,0,0,0,0,0,0,1,0,0,0,0,0,0,0,1,0
a16640f0-842c-11e7-a921-2d695ce70b69,2017,00,0,0,0,0,1,0,0,0,0,1,0,0,1,0,0,0,0,0,0,0,0,0,0,1,0
C868AE58-43DB-4100-87A2-F622068E74C6,2009,51,1,1,1,0,0,0,0,0,1,0,0,0,0,0,0,0,0,1,0,0,0,0,0,1,0
5A4FE0C9-28CD-4AB4-A34E-F3C864E01E48,2016,52,0,0,0,0,1,0,0,0,0,1,0,0,1,0,0,0,0,0,0,0,0,0,0,1,0
C870B972-26CA-40D4-B336-B2446A1BAB82,2012,92,1,1,1,0,0,0,0,0,1,0,0,0,0,0,0,0,0,1,0,0,0,0,0,1,0
C871F6C7-79D0-407F-9725-12D2966044FE,2013,61,0,1,0,0,0,1,0,0,1,1,0,0,0,1,0,0,0,0,0,0,0,0,0,1,0
250973d0-a0a3-11e8-899a-23ad2f84ca7d,2018,54,0,1,0,0,0,0,0,0,1,0,0,0,0,0,0,1,0,0,0,0,0,0,0,1,0
d43f66d0-858a-11ee-9118-7fb130278283,2023,81,1,1,0,0,0,0,0,0,1,0,0,0,0,0,0,0,1,0,0,0,0,0,0,1,0
C884436E-D856-4A19-A83A-B36FAE81938D,2012,33,0,0,0,1,0,0,0,0,1,0,0,0,0,0,1,0,0,0,0,0,0,1,0,0,0
C8848CF1-D5D0-4E14-A6FE-CF61594E78B4,2009,62,0,0,0,0,0,0,0,1,0,0,0,1,0,0,0,0,0,0,0,1,0,1,0,0,0
88e3b3e0-156f-11ec-8375-f10617ad68c4,2021,00,0,1,0,0,0,0,0,0,1,0,0,0,0,0,0,1,0,0,0,0,0,0,0,1,0
C88AA059-6752-4ABA-93CD-02891D9B95EF,2015,06,0,0,0,0,1,0,0,0,0,1,0,0,1,0,0,0,0,0,0,0,0,0,0,1,0
25556460-8cd7-11e7-811e-83915e56fc98,2017,00,0,1,0,0,0,0,0,0,1,0,0,0,0,0,0,0,0,0,0,1,0,0,0,1,0
1e95ecc0-fe79-11e8-aee0-f7420d4f3238,2015,62,0,0,0,0,1,0,0,0,0,1,0,0,1,0,0,0,0,0,0,0,0,0,0,1,0
C8990053-C530-43F6-9459-22A2752ADB72,2014,92,0,1,0,0,0,0,0,0,1,0,0,0,0,0,0,0,1,0,0,0,0,0,0,1,0
70395d90-aa0b-11e8-b272-396d7fe012b7,2018,81,0,0,0,0,0,1,0,0,0,1,0,0,0,1,0,0,0,0,0,0,0,0,0,1,0
C8B6451F-91ED-4407-8F51-31A68A1C5636,2013,00,0,0,0,0,1,0,0,0,0,0,1,0,1,0,0,0,0,0,0,0,0,1,0,0,0
0bc3fc90-287d-11ed-bdae-91b81469f75a,2021,62,0,0,0,0,0,1,0,0,0,1,0,0,0,1,0,0,0,0,0,0,0,0,0,1,0
C8BEE658-FFA2-4FA1-87A1-C02036535627,2014,00,0,0,0,0,1,0,0,0,0,1,0,0,1,0,0,0,0,0,0,0,0,0,0,1,0
C8CAC014-7426-4C8D-BCC1-A1C7650DB25D,2013,00,1,0,0,0,0,0,0,0,1,0,0,0,0,0,0,0,1,0,0,0,0,1,0,0,0
ee72bac0-754d-11eb-a956-8766d2dd0181,2020,00,1,0,0,0,0,0,0,1,1,0,0,0,0,0,0,0,1,0,0,0,0,0,0,1,0
C8E0D582-0951-423D-8EC0-55DC1092D7EE,2013,00,1,1,1,0,0,0,0,0,1,0,0,0,0,0,0,0,0,1,0,0,0,0,0,1,0
C8EF38B6-A1ED-4CBA-B3D7-793E9C0EC6BD,2014,56,0,1,0,0,0,0,0,0,1,0,0,0,0,0,0,1,0,0,0,0,0,0,0,1,0
C8F699D5-74A8-4FC7-9C79-259A2DE4602E,2013,52,0,0,0,1,0,0,0,0,1,0,0,0,0,0,1,0,0,0,0,0,0,1,0,0,0
CC5EF980-29A8-4367-8BAA-CA718D0CE956,2015,92,0,0,0,0,1,0,0,0,0,1,0,0,1,0,0,0,0,0,0,0,0,0,0,1,0
4ba9beb0-a07a-11e8-899a-23ad2f84ca7d,2018,92,0,0,0,0,0,1,0,0,0,1,0,0,0,1,0,0,0,0,0,0,0,0,0,1,0
4f47e180-c83a-11e9-a1c3-d539e9b7140e,2019,61,1,1,0,0,0,0,0,0,1,0,0,0,0,0,0,0,1,0,0,0,0,0,0,1,0
0339f180-d3d3-11e9-9298-79b47a23a7bd,2019,72,0,0,0,0,1,0,0,0,0,1,0,0,1,0,0,0,0,0,0,0,0,0,0,1,0
5EC74643-0F36-4F2A-BEBD-98A0110162C2,2016,71,0,1,0,0,0,0,0,0,1,0,0,0,0,0,0,0,0,0,1,0,1,0,0,0,0
C929ED7D-A009-46D0-9A97-4811AD887620,2015,00,0,0,0,1,0,0,0,0,1,0,0,0,0,0,1,0,0,0,0,0,0,1,0,0,0
C92AFAFF-F3B5-4B25-B625-AC6083F481D3,2013,52,0,1,0,0,0,0,0,0,1,0,0,0,0,0,0,1,0,0,1,0,1,0,0,0,0
C92D7C34-B29E-4527-A869-88BD40B359FE,2012,51,1,0,0,0,1,0,0,0,0,1,0,0,1,0,0,0,0,0,0,0,0,1,0,0,0
C932A85B-7539-4514-9C14-44986C3344FD,2012,92,0,0,0,0,0,1,0,0,0,1,0,0,0,1,0,0,0,0,0,0,0,0,0,1,0
DD248686-7857-4572-B7BC-2604CE3E1A10,2008,92,0,0,0,0,1,0,0,0,0,1,0,0,1,0,0,0,0,0,0,0,0,0,0,1,0
4f67d260-28d5-11e9-adf7-352895b3dcd2,2018,05,0,0,0,0,0,1,0,0,0,1,0,0,0,1,0,0,0,0,0,0,0,0,0,1,0
94837F77-6F0E-44F5-9C42-F92B5E47F5C9,2016,00,0,1,0,0,0,0,0,0,1,0,0,0,0,0,0,0,1,0,0,0,0,0,0,1,0
C94FAC81-4E39-4A4A-81CC-98AEC93F2BD0,2015,52,0,0,0,0,1,0,0,0,0,1,0,0,1,0,0,0,0,0,0,0,0,0,0,1,0
C95116E4-B544-415A-A873-D7F3A0A50B1E,2012,51,0,0,0,0,0,1,0,0,0,1,0,0,0,1,0,0,0,0,0,0,0,1,0,0,0
93c98df0-c32b-11e8-be54-d7fc81504f5e,2018,62,0,1,0,0,0,0,0,0,1,0,0,0,0,0,0,1,0,0,0,0,0,0,0,1,0
E18FAA55-DA0A-4BCB-8283-009B25DD1A7A,2014,49,0,0,0,1,1,0,0,0,0,1,0,0,0,0,1,0,0,0,0,0,0,0,0,1,0
eb76efe0-4e3f-11ed-9185-8d15ab5b74e6,2022,54,1,1,0,0,0,0,0,1,1,0,0,0,0,0,0,0,1,0,0,0,0,0,0,1,0
C9640202-1386-4706-B8DA-CA5323283B4C,2013,42,0,0,0,0,0,1,0,0,0,1,0,0,0,1,0,0,0,0,0,0,0,0,0,1,0
C9662993-D156-4229-A2A5-F72874B4E9EF,2013,52,0,0,0,0,1,0,0,0,1,0,0,0,1,0,0,0,0,0,0,0,0,0,0,1,0
98F13708-2101-94C4-7568-7BE6106A3B84,2025,54,0,1,0,0,0,0,0,0,1,0,0,0,0,0,0,1,0,0,0,0,0,0,0,1,0
C971C4BD-218E-4347-B5F3-B04BD4B9DC94,2012,52,0,0,0,0,0,1,0,0,0,1,0,0,0,1,0,0,0,0,0,0,0,0,0,1,0
C973B17B-2984-4C14-A782-905499E15A61,2013,00,1,1,1,0,0,0,0,0,1,0,0,0,0,0,0,0,0,1,0,0,0,0,0,1,0
8ddd2cb0-e3a9-11e7-8742-2bc46bd10713,2016,62,1,0,0,0,0,1,0,0,1,1,0,0,0,0,0,0,1,0,0,0,0,0,0,1,0
C9755EE3-042B-4A59-A38B-3D0C57408BF6,2010,62,0,0,0,1,0,0,0,0,1,0,0,0,0,0,1,0,0,0,0,0,0,1,0,0,0
C982DB5A-18E8-43DA-9779-2351830BA2A5,2013,00,0,1,0,0,0,0,0,0,1,0,0,0,0,0,0,1,0,0,0,0,0,0,1,0,0
65c29ab0-1ae8-11ec-8477-47d0f236e203,2020,61,1,0,1,0,0,0,0,0,1,0,0,0,0,0,0,0,0,1,0,0,0,1,0,0,0
d132e800-1628-11ec-8258-83f74c3914c9,2017,44,0,0,1,0,0,0,0,0,1,0,0,0,0,0,0,0,0,1,0,0,0,0,0,1,0
C995A60F-F152-435A-92E2-642EF935DD34,2014,62,0,0,0,0,0,1,0,0,0,1,0,0,0,1,0,0,0,0,0,0,0,1,0,0,0
C996F659-8F78-4407-AC39-F07305D0219E,2013,92,0,0,0,0,1,0,0,0,0,1,0,0,0,0,0,0,0,0,0,1,0,1,0,0,0
5fdfe420-b419-11e7-9de8-4bde146bf807,2017,44,0,0,0,1,0,0,0,0,1,0,0,0,0,0,0,0,0,0,0,1,0,1,0,0,0
C9A209D0-80AB-44D0-9E84-237F4DB204A9,2010,62,0,0,0,1,0,0,0,0,1,0,0,0,0,0,1,0,0,0,0,0,0,1,0,0,0
C9A3A8DD-E2AD-40D8-A2B3-9C663A1AE097,2014,56,0,0,0,0,1,0,0,0,0,0,1,0,1,0,0,0,0,0,0,0,0,0,0,1,0
9054a3d0-aa03-11e8-b272-396d7fe012b7,2018,22,0,0,1,0,0,0,0,0,1,0,0,0,0,0,0,0,0,1,0,0,0,0,0,1,0
C9ABEB48-A807-4277-BE0F-79D335E6F662,2013,72,0,0,0,0,0,1,0,0,0,1,0,0,0,1,0,0,0,0,0,0,0,0,0,1,0
C9AE4465-A160-4844-88CB-E1461F785452,2013,92,0,0,0,0,0,1,0,0,0,1,0,0,0,1,0,0,0,0,0,0,0,0,0,1,0
CAE30D0B-BB9D-4144-9AEB-23BF302740D3,2016,81,0,0,0,0,0,1,0,0,1,1,1,0,0,1,0,0,0,0,0,0,0,0,0,1,0
A5771BCE-93E2-00C3-6F7C-D9DFD0E5DEAA,2025,54,0,1,0,0,0,0,0,0,1,0,0,0,0,0,0,1,0,0,0,0,0,0,0,1,0
C9BB0746-D615-41EE-ADC4-D8E8555918AD,2012,44,0,1,0,0,0,0,0,0,1,0,0,0,0,0,0,0,1,0,0,0,0,0,0,1,0
C9BB450F-1EE4-40E2-836F-64D5D579E47A,2012,62,0,0,0,1,0,0,0,0,1,0,0,0,0,0,1,0,0,0,0,0,0,1,0,0,0
09d6b4f0-c4ed-11e9-bbcb-6517d645041f,2010,52,0,0,0,0,0,0,0,1,1,0,0,0,0,0,0,0,0,0,0,1,0,0,0,1,0
126A7F5A-F784-483B-AE2F-601B32BBE8AF,2015,44,0,0,0,1,0,0,0,0,1,0,1,0,0,0,1,0,0,0,0,0,0,1,0,0,0
E80319EE-9D22-4910-8439-68C16D91B5F7,2016,48,0,1,0,0,0,0,0,0,1,0,0,0,0,0,0,0,0,0,0,1,0,0,0,1,0
C9EDDE18-32CA-4181-B29D-B672A405ECA9,2014,00,0,0,0,0,0,1,0,0,0,1,0,0,0,1,0,0,0,0,0,0,0,0,0,1,0
70824f10-ba69-11e7-92c6-3b362a3baf5b,2017,92,1,0,0,0,0,0,0,0,1,0,0,0,0,0,0,0,1,0,0,0,0,1,0,0,0
CA0CC73D-46CD-45AB-A593-1810B83970C1,2013,51,1,1,0,0,0,0,0,0,1,0,0,0,0,0,0,0,1,0,0,0,0,0,0,1,0
CA15782D-A6D6-42AB-8778-6620A6B73F56,2014,62,0,0,0,0,0,1,0,0,0,1,0,0,0,1,0,0,0,0,0,0,0,0,0,1,0
8ba83910-af58-11e7-b9c1-d3b3b0fdcbd2,2017,44,0,0,0,1,0,0,0,0,1,0,0,0,0,0,0,0,0,0,0,1,1,0,0,0,0
a56542c0-79f5-11ef-927d-1558a141866c,2023,06,1,0,0,0,0,0,0,1,1,0,0,0,0,0,0,0,1,0,0,0,0,0,0,1,0
CA213EF6-3FDF-4920-A887-4176B73F1BB8,2013,62,0,0,0,1,0,0,0,0,1,0,0,0,0,0,1,0,0,0,0,0,0,1,0,0,0
103e9fa0-c883-11e7-ad9d-998b531c9197,2017,52,0,0,0,1,0,0,0,0,1,0,0,0,0,0,0,0,0,0,0,1,0,0,0,1,0
CA42F0F9-7DAC-418F-BD54-67AEC34CB009,2013,92,0,0,0,0,0,1,0,0,0,1,0,0,0,1,0,0,0,0,0,0,0,0,0,1,0
CA46642F-8B8C-44DB-A218-94321A5D0060,2015,00,0,0,0,0,0,1,0,0,0,1,0,0,0,1,0,0,0,0,0,0,0,1,0,0,0
86fa0f00-dfee-11ef-8e7d-5bcd93832819,2024,51,1,1,0,0,0,0,0,0,1,0,0,0,0,0,0,0,1,0,0,0,0,0,0,1,0
CA4AFCBD-7E98-42BB-BC41-6900222072E5,2012,48,0,0,0,1,0,0,0,0,1,0,0,0,0,0,1,0,0,0,0,0,0,1,0,0,0
5fa5e620-463d-11ec-b26b-73b5a62f8946,2021,51,0,0,0,0,0,1,0,0,0,1,0,0,0,1,0,0,0,0,0,0,0,0,0,1,0
8e91b5c0-82a8-11e7-8009-bf30ec7afbca,2017,00,0,0,0,1,0,0,0,0,1,0,0,0,0,0,1,0,0,0,0,0,0,0,0,1,0
CA661CE2-9E6D-4EA4-A70F-13B0D691637A,2013,00,1,1,1,0,0,0,0,0,1,0,0,0,0,0,0,0,0,1,0,0,0,0,0,1,0
CA6824E2-521B-4607-B443-2AAD977B2690,2013,62,0,0,0,0,0,1,0,0,0,1,0,0,0,1,0,0,0,0,0,0,0,1,0,0,0
CA6AC92F-79AA-4C0E-8D8B-A3B069A7F72F,2012,92,1,1,1,0,0,0,0,0,1,0,0,0,0,0,0,0,0,1,0,0,0,0,0,1,0
CA707295-7395-4014-8F5C-2C33DE88A881,2014,52,0,0,0,1,0,0,0,0,1,0,0,0,0,0,0,0,0,0,0,1,0,0,0,1,0
7030c320-c950-11e7-aa33-c3c39d564c9a,2017,62,0,0,0,1,0,0,0,0,1,0,0,0,0,0,1,0,0,0,0,0,0,0,0,1,0
CA7E518C-90D9-48D4-97F7-3BEA723FF3DE,2013,52,0,0,0,0,1,0,0,0,0,1,0,0,1,0,0,0,0,0,0,0,0,0,0,1,0
CA815388-C9F1-47C3-9C03-917FF1D19B11,2013,62,0,0,0,0,1,0,0,0,0,1,0,0,1,0,0,0,0,0,0,0,0,0,0,1,0
A9C61551-D1C4-497A-B7AA-B76F63E69A71,2016,23,0,0,0,0,0,1,0,0,1,1,0,0,0,1,0,0,0,0,0,0,0,1,0,0,0
3273C827-04DB-49F4-83DD-E22484A74400,2016,81,0,0,0,0,0,1,0,0,0,1,0,0,0,1,0,0,0,0,0,0,0,0,0,1,0
75f2d380-23ab-11eb-b77f-316b5c5dd5eb,2020,92,0,0,0,0,1,0,0,0,0,1,0,0,1,0,0,0,0,0,0,0,0,0,0,1,0
CA97F258-D0CF-40B0-8ED0-AA855C0BAF67,2014,62,0,0,0,1,0,0,0,0,1,0,0,0,0,0,1,0,0,0,0,0,0,1,0,0,0
CAAA2C79-FDD1-4BFF-9ACF-245D7310DFF4,2013,00,0,1,0,0,0,0,0,0,1,0,0,0,0,0,0,1,0,0,0,0,0,0,0,1,0
CAABDB34-2C7E-4491-863A-0D465FA02FBA,2013,81,0,1,0,0,0,0,0,0,1,0,0,0,0,0,0,1,0,0,0,0,0,0,0,1,0
CAAEBA52-1808-455F-A50A-B0285738C4F0,2014,61,0,0,0,0,0,1,0,0,0,1,0,0,0,1,0,0,0,0,0,0,0,0,0,1,0
CABA6364-5D25-4A7C-8569-520EFB85E49A,2013,00,0,0,0,1,0,0,0,0,1,0,0,0,0,0,1,0,0,0,0,0,0,1,0,0,0
8bbb6aa0-c49b-11e7-9a8b-47d1b690bc01,2017,56,0,0,0,0,1,0,0,0,0,1,0,0,1,0,0,0,0,0,0,0,0,0,0,1,0
CAD880CD-16AE-442B-99BE-0577A2029B6E,2012,92,0,0,0,0,0,1,0,0,0,1,0,0,0,1,0,0,0,0,0,0,0,0,0,1,0
CAE8DFA2-3603-4BC5-9AE9-EE9FB7270779,2012,52,0,0,0,0,0,0,0,1,1,0,0,0,0,0,0,0,0,0,0,1,0,0,0,1,0
CAEA6B40-98AB-465B-80E9-A9DD4C2B69F2,2013,62,0,0,0,0,0,1,0,0,0,1,0,0,0,0,1,0,0,0,0,0,0,1,0,0,0
5083E7C0-ABDA-42EE-9709-13D980DC694B,2016,54,0,0,0,0,0,1,0,0,0,1,0,0,0,1,0,0,0,0,0,0,0,0,0,1,0
A79BFF68-888E-44CE-B28D-E54C596FE5E6,2014,62,0,0,0,0,1,0,0,0,0,1,0,0,1,0,0,0,0,0,0,0,0,0,0,1,0
CAF7F42E-C8BE-4BB6-821B-790355D4DC4D,2010,62,0,0,0,1,0,0,0,0,0,1,0,0,0,0,1,0,0,0,0,0,0,1,0,0,0
b0e7e080-0fe0-11ec-8c66-bd734728b5ba,2021,62,0,1,0,0,0,0,0,0,1,0,0,0,0,0,0,1,0,0,0,0,0,0,0,1,0
CB15495D-F4C9-4543-B8E4-8D844CE21499,2012,22,1,1,0,0,0,0,0,0,1,0,0,0,0,0,0,0,1,0,0,0,0,0,0,1,0
ec67a0f0-4027-11ed-a8d9-e567d58abfd4,2020,92,0,0,0,0,1,0,0,0,0,1,0,0,1,0,0,0,0,0,0,0,1,0,0,0,0
44fb36e0-bb67-11e8-b9b2-0dc0cc16471e,2018,62,0,0,0,1,0,0,0,0,0,1,0,0,0,0,1,0,0,0,0,0,0,0,0,1,0
CB1ED429-4807-4ECF-92EA-78C93D59D76F,2014,51,0,1,0,0,0,0,0,0,1,0,0,0,0,0,0,1,0,0,0,0,0,0,0,1,0
CB2699B4-6F81-489D-B29A-FC61AC5AA66F,2013,45,1,1,0,0,0,0,0,0,1,0,0,0,0,0,0,0,1,0,0,0,0,0,0,1,0
CB2BBDDF-6210-4936-B90F-868B71DE45BA,2013,52,0,0,0,1,0,0,0,0,1,0,0,0,0,0,1,0,0,0,0,0,0,1,0,0,0
CB3EFDE2-A2C4-47DE-AEF5-499C7B72F940,2014,92,0,0,0,0,0,1,0,0,0,0,1,0,0,1,0,0,0,0,0,0,0,0,0,1,0
5df09050-af70-11f0-a027-d955a4d2f085,2025,00,1,1,0,0,0,0,0,0,1,0,0,0,0,0,0,0,1,0,0,0,0,0,0,1,0
CB4BC4A0-5D89-455E-807B-DCB31712408C,2012,81,0,0,0,1,1,0,0,0,1,1,0,0,0,0,1,0,0,0,0,0,0,1,0,0,0
CB54D203-FFC4-4E75-AA5E-47C46AEB26E4,2009,52,1,1,1,0,0,0,0,0,1,0,0,0,0,0,0,0,0,1,0,0,0,0,0,1,0
CB559E7A-0137-4B2C-A3BB-72D5C27F71C8,2013,61,0,0,0,1,0,0,0,0,1,0,0,0,0,0,1,0,0,0,0,0,0,1,0,0,0
CB670FFA-3361-4129-8CF5-B3E0AAAA0F60,2015,06,0,0,0,0,1,0,0,0,1,0,0,0,1,0,0,0,0,0,0,0,0,0,0,1,0
CB69C761-5992-4B53-AA85-C352D456DC06,2014,23,0,0,0,0,1,0,0,0,0,1,0,0,1,0,0,0,0,0,0,0,1,0,0,0,0
CB6DAAA0-F206-4177-9C02-36B498489585,2011,71,0,0,0,0,0,1,0,0,0,1,0,0,0,1,0,0,0,0,0,0,0,0,0,1,0
CB90ED33-A7D3-432B-A61B-DD68E64ACE46,2012,45,0,1,0,0,0,0,0,0,1,0,0,0,0,0,0,1,0,0,0,0,0,0,0,1,0
814ce820-35b0-11ec-be76-613d00a742ca,2019,92,0,0,0,0,1,0,0,0,0,1,0,0,1,0,0,0,0,0,0,0,0,0,0,1,0
bc678e80-d63a-11e7-af4f-6b5d4514198e,2017,62,0,0,0,0,0,1,0,0,0,1,0,0,0,1,0,0,0,0,0,0,0,0,0,1,0
CBA801BD-D555-4B20-B675-4C088AF6922F,2013,61,0,0,0,0,0,1,0,0,0,1,0,0,0,1,0,0,0,0,0,0,0,0,0,1,0
CBC156D3-9481-4E80-8A80-B77FD64F1F5A,2013,00,0,0,0,0,0,1,0,0,1,0,0,0,0,1,0,0,0,0,0,0,1,0,0,0,0
CBC7D9EA-2961-4856-87B6-53EDF6B11A68,2011,92,0,0,0,0,0,1,0,0,0,1,0,0,0,1,0,0,0,0,0,0,0,0,0,1,0
CBCBFCDC-BA20-4ADA-B61A-BF9677435B96,2014,00,0,1,0,0,0,0,0,0,1,0,0,0,0,0,0,0,0,0,1,0,1,0,0,0,0
746488f0-df78-11ef-997d-83b3d1c202d6,2024,33,0,0,0,0,0,1,0,0,0,1,0,0,0,1,0,0,0,0,0,0,0,0,0,1,0
761a7e70-98e5-11e7-a6db-535ccd646699,2017,00,1,0,0,0,0,0,0,0,1,0,0,0,0,0,0,0,1,0,0,0,0,1,0,0,0
E61A5232-EB0C-49DE-8783-7C7705FDC762,2015,62,0,0,0,0,1,0,0,0,0,1,0,0,1,0,0,0,0,0,0,0,0,1,0,0,0
CBE7099B-29C0-426F-8010-84B9C63AC1E2,2011,52,0,0,0,0,0,0,0,1,0,0,0,1,0,0,0,0,0,0,0,1,0,1,0,0,0
CBEFE960-98A1-4099-A422-BC1F3E9F2CCE,2014,62,0,0,0,0,1,0,0,0,0,1,0,0,1,0,0,0,0,0,0,0,0,0,0,1,0
CBF240DF-157F-44D2-8BB6-8E9A14262278,2014,81,0,1,0,0,0,0,0,0,1,0,0,0,0,0,0,0,0,0,0,1,0,0,0,1,0
CBF9CE6C-E765-4F39-849B-4C094AF80B98,2012,92,0,0,0,0,0,1,0,0,0,1,0,0,0,1,0,0,0,0,0,0,0,0,0,1,0
4f691060-ca41-11e7-8487-35d59b80f11b,2016,56,0,0,0,1,0,0,0,0,1,0,0,0,0,0,1,0,0,0,0,0,0,0,0,1,0
2eb79620-a782-11e7-ae18-bd2df8850f54,2017,44,0,0,0,1,0,0,0,0,1,0,0,0,0,0,0,0,0,0,0,1,0,0,0,1,0
CC15A803-C25B-4059-BF4E-BFD089AE5A6E,2010,62,0,0,0,1,0,0,0,0,1,0,0,0,0,0,1,0,0,0,0,0,0,1,0,0,0
7FDF054B-52CF-422D-BD63-35C8B8F72C44,2015,92,1,0,1,0,0,0,0,0,1,0,0,0,0,0,0,0,1,1,0,0,1,0,0,0,0
fd6dfcd0-7f02-11ee-a021-bbe4713468e2,2023,62,1,1,0,0,0,0,0,0,1,0,0,0,0,0,0,0,1,0,0,0,0,0,0,1,1
C1037873-BB0C-4468-8382-0E1C47D24385,2025,54,0,1,0,0,0,0,0,0,1,0,0,0,0,0,0,1,0,0,0,0,0,0,0,1,0
CC28AD04-8349-46BF-A5D0-C9F81FC3111C,2010,92,0,0,0,0,0,1,0,0,0,1,0,0,0,1,0,0,0,0,0,0,0,0,1,0,0
CC2A6488-319B-4D5C-9940-FB370E1604EF,2010,92,0,0,0,0,0,1,0,0,0,1,0,0,0,1,0,0,0,0,0,0,0,0,0,1,0
29C04095-7771-476A-8C0A-E567D3BCE895,2015,62,1,0,0,0,0,0,0,0,1,0,0,0,0,0,0,0,1,0,0,0,0,1,0,0,0
CC35E4B8-2A9E-4C30-9256-B99E87B808FE,2010,92,0,0,0,0,0,1,0,0,0,1,0,0,0,1,0,0,0,0,0,0,0,0,1,0,0
2001DC48-1808-4191-9540-CE40043AB8BF,2015,62,0,0,0,0,1,0,0,0,0,1,0,0,1,0,0,0,0,0,0,0,0,0,0,1,0
CC4CC0AF-19AC-4852-9553-C6A0F12E66F8,2011,92,0,0,0,0,1,0,0,0,0,1,0,0,1,0,0,0,0,0,0,0,1,0,0,0,0
1bad5930-b6a3-11e8-b56a-011002460f8b,2018,62,0,0,0,0,1,0,0,0,0,1,0,0,1,0,0,0,0,0,0,0,0,0,0,1,0
CC5E5B26-62A1-42C5-9C12-FC25F4267271,2010,62,0,0,0,1,0,0,0,0,1,0,0,0,0,0,1,0,0,0,0,0,0,1,0,0,0
622525CC-9C78-4316-8708-CC69F9E41DE1,2015,48,0,0,0,0,1,0,0,0,0,1,0,0,1,0,0,0,0,0,0,0,0,1,0,0,0
2ae1ed80-de20-11e9-b511-f75921c18742,2016,62,0,1,0,0,0,0,0,0,1,0,0,0,0,0,0,1,0,0,0,0,0,0,0,1,0
BBDA859F-4E6D-45CB-989F-85DD5EE0E20B,2015,92,0,0,0,0,0,1,0,0,0,1,0,0,0,1,0,0,0,0,0,0,0,0,0,1,0
CC8630B0-A779-437E-8048-7AFF80220BCD,2013,62,0,0,0,1,0,0,0,0,0,1,0,0,0,0,1,0,0,0,0,0,0,0,0,1,0
CC8C2768-EADB-476F-8A62-74EC7D778BDC,2011,92,0,0,0,0,1,0,0,0,0,1,0,0,1,0,0,0,0,0,0,0,0,0,0,1,0
CC8C7426-80E5-449C-AF06-D12B1657B735,2013,33,0,0,0,1,0,0,0,0,1,0,0,0,0,0,1,0,0,0,0,0,0,1,0,0,0
3BD88C4C-55CA-4322-803A-A2D1AF5C0F80,2015,92,0,0,0,0,1,0,0,0,0,1,0,0,1,0,0,0,0,0,0,0,0,0,0,1,0
6e405a10-d55f-11e7-bfad-07ede9e0bc7c,2017,92,0,0,0,0,0,1,0,0,0,1,0,0,0,0,1,0,0,0,0,0,0,1,0,0,0
3222dfd0-a9f8-11e8-b1ba-fd48fe3201a4,2017,00,0,1,1,0,0,0,0,0,1,0,0,0,0,0,0,0,0,1,0,0,0,0,0,1,0
B09D1165-B31D-49AA-AC43-9C3E1C49F2B3,2015,62,0,0,0,0,1,0,0,0,0,1,0,0,1,0,0,0,0,0,0,0,0,0,0,1,0
00ca3950-d91c-11f0-82e6-074fe481ef29,2024,00,1,1,0,0,0,0,0,0,1,0,0,0,0,0,0,0,1,0,0,0,0,0,0,1,0
CC9F9DF6-6332-4694-B029-40F234993496,2010,92,0,0,0,0,0,1,0,0,0,1,0,0,0,1,0,0,0,0,0,0,0,0,1,0,0
CCA32518-8858-4ABD-903E-983E56BAFE45,2011,62,0,0,0,1,0,0,0,0,1,0,0,0,0,0,1,0,0,0,0,0,0,1,0,0,0
CCA95D08-86CC-4510-9CD6-965801977DA7,2013,62,0,0,0,0,0,1,0,0,0,1,0,0,0,1,0,0,0,0,0,0,0,0,0,1,0
CCAC8674-8D63-4A40-A5D3-122E68C201DC,2014,51,0,1,0,0,0,0,0,0,1,0,0,0,0,0,0,1,0,0,0,0,0,0,0,1,0
a0253dd0-e355-11e7-bf7a-0771e1cc9602,2017,62,0,0,0,0,1,0,0,0,0,1,0,0,1,0,0,0,0,0,0,0,0,0,0,1,0
b748bd90-e425-11e7-8742-2bc46bd10713,2016,62,0,0,0,0,1,0,0,0,0,1,0,0,1,0,0,0,0,0,0,0,0,0,0,1,0
deb2dca0-157a-11ec-8375-f10617ad68c4,2021,61,1,0,0,0,0,0,0,0,1,0,0,0,0,0,0,0,1,0,0,0,0,1,0,0,0
e258cf20-2bfe-11ea-b50d-3fd6f00cf940,2019,00,0,0,0,0,0,1,0,0,0,1,0,0,0,1,0,0,0,0,0,0,0,0,0,1,0
ffbc3140-a782-11e7-ae18-bd2df8850f54,2017,52,0,0,0,1,0,0,0,0,1,0,0,0,0,0,0,0,0,0,0,1,0,0,0,1,0
CCDD987B-B71C-4EB5-9642-04B99F6C6981,2012,92,0,0,0,0,0,1,0,0,0,1,0,0,0,1,0,0,0,0,0,0,0,0,0,1,0
CCDDC231-D4BF-4BDC-A236-4D06533D5CE7,2014,62,0,0,0,0,0,1,0,0,0,1,0,0,0,1,0,0,0,0,0,0,0,1,0,0,0
CCF0E35A-B21E-4B95-9A65-0369B604A67E,2010,92,0,0,0,0,0,1,0,0,0,1,0,0,0,1,0,0,0,0,0,0,0,0,1,0,0
32d47ba0-7494-11eb-b6c3-130fdd35ca3d,2020,00,0,1,0,0,0,0,0,0,1,0,0,0,0,0,0,1,0,0,0,0,0,0,0,1,0
CCFAAF05-E0AD-48BF-BB57-DE0C33158F4F,2014,61,0,0,0,0,1,0,0,0,0,1,0,0,1,0,0,0,0,0,0,0,1,0,0,0,0
CCFCF219-90C0-40F5-AF4B-4D582693FE11,2012,22,1,1,1,0,0,0,0,0,1,0,0,0,0,0,0,0,0,1,0,0,0,0,0,1,0
CCFFA6B5-D4C5-470A-9C0A-8BA2F3DDC63C,2013,81,0,0,0,0,0,1,0,0,0,1,0,0,0,1,0,0,0,0,0,0,0,0,0,1,0
4D375844-DBF3-4441-AEE3-886C6187D4FB,2015,62,0,0,0,1,0,0,0,0,1,1,1,0,0,0,1,0,0,0,0,0,0,1,0,0,0
7d6101d0c-3c9d-4deb-9236-2a98e1072f40,2024,33,0,1,0,0,0,0,0,0,1,0,0,0,0,0,0,1,0,0,0,0,0,0,0,1,0
F6F86770-B879-4CBB-A8E4-9C426D3DA4BE,2016,51,0,1,0,0,0,1,0,0,1,1,0,0,0,1,0,0,0,0,0,0,0,0,0,1,0
2aa0bcf0-7241-11eb-b847-53c7fcddcc7a,2020,51,0,1,0,0,0,0,0,0,1,0,0,0,0,0,0,1,0,0,0,0,0,0,0,1,0
CD22644A-93BE-4171-9CC1-D4F69F15A624,2010,61,0,0,0,0,1,0,0,0,0,1,0,0,1,0,0,0,0,0,0,0,0,0,0,1,0
9a4000c0-d582-11e7-af4f-6b5d4514198e,2016,62,0,1,0,0,0,0,0,0,1,0,0,0,0,0,0,0,0,0,0,1,0,0,0,1,0
CD4F4FEB-93FB-47AD-A37E-6D268299E1FD,2012,00,1,1,1,0,0,0,0,0,1,0,0,0,0,0,0,0,0,1,0,0,0,0,0,1,0
8b34b220-0ae0-11ea-a7de-15b14f857e77,2019,52,0,0,0,0,0,1,0,0,0,1,0,0,0,1,0,0,0,0,0,0,0,0,0,1,0
CD6924E0-40AB-40F6-A250-799BB14DC4E8,2011,54,0,0,0,1,0,0,0,0,1,0,0,0,0,0,1,0,0,0,0,0,0,1,0,0,0
CD6B370D-BCE2-4FEF-B26D-EB2DA7F48318,2010,92,0,0,0,0,0,1,0,0,0,1,0,0,0,1,0,0,0,0,0,0,0,0,0,1,0
CD6F364B-28C6-403A-927F-956E280EEBDA,2013,52,0,0,0,0,0,1,0,0,1,0,0,0,0,1,0,0,0,0,0,0,0,0,0,1,0
722f3660-02e0-11ed-8b5b-6134b3849169,2022,00,0,1,0,0,0,0,0,0,1,0,0,0,0,0,0,0,1,0,0,0,0,0,0,1,0
CD8F63FC-D539-4147-A968-F4396377D5E9,2014,81,1,1,0,0,0,0,0,0,1,0,0,0,0,0,0,0,1,0,0,0,0,0,0,1,0
CD9EADFC-851B-4B1C-8ADC-0E97BF56AD4B,2012,92,0,0,0,0,0,1,0,0,0,0,1,0,0,0,0,0,0,0,0,1,0,0,0,1,0
2f4252f0-28dd-11e9-adf7-352895b3dcd2,2018,51,0,0,0,0,0,1,0,0,0,1,0,0,0,1,0,0,0,0,0,0,0,1,0,0,0
CDA97A1E-28FC-4D6A-B666-375882AFD647,2011,92,0,0,0,0,0,1,0,0,0,1,0,0,0,1,0,0,0,0,0,0,0,0,0,1,0
C42DA1EC-E43F-4D60-AA25-EF055BDDCDFA,2015,62,0,0,0,0,1,0,0,0,0,1,0,0,1,0,0,0,0,0,0,0,0,0,0,1,0
e88712c0-d56c-11e7-af4f-6b5d4514198e,2017,92,0,0,0,0,0,1,0,0,0,0,1,0,0,1,0,0,0,0,0,0,0,1,0,0,0
5CF444F2-891E-44C4-8BEB-2168EE22F405,2016,62,0,0,0,0,1,0,0,0,0,1,0,0,1,0,0,0,0,0,0,0,0,0,0,1,0
CDCAB00D-62DB-44CE-BC12-4CA88500BFF1,2010,62,1,0,0,0,0,0,0,0,1,0,0,0,0,0,0,0,1,0,0,0,0,0,0,1,0
CDCE3B70-8288-4182-B6A6-708D8FE680F5,2013,62,0,0,0,0,1,0,0,0,0,1,0,0,1,0,0,0,0,0,0,0,0,0,0,1,0
CDD62757-900C-4E5C-965A-FEF39F672C33,2012,61,0,0,0,0,0,0,0,1,0,0,0,1,0,0,0,0,0,0,0,1,0,1,0,0,0
eccdbd40-99a5-11e8-bb21-7f662dc72866,2018,92,0,1,0,0,0,0,0,0,0,0,0,1,0,0,0,0,1,0,0,0,0,1,0,0,0
CDDD39A9-C08E-443B-A7CE-A4536B914D43,2013,33,0,1,0,0,0,0,0,0,1,0,0,0,0,0,0,1,0,0,0,0,0,1,0,0,0
CDE0B4C6-FA54-47AB-B19C-3FEE1AA74FEF,2012,92,0,0,0,0,0,1,0,0,0,1,0,0,0,1,0,0,0,0,0,0,0,0,0,1,0
CDE2256A-44F1-43E1-814C-A00DD351A14F,2013,62,0,0,0,1,0,0,0,0,1,0,0,0,0,0,1,0,0,0,0,0,0,1,0,0,0
CDE8CC2F-FA75-465F-8464-39094B343705,2013,52,0,0,0,0,1,0,0,0,0,1,0,0,1,0,0,0,0,0,0,0,0,1,0,0,0
CDEE5CAA-7420-4AA1-9983-C3C45543D294,2013,92,0,1,0,0,0,0,0,0,1,0,0,0,0,0,0,1,0,0,0,0,1,0,0,0,0
CDF039D8-3281-4934-B43D-4D2DE32E8F6A,2013,52,0,0,0,0,1,0,0,0,1,0,0,0,1,0,0,0,0,0,0,0,0,0,0,1,0
CDF0E1D0-C543-44B8-894C-A8DF0603DC78,2013,00,1,1,1,0,0,0,0,0,1,0,0,0,0,0,0,0,0,1,0,0,0,0,0,1,0
CDF6DC09-B81D-431B-9FA4-EFAE049680BC,2014,92,0,0,0,0,0,1,0,0,0,1,0,0,0,0,1,0,0,0,0,0,0,0,0,1,0
a78a9840-078b-11ed-8fd4-9be359ef207c,2022,62,1,1,0,0,0,0,0,0,1,0,0,0,0,0,0,0,1,0,0,0,0,0,0,1,0
59af4850-0f60-11ed-935e-2fa00f6a742d,2022,48,0,0,0,0,0,1,0,0,0,1,0,0,0,1,0,0,0,0,0,0,0,0,0,1,0
7a400450-76a2-11ef-927d-1558a141866c,2023,62,1,0,0,0,0,0,0,1,1,0,0,0,0,0,0,0,1,0,0,0,0,0,0,1,0
B15A9BD5-0BBB-474A-B84D-48E16778BBAA,2015,92,0,0,0,0,0,1,0,0,0,1,0,0,0,1,0,0,0,0,0,0,0,0,0,1,0
CE16027C-5CD5-4DF9-BB83-E9B81ABC375C,2010,92,0,0,0,0,0,1,0,0,0,1,0,0,0,1,0,0,0,0,0,0,0,0,0,1,0
7812BBBB-1B05-4550-8D9D-563EEFBDF4A4,2015,62,0,0,0,0,0,1,0,0,0,1,0,0,0,1,1,0,0,0,0,0,0,1,0,0,0
CE26923F-2BAF-4360-861F-A4120F296B87,2013,62,0,0,0,1,0,0,0,0,1,0,0,0,0,0,1,0,0,0,0,0,0,1,0,0,0
CE2FE406-5B88-49FF-985F-208199F48FAA,2014,92,0,0,0,0,0,1,0,0,0,1,0,0,0,1,0,0,0,0,0,0,0,0,0,1,0
CE451C3D-B9F5-44D9-91D4-06964E77851B,2013,62,0,0,0,0,0,1,0,0,0,1,0,0,0,0,1,0,0,0,0,0,0,1,0,0,0
B6D767D2-F8ED-5D21-A44B-0E5886680CB9,2025,51,0,1,0,0,0,0,0,0,1,0,0,0,0,0,0,1,0,0,0,0,0,0,0,1,0
CE54AE83-B01D-4807-9E3D-FF0760481957,2010,92,0,0,0,0,1,0,0,0,0,1,0,0,1,0,0,0,0,0,0,0,0,0,0,1,0
c25682f0-b412-11e7-9de8-4bde146bf807,2017,62,0,1,0,0,0,0,0,0,1,0,0,0,0,0,0,0,0,0,0,1,0,0,0,1,0
CE5CF5D1-A9A4-486F-8E5D-6365DBAEF95A,2013,00,1,1,1,0,0,0,0,0,1,0,0,0,0,0,0,0,0,1,0,0,0,0,0,1,0
CE616C41-3DA5-4640-BD0E-BEA0796381A1,2015,72,1,0,0,0,0,0,0,0,1,0,0,0,0,0,0,0,1,0,0,0,0,0,0,1,0
CE62667C-4636-448A-A8C3-2581EBF496D3,2013,62,0,0,0,0,1,0,0,0,0,1,0,0,1,0,0,0,0,0,0,0,0,0,0,1,0
C2DDCE17-E8DB-4C8D-A3F7-1524B6D0C4E4,2015,00,0,0,0,0,0,1,0,0,0,1,0,0,0,1,0,0,0,0,0,0,0,0,0,1,0
9f747e00-c4a1-11e7-9a8b-47d1b690bc01,2017,22,1,0,0,0,0,0,0,0,1,0,0,0,0,0,0,0,1,0,0,0,1,0,0,0,0
CE6EDDF6-4458-4E35-9264-AB1ED3EB6232,2013,92,0,0,0,0,0,1,0,0,0,1,0,0,0,1,0,0,0,0,0,0,0,0,0,1,0
FD46C10E-290F-4656-BDBF-BEFECA9567FA,2016,62,0,1,0,0,0,0,0,0,1,0,0,0,0,0,0,0,0,0,0,1,0,0,0,1,0
CE82D11E-951C-40B2-89D4-642BCF39F097,2012,54,1,1,0,0,0,0,0,0,1,0,0,0,0,0,0,0,1,0,0,0,0,0,0,1,0
CE9ABB88-000B-433C-94C0-B6D2B6CCDF42,2014,52,0,0,0,1,0,0,0,0,1,0,0,0,0,0,0,0,0,0,0,1,0,0,0,1,0
72257AC0-4EBD-4CD5-86C8-0096CCDEA604,2009,52,0,0,0,0,1,0,0,0,0,1,0,0,1,0,0,0,0,0,0,0,0,0,0,1,0
9AB8C71D-D9A9-49C1-BEE9-492B08F31DC6,2016,62,0,1,0,0,0,0,0,0,1,0,0,0,0,0,0,0,0,0,0,1,0,1,0,0,0
CECA9B17-91A7-458D-9BED-E8ACA63EC220,2011,52,0,1,0,0,0,0,0,0,1,0,0,0,0,0,0,0,1,0,0,0,0,0,0,1,0
CED640CF-3BB0-4F87-969C-9D52FE4E438D,2012,52,0,0,0,0,1,0,0,0,0,1,0,0,1,0,0,0,0,0,0,0,0,0,0,1,0
CED869CC-55C0-416B-BFC3-CB9AB9E7880B,2013,53,0,0,0,0,0,1,0,0,0,1,0,0,0,1,0,0,0,0,0,0,0,0,0,1,0
CED9EF42-51CA-4B5B-BE03-3316EE8FF821,2011,92,0,0,0,0,0,1,0,0,0,1,0,0,0,1,0,0,0,0,0,0,0,0,0,1,0
CEE2285A-3EFE-40D5-9129-61CA3D662DF6,2014,62,0,0,0,1,0,0,0,0,1,0,0,0,0,0,1,0,0,0,0,0,0,1,0,0,0
CEE3FDA7-2820-4BD4-B512-5CCFC118E838,2013,49,0,0,0,0,1,0,0,0,0,1,0,0,1,0,0,0,0,0,0,0,0,0,0,1,0
CEE4C76C-4EA2-4C9A-A408-A1F3F08037B9,2013,00,1,1,1,0,0,0,0,0,1,0,0,0,0,0,0,0,0,1,0,0,0,0,0,1,0
6aedb5f0-05d1-11ec-a755-057d35a918cc,2020,51,0,1,0,0,0,0,0,0,1,0,0,0,0,0,0,1,0,0,0,0,1,0,0,0,0
B4E5CA5D-82F2-4DA5-BD49-868823E01648,2015,00,0,1,0,0,0,0,0,0,1,0,0,0,0,0,0,1,0,0,0,0,0,0,0,1,0
8ea5e180-e5e8-11e9-a0ce-353e27116082,2019,33,0,0,0,0,0,1,0,0,0,1,0,0,0,1,0,0,0,0,0,0,0,0,0,1,0
f6feaf40-c593-11e7-8053-ff1e84d2b694,2014,62,0,0,0,0,0,1,0,0,0,1,0,0,0,1,1,0,0,0,0,0,0,1,0,0,0
d598c560-0fe1-11ec-8c66-bd734728b5ba,2020,05,0,1,0,0,0,0,0,0,1,0,0,0,0,0,0,1,0,0,0,0,0,0,0,1,0
CF1A64B4-B0EF-4690-BA0F-3E724D71BCB1,2008,44,0,0,0,1,0,1,0,0,1,0,1,0,0,0,1,0,0,0,0,0,0,1,0,0,0
AC9D2A4D-9D7E-40D0-BD8C-61B1CB92044F,2016,62,0,0,0,1,0,0,0,0,0,0,0,1,0,0,1,0,0,0,0,0,0,0,0,1,0
CF330F1A-A365-4493-B851-FD4CE91BCD3C,2012,62,1,0,0,0,0,0,0,0,1,0,0,0,0,0,0,0,1,0,0,0,0,1,0,0,0
CF364902-10F9-4C2E-A2DA-73E5CFB29E4B,2014,00,0,1,0,0,0,0,0,0,1,0,0,0,0,0,0,1,0,0,0,0,0,0,0,1,0
d1ea6cf0-a1b7-11ea-aa67-0b6b068266ad,2020,51,0,0,0,0,0,1,0,0,0,1,0,0,0,1,0,0,0,0,0,0,0,0,0,1,0
70d7f020-0788-11ed-8fd4-9be359ef207c,2022,00,0,1,0,0,0,0,0,0,1,0,0,0,0,0,0,1,0,0,0,0,0,0,0,1,0
CF3B4A64-A925-4A8E-9BC7-37CAA609A267,2013,92,0,1,0,0,0,0,0,0,1,0,0,0,0,0,0,1,0,0,0,0,0,0,0,1,0
FD16BE8A-313D-4A7C-A004-F15A74BA3E3E,2015,54,0,1,0,0,0,0,0,0,1,0,0,0,0,0,0,1,0,0,0,0,0,0,0,1,0
4e925e80-e1f2-11e7-8553-197c24c367d2,2017,62,0,0,0,0,1,0,0,0,0,1,0,0,1,0,0,0,0,0,0,0,0,0,0,1,0
CF553603-5D0C-4147-AC4A-96E2E07E2210,2015,62,0,0,0,0,0,1,0,0,0,1,0,0,0,1,0,0,0,0,0,0,0,0,0,1,0
E9A70867-85CF-4C16-B19C-72C5787F0AE1,2016,42,0,0,0,1,0,0,0,0,1,0,0,0,0,0,1,0,0,0,0,0,0,0,0,1,0
4f7d4040-0cc2-11ec-a2d0-f3cc343be99c,2020,92,0,0,0,0,0,1,0,0,0,1,0,0,0,1,0,0,0,0,0,0,0,0,0,1,0
CF66B534-9DB3-4B98-9522-C7E8242D00F6,2014,92,0,0,0,0,1,0,0,0,0,1,0,0,1,0,0,0,0,0,0,0,0,0,0,1,0
0904e830-53a1-11ed-9bc2-d5a5778fd37b,2021,62,0,0,0,0,0,1,0,0,0,1,0,0,0,1,0,0,0,0,0,0,0,0,0,1,0
CF78612E-F93F-401F-B08D-6F30C0357B8C,2013,92,0,0,0,0,0,1,0,0,0,1,0,0,0,1,0,0,0,0,0,0,0,0,0,1,0
CF8145D0-59DE-4B9D-AB41-2843A32A850B,2011,62,0,0,0,1,0,0,0,0,1,0,0,0,0,0,1,0,0,0,0,0,0,1,0,0,0
CF825C71-D50B-4219-B6B9-DA1C2F64BEC8,2013,62,0,0,0,1,0,0,0,0,1,0,0,0,0,0,1,0,0,0,0,0,0,1,0,0,0
e89b3be0-d821-11eb-a5a2-812629c6bc41,2021,54,0,0,0,0,0,1,0,0,0,1,0,0,0,1,0,0,0,0,0,0,0,0,0,1,0
69CF9017-0831-4F42-9E09-6B1E5634F53E,2016,81,0,0,0,0,0,1,0,0,1,1,0,0,0,1,0,0,0,0,0,0,0,0,0,1,0
CF9F4DFA-4DED-45C1-BB76-2ADA0E639837,2013,62,0,1,0,0,0,0,0,0,1,0,0,0,0,0,0,0,1,0,0,0,0,1,0,0,0
7a8a92b0-8cc4-11e7-97c0-cfe5b6ac1588,2017,00,0,0,0,0,1,1,0,0,0,1,0,0,0,1,0,0,0,0,0,0,0,0,0,1,0
CFA352CA-24D1-46B8-A162-5E083878A9BE,2014,62,0,0,0,1,0,0,0,0,0,0,1,0,0,0,1,0,0,0,0,0,0,0,0,1,0
CFA3654D-8F46-4EB5-9DA3-BFB2A7CE89DA,2014,61,0,1,0,0,0,0,0,0,1,0,0,0,0,0,0,0,0,0,0,1,0,1,0,0,0
CFA67412-04A3-44A2-AF76-40849F4C744C,2011,92,0,0,0,0,0,1,0,0,0,1,0,0,0,1,0,0,0,0,0,0,0,0,0,1,0
CFBA2710-7918-4866-9975-3044930D6917,2014,44,0,0,0,1,0,0,0,0,1,0,0,0,0,0,0,0,0,0,0,1,0,1,0,0,0
CFD33EC4-6F20-4F2A-BBDD-1DC535638984,2016,62,0,0,0,0,1,0,0,0,0,1,0,0,1,0,0,0,0,0,0,0,0,1,0,0,0
8F6B3AD6-B1D7-4C60-9E9F-9DCB8543356A,2015,62,0,1,0,0,0,0,0,0,1,0,0,0,0,0,0,1,0,0,0,0,0,1,0,0,0
3df29040-eea9-11e7-b683-c1703914e4a4,2016,00,1,0,0,0,0,0,0,0,1,0,0,0,0,0,0,0,1,0,0,0,0,1,0,0,0
CFE1752D-7095-4F6F-935D-EDA52466648B,2013,62,0,0,0,1,0,0,0,0,1,0,0,0,0,0,1,0,0,0,0,0,0,1,0,0,0
CFE2511C-99DB-41C6-A0F0-9A941824318E,2013,92,0,0,0,0,1,0,0,0,0,0,1,0,1,0,0,0,0,0,0,0,0,0,0,1,0
CFE8DB1C-5E9D-4BEF-AAC1-E2DA2D064627,2010,33,0,1,0,0,0,0,0,0,1,0,0,0,0,0,0,0,0,0,0,1,0,0,0,1,0
CFEF23A4-8B2A-4F50-8ABF-2580E204FDB3,2012,62,0,0,0,0,0,1,0,0,0,1,0,0,0,1,0,0,0,0,0,0,0,1,0,0,0
12ec1710-aa09-11e8-b272-396d7fe012b7,2018,61,0,1,0,0,0,0,0,0,1,0,0,0,0,0,0,1,0,0,0,0,1,0,0,0,0
CFF8A77E-8573-4CCF-99B6-62D09A0A4B86,2012,62,0,0,0,1,0,0,0,0,1,0,0,0,0,0,1,0,0,0,0,0,0,1,0,0,0
D0055CC7-23F7-43E5-9632-DEB29C4A74E9,2014,52,0,0,0,0,1,0,0,0,0,1,0,0,1,0,0,0,0,0,0,0,0,0,0,1,0
D00CA9CD-19BF-45E3-83FD-DD8176018D62,2014,61,0,0,0,0,0,0,0,1,0,0,0,1,0,0,0,0,0,0,0,1,0,0,0,1,0
d02a6ea0-0591-11ea-a6b7-b9a04765ea4f,2019,61,0,0,0,0,0,1,0,0,0,1,0,0,0,1,0,0,0,0,0,0,0,0,0,1,0
D0135EF1-A970-49C0-90C7-D3A9A349EA52,2013,51,0,1,0,0,0,0,0,0,1,0,0,0,0,0,0,1,1,0,0,0,0,0,0,1,0
D01ABE67-31DD-4D31-92FE-995B64AE5E98,2012,52,0,0,0,1,0,0,0,0,1,0,0,0,0,0,0,0,0,0,0,1,0,0,0,1,0
D01C75FA-3A8F-4CBE-A255-5F3F367643DE,2012,62,0,0,0,1,0,0,0,0,1,0,0,0,0,0,1,0,0,0,0,0,0,1,0,0,0
daa10f20-e1e8-11e7-8553-197c24c367d2,2017,62,0,0,1,0,1,0,0,0,0,1,0,0,1,0,0,0,0,0,0,0,0,0,0,1,0
3A788113-7828-49AB-9393-B947EFE0B98B,2016,62,0,0,0,0,0,1,0,0,1,1,0,0,0,1,0,0,0,0,0,0,0,1,0,0,0
D035EB4F-3CAB-4F06-9CF5-E96241ECB2AF,2010,00,0,0,0,0,1,0,0,0,0,1,0,0,1,0,0,0,0,0,0,0,0,0,0,1,0
D037D24E-C3B2-4C25-87E8-74ACA6DF5581,2011,62,0,1,0,0,0,0,0,0,1,0,0,0,0,0,0,0,0,0,0,1,0,0,0,1,0
D0466974-84FB-45D8-B0C1-BF924DCBE68D,2012,00,0,0,0,1,0,0,0,0,1,0,0,0,0,0,1,0,0,0,0,0,0,1,0,0,0
D057965C-EFAB-4B45-8D71-198F80AA63F3,2012,51,0,1,0,0,0,0,0,0,1,0,0,0,0,0,0,0,0,0,0,1,0,1,0,0,0
D07A45A8-DF58-4B83-92B0-0AEF5310C75D,2013,92,0,1,0,0,0,0,0,0,1,0,0,0,0,0,0,0,0,0,0,1,0,0,0,1,0
ccc4b440-bd40-11e8-aa8d-730052dce2c2,2018,92,0,1,0,0,0,0,0,0,1,0,0,0,0,0,0,1,0,0,0,0,0,0,0,1,0
D0972751-066D-4861-8D2E-2E18BFD0B714,2010,92,0,0,0,0,0,1,0,0,0,1,0,0,0,0,1,0,0,0,0,0,0,0,0,1,0
D09E40D3-7854-4E6A-8109-21C0109D1AB3,2013,00,1,1,1,0,0,0,0,0,1,0,0,0,0,0,0,0,0,1,0,0,0,0,0,1,0
D0A16E92-C14C-4DED-92C0-0648C926AAF5,2010,42,0,0,0,1,0,0,0,0,1,0,0,0,0,0,1,0,0,0,0,0,0,1,0,0,0
D0ADEEB8-FEE4-4255-8A91-D7C9A366DC46,2013,00,1,0,1,0,0,0,0,0,1,0,0,0,0,0,0,0,1,1,0,0,1,0,0,0,0
D0B3FC0C-0F6F-4C1C-8356-6EBC5F26451A,2014,92,0,1,0,0,0,0,0,0,1,0,0,0,0,0,0,1,0,0,0,0,0,0,0,1,0
81D9C94D-F657-43C4-9FBC-39370610D126,2015,62,0,0,0,1,0,0,0,0,1,0,0,0,0,0,1,0,0,0,0,0,0,0,0,1,0
D0CC2F4B-6A10-4078-832D-0AEFA9BEAA20,2013,00,0,0,0,1,0,0,0,0,1,0,0,0,0,0,1,0,0,0,0,0,0,0,0,1,0
D0D39BD1-5B59-4FBC-B3EC-64A6EB265689,2014,00,0,0,0,0,0,1,0,0,0,0,1,0,0,1,0,0,0,0,0,0,0,0,0,1,0
D0D5E59C-B8B6-45FD-AA6A-D63F86DE5C22,2012,62,0,0,0,0,0,1,0,0,0,0,1,0,0,1,1,0,0,0,0,0,0,1,0,0,0
a32d0920-869b-11e7-8e76-6d3ed9e599f7,2015,00,1,0,0,0,0,0,0,0,1,0,0,0,0,0,0,0,1,0,0,0,0,0,0,1,0
83139810-c332-11e7-8a32-4d861156a278,2017,62,1,1,0,0,0,0,0,0,1,0,0,0,0,0,0,0,1,0,0,0,0,1,0,0,0
5822eae0-ffce-11e9-81dd-7371e517d223,2019,51,0,1,0,0,0,0,0,0,1,0,0,0,0,0,0,0,0,0,0,1,0,0,0,1,0
D0E52B5F-2D89-4AE2-B2F6-51B2CB31A371,2013,92,0,0,0,0,0,1,0,0,0,1,0,0,0,1,0,0,0,0,0,0,0,0,0,1,0
b9150560-de73-11eb-92f2-17e9027f1a94,2020,62,0,1,0,0,0,0,0,0,1,0,0,0,0,0,0,0,0,0,0,1,0,0,0,1,0
c2210820-1461-11eb-ac54-3bea5c26f172,2014,44,0,0,0,0,0,1,0,0,0,1,0,0,0,1,0,0,0,0,0,0,0,0,0,1,0
f3703f80-07bb-11ea-a8b1-672cf95dfdfd,2018,62,1,0,0,0,0,0,0,0,1,0,0,0,0,0,0,0,1,0,0,0,0,1,0,0,0
D0F1DBCF-C394-4460-B3D4-EF3B47171AA6,2010,62,0,0,0,1,0,0,0,0,1,0,0,0,0,0,1,0,0,0,0,0,0,1,0,0,0
c4225740-0256-11eb-8781-bfb630cdf748,2020,00,0,1,0,0,0,0,0,0,1,0,0,0,0,0,0,1,0,0,0,0,0,0,0,1,0
D0F37042-B3DB-4C65-8A56-AB10F306FB66,2015,56,1,1,0,0,0,0,0,0,1,0,0,0,0,0,0,1,1,0,0,0,0,0,0,1,0
D0F38FC6-43A7-44EA-A444-86111900374E,2014,62,0,0,0,1,0,0,0,0,1,0,0,0,0,0,1,0,0,0,0,0,0,1,0,0,0
D0F9472E-D3DC-41C6-89F1-4AA4F5C45F59,2011,92,0,0,0,0,0,1,0,0,0,1,0,0,0,1,0,0,0,0,0,0,0,0,1,0,0
EA741AD6-26B0-491E-AF85-471B8CC83A1A,2015,61,0,0,0,0,0,1,0,0,0,1,0,0,0,1,0,0,0,0,0,0,0,0,0,1,0
D10D32E3-4C1C-4CD1-AB9D-0D45D5740DE7,2013,92,0,1,0,0,0,0,0,0,0,0,1,0,0,0,0,1,0,0,0,0,0,0,0,1,0
8C178E9C-6022-4618-A4FB-034B96DA1367,2015,92,0,0,0,0,0,1,0,0,0,1,0,0,0,1,0,0,0,0,0,0,0,0,0,1,0
D1137DFD-37E3-442C-A844-9A04071531A8,2011,62,0,0,0,0,1,0,0,0,0,1,0,0,1,0,0,0,0,0,0,0,0,0,0,1,0
21c55950-89ce-11e8-bc39-6bf805ebd808,2018,92,0,0,0,0,0,1,0,0,0,1,0,0,0,1,0,0,0,0,0,0,0,0,0,1,0
D119E1A4-0872-4A32-A6A5-1F32E5F5DE4A,2013,00,0,1,0,0,0,0,0,0,1,0,0,0,0,0,0,1,0,0,0,0,0,0,0,1,0
D11E4C9B-6A37-49C5-9AA6-F775415F30A0,2010,92,0,0,0,0,0,1,0,0,0,1,0,0,0,1,0,0,0,0,0,0,0,0,0,1,0
D1259A7C-C7E1-4CB3-9475-E89D353350A6,2013,52,0,0,0,0,0,1,0,0,0,1,0,0,0,1,0,0,0,0,0,0,0,0,0,1,0
D125F15C-5736-498E-BD30-AA1D28F196E7,2013,62,0,0,0,1,0,0,0,0,1,0,0,0,0,0,1,0,0,0,0,0,0,1,0,0,0
D126B515-4B12-4B69-AF74-811ED4D40C24,2013,92,0,0,0,0,0,1,0,0,0,0,1,0,0,0,1,0,0,0,0,0,0,1,0,0,0
2c694480-7dab-11ee-9cff-61aa3e4b3ab2,2021,45,0,1,0,0,0,0,0,0,1,0,0,0,0,0,0,1,0,0,0,0,0,0,0,1,0
fe6b48d0-b203-11e8-800d-891a5c02ea18,2018,62,0,0,0,1,0,0,0,0,1,0,0,0,0,0,1,0,0,0,0,0,0,1,0,0,0
54c44f00-72c4-11eb-a46e-831b23dc7360,2020,61,0,0,0,0,0,1,0,0,0,1,0,0,0,1,0,0,0,0,0,0,0,0,0,1,0
D155EC67-33EE-46B1-B3BA-9EC429D86A9B,2013,51,0,1,0,0,0,0,0,0,1,0,0,0,0,0,0,1,0,0,0,0,0,0,0,1,0
911C82D3-8766-4131-B970-E1D39512D838,2016,61,0,1,0,0,0,0,0,0,0,1,1,0,0,0,0,0,1,0,0,0,0,0,0,1,0
82f2a2d0-a0be-11e8-899a-23ad2f84ca7d,2018,33,0,0,0,0,1,0,0,0,0,1,0,0,1,0,0,0,0,0,0,0,0,0,0,1,0
D174663E-3EC2-4182-ABEE-32AFB4A76F41,2013,62,0,0,0,1,1,0,0,0,0,1,0,0,0,0,1,0,0,0,0,0,0,0,0,1,0
D178F945-FF4C-44EF-A56A-9E8EF7C2B769,2012,92,0,0,0,0,1,0,0,0,0,1,0,0,1,0,0,0,0,0,0,0,0,0,0,1,0
ed096f50-ffdb-11e9-830f-9f9afa6b578d,2019,00,0,1,0,0,0,0,0,0,1,0,0,0,0,0,0,0,1,0,1,0,1,0,0,0,0
D17D25FA-5CAB-4888-8445-82485333DA49,2014,44,0,0,0,0,0,1,0,0,0,1,0,0,0,1,0,0,0,0,0,0,0,0,0,1,0
A9145D97-AD50-42D5-BAAD-930A025FAF36,2016,44,0,0,0,0,1,0,0,0,0,1,0,0,1,0,0,0,0,0,0,0,0,0,0,1,0
D1931A09-8B59-477D-AC27-52A2478D5C90,2013,52,0,0,0,0,0,0,0,1,0,0,0,1,0,0,0,0,0,0,0,1,0,1,0,0,0
D1964948-F9C4-499C-9E4A-758D4BE58203,2013,51,0,1,0,0,0,0,0,0,1,0,0,0,0,0,0,1,0,0,0,0,1,0,0,0,0
D1A0BAA9-592C-4C5A-AB51-CD6B7EC9CF99,2009,00,0,1,0,0,0,0,0,0,1,0,0,0,0,0,0,0,0,0,0,1,0,0,0,1,0
5945d5d5-3cf4-4ad0-9c13-ecac79731dbc,2024,05,0,0,0,0,0,1,0,0,0,1,0,0,0,1,0,0,0,0,0,0,0,0,0,1,0
D1AA9A90-65A2-4CD5-B5BF-E1D074A6C499,2010,62,0,0,0,0,0,1,0,0,0,1,0,0,0,1,1,0,0,0,0,0,0,1,0,0,0
D1AE9091-59DE-4490-87D3-A91D017677E6,2013,62,0,0,0,1,0,0,0,0,1,0,0,0,0,0,1,0,0,0,0,0,0,1,0,0,0
D1AF8236-8B94-4C30-B65F-48DE4AC1AA12,2012,56,0,1,0,0,0,0,0,0,1,0,0,0,0,0,0,1,0,0,0,0,0,0,0,1,0
D1B1677E-746E-48E0-B540-AD88FC85833A,2004,92,0,0,0,0,0,1,0,0,0,1,0,0,0,1,0,0,0,0,0,0,0,1,0,0,0
17b91da0-a19b-11e7-bd2e-43ac41b832c9,2016,52,0,0,0,0,0,1,0,0,0,1,0,0,0,1,0,0,0,0,0,0,0,0,0,1,0
e86b21b0-945b-11e8-8a69-45d02d35861b,2018,92,0,0,0,0,0,1,0,0,0,1,0,0,0,0,1,0,0,0,0,0,0,0,0,1,0
D1D14E38-6896-4EDB-BA54-636C9E9E39EE,2013,62,0,0,0,0,0,0,0,1,0,0,0,1,0,0,0,0,0,0,0,1,0,0,0,1,0
17f8b720-1c3d-11ea-a0aa-479da677bbbc,2019,62,0,0,0,0,0,1,0,0,0,1,0,0,0,1,0,0,0,0,0,0,0,1,0,0,0
D1DDD5D7-F4C5-420F-A466-5E836C3EE1F8,2013,31,0,0,0,0,0,1,0,0,0,1,0,0,0,1,1,0,0,0,0,0,0,0,0,1,0
58875861-EDCA-4492-9167-D3445D05295E,2012,92,0,0,0,0,0,1,0,0,0,1,0,0,0,1,0,0,0,0,0,0,0,0,0,1,0
341eab10-2454-11eb-af35-ed9bb3f10d5f,2020,62,0,0,0,0,1,0,0,0,0,1,0,0,1,0,0,0,0,0,0,0,0,0,0,1,0
172F6E4B-1F48-4B8A-A0AE-391608947BF7,2016,54,1,0,1,0,0,0,0,0,1,0,0,0,0,0,0,0,1,1,0,0,1,0,0,0,0
6f951100-de8c-11eb-92f2-17e9027f1a94,2021,54,0,0,0,0,0,1,0,0,0,1,0,0,0,1,0,0,0,0,0,0,0,0,0,1,0
D20FB140-462A-4BDB-9AAE-F0D94C883CEC,2011,62,0,0,0,1,0,0,0,0,0,1,0,0,0,0,1,0,0,0,0,0,0,1,0,0,0
170304c0-7f02-11ee-a021-bbe4713468e2,2023,45,0,0,0,1,0,0,0,0,1,0,0,0,0,0,0,0,0,0,0,1,0,0,0,1,0
D2176C88-8511-404B-8342-369FBF8C5236,2014,45,0,1,1,0,0,0,0,0,1,0,0,0,0,0,0,0,0,1,0,0,0,0,0,1,0
16694500-0b5a-11e8-985b-1119ad21cbad,2017,33,0,0,0,0,0,1,0,0,0,1,0,0,0,1,0,0,0,0,0,0,0,0,0,1,0
D21E86BA-1994-4F0B-B72D-6866C3E0F7DD,2015,81,0,1,0,0,0,0,0,0,1,0,0,0,0,0,0,1,0,0,0,0,0,0,0,1,0
cafc00a0-c3d6-11e7-8b51-4ba52e63b6cc,2017,92,0,1,0,0,0,0,0,0,1,0,0,0,0,0,0,0,0,0,1,0,1,0,0,0,0
D22CAC1B-7571-49A2-92D6-40F50EC9C7D9,2012,00,0,0,0,0,1,0,0,0,0,1,0,0,1,0,0,0,0,0,0,0,0,1,0,0,0
6a173b70-df73-11e7-98c9-5b20d709bc39,2016,62,0,0,0,0,0,1,0,0,0,1,0,0,0,1,0,0,0,0,0,0,0,0,0,1,0
EE30CCFE-1EBE-4C02-B84E-72762D126C08,2016,62,0,0,0,1,0,1,0,0,0,0,1,0,0,1,1,0,0,0,0,0,0,0,0,1,0
D266FB3B-78DD-42F9-B971-499E7F901339,2012,92,0,0,0,1,0,0,0,0,1,0,0,0,0,0,1,0,0,0,0,0,0,1,0,0,0
54a76c20-c5aa-11e7-8053-ff1e84d2b694,2016,62,0,0,0,0,1,0,0,0,0,1,0,0,1,0,0,0,0,0,0,0,0,0,0,1,0
D26DB416-A043-4975-9F72-2E90A579E8C4,2010,52,0,0,0,0,0,1,0,0,0,0,1,0,0,1,0,0,0,0,0,0,0,1,0,0,0
D2761208-761A-40D6-BA90-EB0607919BB3,2011,61,0,0,0,1,0,0,0,0,1,0,0,0,0,0,1,0,0,0,0,0,0,1,0,0,0
2A99E741-5549-4E3B-9BC5-B8DA1F5631F3,2016,54,0,0,0,0,1,0,0,0,0,0,1,0,1,0,0,0,0,0,0,0,0,0,0,1,0
d6227850-f1fb-11ea-9eb3-fb45745214a6,2020,62,0,1,0,0,0,0,0,0,1,0,0,0,0,0,0,1,0,0,0,0,0,0,0,1,0
D288EC71-8ECA-4362-A59E-7FB08AE5AB55,2013,92,0,1,0,0,0,0,0,0,1,0,0,0,0,0,0,1,0,0,0,0,1,0,0,0,0
e449a8f0-c58e-11e7-8314-790c8d59abbb,2017,00,0,1,0,0,0,0,0,0,1,0,0,0,0,0,0,0,0,0,1,0,1,0,0,0,0
D28F4A2C-A25A-4D50-89A8-0D9C1112BCB7,2013,92,0,0,0,0,0,1,0,0,0,1,0,0,0,1,0,0,0,0,0,0,0,0,0,1,0
D29A11E1-507F-40A3-AA1D-92159C5C63CF,2012,52,0,0,0,0,0,1,0,0,0,1,0,0,0,1,0,0,0,0,0,0,0,0,0,1,0
D2A4D9DD-3420-4CD4-B6F9-CDD19959EA49,2013,52,0,0,0,0,0,1,0,0,0,1,0,0,0,1,0,0,0,0,0,0,0,0,0,1,0
565153CE-D91F-4F3E-8750-C8A058BDB505,2016,81,0,1,0,0,0,0,0,0,1,0,0,0,0,0,0,1,0,0,0,0,0,0,0,1,0
D2AD2838-8CD4-45A4-B99A-21EC8F2773C2,2012,92,0,0,0,0,0,1,0,0,0,1,0,0,0,1,0,0,0,0,0,0,0,0,0,1,0
D2AEC4E6-25FC-49FC-B955-95FA441AEAAB,2015,72,0,1,0,0,0,0,0,0,1,0,0,0,0,0,0,1,1,0,0,0,0,0,0,1,0
ba03c890-ca3f-11e7-8487-35d59b80f11b,2017,62,0,0,0,1,0,0,0,0,1,0,0,0,0,0,1,0,0,0,0,0,0,0,0,1,0
6a0bbc60-8e73-11ec-a600-657ec2694f8f,2021,44,0,0,0,0,0,1,0,0,0,1,0,0,0,1,0,0,0,0,0,0,0,0,0,1,0
D2C1FF97-AC11-493C-BB37-BC8CDC981A63,2013,62,0,0,0,0,0,1,0,0,0,1,0,0,0,1,0,0,0,0,0,0,0,0,0,1,0
D2D042C4-E121-4D4C-8697-BC246A5ED225,2012,92,0,1,0,0,0,0,0,0,1,0,0,0,0,0,0,1,0,0,0,0,0,0,0,1,0
D2D8AC6F-1301-478E-B88E-642972DE8B27,2012,54,0,1,0,0,0,0,0,0,1,0,0,0,0,0,0,1,0,0,0,0,0,0,0,1,0
D2E11392-874E-480A-A4B0-8EFA44436334,2012,52,0,0,0,0,1,0,0,0,0,1,0,0,1,0,0,0,0,0,0,0,0,0,0,1,0
BB092B9F-CB42-4970-8EE0-EAC1F39736EE,2016,51,0,1,0,0,0,0,0,0,1,0,0,0,0,0,0,1,0,0,0,0,1,0,0,0,0
53AF1F7D-F8DB-4371-B63E-B8F8A9FDEB78,2016,62,0,0,0,1,0,0,0,0,1,0,0,0,0,0,1,0,0,0,0,0,0,0,0,1,0
CC43DD6A-C939-46A8-BFE3-DAB17B82E0D3,2015,62,0,0,0,0,1,0,0,0,0,1,0,0,1,0,0,0,0,0,0,0,0,0,0,1,0
7e57c4d0-e91f-11e9-b01d-8d8474fb7a4b,2017,62,0,0,0,0,0,1,0,0,0,1,0,0,0,1,0,0,0,0,0,0,0,0,0,1,0
D305CA4D-0909-4F8B-9BA5-4CC3BEA5D33A,2014,62,0,0,0,0,0,1,0,0,0,1,0,0,0,1,0,0,0,0,0,0,0,0,0,1,0
D309C7A3-353C-40D4-ACF0-A2D59C1FB2C5,2013,07,1,1,0,0,0,0,0,0,1,0,0,0,0,0,0,0,1,0,0,0,0,0,0,1,0
D30D3ACF-2743-42BA-8B84-2E191F6FFD33,2012,92,0,0,0,0,0,1,0,0,0,1,0,0,0,1,0,0,0,0,0,0,0,0,0,1,0
D316E0CF-5B1E-4838-94A0-5A2685EC1FA2,2013,92,0,0,0,0,0,1,0,0,0,1,0,0,0,1,0,0,0,0,0,0,0,0,0,1,0
7156d660-099b-11ec-863c-8359987c65e0,2020,62,1,1,0,0,0,0,0,0,1,0,0,0,0,0,0,0,1,0,0,0,0,0,0,1,0
D326C8BF-E69F-4C5B-BEA1-2F61D1DC6A18,2013,32,0,1,0,0,0,0,0,0,1,0,0,0,0,0,0,1,0,0,0,0,0,0,0,1,0
D33DC7A4-C4A1-462B-8798-A63C0E9C8A70,2000,33,1,1,0,0,0,0,0,0,1,0,0,0,0,0,0,0,1,0,0,0,0,0,0,1,0
D33E9C57-8EBB-461F-9C73-4F91196BF9F7,2012,92,0,0,0,0,1,0,0,0,0,1,0,0,1,0,0,0,0,0,0,0,0,0,0,1,0
D3400AD9-BD1A-4DAD-9FA5-95535B058E7D,2010,52,0,0,0,0,1,0,0,0,0,1,0,0,1,0,0,0,0,0,0,0,0,0,0,1,0
f3fa2580-72bb-11eb-a674-05cfd55ad89e,2020,51,0,0,0,0,0,1,0,0,0,1,0,0,0,1,0,0,0,0,0,0,0,0,0,1,0
D353F8F0-5919-42C8-8DB0-7FBCAB183FA1,2013,72,1,0,0,0,0,0,0,0,1,0,0,0,0,0,0,0,1,0,0,0,0,1,0,0,0
D35A71F8-8E98-4837-9811-C3D6E85B1057,2011,54,0,1,0,0,0,0,0,0,1,0,0,0,0,0,0,0,1,0,0,0,0,0,0,1,0
D35B9AFF-8047-4B75-9A87-49A8D53E4DC3,2013,22,0,1,0,0,0,0,0,0,1,0,0,0,0,0,0,0,0,0,1,0,1,0,0,0,0
A5BFC9E0-7964-F8DD-DEB9-5FC584CD965D,2025,51,0,1,0,0,0,0,0,0,1,0,0,0,0,0,0,1,0,0,0,0,0,0,0,1,0
D37D1C96-C22D-45E2-9A9F-3F085D55EEEF,2011,92,0,0,0,0,1,0,0,0,0,1,0,0,1,0,0,0,0,0,0,0,0,0,0,1,0
3ed2cba0-a9e0-11e7-8c20-836b8b691ede,2017,71,1,0,0,0,0,1,0,0,1,1,0,0,0,0,0,0,1,0,0,0,0,0,0,1,0
D3898E9D-7BB8-47A5-84FD-C586EE90FD81,2011,92,0,0,0,0,1,0,0,0,0,1,0,0,1,0,0,0,0,0,0,0,0,0,0,1,0
D390FCA7-8F0A-4A43-BEBC-5F41BA4A0DEB,2014,72,0,0,0,0,1,0,0,0,0,1,0,0,1,0,0,0,0,0,0,0,0,0,0,1,0
D3934B0B-1465-4DF6-9438-3C3CFD746DCC,2012,62,0,0,0,1,0,0,0,0,1,0,0,0,0,0,1,0,0,0,0,0,0,0,1,0,0
D3944502-722E-418E-B675-9BDC608EDFF9,2008,92,0,0,0,0,1,0,0,0,0,1,0,0,1,0,0,0,0,0,0,0,0,0,0,1,0
D82C8D16-19AD-8176-D665-453CFB2E55F0,2025,31,0,1,0,0,0,0,0,0,1,0,0,0,0,0,0,1,0,0,0,0,0,0,0,1,0
FEB701B2-5100-44E6-B660-C28DC8728DF9,2016,92,0,1,0,0,0,0,0,0,1,0,0,0,0,0,0,0,0,0,0,1,0,0,0,1,0
D39BEDB9-0678-40B7-B0D7-1E90D164DF33,2012,45,0,0,0,0,0,0,0,1,0,0,0,1,0,0,0,0,0,0,0,1,0,0,0,1,0
ad0c9450-72fb-11e7-a859-bd14321ac1c3,2017,62,1,0,0,0,0,0,0,0,1,0,0,0,0,0,0,0,1,0,0,0,0,0,1,0,0
D3DA3039-A650-46FE-B936-F07BBCE3C381,2013,45,1,0,0,0,0,0,0,0,1,0,0,0,0,0,0,0,1,0,0,0,0,0,0,1,0
5cb52b10-9980-11e7-b039-d34ad5cfc38b,2017,52,0,0,0,1,0,0,0,0,1,0,0,0,0,0,0,0,0,0,0,1,0,0,0,1,0
68415760-0d8b-11eb-8a4c-a57973eceafd,2020,61,0,0,0,0,0,1,0,0,0,1,0,0,0,1,0,0,0,0,0,0,0,0,0,1,0
D3E01ED1-EB6E-4E3F-A5AB-F2A18C79C531,2013,56,0,0,0,0,0,1,0,0,0,0,1,0,0,1,0,0,0,0,0,0,0,0,0,1,0
a86fcc60-a625-11e8-b17d-c5c01e287634,2018,52,0,0,0,1,0,0,0,0,1,0,0,0,0,0,1,0,0,0,0,0,0,0,0,1,0
bad2cd90-e4ab-11eb-8ef6-fbb8d39928b9,2020,32,1,0,1,0,0,0,0,0,1,0,0,0,0,0,0,0,1,0,0,0,0,1,0,0,0
D3E40875-8BFF-49E9-B18C-1042EE1F97F0,2014,62,0,0,0,1,0,0,0,0,1,0,0,0,0,0,1,0,0,0,0,0,0,1,0,0,0
8177D05E-66D1-4487-99E2-4F13E3544091,2016,05,0,0,0,1,0,0,0,0,1,0,0,0,0,0,0,0,0,0,0,1,0,0,0,1,0
b8068470-d952-11e7-a452-77d2890a67ae,2016,62,1,1,0,0,0,0,0,0,1,0,0,0,0,0,0,0,1,0,0,0,0,0,0,1,0
AD0334F6-5783-44B1-A10B-B6CD55197DA2,2016,92,0,0,0,0,1,1,0,0,0,1,0,0,1,1,0,0,0,0,0,0,0,1,0,0,0
D4002848-E677-4F04-9DC1-72378517AFB7,2012,62,0,0,0,1,0,0,0,0,1,0,0,0,0,0,1,0,0,0,0,0,0,1,0,0,0
D40EC68F-4A5A-4AF3-94B4-06622ACDCF09,2012,92,0,0,0,0,0,1,0,0,0,1,0,0,0,1,0,0,0,0,0,0,0,0,0,1,0
edbba120-fb21-11e9-ac31-5797fdf8a397,2019,51,0,1,0,0,0,0,0,0,1,0,0,0,0,0,0,1,0,0,0,0,0,0,0,1,0
e7e4f360-d63d-11e7-af4f-6b5d4514198e,2016,51,0,1,0,0,0,0,0,0,1,0,0,0,0,0,0,1,0,0,0,0,0,0,0,1,0
48810C37-AB47-4E5D-917D-5FFA30FD4597,2015,62,0,0,0,0,0,1,0,0,0,1,0,0,0,1,0,0,0,0,0,0,0,0,0,1,0
BFDBEA6C-7B90-4D2C-B8B7-52620FF7FDB1,2016,62,1,1,0,0,0,0,0,0,1,0,0,0,0,0,0,0,1,0,0,0,0,0,0,1,0
D42A2C10-41AA-46E5-A0B5-337FBE858F1D,2013,62,0,0,0,0,1,0,0,0,0,1,0,0,1,0,0,0,0,0,0,0,0,0,0,1,0
796F6440-4F21-42E9-A15A-71E0D9F97456,2016,51,0,1,0,0,0,0,0,0,1,0,0,0,0,0,0,1,0,0,0,0,0,0,0,1,0
6880F6A9-A603-4C1F-ACD8-0BD9123DA9A0,2016,44,0,0,0,1,0,0,0,0,1,0,0,0,0,0,0,0,0,0,0,1,0,0,0,1,0
0E4804C2-B6AA-4BB4-814A-90C469143D11,2016,33,0,0,0,0,0,1,0,0,0,0,1,0,0,1,1,0,0,0,0,0,0,0,0,1,0
D431BA39-A3DF-4728-96BE-5288402882B8,2014,00,0,0,0,1,0,0,0,0,1,0,0,0,0,0,1,0,0,0,0,0,0,1,0,0,0
D44013EA-1423-423F-8BA9-E29E39893CF7,2014,61,0,0,0,0,0,1,0,0,0,1,0,0,0,1,0,0,0,0,0,0,0,0,0,1,0
D4512B77-06F8-449E-9A7E-41753054FFA1,2011,00,0,0,0,0,1,0,0,0,0,1,0,0,1,0,0,0,0,0,0,0,0,0,0,1,0
D4565451-FCCB-4B4B-ABAA-5CA5FB5FDF6E,2012,54,0,0,0,1,0,0,0,0,1,0,0,0,0,0,1,0,0,0,0,0,0,1,0,0,0
D4613094-12DD-4F8D-A9FF-12188AC6B860,2009,32,1,1,1,0,0,0,0,0,1,0,0,0,0,0,0,0,0,1,0,0,0,0,0,1,0
D4698686-86B4-446E-A9F9-27798D533F7A,2015,52,0,0,0,0,0,1,0,0,0,1,0,0,0,1,0,0,0,0,0,0,0,0,0,1,0
D46C8F9F-04F9-42B4-A5BA-FC0D3917F518,2014,56,0,0,0,0,0,1,0,0,0,0,1,0,0,1,0,0,0,0,0,0,0,0,0,1,0
D46CA0D2-853B-4C1D-878C-A6B36AE04E3F,2011,54,0,1,0,0,0,0,0,0,1,0,0,0,0,0,0,1,0,0,0,0,0,0,0,1,0
D46ECDAD-0B7A-4ED2-A09C-7DDE01067BC4,2014,62,0,0,0,1,0,0,0,0,1,0,0,0,0,0,1,0,0,0,0,0,0,1,0,0,0
D47663BE-4424-4D50-A476-8974A1F972FB,2013,09,0,1,0,0,0,0,0,0,1,0,0,0,0,0,0,1,0,0,0,0,0,0,0,1,0
D48D65C1-CA28-41BD-83E9-6FD8CC4DF1C6,2010,92,0,0,0,0,0,1,0,0,0,1,0,0,0,1,0,0,0,0,0,0,0,0,1,0,0
4dc0d0f0-c496-11e7-9a8b-47d1b690bc01,2014,92,0,0,0,0,0,1,0,0,0,1,0,0,0,1,0,0,0,0,0,0,0,0,1,0,0
8bf2a770-d3bf-11e8-9659-2bc8d207b0aa,2018,44,0,0,0,1,0,0,0,0,1,0,0,0,0,0,0,0,0,0,0,1,0,0,0,1,0
D49275C0-AC4B-475D-AFC7-DFA827E7065A,2011,92,0,0,0,0,0,1,0,0,0,1,0,0,0,1,0,0,0,0,0,0,0,0,0,1,0
33C10037-8261-4519-9F32-D32D00C6AF41,2015,54,0,0,0,0,1,0,0,0,0,1,0,0,1,0,0,0,0,0,0,0,0,0,0,1,0
89029c20-0c87-11eb-ac0d-91a70ee1d655,2020,51,0,0,0,0,0,1,0,0,0,1,0,0,0,1,0,0,0,0,0,0,0,0,0,1,0
65dcdf40-eaba-11e7-92b6-dfe49f9d7042,2017,62,0,0,0,1,0,0,0,0,1,0,0,0,0,0,1,0,0,0,0,0,0,1,0,0,0
38e9cfb0-8440-11e7-9557-ff063714718d,2017,71,0,1,0,0,0,0,0,0,1,0,0,0,0,0,0,1,0,0,0,0,0,0,0,1,0
D4AF9895-A338-4A0B-8D19-D0DFBF617E57,2013,31,1,1,0,0,0,0,0,0,1,0,0,0,0,0,0,0,1,0,0,0,0,0,0,1,0
D4B1096B-5360-4FC7-AD18-2DDF727BB212,2012,92,0,0,0,0,1,0,0,0,0,1,0,0,1,0,0,0,0,0,0,0,0,0,0,1,0
ecc26c90-81e8-11e7-ace7-c5c15a923e51,2017,81,1,0,0,0,0,0,0,0,1,0,0,0,0,0,0,0,1,0,0,0,0,0,0,1,0
D4C0B310-D01F-4519-A7A8-32C97AF47457,2013,62,0,0,0,0,0,1,0,0,0,0,1,0,0,1,1,0,0,0,0,0,0,1,0,0,0
D4C34B77-0397-46B4-83D3-001E75F6D335,2014,52,0,0,0,1,0,0,0,0,1,0,0,0,0,0,1,0,0,0,0,0,0,0,0,1,0
23422cc3-c8a9-407a-a36d-0ce45abae3a1,2023,51,0,1,0,0,0,0,0,0,1,0,0,0,0,0,0,1,0,0,0,0,0,0,0,1,0
D4D8AA64-3A1F-4BA6-B6E4-04E3E308DA9C,2010,92,0,0,0,0,0,1,0,0,0,1,0,0,0,1,0,0,0,0,0,0,0,0,1,0,0
6B6DB332-B0F5-43A2-A0BD-F3BD99ED5CCC,2016,42,0,0,0,0,1,1,0,0,0,1,0,0,1,0,0,0,0,0,0,0,0,0,0,1,0
ae1b6a50-a1bb-11ea-aa67-0b6b068266ad,2020,32,1,0,1,0,0,0,0,0,1,0,0,0,0,0,0,0,1,1,0,0,0,0,0,1,0
D4E72A70-3A9A-4FDE-8134-7CC9CB2667DC,2013,00,0,1,0,0,0,0,0,0,1,0,0,0,0,0,0,1,0,0,0,0,0,0,0,1,0
402af260-4e50-11ed-9185-8d15ab5b74e6,2021,81,1,1,0,0,0,0,0,1,1,0,0,0,0,0,0,0,1,0,0,0,0,1,0,0,0
a0394090-7232-11eb-a674-05cfd55ad89e,2020,00,0,0,0,0,0,1,0,0,0,1,0,0,0,0,1,0,0,0,0,0,0,0,0,1,0
D50443F7-4C98-4F7D-90BD-87D3B659EF83,2008,54,0,0,0,1,0,0,0,0,0,1,0,0,0,0,1,0,0,0,0,0,0,0,0,1,0
fde13a70-8ccd-11e7-811e-83915e56fc98,2016,00,0,1,1,0,0,0,0,0,1,0,0,0,0,0,0,0,0,1,0,0,0,1,0,0,0
D51012B7-7B2D-45F7-AD32-D8DE755F5916,2014,51,0,1,0,0,0,0,0,0,1,0,0,0,0,0,0,1,0,0,0,0,0,0,0,1,0
35040EB1-5CFD-4BE7-8024-300E579EA11B,2025,54,0,1,0,0,0,0,0,0,1,0,0,0,0,0,0,1,0,0,0,0,0,0,0,1,0
D5148ED3-778D-4363-A572-496574F1A349,2014,62,0,0,0,0,0,1,0,0,0,1,0,0,0,1,0,0,0,0,0,0,0,0,0,1,0
D51CECA4-55BC-4694-9CD5-3C6A1491729B,2013,61,0,0,0,0,0,1,0,0,0,1,0,0,0,1,0,0,0,0,0,0,0,1,0,0,0
73351fa0-ee39-11eb-a0c0-efc7cda0e23f,2019,52,0,0,0,0,0,1,0,0,0,1,0,0,0,1,0,0,0,0,0,0,0,0,0,1,0
D520C7DC-C229-47F2-83B5-251DE1EB1535,2010,92,0,0,0,0,0,1,0,0,0,1,0,0,0,1,0,0,0,0,0,0,0,0,1,0,0
D524499D-5E31-43E6-B8FB-A329265F7CCB,2015,33,0,1,0,0,0,0,0,0,1,0,0,0,0,0,0,1,0,0,0,0,0,0,0,1,0
D53164B6-B45C-4C41-80E9-D744F978B3CA,2012,62,0,0,0,0,0,1,0,0,0,1,0,0,0,1,0,0,0,0,0,0,0,0,0,1,0
D53D6571-88F9-4B20-A6DE-0E88FB44BA99,2015,92,0,0,0,0,1,0,0,0,0,1,0,0,1,0,0,0,0,0,0,0,0,0,0,1,0
D5408911-CEE9-4011-990C-B42DC9E11BC2,2014,92,0,1,0,0,0,0,0,0,1,0,0,0,0,0,0,1,0,0,1,0,1,0,0,0,0
AB2618D1-3B68-4218-904A-8E36CEAAD26E,2015,54,0,1,0,0,0,0,0,0,1,0,0,0,0,0,0,0,0,0,0,1,0,1,0,0,0
D54A214B-0F42-4B50-B530-C2224F025953,2012,62,0,0,0,1,0,0,0,0,1,0,0,0,0,0,1,0,0,0,0,0,0,1,0,0,0
DE91447C-FEEB-4261-902A-B1D5831117E7,2016,62,0,0,0,0,0,1,0,0,0,1,0,0,0,1,0,0,0,0,0,0,0,0,0,1,0
D56038EE-280F-4FEE-A21F-BB59C3720D7C,2009,62,0,0,0,0,0,0,0,1,0,0,0,1,0,0,0,0,0,0,0,1,0,1,0,0,0
e2dad590-aa2e-11e8-b2b4-5de6d270e153,2018,62,1,0,0,0,0,0,0,0,1,0,0,0,0,0,0,0,1,0,0,0,0,1,0,0,0
D563D7BA-6C79-4069-81E6-888B01EBD7BB,2012,62,0,0,0,1,0,0,0,0,1,0,0,0,0,0,1,0,0,0,0,0,0,1,0,0,0
9dd2b1c0-8e7c-11e8-8003-e3ff5269fee2,2017,00,0,1,1,0,0,0,0,0,1,0,0,0,0,0,0,0,0,1,0,0,0,0,0,1,0
61beb4e0-a2c3-11e7-a67b-81fbdaca3f85,2017,00,0,0,0,0,1,0,0,0,0,1,0,0,1,0,0,0,0,0,0,0,0,1,0,0,0
D57F0F5A-BAA8-4613-A40A-5BA674C410FE,2010,92,0,0,0,0,0,1,0,0,0,1,0,0,0,1,0,0,0,0,0,0,0,0,0,1,0
D5822B8C-E33E-4139-89CD-0EBF92B74D79,2014,51,0,1,0,0,0,0,0,0,1,0,0,0,0,0,0,1,0,0,1,0,1,0,0,0,0
D58A7DFF-EFAB-47ED-8D93-5A4A4E323AE6,2014,62,0,0,0,0,1,0,0,0,0,1,0,0,1,0,0,0,0,0,0,0,0,0,0,1,0
180B2116-0FF6-4B57-99CA-F81317CA98F4,2015,92,0,0,0,0,0,1,0,0,0,1,0,0,0,1,0,0,0,0,0,0,0,0,0,1,0
e0077140-e420-11e7-8742-2bc46bd10713,2016,92,0,0,0,0,0,1,0,0,0,1,0,0,0,1,0,0,0,0,0,0,0,0,0,1,0
D59C6713-6F68-4817-95E5-5237D1A77647,2014,49,1,1,0,0,0,0,0,0,1,0,0,0,0,0,0,0,1,0,0,0,0,0,0,1,0
D59E1DE9-9073-45A0-B1FA-6A92B16342B6,2012,09,0,0,0,0,1,0,0,0,0,1,0,0,1,0,0,0,0,0,0,0,0,0,0,1,0
D5B5E6BB-BE82-46D9-809F-51D22AD0A2B0,2013,62,0,0,0,1,0,0,0,0,1,0,0,0,0,0,1,0,0,0,0,0,0,1,0,0,0
3a8e9110-e45e-11e7-977c-0b3846f56840,2017,06,0,0,0,0,1,0,0,0,0,1,0,0,1,0,0,0,0,0,0,0,0,0,0,1,0
60f0d9d0-3525-11e9-8dbb-275658e06f31,2018,00,0,0,0,0,0,1,0,0,0,1,0,0,0,1,0,0,0,0,0,0,0,0,0,1,0
ccdbf1b0-918e-11e8-ad4c-017f2df1a0a0,2017,92,0,0,0,0,0,1,0,0,0,1,0,0,0,1,0,0,0,0,0,0,0,0,0,1,0
D5BE1EB5-2D08-44BB-8084-088F137CE48A,2012,62,0,0,0,0,0,1,0,0,0,1,0,0,0,1,0,0,0,0,0,0,0,0,0,1,0
D5C7B730-005E-4519-B82D-BFDEA80DE536,2013,52,0,0,0,0,0,0,0,1,0,0,0,1,0,0,0,0,0,0,0,1,0,1,0,0,0
D5EB5CD7-8925-4E4B-B6E8-A2C1C575C256,2013,42,1,1,0,0,0,0,0,0,0,0,0,1,0,0,0,0,1,0,0,0,0,0,0,1,0
D5EBB7F6-8E30-420A-B6A3-16A9493340FD,2014,52,0,0,0,0,0,1,0,0,0,0,1,0,0,1,0,0,0,0,0,0,0,0,0,1,0
D5EF3509-5E5F-4C02-99B1-695B62190253,2013,72,0,0,0,1,0,0,0,0,1,0,0,0,0,0,1,0,0,0,0,0,0,1,0,0,0
D5F6430B-EDCD-49A2-B7C4-BA5122B80871,2012,62,0,0,0,1,0,0,0,0,1,0,0,0,0,0,1,0,0,0,0,0,0,1,0,0,0
136C0D26-D3B7-46F8-97EE-D7893B655EC2,2016,51,0,1,0,0,0,0,0,0,1,0,0,0,0,0,0,1,0,0,0,0,0,0,0,1,0
D6069176-2E35-4A58-B3BA-4C66AF561B13,2011,62,0,0,0,1,0,0,0,0,1,0,0,0,0,0,1,0,0,0,0,0,0,1,0,0,0
D60AE086-AEF5-45D6-A5C9-3CC0D2117A65,2013,52,0,0,0,1,0,0,0,0,1,0,0,0,0,0,0,0,0,0,0,1,0,0,0,1,0
d6d56f60-8924-11e8-8760-271b3d9edf6d,2018,44,0,0,0,1,0,0,0,0,1,0,0,0,0,0,0,0,0,0,0,1,0,1,0,0,0
D61B3856-206C-47C0-97C6-020846B4E96B,2011,52,0,0,0,0,0,0,0,1,0,0,0,1,0,0,0,0,0,0,0,1,0,0,0,1,0
D61CFC66-C52E-41E8-BEDB-7FD1C4CA8705,2014,32,0,0,0,0,0,1,0,0,0,1,0,0,0,1,0,0,0,0,0,0,0,0,0,1,0
70df8340-3521-11e9-8dbb-275658e06f31,2018,33,0,0,0,0,0,1,0,0,0,1,0,0,0,1,0,0,0,0,0,0,0,0,0,1,0
dcf59c40-fe76-11e8-aee0-f7420d4f3238,2018,00,1,0,0,0,0,0,0,0,0,1,0,0,0,0,0,0,1,0,0,0,1,0,0,0,0
4F146B52-0E90-484F-909B-7613DC003099,2016,00,0,0,1,0,0,1,0,0,1,0,0,0,0,0,0,0,0,1,0,0,1,0,0,0,0
D6220346-4049-4FED-B8B1-1B97BFF0ED42,2012,09,0,0,0,1,0,0,0,0,1,0,0,0,0,0,1,0,0,0,0,0,0,1,0,0,0
5a6b4830-7efd-11ee-a021-bbe4713468e2,2023,00,0,1,1,0,0,0,0,0,1,0,0,0,0,0,0,1,0,1,0,0,0,0,0,1,0
D6320F9E-C3F1-4B0D-B4DA-AF69A3294C74,2011,62,0,0,0,1,0,0,0,0,1,0,0,0,0,0,1,0,0,0,0,0,0,1,0,0,0
D633CADE-3EE7-414E-BBDE-5CF410007586,2014,45,0,1,0,0,0,0,0,0,1,0,0,0,0,0,0,1,0,0,0,0,0,0,0,1,0
D6469EC6-16ED-458F-AFC3-BBA4E99F4714,2003,54,0,1,0,0,1,0,0,0,0,0,1,0,1,0,0,0,0,0,0,0,0,0,0,1,0
49b96ff0-e7c3-11ea-8ff0-e3594c873b30,2020,00,0,0,0,0,0,1,0,0,0,1,0,0,0,1,0,0,0,0,0,0,0,0,0,1,0
2CC1832D-0B97-4DBB-BF8E-6B47ED3FFDEF,2016,00,1,1,0,0,0,0,0,1,1,0,0,0,0,0,0,0,1,0,0,0,0,0,0,1,0
39C451F0-BEBA-455B-A2F0-A66C5C185EF1,2016,44,0,0,0,1,0,0,0,0,1,0,0,0,0,0,1,0,0,0,0,0,1,0,0,0,0
9754F225-C3FC-4FA7-8D6F-C531E0D40AA7,2015,62,0,0,0,0,1,0,0,0,1,1,0,0,1,0,0,0,0,0,0,0,0,0,0,1,0
D6742637-7EDE-4D09-B80D-ED87EB62DD55,2013,61,0,1,0,0,0,0,0,0,1,0,0,0,0,0,0,0,0,0,0,1,0,0,0,1,0
D67C057B-E1CA-43C3-8956-B9CADF7422DA,2012,62,0,0,0,1,0,0,0,0,1,0,0,0,0,0,1,0,0,0,0,0,0,1,0,0,0
D67C88C2-4140-497F-829E-227D6114DA5F,2012,62,0,0,0,0,1,0,0,0,0,1,0,0,1,0,0,0,0,0,0,0,0,0,0,1,0
D67D2CB4-2B0C-4C15-98AE-A3F02B405583,2011,52,0,1,0,0,0,0,0,0,1,0,0,0,0,0,0,1,0,0,0,0,0,0,0,1,0
D67E0E81-8937-45E6-AA55-0D138CE1A470,2013,72,0,0,0,1,0,0,0,0,1,0,0,0,0,0,1,0,0,0,0,0,0,1,0,0,0
D6814290-D370-49F1-BAB4-9AF3AC1693CD,2013,42,0,1,0,0,0,0,0,0,1,0,0,0,0,0,0,1,0,0,0,0,1,0,0,0,0
D68320BD-62FA-4D03-881F-DD17DD240295,2009,00,0,0,1,0,1,0,0,0,1,0,0,0,0,0,0,0,0,1,0,0,0,0,0,1,0
D68839BC-C5E2-47B0-B32F-BFA79B1D5290,2013,00,0,1,0,0,0,0,0,0,1,0,0,0,0,0,0,0,0,0,0,1,0,0,0,1,0
D68F7BB1-CDE2-4915-83ED-29E656A5ED9F,2011,92,0,0,0,0,0,1,0,0,0,1,0,0,0,1,0,0,0,0,0,0,0,0,0,1,0
D695E58B-E5E0-4ABF-8037-F7E6BE9A66EB,2013,51,0,1,0,0,0,0,0,0,1,0,0,0,0,0,0,1,0,0,0,0,0,0,0,1,0
D6994E65-5EB6-449B-BEAC-6EB48A1BB4EF,2023,54,0,1,0,0,0,0,0,0,1,0,0,0,0,0,0,0,1,0,0,0,0,0,0,1,0
D69953F7-528C-4BA4-8827-869C9B89A69D,2010,92,0,0,0,0,1,0,0,0,0,1,0,0,1,0,0,0,0,0,0,0,0,0,0,1,0
3ED0B543-A40D-44A4-A2F8-6AEE63DD88BB,2016,00,0,0,0,0,1,0,0,0,0,1,0,0,1,0,0,0,0,0,0,0,0,0,0,1,0
D6A4A861-F899-4D9F-BC6F-048BD218A592,2012,62,0,0,0,1,0,0,0,0,1,0,0,0,0,0,1,0,0,0,0,0,0,1,0,0,0
52ab63f0-2aa0-11eb-9486-e305299943be,2016,33,0,0,1,0,1,0,0,0,1,1,0,0,1,0,0,0,0,0,0,0,0,0,0,1,0
D6A6339C-233D-4D8D-907F-17AD93EF8915,2015,52,0,0,0,1,0,0,0,0,1,0,0,0,0,0,0,0,0,0,0,1,0,1,0,0,0
D6B1D1FD-6221-4729-B5CB-4DF39956EFF7,2010,62,0,0,0,1,0,0,0,0,1,0,0,0,0,0,1,0,0,0,0,0,0,1,0,0,0
D6B57420-EE12-4DDE-8C2C-592D9D6CC6A0,2014,62,0,1,0,0,0,0,0,0,1,0,0,0,0,0,0,0,0,0,0,1,0,0,0,1,0
D6BEAA82-F426-4140-822A-97659933DE26,2011,62,0,0,0,0,0,1,0,0,0,1,0,0,0,1,0,0,0,0,0,0,0,1,0,0,0
02FD07DC-72FC-4953-B68B-55E21D500705,2016,05,0,1,0,0,0,0,0,0,1,0,0,0,0,0,0,1,0,0,0,0,0,0,0,1,0
72df7970-3607-11e9-bfa7-0593a63883d2,2019,51,1,0,0,0,0,0,0,0,1,0,0,0,0,0,0,0,1,0,0,0,0,0,0,1,0
D6CECFD7-677D-4FB9-B70B-55A6FD897DF2,2010,62,0,0,0,0,1,0,0,0,0,0,1,0,1,0,0,0,0,0,0,0,0,0,0,1,0
9ff0cfe0-8923-11e8-8760-271b3d9edf6d,2017,92,0,0,0,1,1,0,0,0,0,1,0,0,1,0,1,0,0,0,0,0,0,0,1,0,0
E0517CC7-32E5-4AEB-A49D-1B484D8DB230,2015,54,0,0,0,0,1,0,0,0,0,1,0,0,1,0,0,0,0,0,0,0,1,0,0,0,0
D6D68F18-383B-4B65-97A6-7C2B0EBE5B7A,2012,00,1,1,1,0,0,0,0,0,1,0,0,0,0,0,0,0,0,1,0,0,0,0,0,1,0
b04629c0-8439-11e7-a921-2d695ce70b69,2017,00,0,0,1,0,0,0,0,0,1,0,0,0,0,0,0,0,0,1,0,0,0,0,0,1,0
D6E0AC58-B0DC-4870-B30E-6B9312EA0C30,2013,56,0,0,0,1,0,0,0,0,0,0,0,1,0,0,1,0,0,0,0,0,0,1,0,0,0
D6E7644A-794A-46AE-BB03-250BFB307E65,2011,09,0,0,0,0,1,0,0,0,0,1,0,0,1,0,0,0,0,0,0,0,0,0,0,1,0
D6EC2C8B-C4E5-4DD4-8768-8A8A80D4BEA4,2013,61,1,1,0,0,0,0,0,0,1,0,0,0,0,0,0,1,0,0,0,0,1,0,0,0,0
27c22ff0-4fc6-11ed-b425-911ebaacea9c,2022,92,0,0,0,0,1,0,0,0,0,1,0,0,1,0,0,0,0,0,0,0,0,0,0,1,0
D6F921C8-9A6A-424A-841F-F1BCD0CCE5DF,2014,92,0,0,0,1,0,0,0,0,1,0,0,0,0,0,1,0,0,0,0,0,0,1,0,0,0
D700E75F-BDBF-4315-BE07-9F4BC8C96A2A,2015,62,0,0,0,0,1,0,0,0,0,1,1,0,1,0,0,0,0,0,0,0,0,0,0,1,0
D70BCC9B-1440-4276-A865-28DE1D260544,2014,62,0,0,0,0,0,1,0,0,0,1,0,0,0,1,0,0,0,0,0,0,0,0,0,1,0
D7113E27-FDAF-493A-93AE-FE7FAEA66DEB,2012,61,0,0,0,0,0,1,0,0,0,1,0,0,0,1,0,0,0,0,0,0,0,0,0,1,0
D71420D1-B8C6-471F-85BB-300BE15930E8,2014,61,0,0,0,1,0,0,0,0,1,0,0,0,0,0,1,0,0,0,0,0,0,0,0,1,0
05196ad0-a77a-11e7-ae18-bd2df8850f54,2017,44,0,0,0,1,0,0,0,0,1,0,0,0,0,0,0,0,0,0,0,1,0,0,0,1,0
59965820-07bd-11ea-a8b1-672cf95dfdfd,2019,51,0,1,0,0,0,0,0,0,1,0,0,0,0,0,0,1,0,0,0,0,0,0,0,1,0
EF3A08C8-7F67-4914-987E-E5BEB28ABB28,2016,92,0,1,0,0,0,0,0,0,1,0,0,0,0,0,0,0,0,0,0,1,0,1,0,0,0
8106cee0-a477-11e7-b5cf-fd750643ba69,2013,62,0,0,0,0,0,1,0,0,0,1,0,0,0,1,0,0,0,0,0,0,0,0,0,1,0
D73B3496-1479-476C-AD3F-3D4244A10552,2014,06,0,0,0,1,0,0,0,0,1,0,0,0,0,0,1,0,0,0,0,0,0,1,0,0,0
D7425785-BD93-4229-B98B-0CA4D94AC7D6,2015,62,0,0,1,0,0,0,0,0,1,0,0,0,0,0,0,0,0,1,0,0,0,0,0,1,0
D749F627-C539-4F82-A05D-9765174252FA,2012,05,0,1,0,0,0,0,0,0,1,0,0,0,0,0,0,1,0,0,0,0,0,0,0,1,0
D74FC29C-8D89-4BC0-94BE-8CC7A517F5F5,2014,00,0,0,0,0,0,1,0,0,0,1,0,0,0,0,1,0,0,0,0,0,0,0,0,1,0
D764FAAC-4787-4B0A-AD12-6EE22BE493B1,2013,52,0,0,0,1,0,0,0,0,1,0,0,0,0,0,1,0,0,0,0,0,0,0,0,1,0
D767C088-F4E8-4EF9-AD7A-473C9ADBD899,2013,92,0,0,0,0,1,0,0,0,0,1,0,0,1,0,0,0,0,0,0,0,0,0,0,1,0
39b8bc90-9d67-11e7-af90-45f1ceac3d54,2017,51,0,0,0,0,0,1,0,0,0,1,0,0,0,1,0,0,0,0,0,0,0,1,0,0,0
D77405E2-D1E1-4A85-94FF-486FF8A40EEF,2015,62,0,0,0,0,0,1,0,0,0,1,0,0,0,1,0,0,0,0,0,0,0,0,0,1,0
D77C34A8-01CA-475D-B963-929EA7D35B0F,2014,62,0,1,1,0,0,0,0,0,1,0,0,0,0,0,0,1,0,0,0,0,0,0,0,1,0
c2ee6a70-1df1-11ea-89d1-f1d5c86069c8,2019,62,0,0,0,0,1,0,0,0,0,1,0,0,1,0,0,0,0,0,0,0,0,0,0,1,0
0bd03b00-da34-11e7-a58f-dff506a792fb,2014,62,0,0,0,0,0,1,0,0,0,1,0,0,0,1,0,0,0,0,0,0,0,0,0,1,0
C722F3E0-1B45-4343-B535-29CC41E4347C,2013,51,0,0,0,0,1,0,0,0,0,1,0,0,1,0,0,0,0,0,0,0,0,0,0,1,0
16B674BB-85A2-48A5-9CA6-2BEA6D902DDA,2016,44,0,0,0,1,0,0,0,0,1,0,0,0,0,0,0,0,0,0,0,1,0,0,0,1,0
2525B3E6-C76F-4736-A52F-00017BD0A3F7,2015,06,0,1,0,0,0,0,0,0,1,0,0,0,0,0,0,0,0,0,0,1,0,0,0,1,0
D78A2063-DF5D-4E23-A416-DB5F131A3370,2012,51,0,1,0,0,0,0,0,0,1,0,0,0,0,0,0,1,0,0,0,0,0,0,0,1,0
D78C8E3E-4463-45E4-A221-A83E2C9F064C,2011,92,0,0,0,0,1,0,0,0,0,1,0,0,1,0,0,0,0,0,0,0,0,0,0,1,0
D7982C0C-3681-4297-AB2A-D1CADB52A0EE,2011,92,0,0,0,0,0,1,0,0,0,1,0,0,0,1,0,0,0,0,0,0,0,0,0,1,0
D79A67DF-7A82-44D9-92FE-AF9EC3040FA3,2004,92,0,0,0,0,0,1,0,0,0,1,0,0,0,1,0,0,0,0,0,0,0,0,0,1,0
D7A06C41-5F09-4BEB-907C-D3CBDC3146E1,2015,44,0,0,0,0,0,0,0,1,1,1,0,0,0,0,0,0,0,0,0,1,0,0,0,1,0
D7A8B5A5-7919-4925-B524-C0CE847DDC85,2013,53,0,0,0,0,1,0,0,0,0,1,0,0,1,0,0,0,0,0,0,0,0,0,0,1,0
D7AD0874-C743-471C-AE35-1F22207D01A6,2010,62,0,0,0,1,0,0,0,0,1,0,0,0,0,0,1,0,0,0,0,0,0,1,0,0,0
b897e480-de21-11e9-b511-f75921c18742,2019,52,0,0,0,0,0,1,0,0,0,1,0,0,0,1,0,0,0,0,0,0,0,0,0,1,0
3E95981D-35BE-4A17-A4F5-AA72E134BAB1,2016,61,0,1,0,0,0,0,0,0,1,0,0,0,0,0,0,1,0,0,0,0,0,0,0,1,0
033a0ff0-e0b5-11e9-8cfd-bf57b38104b7,2019,62,1,1,0,0,0,0,0,0,1,0,0,0,0,0,0,0,1,0,0,0,0,1,0,0,0
D7C15329-AAE6-48E7-BE23-5B6502736ECC,2013,51,0,1,0,0,0,0,0,0,1,0,0,0,0,0,0,1,0,0,0,0,0,0,0,1,0
D7C1F49D-6144-468E-911B-2CD2FD94E1E8,2013,42,0,1,0,0,0,0,0,0,1,0,0,0,0,0,0,0,0,0,1,0,1,0,0,0,0
891c9e80-ac77-11e8-8036-a30436c88231,2017,62,0,0,0,0,1,0,0,0,0,0,1,0,1,0,0,0,0,0,0,0,0,0,0,1,0
C5FE9B59-33E1-4867-9B72-82C4EAC9D9D1,2016,92,0,0,0,0,0,1,0,0,0,1,0,0,0,1,0,0,0,0,0,0,0,1,0,0,0
D7C94E15-C4D5-4E8B-BC5F-25FD0CF0B2BC,2013,45,0,0,0,0,0,1,0,0,0,0,1,0,0,1,0,0,0,0,0,0,0,1,0,0,0
2838023A-778D-FAEC-DC21-2708F721B788,2025,72,0,1,0,0,0,0,0,0,1,0,0,0,0,0,0,1,0,0,0,0,0,0,0,1,0
D7F3783A-8F00-4F8B-87C6-AEBD36616E87,2010,62,0,0,0,0,0,1,0,0,0,1,0,0,0,1,0,0,0,0,0,0,0,0,0,1,0
D7F63841-1E34-485A-829C-89B35291739E,2013,44,0,0,0,1,0,0,0,0,1,0,0,0,0,0,0,0,0,0,0,1,0,0,0,1,0
00886e80-9a28-11e7-9c6e-153653ac7780,2017,44,0,0,0,1,0,0,0,0,1,0,0,0,0,0,0,0,0,0,0,1,0,0,0,1,0
D80547BC-D6D7-4913-ADD4-2721618135BC,2013,00,0,0,0,1,0,0,0,0,1,0,0,0,0,0,1,0,0,0,0,0,0,1,0,0,0
D816827D-BC61-4105-87F7-BA4FBD655EC0,2011,33,0,0,0,0,1,0,0,0,0,1,0,0,1,0,0,0,0,0,0,0,0,0,0,1,0
D81ACBD8-7769-4CBF-A316-8A9A225EA32A,2013,51,0,1,0,0,0,0,0,0,1,0,0,0,0,0,0,1,0,0,0,0,0,0,0,1,0
D8214EC3-F7D7-45AB-9659-934E90EABD15,2012,45,0,0,0,1,0,0,0,0,1,0,0,0,0,0,0,0,0,0,0,1,0,0,0,1,0
D8251F40-CBDF-45A0-8A88-DDE184638972,2013,61,0,1,0,0,0,1,0,0,1,1,0,0,0,1,0,1,0,0,0,0,0,1,0,0,0
68bc0f10-3470-11ed-979a-ede67af894b9,2020,62,0,0,0,0,1,0,0,0,0,1,0,0,1,0,0,0,0,0,0,0,0,0,0,1,0
D828A03B-2629-444C-BA31-F393837D3E75,2012,00,1,0,0,0,0,0,0,0,1,0,0,0,0,0,0,0,1,0,0,0,0,0,0,1,0
825a12f0-72cf-11eb-a674-05cfd55ad89e,2019,54,0,0,0,0,0,1,0,0,0,1,0,0,0,1,0,0,0,0,0,0,0,0,0,1,0
246AB809-C099-408E-AB37-CB377A119E7E,2016,62,0,0,0,0,0,1,0,0,0,1,0,0,0,1,0,0,0,0,0,0,0,0,0,1,0
D840431D-E9DE-4818-B999-8BE3C1874B4E,2013,62,0,0,0,0,0,0,0,1,0,0,0,1,0,0,0,0,0,0,0,1,0,0,0,1,0
53042CB1-26C3-4BA8-8C23-3482695A01DF,2015,92,0,0,0,0,1,0,0,0,0,1,0,0,1,0,0,0,0,0,0,0,0,0,0,1,0
D84BBD3A-FCC6-4328-BDA2-3C91EAD57452,2013,81,0,0,0,0,0,1,0,0,0,1,0,0,0,1,0,0,0,0,0,0,0,1,0,0,0
D852C276-CC62-4F9D-86F6-CDFEFBC03299,2008,92,0,0,0,0,0,1,0,0,0,1,0,0,0,1,0,0,0,0,0,0,0,0,0,1,0
17904680-974c-11e8-8342-0f8f10fcd812,2018,92,0,1,1,0,0,0,0,0,1,1,0,0,0,0,0,0,0,1,0,0,0,0,0,1,0
D85BCF4C-6282-4014-917C-FE22666EC222,2012,52,0,1,0,0,0,0,0,0,1,0,0,0,0,0,0,1,0,0,0,0,0,0,0,1,0
D86222E6-44D7-4526-A783-A0D0E2177D22,2013,51,0,0,0,0,1,0,0,0,0,1,0,0,1,0,0,0,0,0,0,0,0,0,0,1,0
D8780A8F-79FD-425F-B1AA-E0DDEED5435D,2013,52,0,1,0,0,0,0,0,0,1,0,0,0,0,0,0,0,1,0,0,0,0,0,0,1,0
6C0081AE-CA60-414B-84F2-C7FFEC39563D,2013,44,0,0,0,1,0,0,0,0,1,0,0,0,0,0,0,0,0,0,0,1,0,0,0,1,0
ca0c07d0-e7be-11ea-8ff0-e3594c873b30,2020,00,0,0,0,0,0,1,0,0,0,1,0,0,0,1,0,0,0,0,0,0,0,0,0,1,0
27cd9e80-f6c1-11eb-9352-c36534d585e1,2020,51,1,0,0,0,0,0,0,0,1,0,0,0,0,0,0,0,1,0,0,0,0,1,0,0,0
F0E3E12D-6084-4F2A-A2E2-3A7D09149B99,2016,44,0,0,0,1,0,0,0,0,1,0,0,0,0,0,0,0,0,0,0,1,0,1,0,0,0
12A05887-6463-48A9-A2CD-7C958C5D31D1,2024,56,1,0,0,0,0,0,0,0,1,0,0,0,0,0,0,0,1,0,0,0,0,0,0,1,0
D89EA5E5-129D-4FCC-B5AE-94C709A4B942,2014,00,0,1,0,0,0,0,0,0,1,0,0,0,0,0,0,1,0,0,0,0,1,0,0,0,0
D8AA4C30-B802-4E73-A159-FED91FE023F1,2014,44,0,1,0,0,0,0,0,0,1,0,0,0,0,0,0,1,0,0,0,0,0,0,0,1,0
D8ACCEF4-8E4E-456A-8144-974880BBCF58,2012,44,0,0,0,0,1,0,0,0,0,1,0,0,1,0,0,0,0,0,0,0,0,0,0,1,0
c0309fe0-d6a7-11f0-901b-c962ba1dfe3a,2025,44,1,0,1,0,0,0,0,0,1,0,0,0,0,0,0,0,1,1,0,0,0,0,0,1,0
D8C11D02-BF81-4F49-8294-AADEB91945A5,2014,92,0,0,0,0,0,1,0,0,0,1,0,0,0,1,0,0,0,0,0,0,0,0,0,1,0
ac241450-e017-11ef-8e7d-5bcd93832819,2024,00,0,1,0,0,0,0,0,0,1,0,0,0,0,0,0,0,1,0,0,0,0,0,0,1,0
80eb6e90-a226-11e8-ae61-0fc7f403e976,2018,51,0,0,0,0,0,1,0,0,0,0,1,0,0,1,0,0,0,0,0,0,0,0,0,1,0
D8CC475D-02CE-4B13-BE83-DD90DCBACFEF,2013,62,0,0,0,0,0,1,0,0,0,1,0,0,0,1,0,0,0,0,0,0,0,0,0,1,0
50a8f9c0-4a4a-11ed-b987-7f1d15bc4f21,2022,33,0,1,0,0,0,0,0,1,1,0,0,0,0,0,0,1,0,0,0,0,1,0,0,0,0
e470a910-1975-11ed-ac8d-a1874ec50e39,2020,92,0,0,0,0,1,0,0,0,0,0,1,0,1,0,0,0,0,0,0,0,0,1,0,0,0
D8D4C215-17BC-4518-A64F-4767BF656D32,2013,33,0,1,0,0,0,0,0,0,1,0,0,0,0,0,0,0,1,0,0,0,0,0,0,1,0
D8D74B3B-9DF3-4B32-A61F-9620586A7632,2007,00,0,0,0,0,0,1,0,0,0,0,1,0,0,1,0,1,0,0,0,0,0,0,0,1,0
D8E9007E-D18C-4659-ADD0-EE8023619C28,2013,61,0,0,0,0,0,1,0,0,0,1,0,0,0,1,0,0,0,0,0,0,0,0,0,1,0
D8EBCDB1-EA35-41F5-A2AC-2CA907B21734,2013,92,0,0,0,0,0,1,0,0,0,1,0,0,0,1,0,0,0,0,0,0,0,0,0,1,0
a2e226a0-d52d-11f0-8f89-6d14fba40689,2024,42,0,1,0,0,0,0,0,1,1,0,0,0,0,0,0,0,0,0,0,1,0,0,0,1,0
622d4fb0-ce6b-11e9-b4e5-4769cce343a0,2019,62,0,0,0,0,0,1,0,0,0,0,0,1,0,1,0,0,0,0,0,0,0,0,0,1,0
D8F5BFCE-5979-46A2-8B6C-F07EDF541500,2014,44,0,0,0,1,0,0,0,0,1,0,0,0,0,0,0,0,0,0,0,1,0,0,0,1,0
85232D3A-6394-4DCF-8CCE-2BE75AED5053,2010,62,0,0,0,0,1,0,0,0,0,1,0,0,1,0,0,0,0,0,0,0,0,0,0,1,0
D8F7D2A2-B9E7-4067-A74D-B06CAEDA7038,2008,61,0,0,0,0,1,0,0,0,0,1,0,0,1,0,0,0,0,0,0,0,0,0,0,1,0
D8F9848E-B52E-42ED-9A9C-CA743C2BF278,2011,00,0,1,0,0,0,0,0,0,1,0,0,0,0,0,0,0,1,0,0,0,0,0,0,1,0
D919FBA0-8619-4F65-91B2-247ACD9A5294,2013,92,0,0,0,0,0,1,0,0,0,1,0,0,0,1,0,0,0,0,0,0,0,0,0,1,0
D5EF1FD3-1BFC-43E8-A77A-8D6E80B6D46C,2015,33,0,0,1,0,1,0,0,0,0,1,0,0,1,0,0,0,0,0,0,0,0,0,0,1,0
B040BD1B-8129-4926-8EF1-B4CD957E7C25,2016,62,0,0,0,0,1,0,0,0,0,1,0,0,1,0,0,0,0,0,0,0,0,0,0,1,0
2364fcb0-d951-11e9-baf3-31037743ca61,2017,51,0,0,0,0,0,1,0,0,0,1,0,0,0,1,0,0,0,0,0,0,0,0,0,1,0
F96FF75C-5000-4EE9-8B4C-81FCF6AF25C4,2016,52,0,0,0,1,0,0,0,0,1,0,0,0,0,0,0,0,0,0,0,1,0,0,0,1,0
FBDCDE9F-B47B-41B6-B79B-46DCAE8FB94E,2015,92,0,0,0,0,0,1,0,0,0,1,0,0,0,1,0,0,0,0,0,0,0,0,0,1,0
D94C5CDD-371C-43AF-B851-C2E0B13776E3,2012,62,0,0,0,1,0,0,0,0,1,0,0,0,0,0,1,0,0,0,0,0,0,1,0,0,0
02E74F10-E032-7AD8-68D1-38F2B4FDD6F0,2025,54,0,1,0,0,0,0,0,0,1,0,0,0,0,0,0,1,0,0,0,0,0,0,0,1,0
D94F7846-0369-4817-92C4-B8A68D0203FC,2015,51,0,0,0,0,1,0,0,0,0,1,0,0,1,0,0,0,0,0,0,0,0,0,0,1,0
5fa13100-9f79-11ea-bb5f-9176852f1f89,2020,54,0,0,0,0,0,1,0,0,0,1,0,0,0,1,0,0,0,0,0,0,0,0,0,1,0
2d018410-8ac3-11e8-aafc-8b374e4aa1f3,2018,92,1,0,0,0,0,0,0,0,1,0,0,1,0,0,0,0,1,0,0,0,1,0,0,0,0
1B618C84-56AE-4703-91A8-D74A205F9706,2015,92,0,0,0,0,0,1,0,0,0,1,0,0,0,1,0,0,0,0,0,0,0,1,0,0,0
D984F5F0-D6BA-4704-B487-EB226109F9A7,2013,00,0,0,0,0,0,1,0,0,0,1,0,0,0,1,0,0,0,0,0,0,0,0,0,1,0
D985B4E5-C665-4162-B1F1-A5CC8ED0C3B8,2013,00,0,1,0,0,0,0,0,0,1,0,0,0,0,0,0,1,0,0,0,0,0,1,0,0,0
D986B4C0-B3E4-4516-B6AF-65A95EDE3F45,2015,72,1,1,0,0,0,0,0,0,1,0,0,0,0,0,0,0,1,0,0,0,0,0,0,1,0
C6E3F2AF-B40A-4635-B4E2-27A0004E53D7,2016,61,0,0,0,0,0,1,0,0,0,1,0,0,0,1,0,0,0,0,0,0,0,0,0,1,0
D99040B0-9B7B-4491-A751-BD6EA2EEBB52,2015,61,0,0,0,0,0,1,0,0,0,1,0,0,0,1,0,0,0,0,0,0,0,1,0,0,0
D9958FCC-949B-42F4-874B-75515AD7B015,2015,92,0,0,0,0,1,0,0,0,0,1,0,0,1,0,0,0,0,0,0,0,0,0,0,1,0
3E9FB21A-0C84-4A2D-9FE5-0EDEDA647086,2016,62,0,0,0,0,0,1,0,0,0,1,1,0,0,1,0,0,0,0,0,0,0,1,0,0,0
D99B7D59-7BDD-4D33-8BCA-55E3D8746F77,2013,44,0,1,0,0,0,0,0,0,1,0,0,0,0,0,0,0,1,0,0,0,0,0,0,1,0
D99E3CEB-218E-46A7-B88A-7DD4B5CC2A21,2013,92,0,0,0,0,0,1,0,0,0,1,0,0,0,1,0,0,0,0,0,0,0,0,0,1,0
D99F43D2-4023-481D-8811-6E93518D4639,2013,52,0,0,0,0,0,1,0,0,0,1,0,0,0,1,0,0,0,0,0,0,0,0,0,1,0
091C4449-F7D2-4378-9A06-641F6EEB272E,2014,92,0,0,0,0,0,1,0,0,0,1,0,0,0,1,0,0,0,0,0,0,0,0,0,1,0
5248da90-d951-11f0-82e6-074fe481ef29,2025,53,0,0,0,0,0,1,0,0,0,1,0,0,0,1,0,0,0,0,0,0,0,0,0,1,0
D9AB3FEB-29F3-4526-8249-FA551B028486,2013,56,0,1,0,0,0,0,0,0,1,0,0,0,0,0,0,1,0,0,0,0,0,0,0,1,0
D9AEB260-AA96-42DD-9A26-07ECFF4025A2,2013,51,0,1,0,0,0,0,0,0,1,0,0,0,0,0,0,1,0,0,0,0,1,0,0,0,0
D9B38721-017F-421A-A3AE-434D371DF89E,2013,92,0,1,0,0,0,0,0,0,1,0,0,0,0,0,0,0,0,0,0,1,0,0,0,1,0
D9C5CA62-FB99-43E0-BB1B-FAA662B6107C,2014,00,0,0,0,0,0,1,0,0,0,1,0,0,0,1,0,0,0,0,0,0,0,0,0,1,0
D9D71FA3-5EB1-492A-91E7-8570C97B16BC,2013,51,0,1,0,0,0,0,0,0,1,0,0,0,0,0,0,1,0,0,0,0,1,0,0,0,0
D9DDAE29-88E1-4D93-BE06-218412F28646,2013,62,0,0,0,1,0,0,0,0,1,0,0,0,0,0,1,0,0,0,0,0,0,1,0,0,0
D9E1EB50-1352-467B-8906-C160398DAA2A,2014,62,0,0,0,0,0,1,0,0,0,1,0,0,0,1,0,0,0,0,0,0,0,1,0,0,0
D9E22DD5-7F9C-486A-BC29-D6458123BD31,2008,32,0,0,0,0,0,1,0,0,0,1,0,0,0,1,0,0,0,0,0,0,0,1,0,0,0
D9EEC268-3935-4702-81AB-BB15021EB193,2015,92,0,0,0,0,1,0,0,0,0,1,0,0,1,0,0,0,0,0,0,0,1,0,0,0,0
e8a26ab0-c49c-11e7-9a8b-47d1b690bc01,2017,52,0,0,0,1,0,0,0,0,1,0,0,0,0,0,0,0,0,0,0,1,0,1,0,0,0
DA0652B9-9999-4097-B26B-9578CA60C581,2013,51,0,1,0,0,0,0,0,0,1,0,0,0,0,0,0,1,0,0,0,0,0,1,0,0,0
DA08EEA1-BB39-41E2-815A-2E6888F593FF,2013,00,0,0,0,0,0,1,0,0,0,1,0,0,0,1,0,0,0,0,0,0,0,0,0,1,0
cc932390-eab3-11e7-92b6-dfe49f9d7042,2017,62,0,0,0,0,0,1,0,0,0,1,0,0,0,1,0,0,0,0,0,0,0,0,0,1,0
DA1D9761-CA1E-4F51-8EC0-5EB70AC3600E,2014,00,0,1,0,0,0,0,0,0,1,0,0,0,0,0,0,1,0,0,1,0,1,0,0,0,0
DA2141C3-0DB6-44D8-B9C4-736DF3E67541,2010,92,0,0,0,0,0,1,0,0,0,1,0,0,0,1,0,0,0,0,0,0,0,0,0,1,0
37a64b40-c8e2-11e9-918d-0fca885a1bcc,2019,52,0,0,0,0,0,1,0,0,0,1,0,0,0,1,0,0,0,0,0,0,0,0,0,1,0
7fe08390-94ae-11e7-9340-f70be1ebf87c,2017,62,0,0,1,0,0,0,0,0,1,0,0,0,0,0,0,0,0,1,0,0,0,0,0,1,0
DA3344B4-8FF9-4B87-B576-6DE2F2F23F98,2015,51,0,0,1,0,0,0,0,0,0,1,0,0,0,0,0,0,0,1,0,0,0,0,0,1,0
e136ede0-e2de-11e7-a8b4-b50015373b0a,2017,61,0,0,0,0,0,1,0,0,0,1,0,0,0,1,0,0,0,0,0,0,0,0,0,1,0
DA3902D1-6146-4EFF-8149-6CFA1ED7E92F,2014,52,0,0,0,1,1,0,0,0,0,1,0,0,1,0,1,0,0,0,0,0,0,0,0,1,0
DA45269E-6777-4955-814E-AC49BA8A1B97,2014,62,0,0,0,0,1,0,0,0,0,1,0,0,1,0,0,0,0,0,0,0,0,0,0,1,0
DD00AA2A-6578-4E61-A3E3-2BF62E9FD3A8,2016,00,0,0,0,0,1,0,0,0,0,1,0,0,1,0,0,0,0,0,0,0,0,0,0,1,0
DA4DF937-14C5-4A48-8940-553A36163129,2012,81,0,0,0,0,1,0,0,0,1,1,0,0,1,0,0,0,0,0,0,0,0,0,0,1,0
DA4E7CDA-85DA-4742-8C2C-537B3DD62FA7,2014,62,0,0,0,0,0,1,0,0,0,1,0,0,0,1,0,0,0,0,0,0,0,0,0,1,0
39352080-eeaf-11e7-b683-c1703914e4a4,2016,62,0,0,0,0,0,1,0,0,0,1,0,0,0,1,0,0,0,0,0,0,0,0,0,1,0
DA569083-AA61-4143-A6F0-1F4291AA1B04,2007,33,0,0,0,0,1,0,0,0,0,1,0,0,1,0,0,0,0,0,0,0,0,1,0,0,0
5e86fd70-0c52-11ed-91ff-0b0a6a79f02d,2021,99,0,1,0,0,0,0,0,0,1,0,0,0,0,0,0,0,1,0,0,0,0,1,0,0,0
25660520-0fbd-11ea-936a-1ffb751fb68b,2019,52,0,1,1,0,0,0,0,0,1,0,0,0,0,0,0,0,0,1,0,0,0,0,0,1,0
DA64661F-4C91-4B00-92A2-643D6473FAF0,2012,09,0,0,0,0,1,0,0,0,0,1,0,0,1,0,0,0,0,0,0,0,0,0,0,1,0
DA68CBC1-0A0E-44DB-B830-EADAB10E334E,2012,51,0,1,0,0,0,0,0,0,1,0,0,0,0,0,0,1,0,0,0,0,0,0,0,1,0
DA69DBBA-EDF2-425F-9BC3-BD52A1A7198A,2013,92,0,0,0,0,0,1,0,0,0,1,0,0,0,1,0,0,0,0,0,0,0,0,0,1,0
cc1e6070-3bf2-11ec-963f-f964320be408,2021,71,1,1,0,0,0,0,0,0,1,0,0,0,0,0,0,0,1,0,0,0,0,0,0,1,0
DA75F8CF-4736-469A-8DE2-94CDF3EE7F01,2014,62,0,0,0,0,0,1,0,0,0,1,0,0,0,1,0,0,0,0,0,0,0,0,0,1,0
7cc465e0-44c7-11ed-a916-a1b9ec4e3e46,2022,33,1,0,0,0,0,0,0,1,1,0,0,0,0,0,0,0,1,0,0,0,0,1,0,0,0
DA8823D7-5D93-405C-80CF-6E4420FAAC82,2014,32,0,1,0,0,0,0,0,0,1,0,0,0,0,0,0,1,0,0,0,0,0,0,0,1,0
57920d90-5480-11ed-92c8-2df42efe4bf9,2022,62,1,0,0,0,0,0,0,1,1,0,0,0,0,0,0,0,1,0,0,0,0,0,0,1,0
feb24580-72e7-11eb-a674-05cfd55ad89e,2018,33,0,0,0,0,0,1,0,0,0,1,0,0,0,1,0,0,0,0,0,0,0,0,0,1,0
DA9FD4C0-4054-4E3F-9EA9-2FA05DD202DD,2015,92,1,1,0,0,0,0,0,0,1,0,0,0,0,0,0,0,1,0,0,0,0,0,0,1,0
DAA40F5A-6E1A-48EE-9E56-6D77EFD4FA2E,2014,52,0,0,0,0,1,0,0,0,0,1,0,0,1,0,0,0,0,0,0,0,0,0,0,1,0
DAA68B75-8A43-47EA-9609-DDB67C1CF852,2013,00,0,0,0,0,0,1,0,0,0,1,0,0,0,1,0,0,0,0,0,0,0,0,0,1,0
DAAB8DA1-5712-417C-B922-0ACD08E235B5,2012,61,0,1,0,0,0,0,0,0,0,1,0,0,0,0,0,0,1,0,0,0,0,0,0,1,0
D567A618-E17A-4921-97C0-DC48DA7017C6,2016,62,1,1,0,0,0,0,0,0,1,0,0,0,0,0,0,0,1,0,0,0,0,0,0,1,0
69de55e0-f1fd-11ea-9eb3-fb45745214a6,2020,45,0,1,0,0,0,0,0,0,1,0,0,0,0,0,0,1,0,0,0,0,0,0,0,1,0
DADD3C8D-51EE-4CBB-A70D-6CF90CF7D11B,2014,62,0,0,0,1,0,0,0,0,1,0,0,0,0,0,1,0,0,0,0,0,0,0,0,1,0
DAE03331-EA43-465D-868B-247BD900C2EC,2010,45,0,1,0,0,0,0,0,0,1,0,0,0,0,0,0,0,0,0,0,1,0,0,0,1,0
DAE1A88D-E74F-4589-8F64-1053E291E429,2014,54,0,1,0,0,0,0,0,0,1,0,0,0,0,0,0,0,1,0,0,0,1,0,0,0,0
DAE5A879-361E-48A4-993F-6218143A24A4,2013,00,0,1,0,0,0,0,0,0,1,0,0,0,0,0,0,1,0,0,0,0,1,0,0,0,0
DAFB5479-4701-41F6-8509-49FB62EC5DF0,2012,62,0,0,0,1,0,0,0,0,1,0,0,0,0,0,1,0,0,0,0,0,0,1,0,0,0
DAFF127F-1AFF-4623-A6EE-1EE364654A9A,2013,62,0,0,0,1,0,0,0,0,1,0,0,0,0,0,1,0,0,0,0,0,0,1,0,0,0
DB059CE8-AAA9-446F-AD25-4650B25AF9D4,2012,61,0,0,0,1,0,0,0,0,1,0,0,0,0,0,1,0,0,0,0,0,0,1,0,0,0
1d9eb3c0-8902-11e8-82c8-d50e157d53ee,2014,33,0,0,0,0,0,1,0,0,0,1,0,0,0,1,0,0,0,0,0,0,0,0,0,1,0
DB0BB69D-C5D0-4D41-9C34-2DD03A472931,2013,52,0,1,0,0,0,0,0,0,1,0,0,0,0,0,0,1,0,0,0,0,1,0,0,0,0
DB18EDCE-9D49-4536-B7D8-B9BD5469B345,2011,92,0,0,0,0,0,1,0,0,0,1,0,0,0,1,0,0,0,0,0,0,0,0,0,1,0
6F0820DF-2D22-4D7F-A7F8-B38AE3C8DFEE,2016,54,0,0,0,0,0,1,0,0,0,1,0,0,0,1,1,0,0,0,0,0,0,1,0,0,0
DB25FFEC-7426-48AE-8693-A453DD55E6FA,2013,52,0,0,0,0,0,1,0,0,0,1,0,0,0,1,0,0,0,0,0,0,0,1,0,0,0
DB2787A6-89CC-4BDA-9654-A0203C10D8FA,2012,51,0,1,0,0,0,0,0,0,1,0,0,0,0,0,0,1,0,0,0,0,0,0,0,1,0
DB2A85CB-AA3D-4B96-980E-16416FDC3B90,2014,62,0,1,0,0,0,0,0,0,1,0,0,0,0,0,0,1,0,0,0,0,0,0,0,1,0
DB2BDD6F-DB1E-4A92-9DB1-5D517468679D,2013,52,0,0,0,0,0,1,0,0,0,1,0,0,0,1,0,0,0,0,0,0,0,0,0,1,0
39fdff10-c58c-11e7-8314-790c8d59abbb,2017,92,0,0,0,0,1,0,0,0,0,1,0,0,1,0,0,0,0,0,0,0,0,0,0,1,0
DB33D829-B92E-4DF9-B4B8-B43E7E1CBEF8,2013,61,0,0,0,0,0,1,0,0,0,1,0,0,0,1,0,0,0,0,0,0,0,0,0,1,0
DB37EA51-82E4-4DFB-B2CF-D18AC985B36E,2012,22,1,1,1,0,0,0,0,0,1,0,0,0,0,0,0,0,0,1,0,0,0,0,0,1,0
724e14d0-463a-11ec-b26b-73b5a62f8946,2021,51,0,0,0,0,0,1,0,0,0,1,0,0,0,1,0,0,0,0,0,0,0,0,0,1,0
8751dee0-aa2d-11e8-b2b4-5de6d270e153,2017,92,0,0,0,0,1,0,0,0,0,1,0,0,1,0,0,0,0,0,0,0,0,0,0,1,0
DB53CB03-6BED-4E8D-8F99-012071C29E9C,2013,51,0,0,0,0,1,0,0,0,0,1,0,0,1,0,0,0,0,0,0,0,0,0,0,1,0
DB549F07-9FE3-43EC-BFD6-D02D78D1E90C,2012,92,0,0,0,1,0,0,0,0,1,0,0,0,0,0,1,0,0,0,0,0,0,0,0,1,0
DB640AFC-9011-4D79-A4F9-F78AB431DF7C,2012,92,0,0,0,0,0,1,0,0,0,1,0,0,0,1,0,0,0,0,0,0,0,0,0,1,0
DB64E957-1590-4B7C-9219-2BBEE2703989,2011,92,0,0,0,0,1,0,0,0,0,1,0,0,1,0,0,0,0,0,0,0,0,0,0,1,0
DB7893C7-EC4E-4263-810C-CA2EEEFBC1F6,2012,00,0,0,0,0,0,1,0,0,0,1,0,0,0,1,0,0,0,0,0,0,0,0,0,1,0
491f91d0-89ae-11e7-bf1d-81579668407a,2016,44,0,1,0,0,0,0,0,0,1,0,0,0,0,0,0,0,0,0,1,0,1,0,0,0,0
DB9C7478-7D5F-4FDD-B43C-3956ED92273E,2011,52,0,0,0,0,0,1,0,0,0,0,1,0,0,1,0,0,0,0,0,0,0,0,0,1,0
DBA78E1B-7851-430F-AA39-33C0CEFF29FF,2014,92,0,0,0,1,0,0,0,0,0,1,0,0,0,0,1,0,0,0,0,0,0,0,0,1,0
DBAA50ED-63DE-4F24-9076-F89A4B44C83A,2014,92,1,0,0,0,0,0,0,0,1,0,0,0,0,0,0,0,1,0,0,0,0,0,0,1,0
DBADD966-B5FE-4EBD-9D9E-E4DAF5105D4B,2012,44,1,1,0,0,0,0,0,0,1,0,0,0,0,0,0,0,1,0,0,0,0,0,0,1,0
DBAE87C5-B8F4-4921-82C7-1048B6A35BF5,2010,62,0,0,0,0,1,0,0,0,0,0,1,0,1,0,0,0,0,0,0,0,0,0,0,1,0
34c25220-9b60-11ee-b607-85600d104e11,2019,05,0,0,0,0,0,1,0,0,0,1,0,0,0,1,0,0,0,0,0,0,0,0,0,1,0
c8af36d0-d563-11f0-8f89-6d14fba40689,2025,00,0,1,0,0,0,0,0,1,1,0,0,0,0,0,0,0,0,0,0,1,0,0,0,1,0
6710a220-7f3d-11ee-a021-bbe4713468e2,2022,81,0,1,0,0,0,0,0,0,1,0,0,0,0,0,0,1,0,0,0,0,0,0,0,1,0
DD73F4EA-8C89-47F0-AD68-F399423C28AD,2016,92,0,1,0,0,0,0,0,0,1,0,0,0,0,0,0,0,0,0,0,1,0,0,0,1,0
DBDB6312-35E1-4E6E-B33C-8FCB5DEACC1A,2014,51,0,1,0,0,0,0,0,0,1,0,0,0,0,0,0,1,0,0,0,0,0,0,0,1,0
DBE2415A-B4A7-4666-84B8-53072B8FB25B,2013,62,0,0,0,0,0,1,0,0,0,0,1,0,0,0,1,0,0,0,0,0,0,1,0,0,0
DBEBEFE2-869F-4535-BE91-EA17614F8C71,2014,62,0,0,0,0,1,0,0,0,0,1,0,0,1,0,0,0,0,0,0,0,0,0,0,1,0
E605FA39-6AA8-45CD-AAE0-5E7486EF5822,2015,62,0,0,0,0,1,0,0,0,0,1,0,0,1,0,0,0,0,0,0,0,0,0,0,1,0
6EB1BF0A-C6A2-4D1C-BB9E-3B3013D8B27A,2015,61,0,1,0,0,0,1,0,0,1,1,0,0,0,1,0,1,0,0,0,0,0,0,0,1,0
DC0399FF-FAE5-40C5-9EF9-1F33A141811E,2013,56,0,1,0,0,0,0,0,1,1,0,0,0,0,0,0,0,0,0,0,1,0,1,0,0,0
324b3d60-99a7-11e8-bb21-7f662dc72866,2018,52,0,1,0,0,0,0,0,0,1,0,0,0,0,0,0,0,1,0,0,0,0,0,0,1,0
DC1291BA-AD0A-465C-9BF7-3EACF9ED148B,2011,81,0,0,0,1,0,0,0,0,1,0,0,0,0,0,1,0,0,0,0,0,0,1,0,0,0
3CE551BB-9242-47CE-9063-E7F1A7DCCF35,2016,00,0,0,0,0,0,1,0,0,1,1,0,0,0,1,0,0,0,0,0,0,0,1,0,0,0
DC187D52-1440-4C87-AF84-2BFB67C1B916,2012,05,0,1,0,0,0,0,0,0,1,0,0,0,0,0,0,1,0,0,0,0,0,0,0,1,0
263068f0-c968-11ea-858c-33a6d5171bc6,2020,03,1,1,1,0,0,0,0,0,1,0,0,0,0,0,0,0,1,1,0,0,0,1,0,0,0
DC18C7D0-E10A-4F1F-A242-D95572D5AF8C,2013,81,0,1,0,0,0,0,0,0,1,0,0,0,0,0,0,0,0,0,1,0,1,0,0,0,0
f70aa850-8ccb-11e7-811e-83915e56fc98,2017,00,0,0,0,0,0,1,0,0,0,1,0,0,0,1,0,0,0,0,0,0,0,1,0,0,0
DC4E2CCE-4666-4E09-AA5F-604B22DEFC49,2012,00,0,0,0,1,0,0,0,0,1,0,0,0,0,0,1,0,0,0,0,0,0,1,0,0,0
DE3DBA04-392D-47C8-8775-1B10BFFACEB6,2015,62,0,0,0,0,1,0,0,0,0,1,0,0,1,0,0,0,0,0,0,0,0,0,0,1,0
DC57054A-1602-467B-ACE4-9A1306AC50B0,2013,00,0,1,1,0,0,0,0,0,1,0,0,0,0,0,0,0,0,1,0,0,0,0,0,1,0
DC6B711E-C74C-4808-A1D9-6026901B5B66,2013,92,0,0,0,0,0,1,0,0,0,1,0,0,0,1,0,0,0,0,0,0,0,0,0,1,0
df80bfb0-eab0-11e7-92b6-dfe49f9d7042,2017,62,0,0,1,0,0,0,0,0,1,0,0,0,0,0,0,0,0,1,0,0,0,0,0,1,0
DC763C16-D218-4DAB-BB6F-28ABBFEA069E,2011,54,0,0,0,1,0,0,0,0,1,0,0,0,0,0,1,0,0,0,0,0,0,0,0,1,0
C1B1A923-63C2-4557-96CB-1FC962DAEFFC,2015,92,0,0,0,0,1,0,0,0,0,1,0,0,1,0,0,0,0,0,0,0,0,0,0,1,0
DC7BC5D2-90D2-4328-8B27-CA04625EEF7F,2013,92,0,0,0,0,0,1,0,0,0,1,0,0,0,0,1,0,0,0,0,0,0,1,0,0,0
344bcb90-1d16-11ea-b436-a7f38e8d15a2,2019,51,0,0,0,0,0,0,0,1,1,0,0,0,0,0,0,0,0,0,0,1,0,0,0,1,0
EC8E8BB5-C9D6-42D7-BEE8-3DB366FA710B,2016,00,0,0,1,0,1,0,0,0,0,1,0,0,1,0,0,0,0,0,0,0,0,1,0,0,0
DC923786-42AE-4ADD-B2FD-8EE39495BC33,2012,00,1,1,1,0,0,0,0,0,1,0,0,0,0,0,0,0,0,1,0,0,0,0,0,1,0
DC9B3497-ECA1-45F6-A945-99E83F1B7590,2010,92,0,0,0,0,0,1,0,0,0,1,0,0,0,1,0,0,0,0,0,0,0,0,1,0,0
912160f0-8ddf-11ec-bb25-234a6ad089e5,2021,00,0,0,0,0,0,1,0,0,0,1,0,0,0,1,0,0,0,0,0,0,0,0,0,1,0
DCA5FFCF-B092-4C43-A28A-A6C1EE5EB2FB,2014,00,0,1,0,0,0,0,0,0,1,0,0,0,0,0,0,1,0,0,0,0,0,0,0,1,0
DCB13C6C-4E88-45D1-9F0D-CFAC67C8BD32,2010,92,0,0,0,0,0,1,0,0,0,1,0,0,0,1,0,0,0,0,0,0,0,0,0,1,0
DCBAD63E-8F63-44BF-8658-A5E56B0FE9CF,2013,92,0,0,0,0,1,0,0,0,0,1,0,0,1,0,0,0,0,0,0,0,0,0,0,1,0
c4270ff0-bda4-11e7-822d-6d41de439a88,2017,00,0,0,0,0,0,1,0,0,0,1,0,0,0,1,0,0,0,0,0,0,0,0,0,1,0
1FEC0069-C50E-4F6C-B37C-70FDE1097F72,2016,00,0,0,0,0,0,1,0,0,0,1,0,0,0,1,0,0,0,0,0,0,0,0,0,1,0
f8dc0ec0-0b84-11e8-827c-bba53cbad290,2017,51,0,0,0,0,0,1,0,0,0,1,0,0,0,1,0,0,0,0,0,0,0,0,0,1,0
DCE38CAA-1105-4FF0-A43C-19CF2905F084,2012,54,1,0,0,0,0,0,0,0,1,0,0,0,0,0,0,0,1,0,0,0,1,0,0,0,0
2E77392D-6A16-4EC1-848F-98F1BCEAB667,2015,51,0,0,0,0,0,1,0,0,0,1,0,0,0,1,0,0,0,0,0,0,0,0,0,1,0
DCE7F0BA-84ED-460E-823B-949E14E0809B,2012,92,1,1,1,0,0,0,0,0,1,0,0,0,0,0,0,0,0,1,0,0,0,0,0,1,0
DCECA876-CB5A-44C7-9181-F457C218718E,2013,62,0,0,0,1,0,0,0,0,1,0,0,0,0,0,1,0,0,0,0,0,0,1,0,0,0
DCF2BB1A-9B02-469E-B417-2F4B7F9BD8FA,2013,81,0,1,0,0,0,0,0,0,1,0,0,0,0,0,0,1,0,0,1,0,1,0,0,0,0
DD0B0C11-ED5D-45B1-A0A2-8CEF2A95389A,2012,92,1,1,1,0,0,0,0,0,1,0,0,0,0,0,0,0,0,1,0,0,0,0,0,1,0
DD0B337F-557F-42EB-B199-FC6A2872699D,2014,62,0,0,0,0,1,0,0,0,0,1,0,0,1,0,0,0,0,0,0,0,0,0,0,1,0
DD0C70B7-9B94-47D2-919D-833F63E84455,2014,00,0,1,0,0,0,0,0,0,1,0,0,0,0,0,0,0,0,0,1,0,1,0,0,0,0
DD0F643C-6AD8-4E5A-B7A4-835BD33F6152,2012,62,0,0,0,0,1,0,0,0,0,1,0,0,1,0,0,0,0,0,0,0,0,0,0,1,0
DD176F1A-4D0C-4D18-8B54-7CD080071625,2014,92,0,0,0,0,1,0,0,0,0,1,0,0,1,0,0,0,0,0,0,0,0,0,0,1,0
DD1AA7B0-BBDC-4A1E-BEDE-5C093717B194,2013,92,0,0,0,1,0,0,0,0,1,0,0,0,0,0,1,0,0,0,0,0,0,0,0,1,0
5f0be4b0-d56c-11e9-8558-6543aabf247e,2019,51,0,1,0,0,0,0,0,0,1,0,0,0,0,0,0,0,1,0,0,0,0,0,0,1,0
DD1D9CB5-59A1-4296-B50F-EE4B593A2D4C,2015,92,0,1,0,0,0,0,0,0,1,0,0,0,0,0,0,0,1,0,0,0,0,1,0,0,0
DD232BB7-9E7A-47FB-B86F-365FEDC512D4,2012,61,0,1,0,0,0,0,0,0,1,0,0,0,0,0,0,0,0,0,0,1,0,1,0,0,0
DD2CE1E7-A1E9-498B-B165-D1C5C0DE9F5F,2013,51,0,1,0,0,0,0,0,0,1,0,0,0,0,0,0,0,1,0,0,0,1,0,0,0,0
DD2E42E4-CF30-4212-AC7A-4B989454B7F2,2013,56,0,1,0,0,0,0,0,0,1,0,0,0,0,0,0,1,0,0,0,0,1,0,0,0,0
DD2E5CF3-B497-41FA-B5D8-F4B904D9569C,2010,92,0,0,0,0,0,1,0,0,0,1,0,0,0,0,1,0,0,0,0,0,0,0,0,1,0
56a403d0-0ad6-11ea-9821-617d71ee6253,2019,62,1,0,0,0,0,0,0,0,1,0,0,0,0,0,0,0,1,0,0,0,0,1,0,0,0
DD3237B2-2FBD-472D-846E-F6ACDED62699,2013,81,0,1,0,0,0,0,0,0,1,0,0,0,0,0,0,1,0,0,0,0,1,0,0,0,0
DD3C7799-796D-476A-A9FC-5A398CE64065,2014,62,0,0,0,0,0,1,0,0,0,1,0,0,0,1,0,0,0,0,0,0,0,0,0,1,0
DD3FE7DA-5062-46BB-9816-86E7DAF1DDEB,2013,09,0,0,0,1,0,0,0,0,1,0,0,0,0,0,1,0,0,0,0,0,1,0,0,0,0
b95f16d0-07d4-11eb-9be5-67f56bbd8cb4,2020,00,0,1,0,0,0,0,0,0,1,0,0,0,0,0,0,0,1,0,0,0,0,0,0,1,0
DD49C007-4928-49AF-95BD-5ADA98196B41,2011,92,0,0,0,0,1,0,0,0,0,1,0,0,1,0,0,0,0,0,0,0,0,0,0,1,0
DD4B88C2-21A8-4861-B30B-F091504A94AF,2013,81,0,0,0,1,0,0,0,0,1,0,0,0,0,0,1,0,0,0,0,0,0,1,0,0,0
DD56CE95-965E-4E3B-AAE6-8F3DF9DFE3EC,2014,00,0,1,0,0,0,0,0,0,1,0,0,0,0,0,0,0,0,0,1,0,1,0,0,0,0
DD5A9CDF-9ADB-4553-9897-38CF877ADBA6,2013,54,0,1,0,0,0,0,0,0,1,0,0,0,0,0,0,0,0,0,1,0,1,0,0,0,0
DD5C2E7F-2EC9-433C-84FE-06C4F78A8187,2014,52,0,0,0,0,1,0,0,0,0,1,0,0,1,0,0,0,0,0,0,0,0,0,0,1,0
DD677E21-28BE-4B83-96E5-AA06169B7362,2013,92,0,0,0,0,0,1,0,0,0,1,0,0,0,1,0,0,0,0,0,0,0,0,0,1,0
DD6DA0CA-F804-4B3D-8578-CA80752463A8,2014,54,0,0,0,0,0,1,0,0,0,0,1,0,0,1,0,0,0,0,0,0,0,0,0,1,0
DD6E1846-C202-4A63-97B0-2577C31AE32A,2010,62,0,0,0,1,0,0,0,0,1,0,0,0,0,0,1,0,0,0,0,0,0,1,0,0,0
BBCE3769-1270-4B93-97F8-900CC729283D,2016,54,0,0,0,0,0,1,0,0,0,1,0,0,0,1,0,0,0,0,0,0,0,0,0,1,0
0d833c30-c95f-11e7-a5ba-7f961e325ca3,2017,62,0,0,0,1,0,0,0,0,1,0,0,0,0,0,1,0,0,0,0,0,0,0,0,1,0
DD7846D5-1EAF-4B17-8386-48031D9DC80E,2013,52,0,0,0,0,1,0,0,0,0,1,0,0,1,0,0,0,0,0,0,0,0,0,0,1,0
DD7E4FC3-FFF6-47BD-A161-4609784E0EE6,2012,31,0,1,0,0,0,0,0,0,1,0,0,0,0,0,0,0,1,0,0,0,0,0,0,1,0
DD84D92E-1DAD-4DF1-85ED-B7D754B0C25D,2010,92,0,0,0,0,1,0,0,0,0,1,0,0,1,0,0,0,0,0,0,0,0,0,0,1,0
DD8B6CD8-6481-40EF-9911-1983F284CE14,2012,62,0,0,0,1,0,0,0,0,1,0,0,0,0,0,1,0,0,0,0,0,0,1,0,0,0
DD9552FA-0202-45D2-8758-DDF060A88407,2008,05,0,0,0,0,1,0,0,0,0,1,0,0,1,0,0,0,0,0,0,0,0,0,0,1,0
DD9F7ECE-111C-4013-8C24-0063160523AB,2012,00,0,0,0,0,1,0,0,0,0,1,0,0,1,0,0,0,0,0,0,0,0,0,0,1,0
DDA97AB0-E76E-43EF-B1D8-627E373F8B02,2012,92,0,0,0,1,0,0,0,0,1,0,0,0,0,0,1,0,0,0,0,0,0,1,0,0,0
DDC7769C-5DDB-4E08-8FAA-B53DA4D1D7ED,2013,56,1,0,0,0,0,0,0,0,1,0,0,0,0,0,0,0,1,0,0,0,0,1,0,0,0
AE327DA0-FFE9-4577-A894-F7C972E401A0,2015,52,0,1,0,0,0,0,0,0,1,0,0,0,0,0,0,0,0,0,1,0,1,0,0,0,0
DDFFA132-EBE2-47C6-BC07-0FDC162AFE84,2013,42,0,1,0,0,0,0,0,0,1,0,0,0,0,0,0,1,0,0,0,0,0,0,0,1,0
DE012185-B564-435F-8CD1-9768BD584F8F,2013,92,0,0,0,0,0,1,0,0,0,1,0,0,0,1,0,0,0,0,0,0,0,0,0,1,0
DE066AAA-98FA-4A98-B585-BF72EE8FDD06,2012,54,0,0,1,0,0,0,0,0,1,0,0,0,0,0,0,0,0,1,0,0,0,0,0,1,0
DE0CAF63-839F-4835-A5D1-B9D1768CDF4C,2012,92,0,0,0,0,0,1,0,0,0,1,0,0,0,1,0,0,0,0,0,0,0,0,0,1,0
DE143CCF-9309-4A54-9323-AAA8D6F23D4D,2011,42,0,0,0,1,0,0,0,0,1,0,0,0,0,0,1,0,0,0,0,0,0,1,0,0,0
A1E9B550-021B-4E09-84DA-390FFC5F10EA,2015,61,1,1,0,0,0,0,0,0,1,0,0,0,0,0,0,0,1,0,0,0,0,1,0,0,0
863C96AA-89A5-4932-8D4F-C1E344AFC9E3,2015,51,1,1,0,0,0,0,0,0,1,0,0,0,0,0,0,0,1,0,0,0,0,0,0,1,0
DE24F530-A545-46AF-8E32-957523DE3BCB,2010,92,0,0,0,0,0,1,0,0,0,1,0,0,0,1,0,0,0,0,0,0,0,0,1,0,0
DE27C0DE-3F17-42A7-8554-982428C7683E,2011,92,0,0,0,0,1,0,0,0,0,1,0,0,1,0,0,0,0,0,0,0,0,0,0,1,0
DE291C75-5734-4888-979E-4F5D13023E56,2010,00,0,0,0,1,0,0,0,0,1,0,0,0,0,0,0,0,0,0,0,1,0,0,0,1,0
DE2C4338-73F6-4E1C-8A30-C8C0D619485E,2012,00,0,0,0,0,0,1,0,0,0,1,0,0,0,1,0,0,0,0,0,0,0,0,0,1,0
406ec8d0-1d30-11eb-866e-51f25f42af12,2020,44,0,1,0,0,0,0,0,0,1,0,0,0,0,0,0,1,0,0,0,0,0,0,0,1,0
DE347B09-DA7F-4AA3-A4FC-A0F7AA494905,2012,92,0,0,0,0,0,1,0,0,0,1,0,0,0,1,0,0,0,0,0,0,0,0,0,1,0
f21ea5d0-89b9-11e8-88c8-4f24b24771cb,2018,00,0,1,0,0,0,0,0,0,1,0,0,0,0,0,0,1,0,0,0,0,0,0,0,1,0
5cfe6600-d2e5-11e8-812c-4b45ac8f4a86,2018,62,0,1,1,0,0,0,0,0,1,0,0,0,0,0,0,0,0,1,0,0,0,0,0,1,0
c4763b80-a4ff-11ea-9a08-d99599f4dafe,2020,92,1,0,0,0,0,0,0,0,1,0,0,0,0,0,0,0,1,0,0,0,1,0,0,0,0
f8c99890-8e97-11ec-a600-657ec2694f8f,2018,00,0,1,0,0,0,0,0,0,1,0,0,0,0,0,0,0,1,0,0,0,0,0,0,1,0
edce1120-0cbd-11ec-a2d0-f3cc343be99c,2017,48,0,1,0,0,0,0,0,0,1,0,0,0,0,0,0,1,0,0,0,0,0,0,0,1,0
DE4FE8D2-D571-4B81-A181-905AFA5C89D1,2010,54,0,0,0,0,1,0,0,0,0,1,0,0,1,0,0,0,0,0,0,0,0,0,0,1,0
DE5377FE-C6B2-4073-9F57-C5EDC4FC6A1A,2013,51,0,0,0,0,0,1,0,0,0,1,0,0,0,1,0,0,0,0,0,0,0,0,0,1,0
DE59D8AA-8EB1-4165-8C63-2F02B3E76AED,2013,62,0,0,0,0,1,0,0,0,0,1,0,0,1,0,0,0,0,0,0,0,0,0,0,1,0
DE5E579C-B178-41DA-B54C-FF21FB3CA8B9,2013,81,0,1,0,0,0,0,0,0,1,0,0,0,0,0,0,1,0,0,0,0,0,0,0,1,0
1b8a7ad0-ddff-11e9-92e6-b7a271e742aa,2019,51,0,1,0,0,0,0,0,0,1,0,0,0,0,0,0,1,0,0,0,0,0,0,0,1,0
DE749AA7-40BF-4553-8F1D-211D5A0E1608,2010,62,0,0,0,1,0,0,0,0,1,0,0,0,0,0,1,0,0,0,0,0,0,1,0,0,0
6f2f9bf0-e962-11eb-9aea-07892f56ef76,2020,45,1,0,0,0,0,0,0,0,1,0,0,0,0,0,0,0,1,0,0,0,0,0,0,1,0
DE78D048-8CB7-4A1A-907B-135A3CD82B58,2013,62,0,0,0,0,1,0,0,0,0,1,0,0,1,0,0,0,0,0,0,0,0,0,0,1,0
DE7C843B-1180-4DEB-A419-5245230D9EC3,2011,92,0,0,0,1,0,0,0,0,1,0,0,0,0,0,1,0,0,0,0,0,0,1,0,0,0
DE88DF24-E940-4815-8938-F3C103B345A7,2014,00,0,0,0,0,1,0,0,0,0,0,1,0,1,0,0,0,0,0,0,0,0,0,0,1,0
E3F6741D-BBD9-4F64-B4AD-F09B6641743F,2016,54,0,1,0,0,0,0,0,0,1,0,0,0,0,0,0,1,0,0,0,0,0,0,0,1,0
8dfce680-724a-11eb-b847-53c7fcddcc7a,2020,51,1,0,0,0,0,0,0,1,1,0,0,0,0,0,0,0,1,0,0,0,0,0,0,1,0
DE9E04CC-E30D-4B55-B534-311CCCB157CC,2013,62,0,0,0,0,1,0,0,0,0,1,0,0,1,0,0,0,0,0,0,0,0,0,0,1,0
DE9E6F01-248D-42AA-A188-7941A67FD6DF,2013,62,0,0,0,1,0,0,0,0,0,1,0,0,0,0,1,0,0,0,0,0,0,1,0,0,0
2e481050-8434-11e7-a921-2d695ce70b69,2017,00,0,0,0,1,1,0,0,0,0,1,0,0,1,0,0,0,0,0,0,0,0,0,0,1,0
DEA53A7C-A1E5-4333-99D1-C0271E79F1C0,2014,00,0,1,0,0,0,0,0,0,0,0,0,1,0,0,0,0,0,0,0,1,0,0,0,1,0
DEB9898E-967D-4C3F-A421-B1266C1D145E,2013,92,1,1,0,0,0,0,0,0,1,0,0,0,0,0,0,0,1,0,0,0,0,0,0,1,0
DEC831FC-BE2D-4901-8112-564CD9944E6F,2012,00,0,0,0,1,0,0,0,0,1,0,0,0,0,0,1,0,0,0,0,0,0,1,0,0,0
DED1B82C-C455-483D-A835-8A2E54D8D1DB,2013,52,0,0,0,0,1,0,0,0,0,1,0,0,1,0,0,0,0,0,0,0,0,0,0,1,0
DED3BBE8-1435-409C-9819-508289359404,2012,61,0,1,0,1,0,0,0,0,0,1,0,0,0,0,1,0,0,0,0,0,0,0,0,1,0
DED5DA9B-CAE8-4685-A8DA-D868E75F2F34,2013,61,0,0,0,1,0,0,0,0,1,0,0,0,0,0,1,0,0,0,0,0,0,1,0,0,0
DED635B4-F7D5-438B-A31E-3153DAFAA318,2015,00,0,1,0,0,0,0,0,0,1,0,0,0,0,0,0,0,0,0,0,1,0,0,0,1,0
DEDBEF2D-F59B-4098-ADC1-EF69F2FF96C0,2013,52,0,0,0,1,0,0,0,0,1,0,0,0,0,0,1,0,0,0,0,0,0,1,0,0,0
DEE01DE8-1255-4C66-B25D-4ECE8BCF75C7,2013,62,0,0,0,1,0,0,0,0,1,0,0,0,0,0,1,0,0,0,0,0,0,1,0,0,0
DEE81C3B-352D-4E59-9C11-4C47CCFCA6EF,2013,81,0,1,0,0,0,0,0,0,1,0,0,0,0,0,0,1,0,0,0,0,0,0,0,1,0
DF117A42-E374-4F85-8903-EF598DCD6139,2013,00,0,1,0,0,0,0,0,0,1,0,0,0,0,0,0,0,0,0,0,1,0,0,0,1,0
c9dae7e0-f45b-11eb-821b-d1ebb09f37f0,2021,22,1,1,0,0,0,0,0,0,1,0,0,0,0,0,0,0,1,0,0,0,0,1,0,0,0
51A4A9B5-D39C-496B-A2E5-04BCC621C7A1,2015,42,0,1,0,0,0,0,0,0,0,0,1,0,0,0,0,0,1,0,0,0,0,0,0,1,0
DF222A57-5B8D-4739-9C10-D52A27797232,2014,56,0,1,0,0,0,0,0,0,1,0,0,0,0,0,0,1,0,0,0,0,0,0,0,1,0
B0382DD1-6DE9-4B46-9F2A-0F096FA79485,2016,61,1,0,0,0,0,0,0,0,1,0,0,0,0,0,0,0,1,0,0,0,1,0,0,0,0
DF26AF8E-FBC2-4DEB-BDB7-BEBB8F69423A,2013,92,0,1,0,0,0,0,0,0,1,0,0,0,0,0,0,1,0,0,1,0,1,0,0,0,0
8a5dafe0-4897-11ec-be64-495e033b0bce,2020,51,0,0,0,0,0,1,0,0,0,1,0,0,0,1,0,0,0,0,0,0,0,0,0,1,0
DF5B2AA4-7CAA-4A22-9AB2-CC955F0F9913,2013,33,0,0,0,0,1,0,0,0,0,1,0,0,1,0,0,0,0,0,0,0,0,0,0,1,0
DF5C0857-B950-4F3B-A28A-D96C435D6CF8,2014,52,0,0,0,0,0,1,0,0,0,1,0,0,0,1,0,0,0,0,0,0,0,0,0,1,0
1AD69AF1-0DF9-4218-90D9-7C68616812BA,2015,52,0,0,0,0,0,1,0,0,0,1,0,0,0,1,1,0,0,0,0,0,0,1,0,0,0
DF63C96F-04ED-408B-97FF-9DADA885402A,2014,52,0,0,0,0,0,1,0,0,0,1,0,0,0,1,0,0,0,0,0,0,0,0,0,1,0
e23a8d10-e452-11e9-a93a-d3a3d34c5869,2019,62,0,0,0,0,0,1,0,0,0,1,0,0,0,1,0,0,0,0,0,0,0,0,0,1,0
118D4FF7-24B1-4EE5-B9B1-6053DF714653,2011,52,0,0,0,0,1,0,0,0,0,1,0,0,1,0,0,0,0,0,0,0,0,0,0,1,0
2D6EA925-AF2C-4265-908A-2253163CB9DD,2007,62,0,0,0,1,1,0,0,0,1,1,0,0,1,0,0,0,0,0,0,0,0,0,0,1,0
DF83DDE3-BBCE-4498-9256-2D6C128646C9,2008,45,0,1,0,0,0,0,0,0,1,0,0,0,0,0,0,1,0,0,0,0,0,0,0,1,0
6fb50b80-143c-11e9-9b0e-db2459a65ffe,2018,51,0,1,0,0,0,0,0,0,1,0,0,0,0,0,0,1,0,0,0,0,0,0,0,1,0
DF8AB811-3469-46BF-B39A-A8F5322A599F,2012,62,0,0,0,0,0,1,0,0,0,1,0,0,0,1,0,0,0,0,0,0,0,1,0,0,0
efa4b7e0-0bf7-11ec-9c8a-d72b813bc8ca,2019,00,1,1,0,0,0,0,0,0,1,0,0,0,0,0,0,0,1,0,0,0,0,1,0,0,0
01468660-8ea4-11e8-8003-e3ff5269fee2,2018,62,1,1,0,0,0,0,0,0,1,0,0,0,0,0,0,0,1,0,0,0,0,1,0,0,0
DF9A00B8-FC47-4B2B-A9A9-FB3B88EB439A,2013,33,0,1,0,0,0,0,0,0,1,0,0,0,0,0,0,0,1,0,0,0,0,0,0,1,0
DF9AF856-2BE9-4CA3-B8E5-EEA16CE41DE9,2013,92,0,0,1,1,0,0,0,0,1,0,0,0,0,0,1,0,0,0,0,0,0,1,0,0,0
860a3b10-c55c-11e7-8460-859aaa890f03,2017,52,0,0,0,1,0,0,0,0,1,0,0,0,0,0,0,0,0,0,0,1,0,0,1,0,0
50AECCDD-CD69-4818-89D6-91CBD28A95EC,2015,62,0,0,0,1,1,0,0,0,0,1,0,0,1,0,0,0,0,0,0,0,0,0,0,1,0
DFBAEE10-4025-4DE7-BBA6-EFC8DFE7F222,2014,81,0,1,0,0,0,0,0,0,1,0,0,0,0,0,0,0,0,0,1,0,1,0,0,0,0
DFBED92D-948F-4784-8A3C-CCFAC7C0382B,2013,62,0,0,0,1,0,0,0,0,1,0,0,0,0,0,1,0,0,0,0,0,0,1,0,0,0
DFC67214-FAF5-40A6-84D7-71F4B56EF4C5,2013,32,0,0,0,0,1,0,0,0,0,1,0,0,1,0,0,0,0,0,0,0,0,1,0,0,0
DFCAC6CF-A98F-433C-BB02-EE99F36C840F,2011,92,0,0,0,0,0,1,0,0,0,1,0,0,0,1,0,0,0,0,0,0,0,0,0,1,0
DFCE0252-2B4E-481D-84FC-2A167389F391,2014,54,1,1,0,0,0,0,0,0,1,0,0,0,0,0,0,0,1,0,0,0,0,0,0,1,0
DFCEB423-D42A-4D9B-9095-A50F357C6BAC,2012,92,0,0,0,0,0,1,0,0,0,1,0,0,0,1,0,0,0,0,0,0,0,0,0,1,0
DFD33FD9-D2A2-4EA7-A4EC-A8BF16BDB5C6,2013,81,1,0,0,0,0,0,0,0,1,0,0,0,0,0,0,0,1,0,0,0,1,0,0,0,0
89816380-1d0d-11ea-93dd-ad92e007263c,2019,62,0,0,1,0,0,0,0,0,1,0,0,0,0,0,0,0,0,1,0,0,0,0,0,1,0
DFD92947-3CC2-4D04-86BB-24BA9EE356A2,2012,06,0,0,0,0,1,0,0,0,0,1,0,0,1,0,0,0,0,0,0,0,0,0,0,1,0
DFDB9F40-23FA-46B3-924E-49EF492E68E0,2012,62,0,0,0,1,0,0,0,0,1,0,0,0,0,0,1,0,0,0,0,0,0,1,0,0,0
DFDBB220-AE30-4904-890A-EAE39953DCE3,2015,54,0,1,0,0,0,0,0,0,1,0,0,0,0,0,0,1,0,0,0,0,1,0,0,0,0
DFEB0718-90FF-47B8-83D4-5C5FC05468AE,2012,92,1,1,1,0,0,0,0,0,1,0,0,0,0,0,0,0,0,1,0,0,0,0,0,1,0
DFED75CE-BDDE-4A34-9C8B-576FC8A4301B,2013,52,0,0,0,1,0,0,0,0,1,0,0,0,0,0,1,0,0,0,0,0,0,1,0,0,0
D9796375-7DD6-4CA1-8F04-29645D4E2030,2015,62,0,0,0,0,0,1,0,0,0,1,0,0,0,1,0,0,0,0,0,0,0,0,0,1,0
DFF8DC5B-7D4D-4A36-BD3C-36FEEF13CFD2,2014,62,0,0,0,1,0,0,0,0,1,0,0,0,0,0,1,0,0,0,0,0,0,0,1,0,0
DFFBA21F-02FD-4614-A2AB-481AD8E24E49,2015,44,0,0,0,1,0,0,0,0,1,0,0,0,0,0,0,0,0,0,0,1,0,1,0,0,0
4a94b130-84c0-11ee-898d-0f9c5bf59690,2023,62,1,1,0,0,0,0,0,0,1,0,0,0,0,0,0,0,1,0,0,0,0,0,0,1,0
E00EAE6F-697D-47AF-B165-90BB14A27123,2013,00,0,0,0,0,0,1,0,0,0,1,0,0,0,1,0,0,0,0,0,0,0,0,0,1,0
E0175FDC-433D-47DA-BE7F-D6FEF7094E72,2013,92,0,0,0,1,0,0,0,0,1,0,0,0,0,0,1,0,0,0,0,0,0,1,0,0,0
E026A499-561A-4C2C-B6E2-942552AC25A6,2012,00,1,1,1,0,0,0,0,0,1,0,0,0,0,0,0,0,0,1,0,0,0,0,0,1,0
E02867DF-3FAB-44EB-AF8B-EA320289CB0F,2016,00,0,1,0,0,0,0,0,0,1,0,0,0,0,0,0,0,0,0,0,1,1,0,0,0,0
67855d00-ad37-11e8-9e5a-c1f99505e93a,2018,54,1,0,0,0,0,0,0,0,1,0,0,0,0,0,0,0,1,0,0,0,1,0,0,0,0
E02B5800-D400-4F89-95CD-D533BAD30747,2013,72,1,1,0,0,0,0,0,0,1,0,0,0,0,0,0,0,1,0,0,0,0,0,0,1,0
E0338F1E-4936-4509-A968-64FF21B0CC6F,2012,92,0,1,0,0,0,0,0,0,1,0,0,0,0,0,0,0,1,0,0,0,0,0,0,1,0
72B32A1F-754B-A1C0-9B36-95E0CB6CDE7F,2025,49,0,1,0,0,0,0,0,0,1,0,0,0,0,0,0,1,0,0,0,0,0,0,0,1,0
E041C396-D7BE-48B6-BF6F-942A68141E31,2013,62,0,0,0,0,0,1,0,0,0,1,0,0,0,1,0,0,0,0,0,0,0,0,0,1,0
46e17640-25c8-11eb-a3b1-07c4769263ea,2019,33,0,1,0,0,0,0,0,0,1,0,0,0,0,0,0,1,0,0,0,0,0,0,0,1,0
E04A7131-9AB9-4DD9-8EF2-A000DE2A137A,2012,92,1,1,1,0,0,0,0,0,1,0,0,0,0,0,0,0,0,1,0,0,0,0,0,1,0
3c5282c0-af59-11e7-b9af-6daebc71dd3b,2012,00,0,0,0,1,1,0,0,0,0,1,0,0,1,0,0,0,0,0,0,0,0,1,0,0,0
E0569422-8A51-4997-80A6-6FA0A83218D3,2012,92,0,0,0,1,0,0,0,0,1,0,0,0,0,0,1,0,0,0,0,0,0,1,0,0,0
E05A6918-6983-43C5-B2C3-908512AC57FC,2014,62,1,0,1,0,0,0,0,0,1,0,0,0,0,0,0,0,0,1,0,0,0,0,0,1,0
E0615CB9-B22C-4EAE-B217-481D74A26C8D,2015,62,0,0,0,0,0,1,0,0,0,1,0,0,0,1,0,0,0,0,0,0,0,0,0,1,0
7D86EDE3-C1FD-450F-AE67-BEDF1822447C,2025,62,0,1,0,0,0,0,0,0,1,0,0,0,0,0,0,1,0,0,0,0,0,0,0,1,0
E06618AA-C9C0-4FD1-A264-D9A2919B5020,2005,00,0,0,0,0,0,1,0,0,0,1,0,0,0,1,0,0,0,0,0,0,0,1,0,0,0
E06952E3-3154-49A4-A123-6EEFA6ED1796,2011,62,0,0,0,1,0,0,0,0,1,0,0,0,0,0,1,0,0,0,0,0,0,1,0,0,0
55C892B6-5289-4689-A6FF-1886DBA0CBDF,2015,62,0,1,0,0,0,0,0,0,1,0,0,0,0,0,0,0,1,0,0,0,0,0,0,1,0
8bd20230-d91b-11e7-be42-df02fe7390b5,2017,44,0,1,0,0,0,0,0,0,1,0,0,0,0,0,0,1,0,0,0,0,0,1,0,0,0
E0735263-146D-448A-ACD3-68BAA2759E0F,2012,51,1,0,0,0,0,0,0,0,1,0,0,0,0,0,0,0,1,0,0,0,0,0,0,1,0
E077CB24-85A5-4F89-80DB-EB19B7A07B95,2013,62,0,0,0,0,1,0,0,0,0,1,0,0,1,0,0,0,0,0,0,0,0,0,0,1,0
E0868834-E6B8-4B04-B870-488BDCCBADDB,2013,51,0,1,0,0,0,0,0,0,1,0,0,0,0,0,0,1,0,0,0,0,0,1,0,0,0
dd0b63f0-f93b-11eb-86f9-41a68a9542ff,2020,54,1,0,0,0,0,0,0,0,1,0,0,0,0,0,0,0,1,0,0,0,0,0,0,1,0
0000617D-276E-4AAE-9787-08D1C7EB1AFB,2015,44,0,0,0,0,1,0,0,0,0,1,0,0,1,0,0,0,0,0,0,0,1,0,0,0,0
E095DF18-480D-49CB-A613-515BE9367F32,2014,62,0,0,0,1,0,0,0,0,1,0,0,0,0,0,1,0,0,0,0,0,0,1,0,0,0
E0B5D215-865B-493D-BDAD-912026950E70,2013,51,0,0,0,0,0,0,0,1,1,0,0,0,0,0,0,0,0,0,0,1,0,0,0,1,0
E0B8E84F-916A-4B7D-8DF5-DB8AC0EDF826,2013,52,0,0,0,0,0,1,0,0,0,1,0,0,0,1,0,0,0,0,0,0,0,0,0,1,0
C4914041-1871-4E05-8E10-661649DAD91C,2015,92,0,0,0,0,0,1,0,0,0,1,0,0,0,1,0,0,0,0,0,0,0,0,0,1,0
E0C89DC9-285B-4E7A-AE10-8AACF199D60B,2012,00,0,0,0,0,0,1,0,0,0,1,0,0,0,1,0,0,0,0,0,0,0,0,0,1,0
E0CF6044-0552-48E3-9682-3E56F701D7EB,2014,00,0,0,0,0,1,0,0,0,0,1,0,0,1,0,0,0,0,0,0,0,0,0,0,1,0
E0D77692-A647-4577-B2A8-45E4763F7897,2013,54,0,0,0,0,1,0,0,0,0,1,0,0,1,0,0,0,0,0,0,0,0,1,0,0,0
BB104B0A-4390-47FB-BADF-A6A77C8C2ADB,2016,62,0,0,0,1,0,0,0,0,1,0,0,0,0,0,1,0,0,0,0,0,0,0,0,1,0
2feb8a20-936b-11e9-96b8-11c597846497,2015,00,0,0,0,0,1,0,0,0,1,1,0,0,1,0,0,0,0,0,0,0,0,0,0,1,0
ccf9d660-d436-11eb-8806-c7cd39544f5b,2021,00,0,1,0,0,0,0,0,0,1,0,0,0,0,0,0,0,1,0,0,0,0,0,0,1,0
E0F631DD-7445-4A4D-8A69-4E365B58497F,2007,56,0,0,0,0,1,0,0,0,0,1,0,0,1,0,0,0,0,0,0,0,0,0,0,1,0
186f7ea0-b40d-11f0-83f6-c95449796b4b,2025,72,0,0,0,0,0,1,0,0,0,1,0,0,0,1,0,0,0,0,0,0,0,0,0,1,0
29484280-b63a-11e8-b56a-011002460f8b,2018,52,0,0,0,1,0,0,0,0,1,0,0,0,0,0,0,0,0,0,0,1,0,0,0,1,0
E10B620B-0055-4CEF-892B-96BCE7EFD7F4,2013,00,0,0,0,0,1,0,0,0,0,1,0,0,1,0,0,0,0,0,0,0,0,0,0,1,0
E1129B03-711E-4D0A-8973-866551374EC1,2013,61,0,0,1,0,0,0,0,0,1,0,0,0,0,0,0,0,0,1,0,0,0,0,0,1,0
E11793F2-AA3E-4666-A96D-FE3FBB22BC0A,2013,32,0,1,0,0,0,0,0,0,1,0,0,0,0,0,0,0,1,0,0,0,0,1,0,0,0
E118878C-ECD0-4AC7-A166-2B739F82B7E1,2013,92,0,0,1,0,0,0,0,0,1,1,0,0,0,0,0,0,0,1,0,0,0,0,0,1,0
E1280FEE-FABA-4A89-9DE4-A0583E07E98B,2012,32,0,1,0,0,0,0,0,0,1,0,0,0,0,0,0,0,1,0,0,0,0,0,0,1,0
E1290AC8-2724-4297-935D-49EF44E6713B,2010,62,0,0,0,0,0,1,0,0,0,1,0,0,0,1,0,0,0,0,0,0,0,1,0,0,0
E13AFB0F-59AC-4FE2-B30A-C6DCF4EDA2EE,2010,92,0,0,0,0,0,1,0,0,0,1,0,0,0,1,0,0,0,0,0,0,0,0,1,0,0
92398b20-77fd-11ee-a9cf-35532141bb65,2022,62,1,1,0,0,0,0,0,0,1,0,0,0,0,0,0,0,1,0,0,0,0,0,0,1,0
E154EA95-0207-4A81-9B2B-7BDA5F2F6935,2012,92,0,0,0,0,1,0,0,0,0,1,0,0,1,0,0,0,0,0,0,0,0,0,0,1,0
E15A7480-F2D6-4051-B229-104AF907EC75,2012,00,1,0,0,0,0,0,0,0,1,0,0,0,0,0,0,0,1,0,0,0,0,0,0,1,0
E162E5D7-7BB1-401F-AA43-79111864AA5D,2009,92,1,1,0,0,0,0,0,0,1,0,0,0,0,0,0,0,1,0,0,0,0,0,0,1,0
4d201e50-0a0b-11ea-9821-617d71ee6253,2019,92,0,0,0,0,0,1,0,0,0,1,0,0,0,1,0,0,0,0,0,0,0,0,0,1,0
E16E53D8-49CC-4D2F-A682-921A5EEE615F,2011,62,0,0,0,1,0,0,0,0,1,0,0,0,0,0,1,0,0,0,0,0,0,1,0,0,0
a4dd5350-c25f-11e8-bf07-99bafabab839,2018,44,0,0,0,0,0,1,0,0,0,1,0,0,0,1,0,0,0,0,0,0,0,0,0,1,0
E177AEAF-D221-48A6-8534-3F69AF39F91B,2013,62,0,0,0,0,0,1,0,0,0,1,0,0,0,1,0,0,0,0,0,0,0,0,0,1,0
d10a8e80-a2c0-11e7-a67b-81fbdaca3f85,2017,44,0,0,0,1,0,0,0,0,1,0,0,0,0,0,0,0,0,0,0,1,0,0,0,1,0
4e71df01-63bb-4638-abf3-cc107cd69fce,2024,44,1,0,0,0,0,0,0,1,1,0,0,0,0,0,0,0,1,0,0,0,0,0,0,1,0
3A531CF0-7D97-418B-97D1-98E4C3B8CF64,2016,00,0,0,1,0,0,0,0,0,1,0,0,0,0,0,0,0,0,1,0,0,0,0,0,1,0
E19557EB-0560-484F-994C-B6D13F0E47F0,2013,00,0,1,0,0,0,0,0,0,1,0,0,0,0,0,0,1,0,0,0,0,1,0,0,0,0
71DF812B-0AB6-459B-BCD9-F993C3EB5861,2016,56,1,1,1,0,0,0,0,0,1,0,0,0,0,0,0,0,0,1,0,0,0,0,0,1,0
FF08E6DB-4322-4D20-BCDE-E28B1EEEACD2,2016,62,0,0,0,1,0,0,0,0,1,0,0,0,0,0,1,0,0,0,0,0,0,1,0,0,0
E19FBC94-3F2D-4E04-95B8-672BD5384F87,2014,52,0,0,0,1,0,0,0,0,1,0,0,0,0,0,0,0,0,0,0,1,0,0,0,1,0
E19FD70C-B8BA-4C1F-ADCF-2E6205F8B661,2012,52,0,1,0,0,1,0,0,0,0,1,0,0,1,0,0,0,0,0,0,0,0,0,0,1,0
E1A92F45-D1FD-428F-972E-31F992E0045E,2013,62,0,0,0,0,0,1,0,0,0,0,1,0,0,1,0,0,0,0,0,0,0,0,0,1,0
E1B32920-7D99-48A9-B7FF-193F62B1B83E,2013,44,0,1,0,0,0,0,0,0,0,0,0,1,0,0,0,1,0,0,0,0,0,0,0,1,0
E1B68E58-7B29-4336-AA3C-B044BC7CFD78,2013,92,0,1,0,0,0,0,0,0,1,0,0,0,0,0,0,1,0,0,1,0,1,0,0,0,0
E1CBA3E5-4B4A-4E41-A348-0BF8FDEA1C05,2014,31,0,1,0,0,0,0,0,0,1,0,0,0,0,0,0,1,0,0,0,0,0,0,0,1,0
E1CE7A1C-DBA8-478B-8213-28F21E54AD1C,2013,62,0,0,0,1,0,0,0,0,1,0,0,0,0,0,1,0,0,0,0,0,0,1,0,0,0
e7a45930-eead-11e7-b683-c1703914e4a4,2013,05,0,0,0,1,0,0,0,0,0,0,1,0,0,0,1,0,0,0,0,0,0,1,0,0,0
1063e430-8de2-11ec-a600-657ec2694f8f,2019,00,0,0,0,0,1,0,0,0,0,1,0,0,1,0,0,0,0,0,0,0,1,0,0,0,0
E1CF9A69-67D0-459B-A8D8-FFE3A28FF4BA,2014,62,0,0,0,0,1,0,0,0,0,1,0,0,1,0,0,0,0,0,0,0,0,0,0,1,0
E1E9078F-3B98-4FE4-B4B0-5ED9EEE8642D,2013,62,0,0,0,0,0,1,0,0,0,1,0,0,0,1,0,0,0,0,0,0,0,1,0,0,0
02a64550-0a3f-11ea-9821-617d71ee6253,2018,52,0,1,0,0,1,0,0,0,0,1,0,0,1,0,0,0,0,0,0,0,0,0,0,1,0
2ec925e0-14a0-11ec-8c2b-dbe37200ecd4,2020,33,1,1,0,0,0,0,0,0,1,0,0,0,0,0,0,0,1,0,0,0,0,1,0,0,0
347abf90-7c5a-11e7-8ec0-e369e9638092,2017,00,0,0,0,0,1,0,0,0,0,1,0,0,1,0,0,0,0,0,0,0,0,0,0,1,0
E1F92496-10CF-4103-993F-2FDF661B3C86,2014,00,0,0,0,0,0,1,0,0,0,1,0,0,0,1,0,0,0,0,0,0,0,0,0,1,0
E1FAAC3C-DA87-4C6D-9057-C7BABC00527B,2013,92,0,0,0,0,0,1,0,0,0,1,0,0,0,1,0,0,0,0,0,0,0,0,0,1,0
E21195C5-BF6A-42DF-80A7-5A1CA0AC2F13,2013,44,0,0,0,0,0,1,0,0,0,0,1,0,0,1,0,0,0,0,0,0,0,0,0,1,0
E211BC69-F299-4719-AEAD-2E6D34108805,2014,81,0,1,0,0,0,0,0,0,1,0,0,0,0,0,0,0,0,0,0,1,0,0,0,1,0
E212E7FC-BF72-42F7-A78D-B21BD581E83E,2010,62,0,0,0,1,0,0,0,0,1,0,0,0,0,0,1,0,0,0,0,0,0,1,0,0,0
E213CE3C-DDD0-4ED3-9F29-EF8567C7165E,2013,61,0,0,0,0,1,0,0,0,0,1,0,0,1,0,0,0,0,0,0,0,0,0,0,1,0
19CA14E7-EA63-28A4-2E0E-B13D585E4C22,2025,51,0,1,0,0,0,0,0,0,1,0,0,0,0,0,0,1,0,0,0,0,0,0,0,1,0
34BEB0C5-EBF1-45C5-8EB2-FCFEA3598180,2013,52,0,0,0,0,1,0,0,0,0,1,0,0,1,0,0,0,0,0,0,0,0,0,0,1,0
18417270-212d-11ec-82c4-4d3486f21395,2019,51,0,1,0,0,0,0,0,0,1,0,0,0,0,0,0,1,0,0,0,0,0,0,0,1,0
E230320B-8422-4FC1-AB49-3B8D7C10A602,2014,52,0,0,0,1,0,0,0,0,1,0,0,0,0,0,1,0,0,0,0,0,0,1,0,0,0
E23188F4-998D-4BEE-8E26-4A36F636240F,2015,71,1,0,0,0,0,0,0,0,1,0,0,0,0,0,0,0,1,0,0,0,1,0,0,0,0
443b0e40-d8d7-11e9-aff6-af0add73f228,2019,44,0,0,0,1,0,0,0,0,1,0,0,0,0,0,0,0,0,0,0,1,0,1,0,0,0
E24EC92B-B4F2-4EFE-9C8D-E351B3C6F313,2013,54,0,1,0,0,0,0,0,0,1,0,0,0,0,0,0,1,0,0,0,0,0,1,0,0,0
801F8A1E-CD79-4408-AE0F-563FF451C3C9,2016,44,0,1,0,1,0,0,0,0,1,0,0,0,0,0,0,0,1,0,0,0,1,0,0,0,0
E258C54F-1EAA-4B4F-A82B-11BDB1C6857D,2009,92,0,0,0,0,0,1,0,0,0,1,0,0,0,1,0,0,0,0,0,0,0,0,0,1,0
E269CD10-324E-4B1F-ACA2-5C251804D123,2012,62,0,0,0,0,1,0,0,0,0,1,0,0,1,0,0,0,0,0,0,0,0,0,0,1,0
a721b910-8cd4-11e7-811e-83915e56fc98,2017,00,0,0,0,0,1,0,0,0,0,1,0,0,1,0,0,0,0,0,0,0,0,0,0,1,0
f745b6e0-055d-11ea-889a-bd9e961d3ab1,2018,92,0,0,0,0,0,1,0,0,0,1,0,0,0,1,0,0,0,0,0,0,0,0,0,1,0
E27D80A3-9D54-4014-B9EA-5C3B2E7F7028,2012,62,0,0,0,1,0,0,0,0,1,0,0,0,0,0,1,0,0,0,0,0,0,0,0,1,0
E291DA05-716E-4B84-8B05-4B9F21382D92,2014,92,0,0,0,0,0,1,0,0,0,1,0,0,0,1,1,0,0,0,0,0,0,1,0,0,0
941063a0-c3d2-11e7-8b51-4ba52e63b6cc,2017,44,0,0,0,0,0,1,0,0,0,1,0,0,0,1,0,0,0,0,0,0,0,0,0,1,0
E2974774-6D71-4049-942C-8AEC62CE9EA6,2011,92,0,1,0,0,0,0,0,0,1,0,0,0,0,0,0,1,0,0,0,0,0,0,0,1,0
ba47a4d0-1b81-11ea-aa10-8d551748dadb,2019,00,0,1,0,0,0,0,0,1,1,0,0,0,0,0,0,1,0,0,0,0,0,0,0,1,0
E2A35375-A122-4C71-9F16-F82B1CF64770,2012,62,0,0,0,1,0,0,0,0,1,0,0,0,0,0,1,0,0,0,0,0,0,1,0,0,0
E2A3882D-B713-4CE2-B5A9-8016D1BFB9D8,2013,44,0,0,0,1,0,0,0,0,1,0,0,0,0,0,0,0,0,0,0,1,0,1,0,0,0
E2A87D7E-1560-42EF-A37F-B50FF9ABE366,2012,61,0,0,0,0,0,0,0,1,0,0,0,1,0,0,0,0,0,0,0,1,0,1,0,0,0
67C6A1E7-CE56-D3D6-FA74-8AB6D9AF3FD7,2025,48,0,1,0,0,0,0,0,0,1,0,0,0,0,0,0,1,0,0,0,0,0,0,0,1,0
E2BFCF0E-51DA-499A-A5D7-98EA85DAF115,2010,62,0,0,0,0,0,1,0,0,0,1,0,0,0,1,0,0,0,0,0,0,0,1,0,0,0
E2C18727-29D8-4558-97F0-5AA2D2BF34AA,2012,61,0,1,0,0,0,0,0,0,1,0,0,0,0,0,0,1,0,0,0,0,0,0,0,1,0
51F19EB8-D7F8-4269-9F37-3EB28EC193E5,2014,92,0,0,0,0,1,0,0,0,0,1,0,0,1,0,0,0,0,0,0,0,0,0,0,1,0
E2CA110C-9817-4903-B506-288F4E142F1B,2012,62,0,0,0,1,0,0,0,0,1,0,0,0,0,0,1,0,0,0,0,0,0,1,0,0,0
E2CFF8F0-7478-497A-B0FE-07D97E8BBA9E,2015,61,0,1,0,0,0,0,0,0,1,0,0,0,0,0,0,1,0,0,1,0,1,0,0,0,0
E2D16B0A-B78F-4B2E-BB90-41DF35433775,2013,92,0,0,0,0,0,1,0,0,0,1,0,0,0,1,0,0,0,0,0,0,0,1,0,0,0
E2DBDF80-A3D9-435B-81C8-E005B64C24E5,2010,62,0,0,0,1,0,0,0,0,1,0,0,0,0,0,1,0,0,0,0,0,0,1,0,0,0
E2E9F980-A53E-431D-8448-D3A23B13BF0C,2011,62,0,0,0,0,0,1,0,0,0,1,0,0,0,1,1,0,0,0,0,0,0,1,0,0,0
E2FB0990-C5C1-4873-BDBE-C247EF16FAD4,2013,00,0,0,0,0,0,1,0,0,0,1,0,0,0,1,0,0,0,0,0,0,0,0,0,1,0
7de8fcc0-8cc0-11e7-97c0-cfe5b6ac1588,2017,52,0,0,0,0,0,1,0,0,0,1,0,0,0,1,0,0,0,0,0,0,0,0,0,1,0
E320D55B-C6CC-4167-B60E-B64897EEDA44,2014,62,0,0,0,0,1,0,0,0,0,1,0,0,1,0,0,0,0,0,0,0,0,0,0,1,0
E326BEAE-E1F3-4431-865E-85B543DC020C,2013,92,0,0,0,0,0,1,0,0,0,1,0,0,0,1,0,0,0,0,0,0,0,0,0,1,0
02350550-d529-11f0-8f89-6d14fba40689,2025,51,0,1,0,0,0,0,0,1,1,0,0,0,0,0,0,0,0,0,0,1,0,0,0,1,0
E330336F-48D4-48FB-9E0A-EDDC407907DF,2013,81,0,0,0,0,0,1,0,0,0,1,0,0,0,1,0,0,0,0,0,0,0,0,0,1,0
E33C7A22-B590-4C2A-AE3D-F7C5E3540492,2010,81,0,0,0,1,0,0,0,0,1,0,0,0,0,0,1,0,0,0,0,0,0,1,0,0,0
E3407347-100D-4791-9257-3904BE529E62,2011,00,0,0,0,0,1,0,0,0,0,1,0,0,1,0,0,0,0,0,0,0,0,0,0,1,0
E3517714-441E-4187-941D-38E683A91F7F,2014,00,0,1,0,0,0,0,0,0,1,0,0,0,0,0,0,0,0,0,1,0,1,0,0,0,0
B64BDED3-227A-443D-98FD-92A7EF9563A9,2012,62,0,0,0,0,1,0,0,0,0,1,0,0,1,0,0,0,0,0,0,0,0,0,0,1,0
E35C1ED6-3DCD-415E-8961-DFD6E1CFF0D0,2008,92,0,0,0,0,0,1,0,0,0,1,0,0,0,1,0,0,0,0,0,0,0,1,0,0,0
E35DAD05-7891-4A80-A150-D7A7F0C71103,2014,62,0,0,0,0,1,0,0,0,0,1,0,0,1,0,0,0,0,0,0,0,0,1,0,0,0
BB7833CC-EA6B-47C5-864B-62D775458F45,2016,52,0,1,0,0,0,0,0,0,1,0,0,0,0,0,0,1,0,0,1,0,1,0,0,0,0
5bd70f50-9f8d-11ee-8e63-1509e2d0c1ae,2023,92,1,1,0,0,0,0,0,0,1,0,0,0,0,0,0,0,1,0,0,0,0,0,0,1,0
E375BD3F-BB99-4235-9D1C-C42905257762,2014,51,0,1,0,0,0,0,0,0,1,0,0,0,0,0,0,1,0,0,0,0,0,1,0,0,0
E3866200-D3ED-4282-95DD-FC75FF6DB8D6,2011,62,0,0,0,1,0,0,0,0,1,0,0,0,0,0,1,0,0,0,0,0,0,1,0,0,0
9E7535DC-22D9-405A-98C3-5FB14A9F6157,2016,51,0,1,0,0,0,0,0,0,1,0,0,0,0,0,0,1,0,0,0,0,0,0,0,1,0
07284a50-8e21-11ee-8e0f-01920077cf74,2022,61,1,1,0,0,0,0,0,0,1,0,0,0,0,0,0,0,1,0,0,0,0,0,0,1,0
5b789570-8c24-11e7-944b-11adeb58a7b0,2017,00,0,1,0,0,0,0,0,0,1,0,0,0,0,0,0,1,0,0,0,0,0,1,0,0,0
1cc08190-dc2a-11ef-94f8-638529e3ff3b,2023,92,1,1,0,0,0,0,0,0,1,0,0,0,0,0,0,0,1,0,0,0,0,0,0,1,0
E3A4FCC6-68EC-4C9D-A1F8-50B1EE5432E7,2014,62,0,0,0,0,1,0,0,0,0,1,0,0,1,0,0,0,0,0,0,0,0,0,0,1,0
E3A5E46C-CAB0-4030-8974-694A2CD2E0E3,2011,62,0,0,0,1,0,0,0,0,1,0,0,0,0,0,1,0,0,0,0,0,0,1,0,0,0
E3A5ECA0-A6D4-49F2-8769-D6DD17A83173,2015,00,0,0,0,0,1,0,0,0,0,1,0,0,1,0,0,0,0,0,0,0,0,0,0,1,0
E3B36210-9E12-4F67-B5CF-57880324360E,2011,52,0,0,0,1,0,0,0,0,1,0,0,0,0,0,1,0,0,0,0,0,0,1,0,0,0
5be4e610-8e91-11e8-8003-e3ff5269fee2,2018,62,0,0,0,0,1,0,0,0,0,1,0,0,1,0,0,0,0,0,0,0,0,0,0,1,0
E3BE8624-95EA-4FED-85B0-9AFAD5A13594,2013,62,0,0,0,1,0,0,0,0,1,0,0,0,0,0,1,0,0,0,0,0,0,1,0,0,0
E3CD8E4E-294D-4920-AA1B-F2472A6FB87D,2013,00,0,0,0,0,0,1,0,0,0,1,0,0,0,1,0,0,0,0,0,0,0,1,0,0,0
E3D01D30-EB1A-458C-A259-679A688760C8,2011,48,1,1,1,1,0,0,0,0,1,0,0,0,0,0,0,0,0,1,0,0,0,0,0,1,0
b3f6ce70-c287-11e8-bf07-99bafabab839,2014,62,0,0,0,0,1,1,0,0,0,1,0,0,1,1,0,0,0,0,0,0,0,0,0,1,0
0a1bda10-0c5e-11ed-af44-cf79b8eedcfd,2020,51,0,0,0,0,0,1,0,0,0,1,0,0,0,1,0,0,0,0,0,0,0,0,0,1,0
E3DF0C26-B6BB-471F-B31C-856B1D9B49A1,2015,00,0,1,0,0,0,0,0,0,1,0,0,0,0,0,0,1,1,0,0,0,1,0,0,0,0
E3E3590F-E6A1-4219-B68F-6921F05E6F91,2014,71,0,1,0,0,0,0,0,0,1,0,0,0,0,0,0,1,0,0,0,0,1,0,0,0,0
0907daf0-162a-11ec-8258-83f74c3914c9,2019,61,1,1,0,0,0,0,0,0,1,0,0,0,0,0,0,0,1,0,0,0,0,1,0,0,0
b1a00430-de1e-11e9-b511-f75921c18742,2019,54,0,0,0,0,0,1,0,0,0,1,0,0,0,1,0,0,0,0,0,0,0,0,0,1,0
E3F4951D-0881-4981-AEBD-A9F46497A9A7,2014,00,0,0,0,0,0,1,0,0,0,0,1,0,0,1,0,0,0,0,0,0,0,0,0,1,0
E401CCA7-6F0F-46F1-BB75-783D8D036B0C,2013,00,0,0,0,1,0,0,0,0,1,0,0,0,0,0,1,0,0,0,0,0,0,1,0,0,0
E401F651-A6B1-4491-BB8D-7366CD9F5D3D,2011,92,0,0,0,0,0,1,0,0,0,1,0,0,0,0,1,0,0,0,0,0,0,0,0,1,0
E402662B-42EE-4F26-8CC0-E8D3B6FD0B38,2005,00,0,0,0,0,1,0,0,0,0,1,0,0,1,0,0,0,0,0,0,0,0,0,0,1,0
4a728d60-8e96-11e8-8003-e3ff5269fee2,2018,62,0,1,1,0,0,0,0,0,1,0,0,0,0,0,0,0,0,1,0,0,0,0,0,1,0
E410F7DE-BDDC-48F0-8205-4BE2B077ED04,2013,92,0,0,0,0,1,0,0,0,0,1,0,0,1,0,0,0,0,0,0,0,0,0,0,1,0
E411354B-C90A-4A71-B079-49C18C64D94B,2014,54,1,1,0,0,0,0,0,0,1,0,1,0,0,0,0,0,1,0,0,0,0,0,0,1,0
E42CDC4C-BB59-4A17-B2BB-3D37D08A527E,2013,00,0,0,0,0,0,1,0,0,0,1,0,0,0,1,0,0,0,0,0,0,0,1,0,0,0
E2BD5D56-74D0-40F0-9594-73A3ED1ABC03,2016,71,0,1,0,0,0,0,0,0,1,0,0,0,0,0,0,1,0,0,0,0,0,0,0,1,0
E436F0AD-2235-4A11-BF08-DF99DA4745E0,2011,62,0,0,0,0,0,0,0,1,0,0,0,1,0,0,0,0,0,0,0,1,0,1,0,0,0
ee0b0d80-c565-11e7-9e23-d39fd27e665b,2017,44,0,0,0,1,0,0,0,0,1,0,0,0,0,0,0,0,0,0,0,1,0,1,0,0,0
E43D909E-4B0A-44D5-95D6-3AFAB40F7C7B,2010,92,0,0,0,0,0,1,0,0,0,1,0,0,0,0,1,0,0,0,0,0,0,0,0,1,0
E44C1FA3-A2AB-44E9-9723-C0208641B89C,2012,72,1,1,0,0,0,0,0,0,1,0,0,0,0,0,0,0,1,0,0,0,0,0,0,1,0
E450362B-7167-4315-90B0-EA463DB1656C,2012,81,0,0,0,0,0,1,0,0,0,0,1,0,0,1,0,0,0,0,0,0,0,0,0,1,0
E45310A0-635C-4805-A47A-76AC8D60C2C6,2013,92,0,0,0,0,0,1,0,0,0,1,0,0,0,1,0,0,0,0,0,0,0,0,0,1,0
E45B6A44-8468-4B46-BFCC-8A0DD14BBD63,2012,92,1,1,1,0,0,0,0,0,1,0,0,0,0,0,0,0,0,1,0,0,0,0,0,1,0
E46202B6-74FF-41FD-A386-BE097B38E8FB,2012,62,0,0,0,1,0,0,0,0,0,1,0,0,0,0,1,0,0,0,0,0,0,0,0,1,0
238df320-8904-11e8-82c8-d50e157d53ee,2018,51,0,1,0,0,0,1,0,0,1,1,0,0,0,1,0,0,0,0,0,0,0,0,0,1,0
E4696A66-A461-4BA3-AD7D-0F9C6BE09E77,2013,92,0,0,0,0,0,1,0,0,0,1,0,0,0,1,0,0,0,0,0,0,0,0,0,1,0
E46B7D78-660F-4093-A088-021129A6BDAE,2014,00,0,1,0,0,0,0,0,0,1,0,0,0,0,0,0,1,0,0,1,0,1,0,0,0,0
E485EA66-C3C6-4A87-ACEF-7327279885AE,2013,92,0,0,0,0,0,1,0,0,0,1,0,0,0,0,1,0,0,0,0,0,0,0,0,1,0
E48CC490-0C18-455E-B186-2A1DDB9B8431,2014,62,0,0,1,0,1,0,0,0,1,1,0,0,1,0,0,0,0,0,0,0,0,0,0,1,0
E48EA482-D416-4515-A2E2-9CFB4094BF8B,2013,92,0,0,0,0,0,1,0,0,0,1,0,0,0,1,0,0,0,0,0,0,0,0,0,1,0
9A4A805A-FD82-4486-9F0C-D388626CD02B,2015,62,0,0,0,0,0,1,0,0,1,1,0,0,0,1,0,0,0,0,0,0,0,0,0,1,0
88b06a80-4896-11ec-be64-495e033b0bce,2021,00,0,1,0,0,0,0,0,0,1,0,0,0,0,0,0,1,0,0,0,0,0,0,0,1,0
E4AA3507-29F9-46B5-87F3-9211DFD9A674,2011,72,0,1,0,0,0,0,0,0,1,0,0,0,0,0,0,0,1,0,0,0,0,0,0,1,0
E4AC7314-3438-4051-A497-AD23B921FC4C,2013,52,0,1,0,0,0,0,0,0,1,0,0,0,0,0,0,1,0,0,0,0,0,1,0,0,0
5fea1530-15e2-11ea-997d-ff527b87f439,2019,09,0,1,0,0,0,0,0,0,1,0,0,0,0,0,0,1,0,0,0,0,0,0,0,1,0
E4B31D82-E48E-49E5-A2A8-FEF5B1ADA4E1,2013,92,0,0,0,0,0,1,0,0,0,1,0,0,0,1,0,0,0,0,0,0,0,0,0,1,0
9ae65710-ac53-11e8-8036-a30436c88231,2017,61,0,1,1,0,0,0,0,0,1,0,0,0,0,0,0,0,0,1,0,0,0,0,0,1,0
c241a930-d581-11e7-af4f-6b5d4514198e,2016,00,0,0,0,0,0,1,0,0,0,1,0,0,0,1,0,0,0,0,0,0,0,0,0,1,0
24f68740-9980-11e8-b882-6b7d0605ee5d,2018,52,0,0,0,1,0,0,0,0,1,0,0,0,0,0,0,0,0,0,0,1,0,1,0,0,0
E4D34388-8B62-4DFB-9922-17EC505DAEC1,2014,62,0,0,0,0,1,0,0,0,0,1,0,0,1,0,0,0,0,0,0,0,0,0,0,1,0
E4DBD8F6-35E6-4330-8C83-123382BDC232,2013,62,0,0,0,1,0,0,0,0,1,0,0,0,0,0,1,0,0,0,0,0,0,0,0,1,0
E4E0D5C8-C103-4AFE-ABEB-F6700BB45D39,2014,52,0,0,0,0,1,0,0,0,0,1,0,0,1,0,0,0,0,0,0,0,0,0,0,1,0
E4E18948-F363-453E-8699-5B66866539FF,2012,00,0,1,0,0,0,0,0,0,1,0,0,0,0,0,0,1,0,0,0,0,0,0,0,1,0
E4E73391-F2D5-4364-8286-8131ABC68631,2013,81,0,1,0,0,0,0,0,0,1,0,0,0,0,0,0,0,1,0,0,0,0,0,0,1,0
E4F34F24-0CCE-4399-A3D8-8D8AFC356EDE,2012,62,0,0,0,0,0,1,0,0,0,1,0,0,0,1,0,0,0,0,0,0,0,1,0,0,0
E4F86291-9EBD-4276-9070-5125E194C23E,2010,92,0,0,0,0,0,1,0,0,0,1,0,0,0,1,0,0,0,0,0,0,0,0,1,0,0
E4F94598-26A8-4790-88A1-AFEB90B9C502,2013,62,0,0,0,1,0,0,0,0,1,0,0,0,0,0,1,0,0,0,0,0,0,1,0,0,0
E4FF6839-D564-45C8-986B-0926724BC772,2014,52,0,0,0,0,0,0,0,1,0,0,0,1,0,0,0,0,0,0,0,1,0,0,0,1,0
8d09b830-1d13-11ea-b436-a7f38e8d15a2,2017,54,0,1,0,0,0,0,0,0,1,0,0,0,0,0,0,1,0,0,0,0,0,0,0,1,0
90C9F428-63B4-4799-8094-460D52AE81FA,2016,61,0,0,1,0,0,0,0,0,1,0,0,0,0,0,0,0,0,1,0,0,0,0,0,1,0
E51087D5-25DA-4DD7-A451-7046ADC80542,2014,92,0,0,0,1,0,0,0,0,1,0,0,0,0,0,1,0,0,0,0,0,0,1,0,0,0
63573A72-1845-4227-A0C3-C9C4388502C1,2016,72,0,0,0,1,1,0,0,0,0,1,0,0,1,0,0,0,0,0,0,0,0,0,0,1,0
E520D79B-0043-4678-9857-064C1633ACCC,2015,51,0,1,0,0,0,0,0,0,1,0,0,0,0,0,0,1,0,0,0,0,0,1,0,0,0
97128b20-45b7-11ed-9a6c-911ade1670b5,2022,52,0,0,0,0,0,1,0,0,0,1,0,0,0,1,0,0,0,0,0,0,0,0,0,1,0
AFECA470-56B5-4D3C-83F6-3915ADF30ED8,2016,42,1,1,0,0,0,0,0,0,1,0,0,0,0,0,0,0,1,0,0,0,1,0,0,0,0
E5275537-7576-4BDE-B905-C155DF3344BE,2013,00,0,0,0,0,0,1,0,0,0,0,1,0,0,1,0,0,0,0,0,0,0,0,0,1,0
E5278F77-4311-4E9D-95B0-0E2D3AB74018,2013,54,0,1,0,0,0,0,0,0,1,0,0,0,0,0,0,1,0,0,0,0,1,0,0,0,0
E52F20CC-0C4E-4CB3-AE34-18FEC59BA3E6,2014,44,0,0,0,1,0,0,0,0,1,0,0,0,0,0,0,0,0,0,0,1,0,0,0,1,0
E534AA6A-263F-49C2-849F-A4E8AAC47A08,2013,00,0,1,0,0,1,0,0,0,0,1,0,0,1,0,0,0,0,0,0,0,0,0,0,1,0
829A1BCB-26F4-41B1-AC5C-C1B2BEE73268,2016,56,0,1,0,0,0,0,0,0,1,0,0,0,0,0,0,0,0,0,0,1,0,0,0,1,0
E55579F9-169E-475F-B799-9BBF48FC234F,2015,62,0,0,0,1,0,0,0,0,1,0,0,0,0,0,1,0,0,0,0,0,0,1,0,0,0
B81E60C1-5020-4DEA-9CF4-BABF44C3D1DF,2015,51,0,1,0,0,0,1,0,0,1,0,0,0,0,0,0,0,0,0,1,0,0,0,0,1,0
E55C0548-0B37-4F45-AA6B-825F6DDD8775,2013,52,0,0,0,0,1,0,0,0,0,1,0,0,1,0,0,0,0,0,0,0,0,0,0,1,0
E56149D9-516C-42B0-8EE6-4605CB4DADAE,2013,00,0,1,0,0,0,0,0,0,1,0,0,0,0,0,0,1,0,0,0,0,0,0,0,1,0
E5628060-6C46-4A88-8A8B-12B2691A8EA2,2013,00,1,1,1,0,0,0,0,0,1,0,0,0,0,0,0,0,0,1,0,0,0,0,0,1,0
7C52741D-C46F-45A0-AB41-C1F29303843A,2015,54,1,0,0,0,0,0,0,0,1,0,0,0,0,0,0,0,1,0,0,0,0,0,0,1,0
258d0010-de23-11e9-b511-f75921c18742,2019,54,0,0,0,0,0,1,0,0,0,1,0,0,0,1,0,0,0,0,0,0,0,0,0,1,0
E56D5BF6-F796-404D-AF40-3E7600DA04C9,2013,45,0,1,0,0,0,0,0,0,1,0,0,0,0,0,0,1,0,0,0,0,0,0,0,1,0
7a2ff050-8123-11e7-abf2-119fe288b6e8,2017,44,0,0,0,1,0,0,0,0,1,0,0,0,0,0,0,0,0,0,0,1,0,1,0,0,0
dab69220-8a8d-11e8-ba1e-e3857583ba43,2017,54,1,1,0,0,0,0,0,0,1,0,0,0,0,0,0,0,1,0,0,0,0,0,0,1,0
f6a7b530-fe8d-11e8-aee0-f7420d4f3238,2016,92,0,0,0,0,1,0,0,0,0,1,0,0,1,0,0,0,0,0,0,0,0,0,0,1,0
E586E8F1-0AAA-4BEB-8D62-8ECB12D94304,2012,33,0,0,0,0,1,0,0,0,1,0,0,0,1,0,0,0,0,0,0,0,0,0,0,1,0
A6E37FEA-3276-4226-8E5D-2E0D2E735C35,2016,62,0,0,0,1,0,0,0,0,1,0,0,0,0,0,1,0,0,0,0,0,0,1,0,0,0
B69EE252-E06A-4776-8B3F-22E3BA3B9736,2015,00,0,0,0,0,1,0,0,0,0,1,1,0,1,0,0,0,0,0,0,0,0,0,0,1,0
E5C321E2-F82D-4EAB-9009-33C8666CFED3,2010,09,0,0,0,0,0,0,0,1,0,0,0,1,0,0,0,0,0,0,0,1,0,1,0,0,0
E5C5AB18-5BE0-4273-8629-67FFB0900D8C,2013,00,1,1,1,0,0,0,0,0,1,0,0,0,0,0,0,0,0,1,0,0,0,0,0,1,0
E5C93383-7FD7-4913-840A-63B5A909D209,2014,92,0,0,0,0,0,1,0,0,0,1,0,0,0,0,1,0,0,0,0,0,0,0,0,1,0
E5D427C6-B22B-47E8-8A3A-9FF7B99C07EC,2012,21,0,0,0,0,1,0,0,0,0,1,0,0,1,0,0,0,0,0,0,0,1,0,0,0,0
E5D535B4-02DA-4032-A7CE-6E8DDCEC5963,2010,62,0,0,0,0,0,1,0,0,0,1,0,0,0,1,0,0,0,0,0,0,0,1,0,0,0
E5D77EF2-87D4-4CC2-9EE4-6CA1355A8523,2011,52,0,0,0,1,0,0,0,0,1,0,0,0,0,0,1,0,0,0,0,0,0,1,0,0,0
E5D823BB-9F08-482D-A97B-256379C46861,2012,92,0,0,0,0,0,1,0,0,0,1,0,0,0,1,0,0,0,0,0,0,0,0,0,1,0
288c0c00-4890-11ec-be64-495e033b0bce,2021,56,0,1,0,0,0,0,0,0,1,0,0,0,0,0,0,0,1,0,0,0,0,0,0,1,0
4BB36EB4-F8A2-4E23-9F25-81F9C5273AD2,2015,62,0,0,0,0,1,0,0,0,0,1,0,0,1,0,0,0,0,0,0,0,0,0,0,1,0
12a9acf0-da2e-11e7-a58f-dff506a792fb,2017,92,0,0,0,0,0,1,0,0,0,1,0,0,0,1,0,0,0,0,0,0,1,0,0,0,0
E5DC733A-ADC9-4870-AEEE-FAEF8A01405D,2015,00,0,0,0,0,0,1,0,0,0,0,1,0,0,1,0,0,0,0,0,0,0,0,0,1,0
E5E35320-F4FB-468E-86F6-840A2A552D8A,2014,52,0,0,0,0,0,1,0,0,0,1,0,0,0,1,0,0,0,0,0,0,0,0,0,1,0
50BE30E7-1617-49DF-B069-68F4FF4E4481,2016,61,0,0,0,0,0,1,0,0,0,1,0,0,0,1,0,0,0,0,0,0,0,0,0,1,0
5A0C3AA4-FDF0-4703-8D36-40D5A527876C,2015,48,0,0,0,0,1,0,0,0,0,1,1,0,1,0,0,0,0,0,0,0,1,0,0,0,0
E5FE092B-8060-4B8D-9356-BEA61A0D5954,2012,00,0,0,0,0,0,1,0,0,0,0,1,0,0,1,0,0,0,0,0,0,0,0,0,1,0
E60B7226-1D2A-497D-B4CA-12AB415C2257,2014,92,0,0,0,1,0,0,0,0,0,1,0,0,0,0,1,0,0,0,0,0,0,0,0,1,0
E61A58E8-D8F3-453C-B897-30A9D7C8A4D4,2013,62,0,0,0,1,0,0,0,0,1,0,0,0,0,0,1,0,0,0,0,0,0,1,0,0,0
E61F8238-85E2-4B67-9B5C-AF51A0367DB1,2012,00,0,0,0,0,0,1,0,0,0,1,0,0,0,0,1,0,0,0,0,0,0,1,0,0,0
23310270-e376-11e7-bf7a-0771e1cc9602,2017,62,0,0,1,0,0,0,0,0,1,0,0,0,0,0,0,0,0,1,0,0,0,0,0,1,0
E6264D27-9AD8-4E7F-93E5-3156D59F473A,2012,52,0,0,0,0,0,1,0,0,0,1,0,0,0,1,0,0,0,0,0,0,0,0,0,1,0
E62AA41E-58CA-4D1D-AFC7-7B95D3078D17,2012,62,0,0,0,0,1,0,0,0,0,1,0,0,1,0,0,0,0,0,0,0,0,0,0,1,0
E63EC79C-E36F-4781-9080-86728DCA15EC,2012,62,0,0,0,1,0,0,0,0,1,0,0,0,0,0,1,0,0,0,0,0,0,1,0,0,0
E6453319-6ABC-4594-B33C-4CB62AB1115E,2012,52,0,1,0,0,0,0,0,0,1,0,0,0,0,0,0,0,1,0,0,0,0,0,0,1,0
3a62f6e0-a150-11e8-8944-973f074c04dd,2018,92,0,0,0,1,0,0,0,0,1,0,0,0,0,0,1,0,0,0,0,0,0,0,0,1,0
E64C3650-B2D4-4C3F-98C1-108E6EE8E3F4,2012,92,0,0,0,0,0,1,0,0,0,1,0,0,0,1,0,0,0,0,0,0,0,0,0,1,0
E64C49A7-DA82-4421-9F18-0D4CC2F5C491,2013,92,0,0,0,0,1,0,0,0,0,1,0,0,1,0,0,0,0,0,0,0,0,0,0,1,0
CE40DFB8-5CDD-4220-A1D3-6D3C2120D9A5,2016,62,0,0,0,0,1,0,0,0,0,1,0,0,1,0,0,0,0,0,0,0,0,0,0,1,0
E650FA83-BC14-43E3-9DE3-1C48036BF63E,2014,62,0,0,0,1,0,0,0,0,1,0,0,0,0,0,1,0,0,0,0,0,0,1,0,0,0
E653E42A-5D59-4933-944B-CE1BE222E68B,2013,92,0,0,0,0,1,0,0,0,0,1,0,0,1,0,0,0,0,0,0,0,0,0,0,1,0
CFC5936D-D569-4026-B816-2DEC518540FC,2013,62,0,0,0,0,0,1,0,0,0,1,0,0,0,1,0,0,0,0,0,0,0,1,0,0,0
0bc75e50-e0ad-11e9-8cfd-bf57b38104b7,2019,05,0,0,0,0,0,1,0,0,0,0,1,0,0,1,0,0,0,0,0,0,0,0,0,1,0
369B3D14-CCC7-45A4-8FA3-D11A0B4A01E6,2016,61,0,0,0,0,0,1,0,0,0,1,0,0,0,1,1,0,0,0,0,0,0,1,0,0,0
E66679F4-4DDD-4773-8692-6E720B3D554C,2013,56,0,1,0,0,0,0,0,0,1,0,0,0,0,0,0,0,0,0,1,0,1,0,0,0,0
f08e7350-a61d-11e8-b17d-c5c01e287634,2018,51,0,1,0,0,0,0,0,0,1,0,0,0,0,0,0,1,0,0,0,0,0,0,0,1,0
E66BFFF3-EBCB-4D58-9D69-36387F2D6FA4,2012,92,1,1,1,0,0,0,0,0,1,0,0,0,0,0,0,0,0,1,0,0,0,0,0,1,0
E671ECBA-E440-42C1-8040-766833CFA628,2012,51,0,1,0,0,0,0,0,0,1,0,0,0,0,0,0,0,0,0,0,1,0,0,0,1,0
00514A10-BEA4-440B-8B18-EAE02531A475,2015,92,0,0,0,0,0,1,0,0,0,1,0,0,0,1,0,0,0,0,0,0,0,0,0,1,0
E678CD41-6D98-49AF-AFFF-288115D4C5DF,2013,52,0,1,1,0,0,0,0,0,1,0,0,0,0,0,0,0,0,1,0,0,0,0,0,1,0
E6819199-B72D-425C-9C91-07BA4753A38B,2011,00,0,1,0,0,0,0,0,0,1,0,0,0,0,0,0,0,0,0,0,1,0,0,0,1,0
E682B589-4D69-4E99-A582-B573928FF0FE,2012,54,0,1,0,0,0,0,0,0,1,0,0,0,0,0,0,1,0,0,0,0,0,0,0,1,0
E68565A5-6CB5-411B-A952-4EA430D4531C,2014,51,0,0,0,0,0,1,0,0,0,0,0,1,0,1,0,0,0,0,0,0,1,0,0,0,0
E68C118A-E10C-4351-B22F-E35E40820E30,2014,62,0,0,0,0,1,0,0,0,0,1,0,0,1,0,0,0,0,0,0,0,0,0,0,1,0
E698CFBB-BC52-494B-A150-E71DD9C8B810,2013,00,1,1,1,0,0,0,0,0,1,0,0,0,0,0,0,0,0,1,0,0,0,0,0,1,0
E69CA0CA-2384-4D38-B8F0-E97161A80160,2015,62,0,0,0,0,0,1,0,0,0,1,0,0,0,1,0,0,0,0,0,0,0,0,0,1,0
E6A13F78-DF28-4EEA-A0DD-616EB38D99E4,2010,52,0,0,0,0,0,0,0,1,0,0,0,1,0,0,0,0,0,0,0,1,0,1,0,0,0
E6A2B884-EBE4-40E5-A7D6-69A3A1AFA9B1,2014,92,0,0,0,0,0,0,0,1,0,0,0,1,0,0,0,0,0,0,0,1,0,0,0,1,0
E27E2419-B286-4167-B4C7-2AEF523026BC,2010,92,0,0,0,0,1,0,0,0,0,1,0,0,1,0,0,0,0,0,0,0,0,0,0,1,0
e5966a80-cdbb-11ea-add4-95da7645829e,2017,05,0,1,0,0,0,0,0,0,1,0,0,0,0,0,0,1,1,0,0,0,0,0,0,1,0
36ABDCFE-3DC9-4D40-A51A-18C7B018DFA4,2016,92,0,1,0,0,0,0,0,0,1,0,0,0,0,0,0,0,1,0,0,0,0,0,0,1,0
9DA10EEA-60B9-48F0-B473-8AE7481DDE66,2016,92,0,0,0,0,1,0,0,0,0,1,0,0,1,0,0,0,0,0,0,0,0,0,0,1,0
E6CA4393-05F8-4BC7-A326-441769CBBB75,2014,61,0,0,0,0,0,1,0,0,0,1,0,0,0,1,0,0,0,0,0,0,0,0,0,1,0
E6DFFB7A-2B52-4FC1-ADE5-0AEAFFE311EB,2013,62,0,1,0,0,0,0,0,0,1,0,0,0,0,0,0,1,0,0,0,0,0,0,0,1,0
7d57da50-eeaa-11e7-b683-c1703914e4a4,2009,62,0,0,0,0,0,1,0,0,0,0,1,0,0,1,0,0,0,0,0,0,0,0,0,1,0
38a1e580-8696-11e7-8e76-6d3ed9e599f7,2016,92,0,0,0,0,0,1,0,0,0,1,0,0,0,1,0,0,0,0,0,0,0,0,0,1,0
E6EDD321-2E00-44D9-B6A1-8E5CEB5652D9,2012,42,0,1,0,0,0,0,0,0,1,0,0,0,0,0,0,1,0,0,0,0,0,0,0,1,0
E6F5FEBB-A2A3-43B0-8283-AED0F67A9841,2012,00,0,1,1,0,0,0,0,0,1,0,0,0,0,0,0,1,0,1,1,0,1,0,0,0,0
2e9e15b0-0a13-11ea-9e73-f15207d33dcb,2018,51,0,0,0,0,1,0,0,0,0,1,0,0,1,0,0,0,0,0,0,0,0,0,0,1,0
E704EC30-798F-4C4F-AC98-77C2787E502E,2013,51,0,1,0,0,0,0,0,0,1,0,0,0,0,0,0,1,0,0,0,0,0,1,0,0,0
E70CD6F5-6D7F-420E-BFDE-D867E587F95F,2012,42,0,1,0,0,0,0,0,0,1,0,0,0,0,0,0,0,1,0,0,0,0,0,0,1,0
E715707E-2FF3-4095-8153-49FB19B65EE8,2013,54,0,0,0,0,0,0,0,1,0,0,0,1,0,0,0,0,0,0,0,1,1,0,0,0,0
E720C615-A94D-4448-AA2E-74F01FAF7EA8,2012,62,0,0,0,1,0,0,0,0,0,1,0,0,0,0,1,0,0,0,0,0,0,0,0,1,0
99192DA7-AE49-4518-B112-EF320B38A50D,2015,62,0,0,0,0,0,1,0,0,0,1,0,0,0,1,0,0,0,0,0,0,0,0,0,1,0
E725360C-B969-433D-BB7B-BF4004800FBD,2014,92,0,0,0,0,0,1,0,0,0,1,0,0,0,1,0,0,0,0,0,0,0,0,0,1,0
0c2c5a50-d63a-11e7-af4f-6b5d4514198e,2015,62,0,0,0,0,1,0,0,0,0,1,0,0,1,0,0,0,0,0,0,0,0,0,0,1,0
E736688E-D817-4E43-B238-FC8E92938962,2013,22,0,0,0,0,0,1,0,0,0,1,0,0,0,1,0,0,0,0,0,0,0,0,0,1,0
CE3115F7-1AF7-4304-928C-19088015179E,2016,62,1,1,0,0,0,0,0,0,1,0,0,0,0,0,0,0,1,0,0,0,0,0,0,1,0
D1AAD5B9-6FEB-4382-BFD2-BCADAEB1B58C,2015,06,0,0,0,0,1,0,0,0,0,1,0,0,1,0,0,0,0,0,0,0,0,0,0,1,0
E75B0BB5-59BC-482F-9576-70DCE066F131,2013,00,0,1,0,0,0,0,0,0,1,0,0,0,0,0,0,0,0,0,1,0,1,0,0,0,0
E764C807-42E1-4686-AB93-F42384B4C1AA,2014,33,0,1,0,0,0,0,0,0,1,0,0,0,0,0,0,0,1,0,0,0,1,0,0,0,0
5061fbd0-eaad-11e7-92b6-dfe49f9d7042,2017,62,0,0,0,0,0,1,0,0,0,1,0,0,0,1,0,0,0,0,0,0,0,0,0,1,0
E76FBEAE-3157-4256-8A40-9BC3E6708880,2001,92,0,0,0,0,0,1,0,0,0,1,0,0,0,1,0,0,0,0,0,0,0,0,0,1,0
c71bb4c0-3dda-11ed-8ffa-ebb9abb0c009,2021,62,1,0,0,0,0,0,0,1,1,0,0,0,0,0,0,0,1,0,0,0,0,0,0,1,0
05159AAB-78DD-4BFE-A258-069AEDAF90DC,2015,42,0,0,0,0,1,0,0,0,0,1,0,0,1,0,0,0,0,0,0,0,0,0,0,1,0
E77C30FA-7E54-4CFA-8A0F-0225AB0CCE1D,2014,92,0,0,0,0,0,1,0,0,0,1,0,0,0,1,1,0,0,0,0,0,0,1,0,0,0
0546f650-971a-11e7-a11c-5542f7e3819f,2012,62,0,0,0,0,1,0,0,0,0,0,1,0,1,0,0,0,0,0,0,0,0,0,0,1,0
E79137CB-84CE-42B3-A3FF-69D4C7AEC89F,2011,62,0,0,0,1,0,0,0,0,1,0,0,0,0,0,1,0,0,0,0,0,0,1,0,0,0
E7992561-034A-44C4-AADC-23928DA989D9,2013,54,0,0,0,1,0,0,0,0,1,0,0,0,0,0,1,0,0,0,0,0,0,1,0,0,0
74a80d30-c59c-11e7-8053-ff1e84d2b694,2017,62,0,0,0,1,0,0,0,0,1,0,0,0,0,0,1,0,0,0,0,0,0,1,0,0,0
E79A9177-8CC3-40EF-866D-B37A565B2DF8,2013,92,0,0,0,0,0,1,0,0,0,1,0,0,0,1,0,0,0,0,0,0,0,0,0,1,0
E79F8D47-8236-47B3-9B8F-36EFEE11B6D4,2012,54,0,0,0,1,0,0,0,0,1,0,0,0,0,0,1,0,0,0,0,0,0,0,0,1,0
E7A11807-6EE6-47AB-88BD-0C56682BABEC,2013,92,0,0,0,0,0,0,1,0,1,0,0,0,0,0,0,0,0,0,0,1,1,0,0,0,0
DEC0387F-6BF0-4CC7-802F-A084B49EEE2B,2016,52,0,0,0,1,0,0,0,0,1,0,0,0,0,0,1,0,0,0,0,0,0,0,0,1,0
E7C144FB-7539-40AE-AAFF-7E996E65A70E,2010,92,0,0,0,0,0,1,0,0,0,1,0,0,0,1,0,0,0,0,0,0,0,0,1,0,0
181253c0-93fe-11e7-967f-a9fa27eb51b9,2016,52,0,1,0,0,0,0,0,0,1,0,0,0,0,0,0,1,0,0,0,0,0,0,0,1,0
E7CFFD48-D95D-431F-9038-27C2CAFF277A,2012,72,0,1,0,0,0,0,0,0,1,0,0,0,0,0,0,1,0,0,0,0,0,0,0,1,0
A9D2F782-A338-4C3C-9A87-8734C7C08B99,2015,54,1,0,0,0,0,0,0,0,1,0,0,0,0,0,0,0,1,0,0,0,0,1,0,0,0
E7D688DE-5C52-4E39-A3B0-2F89683CCCC4,2012,52,0,1,0,0,0,0,0,0,1,0,0,0,0,0,0,1,0,0,0,0,0,0,0,1,0
E7DBF70B-AC39-4059-9BD9-F1C9DB7B6D0E,2014,00,0,1,0,0,0,0,0,0,1,0,0,0,0,0,0,1,0,0,0,0,1,0,0,0,0
E7DC26E8-6DC1-4B71-9B35-5017F2BDFEC7,2016,62,0,0,0,0,0,1,0,0,1,0,1,0,0,1,0,0,0,0,0,0,0,1,0,0,0
38CFD1AF-A9AF-49DA-8285-97B0D885C320,2015,00,0,0,0,0,0,1,0,0,0,1,0,0,0,1,0,0,0,0,0,0,0,0,0,1,0
E7EC52E4-FEFF-4392-B80B-2379E323F205,2011,92,0,0,0,0,0,1,0,0,0,1,0,0,0,1,0,0,0,0,0,0,0,0,0,1,0
E7EC91E9-EC70-4D0C-8F86-FC0866F3478A,2012,62,0,0,0,1,0,0,0,0,1,0,0,0,0,0,1,0,0,0,0,0,0,1,0,0,0
E7ECEED8-A64C-4EAD-8225-82148F90A9C3,2010,62,0,0,0,0,1,0,0,0,0,1,0,0,1,0,0,0,0,0,0,0,0,0,0,1,0
E7ED50E9-6809-4998-9C0A-B4014745ECD1,2012,00,0,0,0,1,0,0,0,0,1,0,0,0,0,0,1,0,0,0,0,0,0,1,0,0,0
8173cee0-deca-11e7-aa62-a96e008cbc03,2016,62,0,0,0,1,0,0,0,0,1,0,0,0,0,0,1,0,0,0,0,0,0,1,0,0,0
E7EF051F-4F7A-444A-A595-0899B4B0B550,2013,92,0,1,0,0,0,0,0,0,1,0,0,0,0,0,0,1,0,0,0,0,1,0,0,0,0
E7F306C0-2442-43C9-9704-6C93B34F3D6E,2013,92,0,1,0,0,0,0,0,0,1,0,0,0,0,0,0,0,0,0,1,0,1,0,0,0,0
E8031762-723D-4DD9-A533-0C2ACD0BC708,2012,92,0,0,0,0,1,0,0,0,0,1,0,0,1,0,0,0,0,0,0,0,0,0,0,1,0
cf043040-754a-11eb-a956-8766d2dd0181,2020,00,1,0,0,0,0,0,0,1,1,0,0,0,0,0,0,0,1,0,0,0,0,0,0,1,0
82C612C8-B19F-4F40-818B-B5F58CFB92F1,2016,62,0,0,0,0,0,1,0,0,1,0,1,0,0,1,0,1,0,0,0,0,0,0,0,1,0
2676a410-4891-11ec-be64-495e033b0bce,2021,48,0,1,0,0,0,0,0,0,1,0,0,0,0,0,0,0,1,0,0,0,0,0,0,1,0
abe780e0-9725-11e8-8342-0f8f10fcd812,2018,62,0,0,0,1,0,0,0,0,0,1,0,0,0,0,1,0,0,0,0,0,0,0,0,1,0
E8390BAE-87D0-4499-BA8D-DF7DD9DB026F,2011,52,0,0,0,0,0,0,0,1,0,0,0,1,0,0,0,0,0,0,0,1,0,1,0,0,0
3E963429-EAE2-4C96-8E8A-967EAC6B46AD,2016,00,0,0,0,1,0,0,0,0,1,0,0,0,0,0,1,0,0,0,0,0,0,0,0,1,0
E84811CB-610F-43A7-A057-CE1E90E0468F,2012,44,0,1,0,0,0,0,0,0,1,0,0,0,0,0,0,1,0,0,0,0,0,0,0,1,0
E8554507-CD87-4D71-A0C3-F84EA1DAE33D,2011,51,0,0,0,0,1,0,0,0,1,0,0,0,1,0,0,0,0,0,0,0,0,0,0,1,0
E85BC744-D3F6-4123-9DE0-70C02A92BD04,2013,62,0,1,0,0,0,0,0,0,1,0,0,0,0,0,0,0,0,0,0,1,0,0,0,1,0
E85BDCA9-7666-49FF-B619-92CC9769F14A,2013,92,0,1,0,0,0,0,0,0,1,0,0,0,0,0,0,0,0,0,0,1,0,0,0,1,0
DB417E68-41B5-4157-80C7-C42727169DDA,2015,52,0,0,0,1,0,0,0,0,1,0,0,0,0,0,1,0,0,0,0,0,0,0,0,1,0
E869FE59-1161-46F2-ACFF-E1C75A4E49C7,2014,00,0,1,0,0,0,0,0,0,1,0,0,0,0,0,0,0,0,0,1,0,1,0,0,0,0
E8700F0F-3A91-4091-94D1-30E294F0BD25,2013,56,0,0,1,0,1,0,0,0,1,1,0,0,0,0,0,0,0,1,0,0,1,0,0,0,0
d0674c40-e440-11e7-977c-0b3846f56840,2014,44,0,0,0,0,1,0,0,0,0,1,0,0,1,0,0,0,0,0,0,0,0,0,0,1,0
E88DDFEC-4F20-4EA7-8265-0E5C96E14C63,2010,61,0,1,0,0,0,0,0,0,1,0,0,0,0,0,0,0,1,0,0,0,0,0,0,1,0
E892301C-70B1-4264-9232-1C3BDA59B492,2013,56,0,1,0,0,0,0,0,0,1,0,0,0,0,0,0,1,0,0,0,0,1,0,0,0,0
E895BBBB-9327-4AE9-A2E3-DB37D5FF1E2D,2011,62,0,0,0,1,0,0,0,0,1,0,0,0,0,0,1,0,0,0,0,0,0,1,0,0,0
F7B55F2E-FCA8-43A9-89D8-1102EE49275F,2016,62,1,0,1,0,0,0,0,0,1,0,0,0,0,0,0,0,0,1,0,0,0,0,0,1,0
E89B9A8E-92FD-4E0D-88DF-2B6F88B88366,2011,62,0,0,0,0,0,1,0,0,0,0,1,0,0,1,1,0,0,0,0,0,0,1,0,0,0
43ceb050-38f7-11ed-abeb-7bd6dfb554a8,2022,00,1,1,0,0,0,0,0,1,1,0,0,0,0,0,0,0,1,0,0,0,0,0,0,1,0
E8A31DBA-7849-4BCB-9E19-55C8E83D08C1,2011,72,0,0,1,0,1,0,0,0,1,1,0,0,1,0,0,0,0,1,0,0,0,0,0,1,0
E8A6C956-69A9-4423-9376-42680DDBA3AE,2012,62,1,0,0,0,0,0,0,0,1,0,0,0,0,0,0,0,1,0,0,0,0,0,0,1,0
E8A9F5AF-34CE-416A-A8E0-0ACF819AFB69,2013,92,0,0,0,1,0,0,0,0,1,0,0,0,0,0,1,0,0,0,0,0,0,0,0,1,0
BFB6331D-F8F8-4254-B205-6CEEFEFB7A4A,2016,92,0,0,0,0,0,1,0,0,0,1,0,0,0,1,0,0,0,0,0,0,0,0,0,1,0
4FB0C3B9-59FF-4760-94D3-6BA9F4ABD6AB,2016,62,0,0,0,1,0,0,0,0,1,0,0,0,0,0,1,0,0,0,0,0,0,0,0,1,0
E8C80BED-793C-4E33-A0F8-462F8B1B3882,2013,62,0,0,0,0,0,1,0,0,0,1,0,0,0,0,1,0,0,0,0,0,0,1,0,0,0
d9a4b1e0-0585-11ea-a6b7-b9a04765ea4f,2019,62,0,1,1,0,0,0,0,0,1,0,0,0,0,0,0,0,0,1,0,0,0,0,0,1,0
E8D5A222-6138-4997-A50D-127DC7A4963D,2013,92,0,1,0,0,0,0,0,0,1,0,0,0,0,0,0,1,0,0,0,0,1,0,0,0,0
33004f20-0aa5-11e8-827c-bba53cbad290,2017,51,0,1,0,0,0,0,0,0,1,0,0,0,0,0,0,0,0,0,0,1,0,0,0,1,0
E8E07CBF-D0E7-437E-8F3D-71F0E08BC53F,2013,44,0,1,0,0,0,0,0,0,1,0,0,0,0,0,0,0,1,0,0,0,0,0,0,1,0
E8E16E5E-8BE5-4D22-AACF-2C0E91656BC4,2011,62,0,1,0,1,1,0,0,0,0,1,0,0,1,0,0,0,0,0,0,0,0,0,0,1,0
37693CFC-7480-49E4-5D87-B8C7D8B9AACD,2025,51,0,1,0,0,0,0,0,0,1,0,0,0,0,0,0,1,0,0,0,0,0,0,0,1,0
E8FCC61F-2F3C-448F-B476-DEBC24FA69BD,2013,62,0,1,0,0,0,0,0,0,1,0,0,0,0,0,0,0,0,0,0,1,0,1,0,0,0
6fbb5ec0-ce65-11e9-b4e5-4769cce343a0,2019,62,1,0,1,0,0,0,0,0,1,0,0,0,0,0,0,0,1,0,0,0,0,1,0,0,0
DDA41A97-7724-43C4-81DA-D8EB3604EE16,2012,62,0,0,0,0,1,0,0,0,0,1,0,0,1,0,0,0,0,0,0,0,0,0,0,1,0
E92936F6-A899-4CB1-8F38-0F7C623D1E62,2014,52,0,0,0,0,0,1,0,0,0,1,0,0,0,1,0,0,0,0,0,0,0,0,0,1,0
E93009F1-C3F3-4390-9F07-6750378BDBF1,2015,42,0,0,0,0,1,0,0,0,0,1,0,0,1,0,0,0,0,0,0,0,0,0,0,1,0
D1AC7F4E-9431-46AD-99F5-DD1B435C6A78,2014,62,0,0,0,0,1,0,0,0,0,1,0,0,1,0,0,0,0,0,0,0,0,0,0,1,0
E9417D80-8E7A-45B4-9422-801F9B9236D0,2012,52,0,0,0,0,0,1,0,0,0,1,0,0,0,1,0,0,0,0,0,0,0,1,0,0,0
E9431949-A993-4901-982F-B5522066114B,2012,61,0,0,0,0,0,1,0,0,0,1,0,0,0,1,0,0,0,0,0,0,0,1,0,0,0
E94ACB97-0C60-490C-A525-9FD0B308D2B4,2013,42,0,1,0,0,0,0,0,0,1,0,0,0,0,0,0,0,1,0,0,0,0,0,0,1,0
E94F7029-B978-4B6E-BB88-FB3ADC82856C,2013,44,0,1,0,0,0,0,0,0,1,0,0,0,0,0,0,1,0,0,0,0,0,0,0,1,0
E9570496-6288-4144-9D31-C556F99F6702,2012,00,0,1,0,0,0,0,0,0,1,0,0,0,0,0,0,1,1,0,0,0,0,0,0,1,0
E6479528-5187-4828-B37F-21246A9FF6F4,2013,62,0,0,0,0,1,0,0,0,0,1,0,0,1,0,0,0,0,0,0,0,0,0,0,1,0
E963B5BF-15A1-4F8E-B1CF-D73BA1924261,2014,92,0,0,0,0,0,1,0,0,0,1,0,0,0,1,0,0,0,0,0,0,0,0,0,1,0
bb8dbc20-d962-11e7-8b17-fdfed30923dd,2017,62,0,0,1,0,0,0,0,0,1,0,0,0,0,0,0,0,0,1,0,0,0,0,0,1,0
E96C7FF7-4AA0-455B-9E6C-60D792A8EF64,2012,56,0,0,0,1,0,0,0,0,1,0,0,0,0,0,1,0,0,0,0,0,0,1,0,0,0
E96D6748-7CC5-49F3-BB57-5873A10923F8,2012,11,0,0,0,1,0,0,0,0,1,0,0,0,0,0,1,0,0,0,0,0,0,1,0,0,0
E971EF66-AD2E-476E-BB44-6B19DB57D4C8,2012,92,0,0,0,1,0,0,0,0,1,0,0,0,0,0,1,0,0,0,0,0,0,0,0,1,0
E97446BE-B61E-43A6-A8F2-0F16C5FF6090,2013,92,0,0,0,0,0,1,0,0,0,1,0,0,0,1,0,0,0,0,0,0,0,0,0,1,0
183EA913-655D-4EE8-B01B-14C54F86A970,2015,92,0,0,0,0,0,1,0,0,0,1,0,0,0,1,0,0,0,0,0,0,0,0,0,1,0
1717ce40-8112-11e7-9cfb-2f8f443557c3,2003,62,0,0,0,0,1,0,0,0,0,1,0,0,1,0,0,0,0,0,0,0,0,0,0,1,0
E9864B07-A715-483E-B85B-F85A2B00EE9C,2011,62,0,0,0,0,1,0,0,0,0,1,0,0,1,0,0,0,0,0,0,0,0,0,0,1,0
dd6aa1e0-a2db-11e7-b840-f97c87f5ffb5,2017,52,0,0,0,0,0,1,0,0,0,1,0,0,0,1,0,0,0,0,0,0,0,1,0,0,0
E9A65E8D-7BE7-412A-B531-64FD4672EC67,2010,92,0,0,0,0,0,1,0,0,0,1,0,0,0,1,0,0,0,0,0,0,0,0,1,0,0
E9A7E596-F3F1-4C6F-A7C6-64A3DD3D9C10,2010,92,0,0,0,0,1,0,0,0,0,1,0,0,1,0,0,0,0,0,0,0,0,1,0,0,0
E9AEDC8A-C7FF-4F62-B480-E1B99E9B0884,2010,92,0,0,0,0,0,1,0,0,0,1,0,0,0,0,1,0,0,0,0,0,0,0,0,1,0
E9C1A2C6-AF82-4C8E-9A42-C4FBF2F5768F,2010,62,0,0,0,1,0,0,0,0,1,0,0,0,0,0,1,0,0,0,0,0,0,1,0,0,0
E9D0E060-89A3-4F69-B264-C9AF8D24EFC8,2014,61,0,0,0,1,0,0,0,0,1,0,0,0,0,0,1,0,0,0,0,0,0,1,0,0,0
b142cb00-8cc5-11e7-97c0-cfe5b6ac1588,2017,00,0,0,0,0,0,0,0,1,1,0,0,0,0,0,0,0,0,0,0,1,0,0,0,1,0
E9D5C6BB-ECA2-4B0F-9728-A7A713DCAC8D,2013,00,0,1,0,0,0,0,0,0,1,0,0,0,0,0,0,1,0,0,1,0,1,0,0,0,0
E9DC451B-A8F3-4DD3-BE28-AD306490AD10,2012,81,0,1,0,0,0,0,0,0,1,0,0,0,0,0,0,1,0,0,0,0,0,0,0,1,0
74CD93D6-C06F-479C-B33E-80465E472382,2015,52,0,0,0,1,0,0,0,0,1,0,0,0,0,0,0,0,0,0,0,1,0,0,0,1,0
289a2220-c58d-11e7-8314-790c8d59abbb,2017,52,0,0,0,1,0,0,0,0,1,0,0,0,0,0,0,0,0,0,0,1,0,1,0,0,0
E9E88A14-8611-4127-84D1-8B95C0D6B103,2012,62,0,0,0,0,0,0,0,1,0,0,0,1,0,0,0,0,0,0,0,1,0,1,0,0,0
8fdeb5b0-1d09-11ea-b94e-893211cca703,2019,62,0,0,0,1,0,0,0,0,1,0,0,0,0,0,1,0,0,0,0,0,0,1,0,0,0
E9FAC77B-EF35-4BCB-AF2B-53F74A5FDEC1,2011,56,0,0,1,0,0,0,0,0,1,0,0,0,0,0,0,0,0,1,0,0,0,0,0,1,0
05d32b70-93d2-11e7-967f-a9fa27eb51b9,2017,62,1,0,0,0,0,0,0,0,1,0,0,0,0,0,0,0,1,0,0,0,0,1,0,0,0
EA02604B-F371-4C4E-BB90-412B3A7A42D3,2013,72,0,1,0,0,0,0,0,0,1,0,0,0,0,0,0,0,1,0,0,0,0,0,0,1,0
EA12AA80-38B5-4571-9CA7-D84F3E7C5E40,2013,61,0,1,0,0,0,0,0,0,1,0,0,0,0,0,0,0,0,0,0,1,0,0,0,1,0
c0d35a90-4678-11ed-9a6c-911ade1670b5,2020,92,0,0,0,0,0,1,0,0,0,1,0,0,0,1,0,0,0,0,0,0,0,0,0,1,0
EA1C06DA-4775-4672-8376-73AED1F536C0,2013,00,0,1,0,0,0,0,0,0,1,0,0,0,0,0,0,1,0,0,0,0,1,0,0,0,0
EA21004C-6A6C-4B05-84BC-0AC62C886579,2010,92,0,0,0,0,0,1,0,0,0,1,0,0,0,0,1,0,0,0,0,0,0,0,0,1,0
EA243FE2-D42E-4F89-95A7-32C94BAB1997,2013,92,0,0,0,0,1,0,0,0,0,0,1,0,1,0,0,0,0,0,0,0,0,0,0,1,0
EA257B0A-20F8-4F5E-8398-923D1082AF87,2013,00,0,1,0,0,0,0,0,0,1,0,0,0,0,0,0,1,0,0,0,0,1,0,0,0,0
EA2B2CE7-2E1B-46D9-AC54-3FF414AB2E82,2015,62,1,0,1,0,0,0,0,0,1,0,0,0,0,0,0,0,0,1,0,0,0,0,0,1,0
EA2C03FE-6B09-49F1-A2D8-AB5548689D16,2010,92,0,0,0,0,0,1,0,0,0,1,0,0,0,1,0,0,0,0,0,0,0,0,0,1,0
aefd31a0-238a-11eb-b77f-316b5c5dd5eb,2020,44,0,0,0,1,0,0,0,0,1,0,0,0,0,0,1,0,0,0,0,0,0,0,0,1,0
EA379E9B-75DB-4A97-861B-4EE91358FF9A,2014,00,0,0,0,0,0,1,0,0,0,1,0,0,0,1,0,0,0,0,0,0,0,1,0,0,0
EA3C9F0F-BC3F-4645-8EDE-024645F60FDA,2012,92,0,0,0,0,0,1,0,0,0,1,0,0,0,1,0,0,0,0,0,0,0,0,0,1,0
2EFA3B2F-B5AE-491E-AA65-8D92ABE94163,2015,62,0,0,0,0,1,0,0,0,0,1,0,0,1,0,0,0,0,0,0,0,0,0,0,1,0
18E7681D-C6F8-4FF6-BD6A-7D6D64D71284,2015,92,0,0,0,0,1,0,0,0,0,1,0,0,1,0,0,0,0,0,0,0,0,0,0,1,0
EA4FD266-FAAC-4B1A-AAB9-08623CC64423,2016,51,0,0,0,1,1,0,0,0,1,0,0,0,0,0,1,0,0,0,0,0,1,0,0,0,0
EA5EF1DD-AE57-40F6-BB7F-F6303BB4840E,2014,56,0,1,0,0,0,0,0,0,1,0,0,0,0,0,0,0,0,0,0,1,0,1,0,0,0
EA650B9E-D168-4249-A95B-118DCD1A6FE0,2013,52,0,0,0,1,0,0,0,0,1,0,0,0,0,0,0,0,0,0,0,1,0,0,0,1,0
EA6DED80-AC43-420B-A250-A6EACE7760B3,2015,00,0,0,0,1,0,0,0,0,1,0,0,0,0,0,1,0,0,0,0,0,0,0,0,1,0
EA7029D2-34BF-459B-905C-0A1E42FCD172,2015,44,0,0,0,1,0,0,0,0,1,0,0,0,0,0,1,0,0,0,0,0,0,0,0,1,0
EA76E065-EACB-4A17-94D5-D274F18C52FC,2013,52,0,0,0,0,0,0,0,1,0,0,0,1,0,0,0,0,0,0,0,1,0,0,0,1,0
B825342A-E522-431A-85D3-C855C593AB91,2016,62,0,1,0,0,0,0,0,0,1,0,0,0,0,0,0,0,0,0,0,1,0,1,0,0,0
365715DE-11A6-4CB5-919D-90D721E22182,2016,62,0,1,0,0,0,0,0,0,1,0,0,0,0,0,0,0,1,0,0,0,0,0,0,1,0
E1819EB1-1863-4AB0-953D-C9387424C99C,2016,92,0,1,0,0,0,0,0,0,1,1,0,0,0,0,0,1,0,0,0,0,0,0,0,1,0
da684490-723d-11eb-b847-53c7fcddcc7a,2020,32,0,0,0,0,0,1,0,0,0,1,0,0,0,1,0,0,0,0,0,0,0,0,0,1,0
4c168230-d964-11e7-8b17-fdfed30923dd,2016,00,0,0,0,0,0,0,0,1,0,0,0,1,0,0,0,1,0,0,0,0,0,1,0,0,0
EAB30025-F493-4057-AC79-4BB771D24C66,2012,62,0,0,0,0,0,1,0,0,0,1,0,0,0,1,0,0,0,0,0,0,0,1,0,0,0
EAC07B6E-B57E-4400-9D23-34187CF98510,2011,62,0,0,0,1,0,0,0,0,1,0,0,0,0,0,1,0,0,0,0,0,0,1,0,0,0
B04E80F9-476D-441C-A70A-E08B4C31B0D8,2016,52,0,0,0,1,0,0,0,0,1,0,0,0,0,0,0,0,0,0,0,1,0,0,0,1,0
EAC8E50C-C2B7-401B-B283-28AA1750D8B8,2010,92,0,0,0,0,0,1,0,0,0,1,0,0,0,1,0,0,0,0,0,0,0,0,1,0,0
EAC99C13-3096-474C-BF8B-CF2B78370870,2011,92,0,0,0,0,1,0,0,0,0,1,0,0,1,0,0,0,0,0,0,0,0,0,0,1,0
EACB9A2D-971B-447C-96DA-2FFB5559EC9D,2012,92,0,0,0,0,0,1,0,0,0,1,0,0,0,1,0,0,0,0,0,0,0,0,0,1,0
EACD464C-74B2-4796-84F7-8AA5DF44BC34,2013,21,0,0,0,1,0,0,0,0,1,0,0,0,0,0,1,0,0,0,0,0,0,0,0,1,0
EACDA6A8-47DC-4318-AD1C-587EF4217A46,2014,92,0,0,0,0,0,1,0,0,0,1,0,0,0,0,1,0,0,0,0,0,0,0,0,1,0
848CDD4F-C65B-4FB9-942B-7AD57E01BC6C,2015,81,0,1,0,1,0,1,0,0,1,0,0,0,0,0,0,1,0,0,0,0,0,0,0,1,0
EAD743E4-8819-41B2-9494-8EBE30DD05DD,2013,52,0,0,0,0,0,1,0,0,0,1,0,0,0,1,0,0,0,0,0,0,0,0,0,1,0
2101B3BF-E819-4E96-8D48-E2C0AA185F6C,2015,51,0,1,0,0,0,1,0,0,0,1,0,0,0,1,0,0,0,0,0,0,0,0,0,1,0
EADBF68D-9157-4CB9-A87C-FE708CA6BAAB,2016,44,0,0,0,1,1,0,0,0,0,1,0,0,1,0,0,0,0,0,0,0,0,0,0,1,0
eac291b0-9951-11e7-a069-d9175a67bd3e,2017,62,0,0,0,0,1,0,0,0,0,1,0,0,1,0,0,0,0,0,0,0,0,0,0,1,0
9fc33e80-74a9-11eb-a956-8766d2dd0181,2020,51,0,1,0,0,0,0,0,0,1,0,0,0,0,0,0,1,0,0,0,0,0,0,0,1,0
EAEB8638-673C-42FF-AB43-92AAAEC780A4,2013,00,0,1,0,0,0,0,0,0,1,0,0,0,0,0,0,1,0,0,0,0,1,0,0,0,0
EAF2C87A-5530-43C0-8C7F-C48C240AB00D,2013,61,0,0,0,0,0,1,0,0,0,1,0,0,0,1,0,0,0,0,0,0,0,1,0,0,0
72a859a0-0a15-11ed-9141-192d7c736152,2022,92,0,1,0,0,0,0,0,0,1,0,0,0,0,0,0,0,1,0,0,0,0,0,0,1,0
EB01A2BD-5F3B-4A5E-93D2-14AD3C368986,2013,09,0,0,0,1,0,0,0,0,1,0,0,0,0,0,1,0,0,0,0,0,0,0,0,1,0
6DD9CF48-4CA6-4879-B132-1740E6A13CB9,2016,54,0,1,0,0,0,0,0,0,1,0,0,0,0,0,0,1,0,0,0,0,0,0,0,1,0
8A604000-90FC-4563-9E59-F6EE7EDC41A5,2016,92,0,0,0,0,0,1,0,0,0,1,0,0,0,1,0,0,0,0,0,0,0,1,0,0,0
EB1BE989-6622-4CD4-9269-9601268542D1,2014,51,0,1,0,0,0,0,0,0,1,0,0,0,0,0,0,1,0,0,0,0,0,0,0,1,0
EB26CE3E-5E45-4015-9F32-400FFD649EFB,2013,62,0,0,0,0,0,1,0,0,0,0,1,0,0,1,1,0,0,0,0,0,0,1,0,0,0
7df0e000-a1d7-11ea-aa67-0b6b068266ad,2020,92,0,0,0,0,0,1,0,0,0,1,0,0,0,1,0,0,0,0,0,0,0,0,0,1,0
7e81b9c0-351f-11e9-aaf8-2b964a89eccb,2018,33,0,0,0,0,0,1,0,0,0,1,0,0,0,1,0,0,0,0,0,0,0,0,0,1,0
EB327F2F-E9AF-4BC2-8C6D-AE840DFF7919,2013,51,0,1,1,0,0,0,0,0,1,1,0,0,0,0,0,1,0,1,0,0,0,0,0,1,0
EB370AB7-D7F2-41D8-9B30-395C6B4612BD,2016,05,0,1,0,0,0,0,0,0,1,0,0,0,0,0,0,1,0,0,0,0,0,0,0,1,0
EB3D9A63-6814-4784-A1EA-B960215D80E4,2013,62,0,0,0,0,0,1,0,0,0,1,0,0,0,1,0,0,0,0,0,0,0,0,0,1,0
80e24160-0a6c-11ec-9d35-0d797e3f6b54,2017,51,1,1,0,0,0,0,0,0,1,0,0,0,0,0,0,0,1,0,0,0,0,1,0,0,0
35d789f0-e1f3-11e7-8553-197c24c367d2,2017,61,0,0,1,0,0,0,0,0,1,0,0,0,0,0,0,0,0,1,0,0,0,1,0,0,0
EB4DA59E-3E47-4960-9361-A5DFEB036D98,2010,62,0,0,0,1,0,0,0,0,1,0,0,0,0,0,1,0,0,0,0,0,0,1,0,0,0
95DBE9A7-C65D-4B23-878C-63A19DBFBE00,2016,62,1,1,0,0,0,0,0,0,1,0,0,0,0,0,0,0,1,0,0,0,0,1,0,0,0
EB622F8D-F092-4466-A3E4-C0DA5C20A246,2010,61,0,0,0,0,0,1,0,0,0,1,0,0,0,1,0,0,0,0,0,0,0,1,0,0,0
4078d9b0-b69e-11e8-b56a-011002460f8b,2018,42,0,0,0,0,1,0,0,0,0,1,0,0,1,0,0,0,0,0,0,0,0,0,0,1,0
EB66BF76-C10E-4B8D-8C13-12B928C89347,2014,00,0,1,0,0,0,0,0,0,1,0,0,0,0,0,0,0,0,0,1,0,1,0,0,0,0
EB678ADF-19D9-415B-8B75-74C363D86603,2015,62,0,0,0,1,0,0,0,0,1,0,0,0,0,0,1,0,0,0,0,0,0,1,0,0,0
EB6CFEE1-6C7E-480C-8C16-2CB08A1854E8,2013,52,0,0,0,0,0,1,0,0,0,1,0,0,0,1,0,0,0,0,0,0,0,1,0,0,0
EB73F853-3113-4A91-8FA3-F886A3B8EAD7,2010,62,0,0,0,1,0,0,0,0,1,0,0,0,0,0,1,0,0,0,0,0,0,1,0,0,0
EB7B85A4-CA81-4C83-8B1E-2F7319E0BCC4,2014,56,0,0,0,0,0,1,0,0,0,1,0,0,0,1,0,0,0,0,0,0,0,1,0,0,0
EB89640F-5EDA-453F-9ED0-A6D408F68C53,2008,62,0,0,0,1,0,0,0,0,1,0,0,0,0,0,1,0,0,0,0,0,0,0,0,1,0
632842e0-f6c3-11ea-b6fa-6deaa5aa80b0,2017,62,0,0,0,0,0,1,0,0,0,1,0,0,0,1,0,0,0,0,0,0,0,0,0,1,0
68c90150-dc2c-11ef-94f8-638529e3ff3b,2021,05,0,0,0,0,0,1,0,0,0,1,1,0,0,1,0,0,0,0,0,0,0,0,0,1,0
8ecc5ea0-058c-11ea-a6b7-b9a04765ea4f,2018,92,1,0,0,0,0,0,0,0,1,0,0,0,0,0,0,0,1,0,0,0,1,0,0,0,0
891ab7a0-28d7-11e9-adf7-352895b3dcd2,2018,61,0,0,0,0,0,0,0,1,0,0,0,1,0,0,0,0,0,0,0,1,0,0,0,1,0
EB9EFFE7-6764-45BF-9B94-160AC79DE6EC,2006,00,0,0,0,0,1,0,0,0,0,1,0,0,1,0,0,0,0,0,0,0,0,0,0,1,0
EBA0794F-71BD-4C6B-AFAD-2965A6BA550A,2013,92,0,0,0,0,0,1,0,0,0,1,0,0,0,1,0,0,0,0,0,0,0,0,1,0,0
EBA92D35-EF03-4289-8043-50AD91CEE18C,2014,44,0,0,0,1,0,0,0,0,1,0,0,0,0,0,0,0,0,0,0,1,0,0,0,1,0
EBAE9BEF-1B66-49AC-90D7-95FA3815369A,2013,56,0,0,1,0,0,0,0,0,1,0,0,0,0,0,0,0,0,1,0,0,0,0,0,1,0
EBB30244-C1E0-41DE-AA91-467D1598BC48,2015,92,0,0,0,0,0,1,0,0,0,1,0,0,0,1,0,0,0,0,0,0,0,0,0,1,0
F007626E-B60E-4E08-B905-7E6DC0B199D1,2016,92,0,0,0,0,1,0,0,0,0,1,0,0,1,0,0,0,0,0,0,0,0,0,0,1,0
EBC1B7EC-6561-4B80-802F-FD1BA55DBCA4,2012,62,0,0,0,0,1,0,0,0,0,1,0,0,1,0,0,0,0,0,0,0,0,0,0,1,0
9a70d7f0-c951-11e7-aa33-c3c39d564c9a,2017,44,0,0,0,1,0,0,0,0,1,0,0,0,0,0,0,0,0,0,0,1,0,0,0,1,0
EBD51494-1957-49A6-830A-5C5B3EC92E18,2013,61,0,0,0,0,0,0,0,1,0,0,0,1,0,0,0,0,0,0,0,1,0,0,0,1,0
EBD91D08-DE13-440E-8E3A-FF37ACA15F16,2012,62,0,0,0,0,0,0,0,1,0,0,0,1,0,0,0,0,0,0,0,1,0,1,0,0,0
EBE08DA6-2DB8-4FC1-819A-C4691B346EAD,2013,92,0,0,0,0,1,0,0,0,0,1,0,0,1,0,0,0,0,0,0,0,0,0,0,1,0
39e096a0-a083-11e8-899a-23ad2f84ca7d,2018,00,1,0,0,0,0,0,0,0,1,0,0,0,0,0,0,0,1,0,0,0,0,1,0,0,0
EBE77A7C-9FC7-4A13-80DA-12C422E8651A,2013,00,0,1,0,0,0,0,0,0,1,0,0,0,0,0,0,1,0,0,0,0,1,0,0,0,0
EBF69CD9-C00D-495F-A22B-D2EF127A0A20,2013,62,0,0,0,0,1,0,0,0,0,1,0,0,1,0,0,0,0,0,0,0,0,0,0,1,0
38cd2510-1d02-11ea-aaae-134977653bb1,2019,51,0,0,0,0,0,1,0,0,0,1,0,0,0,1,1,0,0,0,0,0,0,0,0,1,0
f10ff760-0a35-11e8-bbae-ed39c73f1398,2016,44,1,1,0,0,0,0,0,0,1,0,0,0,0,0,0,0,1,0,0,0,0,0,0,1,0
EBFE3E81-B319-4B90-963C-A8EBEDB7BD87,2012,62,0,0,0,0,1,0,0,0,0,1,0,0,1,0,0,0,0,0,0,0,0,0,0,1,0
EC07E2D0-D24E-4628-9AC4-E8BA6C752B5B,2012,92,0,0,0,0,0,1,0,0,0,1,0,0,0,1,0,0,0,0,0,0,0,0,0,1,0
EC0ACFE0-3159-4EE8-B317-4A76F48B3A83,2015,92,0,1,0,0,0,0,0,0,1,0,0,0,0,0,0,1,0,0,0,0,0,0,0,1,0
EC0F69DE-35C7-4FAE-8F3F-4319B97643D6,2010,62,0,0,0,1,0,0,0,0,1,0,0,0,0,0,1,0,0,0,0,0,0,1,0,0,0
34BADD18-D21C-474E-9249-56371B57A8F6,2015,62,0,0,0,0,0,1,0,0,0,1,0,0,0,1,0,0,0,0,0,0,0,0,0,1,0
3c80e560-45b9-11ed-9a6c-911ade1670b5,2022,92,0,0,0,0,0,1,0,0,0,1,0,0,0,1,0,0,0,0,0,0,0,1,0,0,0
a294a030-c495-11e7-9a8b-47d1b690bc01,2017,52,1,0,0,0,0,0,0,0,1,0,0,0,0,0,0,0,1,0,0,0,1,0,0,0,0
c48bb130-3f31-11ed-a8d9-e567d58abfd4,2021,71,1,0,0,0,0,0,0,1,1,0,0,0,0,0,0,0,1,0,0,0,0,1,0,0,0
00760E12-352A-4515-9063-726A80DF8988,2016,62,0,0,0,0,0,1,0,0,0,0,1,0,0,1,0,0,0,0,0,0,0,0,0,1,0
EC503F2C-800F-4764-9F9A-6313ED8FE1C3,2014,81,0,0,0,0,0,1,0,0,0,1,0,0,0,1,0,0,0,0,0,0,0,0,0,1,0
EC57BA6E-0F9C-4716-9233-27B73E0D482D,2012,81,0,0,1,0,1,0,0,0,1,1,0,0,1,0,0,0,0,1,0,0,0,1,0,0,0
EC5B111D-5F53-40CE-A2DD-14D647E86109,2013,44,1,0,0,0,0,0,0,0,1,0,0,0,0,0,0,0,1,0,0,0,0,0,0,1,0
EC5B6046-D7C2-48C9-83F5-3F8AA2034CE2,2013,51,0,1,0,0,0,0,0,0,1,0,0,0,0,0,0,0,0,0,0,1,0,1,0,0,0
22BB329D-3A38-4E51-8829-B811F111E91C,2015,52,0,0,0,1,0,0,0,0,1,0,0,0,0,0,0,0,0,0,0,1,1,0,0,0,0
e1ad4ea0-9959-11e7-a069-d9175a67bd3e,2017,62,0,0,0,0,1,0,0,0,0,1,0,0,1,0,0,0,0,0,0,0,0,0,0,1,0
EC624C56-1D60-4D51-9B1C-28FFB271B41C,2010,62,0,0,0,1,0,1,0,0,0,1,0,0,0,0,1,0,0,0,0,0,0,1,0,0,0
EC6899DA-94D3-46D2-BF32-D6A2B1F2FB43,2009,92,0,0,1,0,1,0,0,0,1,1,0,0,1,0,0,0,0,0,0,0,0,0,0,1,0
69abdaf0-ca34-11e7-a7a2-ef5723624be0,2017,62,0,0,0,0,0,1,0,0,1,0,0,0,0,1,0,0,0,0,0,0,0,0,0,1,0
EC89A10B-40FD-4A80-9053-022174FCCB83,2012,54,0,1,0,0,0,0,0,0,1,0,0,0,0,0,0,0,1,0,0,0,0,0,0,1,0
EC96FE9B-5A0F-4F0A-83EF-5C70B7A9D0FE,2012,05,0,1,0,0,0,0,0,0,1,0,0,0,0,0,0,0,1,0,0,0,0,0,0,1,0
EC9D5987-24C8-4156-980C-768BD1C6694C,2012,92,0,0,0,0,0,1,0,0,0,1,0,0,0,1,0,0,0,0,0,0,0,0,0,1,0
9A518FC3-9FA0-4159-9FE4-32F2C1F0CD93,2016,00,0,0,0,1,1,0,0,0,0,1,0,0,1,0,0,0,0,0,0,0,0,1,0,0,0
ECA12F58-D667-417C-A3F4-9396F37C05C1,2010,62,0,0,0,1,0,1,0,0,1,1,0,0,0,0,1,0,0,0,0,0,0,1,0,0,0
ECAC5DCF-4D30-4855-8640-4D6C25E82DE9,2010,92,0,0,0,0,0,0,0,1,0,0,0,1,0,0,0,0,0,0,0,1,0,1,0,0,0
49063294-8218-420D-A42B-48EC8B9472DE,2015,52,0,0,0,1,0,0,0,0,1,0,0,0,0,0,0,0,0,0,0,1,0,0,0,1,0
ECBC8BE2-848C-4AD9-9721-003C9ABEFEFE,2013,62,0,0,0,1,0,0,0,0,1,0,0,0,0,0,1,0,0,0,0,0,0,1,0,0,0
66F041E1-6A60-928B-05A7-E228A89C3799,2025,45,0,1,0,0,0,0,0,0,1,0,0,0,0,0,0,1,0,0,0,0,0,0,0,1,0
205de490-8e68-11ec-a600-657ec2694f8f,2021,61,1,1,0,0,0,0,0,0,1,0,0,0,0,0,0,0,1,0,0,0,0,1,0,0,0
c3e51ec0-c837-11e9-a1c3-d539e9b7140e,2019,61,1,0,1,0,0,0,0,0,1,0,0,0,0,0,0,0,0,1,0,0,0,0,0,1,0
ECD44AEA-6A86-4601-B0BF-64E0C3073303,2012,92,1,1,1,0,0,0,0,0,1,0,0,0,0,0,0,0,0,1,0,0,0,0,0,1,0
ECD54376-0F5B-4732-933E-57A492574D48,2012,92,0,0,0,0,0,1,0,0,0,1,0,0,0,1,0,0,0,0,0,0,0,0,0,1,0
ECD7EF4E-976B-425B-9238-60A3FCD1C397,2011,92,0,0,0,0,0,1,0,0,0,1,0,0,0,1,0,0,0,0,0,0,0,1,0,0,0
f2d3c490-6c8e-11e7-8419-7d473c8dcba3,2017,54,1,1,0,0,0,0,0,0,1,0,0,0,0,0,0,0,1,0,0,0,0,0,0,1,0
ECE2B60D-7413-4A08-BF3A-04D08C8A5101,2012,92,0,0,0,0,0,1,0,0,0,1,0,0,0,1,0,0,0,0,0,0,0,0,0,1,0
19573f70-74ab-11eb-a956-8766d2dd0181,2020,53,0,0,0,0,0,1,0,0,0,1,0,0,0,1,0,0,0,0,0,0,0,0,0,1,0
ECEFF3C5-1A56-4EF0-9334-8AD1314FF476,2014,00,0,1,0,0,0,0,0,0,1,0,0,0,0,0,0,0,0,0,1,0,1,0,0,0,0
61633950-de0b-11e9-92e6-b7a271e742aa,2019,62,0,0,0,1,0,0,0,0,1,0,0,0,0,0,1,0,0,0,0,0,0,1,0,0,0
f8580220-e01f-11ef-8e7d-5bcd93832819,2024,72,0,1,0,0,0,0,0,0,1,0,0,0,0,0,0,0,1,0,0,0,0,0,0,1,0
ECF8978F-3AF0-4000-BB03-E670F777AF5D,2011,92,0,0,0,0,0,1,0,0,0,1,0,0,0,1,0,0,0,0,0,0,0,0,0,1,0
ECFCD5AF-55C9-437D-BC3F-CDE45484265C,2013,54,0,0,0,0,0,0,0,1,1,0,0,0,0,0,0,0,0,0,0,1,0,1,0,0,0
5f362ce0-8e95-11ec-a600-657ec2694f8f,2019,00,0,1,0,0,0,0,0,0,1,0,0,0,0,0,0,0,1,0,0,0,0,0,0,1,0
877fee80-c0a3-11e7-89a5-cb2864f71ca2,2017,42,0,0,0,0,1,0,0,0,0,1,0,0,1,0,0,0,0,0,0,0,0,0,1,0,0
ED1AED94-0F1E-4797-8E33-0F767175FED2,2012,52,0,1,0,0,0,0,0,0,1,0,0,0,0,0,0,0,0,0,0,1,0,0,0,1,0
2e3d2f80-723f-11eb-b847-53c7fcddcc7a,2020,71,0,0,0,0,0,1,0,0,0,1,0,0,0,1,0,0,0,0,0,0,0,0,0,1,0
ED2DD118-5C2C-497B-A330-5574BB4A2758,2015,33,0,0,0,0,1,0,0,0,1,0,0,0,1,0,0,0,0,0,0,0,0,0,0,1,0
016be5b0-c9b6-11e9-9a33-13e06a29212c,2019,00,0,1,0,0,0,0,0,0,1,0,0,0,0,0,0,1,0,0,0,0,0,0,0,1,0
0526C438-8221-49D1-9815-6FAA088E5A63,2016,44,0,0,0,0,0,1,0,0,1,1,0,0,0,1,0,0,0,0,0,0,0,0,0,1,0
ED39F8E7-4CB0-4DB7-9A94-413DE124D154,2012,81,0,0,0,1,0,0,0,0,1,0,0,0,0,0,1,0,0,0,0,0,0,1,0,0,0
ED3B1A28-071C-41A9-9293-CB9B92495B04,2015,33,0,1,0,0,0,1,0,1,0,1,0,1,0,1,0,0,0,0,0,0,0,0,0,1,0
099857a0-e2e0-11e7-a8b4-b50015373b0a,2017,33,0,1,0,0,0,0,0,0,1,0,0,0,0,0,0,1,0,0,0,0,0,0,0,1,0
41C7FDD4-8C28-4486-A622-1F80D99ABB40,2014,54,0,0,0,0,1,0,0,0,1,0,0,0,0,0,0,1,0,0,0,0,0,0,0,1,0
c9ea9a40-c58f-11e7-8314-790c8d59abbb,2017,00,0,0,0,1,0,0,0,0,1,0,0,0,0,0,0,0,0,0,0,1,0,1,0,0,0
ED48DAF1-98E6-45B6-8A9D-DCD41B1394EC,2010,62,0,0,0,1,0,0,0,0,1,0,0,0,0,0,1,0,0,0,0,0,0,1,0,0,0
ED52E7F2-8E2D-4CDF-A205-1F3F63233C5D,2013,62,0,0,0,0,0,1,0,0,0,1,0,0,0,1,0,0,0,0,0,0,0,0,0,1,0
D5D48E78-20F9-4BC7-B413-D8D191433F54,2015,92,0,0,0,0,0,1,0,0,0,1,0,0,0,1,0,0,0,0,0,0,0,0,0,1,0
d4df3450-c3c9-11e7-8b51-4ba52e63b6cc,2017,52,0,0,0,1,0,0,0,0,1,0,0,0,0,0,0,0,0,0,0,1,0,1,0,0,0
ED7860BF-C605-4919-9D3A-EC8C68C9DCB9,2010,92,0,0,0,0,0,1,0,0,0,1,0,0,0,1,0,0,0,0,0,0,0,0,1,0,0
ED790568-51B0-48F0-8473-FE71E2528E1F,2015,52,0,0,0,0,0,1,0,0,0,0,1,0,0,1,0,0,0,0,0,0,0,1,0,0,0
ED7C3025-6FFF-4635-9FAA-646FB299EC4B,2011,92,0,0,0,0,1,0,0,0,0,1,0,0,1,0,0,0,0,0,0,0,0,0,0,1,0
4a7bf130-94a9-11e7-9340-f70be1ebf87c,2017,00,0,0,0,0,1,0,0,0,1,1,0,0,1,0,0,0,0,0,0,0,0,0,0,1,0
A9FC622C-FBAC-48A3-8D7E-A40FC8F697D4,2015,92,0,0,0,0,1,0,0,0,0,1,0,0,1,0,0,0,0,0,0,0,0,0,0,1,0
ED9DE82A-7933-473E-B37B-22E3E51B2628,2012,81,0,0,0,1,0,0,0,0,0,0,1,0,0,0,1,0,0,0,0,0,0,1,0,0,0
EDAE38DB-D747-4F52-B46E-0E56B48FC2A6,2015,52,1,0,0,0,0,0,0,0,1,0,0,0,0,0,0,0,1,0,0,0,0,0,0,1,0
EDC96784-66A9-46CC-86B4-3C83861DD947,2011,62,0,0,0,0,0,1,0,0,0,0,1,0,0,1,0,0,0,0,0,0,0,0,1,0,0
17cd2ef0-0c60-11ed-af44-cf79b8eedcfd,2021,92,0,0,0,0,0,1,0,0,0,1,0,0,0,1,0,0,0,0,0,0,0,0,0,1,0
EDD89E96-8EA3-4753-8E16-95F7A1AA4559,2013,92,0,0,0,0,0,1,0,0,0,1,0,0,0,1,0,0,0,0,0,0,0,1,0,0,0
81bcac30-025a-11eb-8781-bfb630cdf748,2020,51,0,0,0,0,0,1,0,0,0,1,0,0,0,1,0,0,0,0,0,0,0,0,0,1,0
EDDD3A3F-CD19-4729-9D1B-3CB7774B1BDC,2011,92,0,0,0,0,1,0,0,0,0,1,0,0,1,0,0,0,0,0,0,0,0,0,0,1,0
251f6910-72d8-11eb-a46e-831b23dc7360,2020,53,0,0,0,0,0,1,0,0,0,1,0,0,0,1,0,0,0,0,0,0,0,0,0,1,0
EDE5B131-D5C5-4429-814E-1301ACA8EAEF,2012,92,0,0,0,0,1,0,0,0,0,1,0,0,1,0,0,0,0,0,0,0,0,0,0,1,0
EDE7B963-25F3-4042-9540-6960E94DFA62,2012,92,0,0,0,0,0,1,0,0,0,1,0,0,0,1,0,0,0,0,0,0,0,0,1,0,0
EDFF2158-18D1-40F6-A378-06B8BDF0DC2A,2010,92,0,0,0,0,0,0,0,1,0,0,0,1,0,0,0,0,0,0,0,1,0,1,0,0,0
EE00B510-EEA7-4CBF-8C3A-ECF6C0A37F60,2010,52,0,0,0,1,0,0,0,0,0,0,0,1,0,0,1,0,0,0,0,0,0,0,0,1,0
EE0AA6C3-7578-47CA-9850-03D50FC5DEA7,2010,62,0,0,0,1,0,0,0,0,1,0,0,0,0,0,1,0,0,0,0,0,0,1,0,0,0
EE0E8BA2-7D15-4C62-AC49-6405DA49EA81,2013,62,0,0,0,1,0,0,0,0,1,0,0,0,0,0,1,0,0,0,0,0,0,1,0,0,0
189DEBB6-5086-4ED1-A59F-974BE0D4B83C,2016,51,0,1,0,0,0,0,0,0,1,0,0,0,0,0,0,0,0,0,0,1,0,0,0,1,0
EE1A8552-9ED7-4E52-A5C3-7BA605E5382F,2012,62,0,0,1,0,0,0,0,0,1,0,0,0,0,0,0,0,0,1,0,0,0,0,0,1,0
6B5D479C-E69A-4FC4-964C-F499280B6087,2016,51,0,0,0,0,1,0,0,0,0,1,0,0,1,0,0,0,0,0,0,0,0,0,0,1,0
EE276FDD-F801-47E3-A150-C1F740444EA8,2012,52,0,1,0,0,0,0,0,0,1,0,0,0,0,0,0,1,0,0,0,0,0,0,0,1,0
EE357ACF-2472-4781-BECB-F1423C7C5DE8,2010,51,0,1,0,0,1,0,0,0,1,1,0,0,1,0,0,1,0,0,0,0,0,0,0,1,0
EE4059B2-F3E7-4E45-9320-2948A227A86A,2015,62,0,0,0,0,0,1,0,0,0,1,0,0,0,1,0,0,0,0,0,0,0,0,0,1,0
97C277EB-86FB-4144-902B-F42C6CD2DFE1,2014,52,0,1,0,0,0,0,0,0,1,0,0,0,0,0,0,0,1,0,0,0,0,0,0,1,0
ccd60b70-02d6-11ed-8b5b-6134b3849169,2022,56,0,1,0,0,0,0,0,0,1,0,0,0,0,0,0,1,0,0,0,0,0,0,0,1,0
8D6CF6A0-F672-47B0-95BD-5D63BA71AB1A,2015,62,0,0,0,0,1,0,0,0,0,1,0,0,1,0,0,0,0,0,0,0,0,0,0,1,0
EE66E145-4B89-4209-AFC9-0C9D9EAF7AEE,2010,56,0,0,0,1,0,0,0,0,1,0,0,0,0,0,1,0,0,0,0,0,0,1,0,0,0
EE6FB15A-2640-44E4-9049-2C1188CC3725,2013,44,1,0,0,0,0,0,0,0,1,0,0,0,0,0,0,0,1,0,0,0,0,0,0,1,0
EE904083-C320-4DAF-BCB8-7613200FA277,2015,45,0,1,0,0,0,0,0,0,1,0,0,0,0,0,0,1,1,0,0,0,0,1,0,0,0
2E0A063E-DB45-458F-B55B-F04CB89EAD28,2008,92,0,0,0,0,1,0,0,0,0,1,0,0,1,0,0,0,0,0,0,0,0,0,0,1,0
EE92BFF9-BF2B-487D-A595-FB539967F667,2009,09,0,0,0,0,1,0,0,0,0,1,0,0,1,0,0,0,0,0,0,0,0,0,0,1,0
246133A1-FE2A-407F-9419-A3F09E83AE3F,2016,62,0,1,0,0,0,0,0,0,1,0,0,0,0,0,0,0,0,0,0,1,0,1,0,0,0
EE9D7B58-B353-43E2-834B-53CB748938F2,2014,62,0,0,0,0,0,1,0,0,0,0,1,0,0,1,0,0,0,0,0,0,0,0,0,1,0
EEAB01A2-7118-4E63-A9F8-0ED430087B16,2013,54,1,0,1,0,0,0,0,0,1,0,0,0,0,0,0,0,1,1,0,0,1,0,0,0,0
444E3BE0-46A9-4137-8BBA-9321E7C2694C,2014,48,1,1,0,0,0,0,0,0,1,0,0,0,0,0,0,0,1,0,0,0,0,1,0,0,0
EEC4A05C-3C03-49A0-8594-A9F60CE48DEC,2010,62,0,0,0,1,0,0,0,0,1,0,0,0,0,0,1,0,0,0,0,0,0,1,0,0,0
EEC4AE96-7EBF-4096-8FD5-DBEFB0B7D9C9,2010,92,0,0,0,0,0,1,0,0,0,1,0,0,0,1,0,0,0,0,0,0,0,0,1,0,0
692b1500-a2de-11e7-b840-f97c87f5ffb5,2017,00,0,0,0,0,0,1,0,0,0,0,1,0,0,1,0,0,0,0,0,0,0,0,0,1,0
EED4AA11-7607-4FDC-AC66-328DA0AFFEA5,2013,00,0,0,0,1,0,0,0,0,1,0,0,0,0,0,1,0,0,0,0,0,0,1,0,0,0
EED7240E-9F5A-4813-B803-9A2F518CBB76,2012,53,1,1,0,0,0,0,0,0,1,0,0,0,0,0,0,1,1,0,0,0,0,0,0,1,0
EED85633-9212-4E4C-B3F3-1AFA6F416954,2014,52,0,0,0,1,0,0,0,0,1,0,0,0,0,0,0,0,0,0,0,1,0,0,0,1,0
0532aa80-c4fc-11e9-8a5a-abdcbb867af8,2016,92,0,0,1,0,1,0,0,0,1,1,0,0,1,0,0,0,0,0,0,0,0,0,0,1,0
15561EDD-EE92-4866-BDFC-6548969EC5BA,2016,00,1,1,0,0,0,0,0,0,1,0,0,0,0,0,0,0,1,0,0,0,1,0,0,0,0
00D61A42-0F72-467C-994E-48348F080945,2013,54,0,0,0,0,1,0,0,0,1,1,0,0,1,0,0,0,0,0,0,0,0,0,0,1,0
E9EDF8A8-35D0-4D22-8538-0E044A55DABA,2015,44,0,0,0,0,0,1,0,0,0,1,0,0,0,1,0,0,0,0,0,0,0,1,0,0,0
EF0CF986-375A-4483-9B58-E6D62B21DF39,2012,52,0,0,0,0,0,1,0,0,0,1,0,0,0,1,0,0,0,0,0,0,0,0,0,1,0
EF123461-C24B-445E-A5BF-08C3DB726068,2014,00,0,0,0,0,0,1,0,0,0,1,0,0,0,1,0,0,0,0,0,0,0,0,0,1,0
EF1C60E7-3792-4997-B31F-9966E03957E6,2010,92,0,0,0,0,1,0,0,0,0,1,0,0,1,0,0,0,0,0,0,0,0,0,0,1,0
EF1F6FC4-7E51-4ED7-8B55-C83423C8DDFA,2007,03,0,0,0,0,1,0,0,0,0,1,0,0,1,0,0,0,0,0,0,0,0,0,0,1,0
39d3a060-e3ac-11e7-8742-2bc46bd10713,2016,62,0,0,0,0,0,1,0,0,0,1,0,0,0,1,0,0,0,0,0,0,0,1,0,0,0
EF240540-E83B-4B7E-B3F9-C264B7D3BEEB,2013,00,0,1,0,0,0,0,0,0,1,0,0,0,0,0,0,1,0,0,0,0,1,0,0,0,0
EF28B82F-1AE1-430B-A4CC-DB77711275C4,2013,51,0,0,0,0,0,1,0,0,0,1,0,0,0,1,0,0,0,0,0,0,0,0,0,1,0
EF305F9E-3ED4-4518-9EFC-12607A48776B,2013,53,0,1,0,0,0,0,0,0,0,0,0,1,0,0,0,1,0,0,0,0,0,0,0,1,0
EF31FC1E-9CF5-4262-82A2-DA74C4175C45,2012,52,0,0,0,0,1,0,0,0,0,1,0,0,1,0,0,0,0,0,0,0,0,0,0,1,0
7a244100-7f33-11ee-a021-bbe4713468e2,2023,52,1,1,0,0,0,0,0,0,1,0,0,0,0,0,0,0,1,0,0,0,0,0,0,1,1
888f2c10-a175-11e8-a73d-8bf9996ed0ad,2018,03,0,0,0,0,1,0,0,0,0,1,0,0,1,0,0,0,0,0,0,0,0,0,0,1,0
deba13c0-c119-11e8-a33a-95e6749d3999,2018,61,0,0,0,0,0,1,0,0,0,1,0,0,0,1,0,0,0,0,0,0,0,0,0,1,0
EF48375D-FDBD-4E70-B62C-42A17D541290,2012,62,0,0,0,0,0,1,0,0,0,0,1,0,0,1,0,0,0,0,0,0,0,0,0,1,0
08e07080-eabb-11e7-92b6-dfe49f9d7042,2017,62,1,0,0,0,0,0,0,0,1,0,0,0,0,0,0,0,1,0,0,0,0,1,0,0,0
EF54FCE2-80B0-4D17-A6EA-AEA2549C101C,2014,62,0,0,0,0,1,0,0,0,0,1,0,0,1,0,0,0,0,0,0,0,0,0,0,1,0
EF551307-9B76-4F7F-B6C3-A47BA2F913F5,2013,62,0,0,0,0,0,1,0,0,0,1,0,0,0,1,0,0,0,0,0,0,0,0,0,1,0
80ebc250-9cb8-11e8-ace0-d908cba85008,2018,92,0,1,1,0,0,0,0,0,1,0,0,0,0,0,0,0,0,1,0,0,0,0,0,1,0
EF663828-844F-4CD4-8B09-CB1EF5F4A3DB,2013,52,0,0,0,1,0,0,0,0,1,0,0,0,0,0,1,0,0,0,0,0,0,0,0,1,0
EF71536D-1FA2-468F-BFAC-05F417589EF9,2014,62,0,0,0,0,0,0,1,0,1,0,0,0,0,0,0,0,0,0,0,1,0,1,0,0,0
EF71CDB0-1399-404E-AFAB-FFE21DECB63E,2012,61,0,0,0,0,0,0,0,1,0,0,0,1,0,0,0,0,0,0,0,1,0,1,0,0,0
44f031a0-f45d-11eb-821b-d1ebb09f37f0,2019,61,1,0,0,0,0,0,0,0,1,0,0,0,0,0,0,0,1,0,0,0,0,1,0,0,0
EF7D1988-6222-414F-A9CB-99DCB87D8074,2015,00,0,0,0,1,0,0,0,0,1,0,0,0,0,0,1,0,0,0,0,0,0,0,0,1,0
EF85545D-F3A4-4372-A724-890DD0C4C3BF,2013,00,0,0,0,0,0,1,0,0,0,1,0,0,0,1,0,0,0,0,0,0,0,0,0,1,0
17446090-1d14-11ea-93dd-ad92e007263c,2019,54,0,0,0,0,0,1,0,0,0,1,0,0,0,1,0,0,0,0,0,0,0,0,0,1,0
EF95DBF1-F08C-447C-BFA7-4DF9442E5922,2013,92,0,0,0,0,0,1,0,0,0,1,0,0,0,1,0,0,0,0,0,0,0,0,0,1,0
a1a62a00-6c7f-11eb-ae4f-03e1e00a9a54,2019,54,0,1,0,0,0,0,0,0,1,0,0,0,0,0,0,1,0,0,0,0,0,0,0,1,0
EFA8D343-87D3-4BF2-AFF5-432D6F390FDE,2013,62,0,0,0,0,0,1,0,0,0,1,0,0,0,1,0,0,0,0,0,0,0,0,0,1,0
EFAEFB6F-999E-4565-B532-EAD47273B100,2015,00,0,0,0,1,0,0,0,0,1,0,0,0,0,0,0,0,0,0,0,1,0,1,0,0,0
36d6e590-9715-11e7-a11c-5542f7e3819f,2017,62,1,0,0,0,0,0,0,0,1,0,0,0,0,0,0,0,1,0,0,0,0,0,0,1,0
EFB41516-1BC9-4AF6-9742-58CF4AA3177E,2008,62,0,0,0,0,1,0,0,0,0,1,0,0,1,0,0,0,0,0,0,0,0,0,0,1,0
EFBB72C1-1EE2-47F4-856A-4C3C65F0673A,2013,54,0,1,0,0,0,0,0,0,1,0,0,0,0,0,0,0,0,0,0,1,0,0,0,1,0
EFBD8CB1-9F81-46D4-AA0F-0841C9B254BC,2014,92,0,0,0,0,0,1,0,0,0,1,0,0,0,1,0,0,0,0,0,0,0,0,0,1,0
EFC191C7-6867-4F4E-AE89-3D33A9521E22,2014,06,0,0,0,1,0,0,0,0,1,0,0,0,0,0,1,0,0,0,0,0,0,1,0,0,0
d4a7f4c0-d91f-11e7-be42-df02fe7390b5,2017,62,0,0,0,1,0,0,0,0,1,0,0,0,0,0,1,0,0,0,0,0,0,1,0,0,0
EFCD03C0-4A0F-49E7-B05F-1EE7CD385FE4,2012,92,0,0,0,0,0,1,0,0,0,1,0,0,0,0,0,0,0,0,0,1,0,0,0,1,0
8C0F20CF-CF69-4858-A9BA-D67A8CE979EB,2013,54,0,0,0,0,1,0,0,0,0,1,0,0,1,0,0,0,0,0,0,0,0,0,0,1,0
3D77F980-9543-45A2-B536-C7F986A3B820,2009,92,0,0,0,0,1,0,0,0,0,1,0,0,1,0,0,0,0,0,0,0,0,0,0,1,0
EFE5232B-18E8-4BC0-BD05-0043CC6F70B4,2010,62,0,0,0,1,0,0,0,0,1,0,0,0,0,0,1,0,0,0,0,0,0,1,0,0,0
1bfcc1f0-d56a-11e9-8558-6543aabf247e,2019,51,0,0,0,0,0,1,0,0,0,1,0,0,0,1,0,0,0,0,0,0,0,0,0,1,0
EFFC2F32-5BFD-4398-A6E3-9F3B152F9E64,2015,62,0,0,0,0,1,0,0,0,0,1,0,0,1,0,0,0,0,0,0,0,0,0,0,1,0
a102f520-cf36-11e9-8ced-890ff212588a,2018,07,0,1,0,0,0,0,0,0,1,0,0,0,0,0,0,1,0,0,0,0,0,0,0,1,0
F00664BB-3620-4DCE-9F69-A7F5738098D9,2010,62,0,0,0,0,0,1,0,0,0,1,0,0,0,1,0,0,0,0,0,0,0,1,0,0,0
F00F7177-BAFF-45C5-8C45-F97EE635EF3D,2013,42,0,0,0,1,0,0,0,0,1,0,0,0,0,0,1,0,0,0,0,0,0,1,0,0,0
bfd34d30-1d40-11ea-b94e-893211cca703,2019,00,0,0,0,1,0,0,0,0,1,0,0,0,0,0,1,0,0,0,0,0,0,1,0,0,0
38c7a230-b6a0-11e8-b56a-011002460f8b,2018,44,0,1,0,0,0,0,0,0,1,0,0,0,0,0,0,1,0,0,0,0,0,1,0,0,0
bc1611b0-a162-11e8-a73d-8bf9996ed0ad,2018,61,0,0,1,0,0,0,0,0,1,0,0,0,0,0,0,0,0,1,0,0,0,0,0,1,0
62E7CE14-7FD0-4F48-8175-210354A916E3,2016,62,0,0,0,1,0,0,0,0,1,0,0,0,0,0,1,0,0,0,0,0,0,0,0,1,0
616CA1CC-01C7-4232-885A-2131C340A1B3,2016,51,1,0,0,0,0,0,0,0,1,0,0,0,0,0,0,0,1,0,0,0,1,0,0,0,0
F02199C1-5508-41DC-AAEE-74D46B554826,2013,48,0,0,0,0,1,0,0,0,0,1,0,0,1,0,0,0,0,0,0,0,0,0,0,1,0
F022EA97-4464-4F76-9691-D431AFFF5464,2013,92,0,0,0,0,0,1,0,0,0,1,0,0,0,1,0,0,0,0,0,0,0,0,0,1,0
E369853D-F766-FA44-E1ED-0FF613F563BD,2025,54,0,1,0,0,0,0,0,0,1,0,0,0,0,0,0,1,0,0,0,0,0,0,0,1,0
F0326CC0-8A8C-4AB1-9CA7-8DFABDC434C0,2013,04,1,0,0,0,0,0,0,0,1,0,0,0,0,0,0,0,1,0,0,0,0,0,0,1,0
F038C1DD-CB79-4E9E-8E63-B3A5AF0A9097,2013,72,0,1,0,0,0,0,0,0,1,0,0,0,0,0,0,0,1,0,0,0,0,0,0,1,0
F03A7455-0C06-4B41-AD3C-010B2D746061,2015,54,0,0,0,0,0,0,0,1,0,0,0,1,0,0,0,0,0,0,0,1,0,0,0,1,0
d3b74ea0-120e-11eb-a3ae-53136ea5d4e6,2019,51,0,0,0,0,0,1,0,0,0,1,0,0,0,1,0,0,0,0,0,0,0,0,0,1,0
F04D20B9-0557-4745-8788-CA8839D35DF4,2013,52,0,0,0,0,0,1,0,0,0,0,1,0,0,1,0,0,0,0,0,0,0,0,0,1,0
16f2c760-9c6c-11e7-8eb8-67f320c42447,2017,44,0,0,0,1,0,0,0,0,1,0,0,0,0,0,0,0,0,0,0,1,0,1,0,0,0
675C7B02-772E-4828-96B9-ED5494249740,2025,51,1,0,0,0,0,0,0,0,1,0,0,0,0,0,0,0,1,0,0,0,0,0,0,1,0
F05FDEEA-A948-4A68-A39F-DB829F23B57E,2013,54,0,1,0,0,0,0,0,0,1,0,0,0,0,0,0,0,1,0,0,0,0,0,0,1,0
a7876a70-8f1e-11e7-aa8f-5fa9d3670494,2016,52,0,0,0,1,0,0,0,0,1,0,0,0,0,0,0,0,0,0,0,1,0,1,0,0,0
F06FEB16-5FD3-4D19-ABDC-91F891B44A0C,2014,00,0,1,0,0,0,0,0,0,1,0,0,0,0,0,0,1,0,0,0,0,1,0,0,0,0
F07998E9-79FF-4211-B44B-1F618CC7B81A,2014,51,0,1,0,0,0,0,0,0,1,0,0,0,0,0,0,1,0,0,0,0,1,0,0,0,0
F08461C9-90BC-4E4F-B159-1CFB6E2D1AC4,2013,52,0,0,0,0,0,1,0,0,0,1,0,0,0,1,0,0,0,0,0,0,0,0,0,1,0
F0850BA8-F6A4-46CB-A4F5-F71B043F7C7B,2010,00,0,0,0,1,0,0,0,0,1,0,0,0,0,0,1,0,0,0,0,0,0,1,0,0,0
940162d0-997d-11e7-b039-d34ad5cfc38b,2017,44,0,0,0,1,0,0,0,0,1,0,0,0,0,0,0,0,0,0,0,1,0,0,0,1,0
36FB010D-2EE8-462F-B4F2-71088E3BC8CD,2016,62,0,1,1,0,0,0,0,0,1,0,0,0,0,0,0,0,0,1,0,0,0,0,0,1,0
43212eb0-04b2-11eb-8c43-8ded27596b66,2020,62,0,0,0,0,0,1,0,0,0,1,0,0,0,1,0,0,0,0,0,0,0,1,0,0,0
f8477f40-b345-11e7-9a94-230655e65ca5,2017,61,0,1,0,0,0,0,0,0,1,0,0,0,0,0,0,0,1,0,0,0,0,0,0,1,0
a6b0a830-e9d2-11e9-bcf0-459173902f03,2015,00,0,0,0,0,0,0,0,1,1,0,0,0,0,0,0,0,0,0,0,1,0,0,0,1,0
8AF649DA-B695-4FCA-A834-5AD778762125,2015,62,0,0,0,0,0,1,0,0,0,1,0,0,0,1,0,0,0,0,0,0,0,0,0,1,0
F0C8B10A-6508-402B-B930-266079CA4E96,2011,52,0,0,0,0,0,0,0,1,0,0,0,1,0,0,0,0,0,0,0,1,0,0,0,1,0
F0CD6047-6A4A-4F33-8931-04E140929D64,2013,62,0,0,0,1,0,0,0,0,1,0,0,0,0,0,1,0,0,0,0,0,0,1,0,0,0
8DE4B5E0-9B3E-451F-8074-F99594676D38,2016,62,0,0,1,0,0,0,0,0,1,0,0,0,0,0,0,0,0,1,0,0,0,0,0,1,0
76d289c0-3bed-11ec-963f-f964320be408,2021,92,0,0,0,0,0,1,0,0,0,1,0,0,0,1,0,0,0,0,0,0,0,0,0,1,0
23BD7808-BFE8-413A-B2AC-68DA4FC794BD,2016,45,0,1,0,0,0,0,0,0,1,0,0,0,0,0,0,1,0,0,0,0,0,1,0,0,0
F0EFEB54-B629-43A8-AAB1-7D49B9E2B0EB,2014,52,0,0,0,1,0,0,0,0,1,0,0,0,0,0,1,0,0,0,0,0,0,1,0,0,0
F0FA64B7-8596-4D95-8D55-121ADD4CB554,2014,62,0,1,0,0,0,0,0,0,1,0,0,0,0,0,0,0,0,0,0,1,0,0,0,1,0
F0FE9734-298C-4BF1-A077-8B1FAE6FE41C,2014,62,0,0,0,1,0,0,0,0,1,0,0,0,0,0,1,0,0,0,0,0,0,1,0,0,0
ad2653d0-d3bd-11e8-9659-2bc8d207b0aa,2017,62,1,0,0,0,0,0,0,0,1,0,0,0,0,0,0,0,1,0,0,0,0,1,0,0,0
F10B26BA-DA62-497F-A2E1-7EA6FA006E22,2009,44,0,0,0,1,0,0,0,0,1,0,0,0,0,0,0,0,0,0,0,1,0,0,0,1,0
F113B71F-2CD4-4710-B0C4-BA00C244BE41,2012,92,0,0,0,0,0,1,0,0,0,1,0,0,0,1,0,0,0,0,0,0,0,0,0,1,0
F1196B00-9ACB-4389-BC03-3413D6E40062,2013,00,0,1,0,0,0,0,0,0,1,0,0,0,0,0,0,0,0,0,1,0,1,0,0,0,0
F11C172A-CACA-4955-80B2-92C551725EBE,2010,52,0,0,0,0,0,1,0,0,0,0,1,0,0,1,0,0,0,0,0,0,0,1,0,0,0
F12231B0-514A-49BE-A947-12336B83275B,2011,92,0,0,0,0,0,1,0,0,0,1,0,0,0,1,0,0,0,0,0,0,0,0,0,1,0
4d62af30-0259-11eb-8781-bfb630cdf748,2020,33,1,0,0,0,0,0,0,0,1,0,0,0,0,0,0,0,1,0,0,0,0,1,0,0,0
F136F05C-E119-4F8D-B8B4-262D3FDAE8D8,2012,92,0,0,0,0,0,1,0,0,0,1,0,0,0,1,0,0,0,0,0,0,0,0,0,1,0
40e8c310-38cd-11ec-b42b-a7ad11fc87ee,2020,62,0,1,0,0,0,0,0,0,1,0,0,0,0,0,0,0,0,0,0,1,0,0,0,1,0
F13AD180-B590-40F4-9458-37EBCDEF8C37,2011,92,0,0,0,0,0,1,0,0,0,1,0,0,0,1,0,0,0,0,0,0,0,0,0,1,0
F13DCF9E-82EB-428E-BED0-F0B69DE41328,2013,52,0,1,0,0,0,0,0,0,1,0,0,0,0,0,0,0,1,0,0,0,0,0,0,1,0
F14CA093-FD38-41DA-9A07-514C41173910,2010,92,0,0,0,0,0,1,0,0,0,1,0,0,0,0,1,0,0,0,0,0,0,0,0,1,0
F14F4C68-FA1B-4C9E-8C75-BDBE7F114594,2010,52,0,0,0,0,0,1,0,0,0,0,1,0,0,0,1,0,0,0,0,0,0,1,0,0,0
F152BAD2-55DC-440E-8DD5-7CB1CA0B83C3,2014,52,0,1,0,0,0,0,0,0,1,0,0,0,0,0,0,0,1,0,0,0,0,0,0,1,0
98ED15ED-563E-42A2-8CE4-6746C0E5C7FE,2015,62,0,0,0,0,1,0,0,0,0,1,0,0,1,0,0,0,0,0,0,0,0,0,0,1,0
3f09ef60-d55d-11e7-bfad-07ede9e0bc7c,2017,62,0,0,0,1,0,0,0,0,1,0,0,0,0,0,1,0,0,0,0,0,0,1,0,0,0
49d11230-35d7-11e9-99ac-992d1be32369,2017,51,0,1,1,0,0,0,0,0,1,0,0,0,0,0,0,1,0,0,0,0,0,0,0,1,0
F18D947C-A133-4E7D-A62C-46D71E7336F8,2013,52,1,0,0,0,0,0,0,1,1,0,0,0,0,0,0,0,1,0,0,0,0,0,0,1,0
F1918CB2-0855-48EF-AB60-DDBBD35038C9,1984,56,0,1,0,0,0,0,0,0,1,0,0,0,0,0,0,0,0,0,0,1,0,0,0,1,0
F193C96A-AED0-4692-A673-07B17F121C00,2010,54,1,0,0,0,0,0,0,0,1,0,0,0,0,0,0,0,1,0,0,0,0,0,0,1,0
30f611f0-8df9-11ee-8e0f-01920077cf74,2023,42,1,1,0,0,0,0,0,0,1,0,0,0,0,0,0,0,1,0,0,0,0,0,0,1,0
F1999DDF-146C-45F3-9F17-71536B698134,2012,92,1,1,1,0,0,0,0,0,1,0,0,0,0,0,0,0,0,1,0,0,0,0,0,1,0
F1A0648D-5A62-439D-A02D-C63CAE034DF0,2013,81,0,1,0,0,0,0,0,0,1,0,0,0,0,0,0,1,0,0,0,0,0,1,0,0,0
5C569168-C347-414F-8558-74D692FE57DE,2016,62,1,0,1,0,0,0,0,0,1,0,0,0,0,0,0,0,1,1,0,0,0,1,0,0,0
fe3911d0-c8f0-11e9-9c16-3f32faecab86,2019,33,0,0,0,0,0,1,0,0,0,1,0,0,0,1,0,0,0,0,0,0,0,0,0,1,0
F1A4C3A2-50B5-4D89-8DE9-93AC0DC64758,2012,62,0,0,0,0,0,1,0,0,0,1,0,0,0,1,0,0,0,0,0,0,0,0,0,1,0
DB636C07-4FEB-477F-9E28-AE3587789870,2016,62,0,0,0,1,0,0,0,0,1,0,0,0,0,0,1,0,0,0,0,0,0,0,0,1,0
F1B3EC78-014F-4927-A6E4-28F8154A707D,2013,62,0,0,0,0,0,1,0,0,0,1,0,0,0,1,0,0,0,0,0,0,0,1,0,0,0
F1B7E473-13D5-46AC-A7F5-43607299E853,2012,52,1,1,1,1,1,0,0,0,1,1,0,0,0,0,0,0,1,1,0,0,0,0,0,1,0
F1B8B771-F8E1-4C47-80AA-D1E7F5A83469,2010,62,0,1,0,0,0,0,0,0,1,0,0,0,0,0,0,0,0,0,0,1,0,0,0,1,0
4d3cd370-db60-11ef-94f8-638529e3ff3b,2023,33,1,1,0,0,0,0,0,0,1,0,0,0,0,0,0,0,1,0,0,0,0,0,0,1,0
F1C3B4CD-42E8-4872-A155-D92C972BD68F,2012,92,0,0,0,0,1,0,0,0,0,1,0,0,1,0,0,0,0,0,0,0,0,0,0,1,0
F1C95C02-0940-4382-894A-675AE6B660E9,2012,62,0,1,0,0,0,0,0,0,1,0,0,0,0,0,0,0,0,0,0,1,0,0,0,1,0
F1CC9E84-8866-456D-8932-EBB56C9BFC2B,2015,61,0,0,0,0,0,1,0,0,0,1,0,0,0,1,0,0,0,0,0,0,0,0,0,1,0
F1D087DB-53E7-493E-8F69-04CD7E8669FD,2013,52,0,0,0,1,0,0,0,0,1,0,0,0,0,0,0,0,0,0,0,1,0,1,0,0,0
F4D668E6-D763-4180-B971-791B4C4B5EE2,2015,06,0,0,0,0,0,1,0,0,0,1,0,0,0,1,0,0,0,0,0,0,0,0,0,1,0
8F48CC2B-F0D8-443E-8A53-51D4A3E7A10C,2011,92,0,0,0,0,1,0,0,0,0,1,0,0,1,0,0,0,0,0,0,0,0,0,0,1,0
4135A837-4B0A-4139-9218-E082262B84E7,2014,62,0,0,0,0,1,0,0,0,0,1,0,0,1,0,0,0,0,0,0,0,0,0,0,1,0
F20F3319-347B-4B5D-AD20-5FCAC5BE3518,2014,61,0,0,0,0,0,0,0,1,1,0,0,0,0,0,0,0,0,0,0,1,0,0,0,1,0
F214347D-8CA9-49AF-88C6-4CCCBF358DC9,2013,51,0,0,0,1,0,0,0,0,1,0,0,0,0,0,1,0,0,0,0,0,0,1,0,0,0
c3907cc0-4635-11ec-b26b-73b5a62f8946,2021,00,0,1,1,0,0,0,0,0,1,0,0,0,0,0,0,0,0,1,0,0,0,0,0,1,0
F21A1B54-8451-4C34-94B4-B96866BC214C,2011,92,0,0,0,0,1,0,0,0,0,1,0,0,1,0,0,0,0,0,0,0,0,0,0,1,0
F220A4DA-92B1-4948-B1FD-5E7161A3680F,2013,44,0,0,0,0,1,0,0,0,0,1,0,0,1,0,0,0,0,0,0,0,0,0,0,1,0
F22F6117-826A-4546-B893-00B10D4E7056,2012,61,0,1,0,0,0,0,0,0,1,0,0,0,0,0,0,0,0,0,0,1,0,0,0,1,0
e9bede60-b40d-11f0-83f6-c95449796b4b,2025,00,0,1,0,0,0,0,0,0,1,0,0,0,0,0,0,0,0,0,0,1,0,0,0,1,0
75fb88f0-f6af-11ea-b6fa-6deaa5aa80b0,2020,62,1,0,0,0,0,0,0,0,1,0,0,0,0,0,0,0,1,0,0,0,0,1,0,0,0
F2492958-BAE0-4C7A-8427-950388227024,2013,45,0,1,0,0,0,0,0,0,1,0,0,0,0,0,0,0,1,0,0,0,0,0,0,1,0
488020FE-157B-49B2-8C66-E603A2925E0D,2015,92,0,0,0,0,0,1,0,0,0,1,0,0,0,1,0,0,0,0,0,0,0,0,0,1,0
F254D8DB-B935-48E9-938D-699AA29EA607,2008,92,0,0,0,0,1,0,0,0,0,1,0,0,1,0,0,0,0,0,0,0,0,0,0,1,0
F256B91D-A8E9-49D5-9B18-B7A0DF5E1152,2013,92,0,0,0,0,0,1,0,0,0,0,1,0,0,1,0,0,0,0,0,0,0,0,0,1,0
F25CB3A9-7150-4951-91EA-9D9FE3D89588,2012,22,1,1,1,0,0,0,0,0,1,0,0,0,0,0,0,0,0,1,0,0,0,0,0,1,0
F261A108-E745-47B0-8963-C619FB25B803,2014,00,0,0,0,0,0,0,0,1,0,0,0,1,0,0,0,0,0,0,0,1,0,0,0,1,0
2534b7a0-de07-11e9-92e6-b7a271e742aa,2019,81,0,0,0,0,0,1,0,0,0,1,0,0,0,1,0,0,0,0,0,0,0,0,0,1,0
beffa000-8e7d-11e8-8003-e3ff5269fee2,2018,62,0,0,0,0,1,0,0,0,0,1,0,0,1,0,0,0,0,0,0,0,0,0,0,1,0
F27FE0B6-1FFC-4574-A365-D6DC7D773736,2008,00,0,1,0,0,0,0,0,0,1,0,0,0,0,0,0,0,0,0,0,1,0,0,0,1,0
BE2357B2-B5DC-4343-9407-CF8A85E9423B,2015,62,0,0,0,0,0,1,0,0,0,1,0,0,0,1,0,0,0,0,0,0,0,0,0,1,0
43a62100-1467-11eb-ac54-3bea5c26f172,2019,81,0,0,0,0,0,1,0,0,0,0,1,0,0,1,0,0,0,0,0,0,0,1,0,0,0
F1055F1B-11F0-4854-9237-6CBBB1D47A96,2016,44,0,0,0,0,0,1,0,0,0,1,0,0,0,1,0,0,0,0,0,0,0,0,0,1,0
4F50784B-D125-4719-ADFA-9D45489A5428,2015,62,0,1,0,0,0,0,0,0,1,0,0,0,0,0,0,1,0,0,0,0,0,0,0,1,0
F28CC43B-D221-4851-8471-3FAFB24B3736,2013,92,0,1,0,0,0,0,0,0,1,0,0,0,0,0,0,0,1,0,0,0,0,0,0,1,0
84aaf490-a354-11ed-bbe0-ed1bdce32b2a,2022,00,0,0,0,0,0,1,0,0,0,1,0,0,0,1,0,0,0,0,0,0,0,0,0,1,0
F29D5AD5-2A91-4FFC-A529-36B595EF9AC0,2014,62,0,0,0,0,0,1,0,0,0,1,0,0,0,1,0,0,0,0,0,0,0,0,0,1,0
1b9274b0-28eb-11ea-a520-cb05efb19081,2019,61,1,0,0,0,0,0,0,0,1,0,0,0,0,0,0,0,1,0,0,0,0,1,0,0,0
F2A31FEE-1861-488A-80F1-50D490A269B9,2014,51,0,1,0,0,0,0,0,0,1,0,0,0,0,0,0,0,0,0,1,0,0,1,0,0,0
DDAB70AA-DC57-4195-A0E9-6C4E7F0E6B00,2015,61,0,0,0,0,1,0,0,0,0,1,0,0,1,0,0,0,0,0,0,0,0,0,0,1,0
e1464820-f6c2-11eb-9352-c36534d585e1,2018,00,0,0,1,0,0,0,0,0,1,0,0,0,0,0,0,0,0,1,0,0,1,0,0,0,0
F2AFC526-B6E8-410E-B996-13DF84FEDABA,2012,92,0,0,0,0,0,1,0,0,0,0,1,0,0,1,0,0,0,0,0,0,0,0,0,1,0
F2BB7E96-390E-46C6-A6C0-428274EEC949,2014,00,0,0,0,1,0,0,0,0,1,0,0,0,0,0,1,0,0,0,0,0,0,1,0,0,0
321A904E-C36E-4245-8E60-0BC2628E7D52,2015,44,0,0,0,1,0,0,0,0,1,0,0,0,0,0,0,0,0,0,0,1,0,0,0,1,0
F2D75685-8F63-4E79-8C0E-C0B256CF2415,2012,56,0,0,0,0,1,0,0,0,0,1,0,0,1,0,0,0,0,0,0,0,0,0,0,1,0
F2D947A0-CACE-4B0D-B6C9-6BBCDC3DE82F,2011,92,0,0,0,0,1,0,0,0,0,1,0,0,1,0,0,0,0,0,0,0,0,0,0,1,0
F2DF75BB-01C7-4C21-BA58-F546F7A40558,2015,53,0,0,0,0,0,0,0,1,0,0,0,1,0,0,0,0,0,0,0,1,0,0,1,0,0
F2ED0508-2E06-4FF2-985C-5386BC1B682C,2013,52,0,0,0,1,0,0,0,0,1,0,0,0,0,0,1,0,0,0,0,0,0,1,0,0,0
F2F614EA-A3DA-4723-8C57-FAEE4E688929,2012,92,0,0,0,0,0,1,0,0,0,1,0,0,0,1,0,0,0,0,0,0,0,0,0,1,0
F2FA8CF1-3914-4126-8C36-32275DFFAFA5,2014,72,1,0,0,0,0,0,0,0,1,0,0,0,0,0,0,0,1,0,0,0,0,0,0,1,0
F3042D81-6282-4C2E-8F83-336E25850E5D,2014,45,0,1,1,0,0,0,0,0,1,0,0,0,0,0,0,0,0,1,0,0,1,0,0,0,0
F3070845-807B-4EEE-A2E9-371DE5F0C6F2,2015,33,0,1,0,0,0,0,0,0,1,0,0,0,0,0,0,0,1,0,0,0,1,0,0,0,0
F3082A6B-46F9-43FB-8786-320EB4B3AC6D,2013,56,0,0,0,0,1,0,0,0,0,1,0,0,1,0,0,0,0,0,0,0,0,0,0,1,0
8769D8BE-FE44-4CD9-9322-54C69991E94C,2016,62,0,0,0,0,1,0,0,0,0,1,1,0,1,0,0,0,0,0,0,0,0,0,0,1,0
92464dd0-1575-11eb-b788-65a639ed21e8,2020,56,1,0,0,0,0,0,0,1,1,0,0,0,0,0,0,0,1,0,0,0,0,0,0,1,0
F34062B6-3AEA-4CE0-A449-4269C70670D7,2014,62,0,0,0,1,0,0,0,0,1,0,0,0,0,0,1,0,0,0,0,0,0,1,0,0,0
19785000-53b3-11ed-9bc2-d5a5778fd37b,2022,00,0,0,0,0,0,0,0,1,1,0,0,0,0,0,0,0,0,0,0,1,0,0,0,1,0
F3476154-AE43-4A50-B93A-E644334B32DD,2012,62,0,0,0,0,1,0,0,0,0,1,0,0,1,0,0,0,0,0,0,0,0,0,0,1,0
F34934C9-D28B-44E2-BBB7-B89B764B7C47,2013,92,0,0,0,0,1,0,0,0,0,1,0,0,1,0,0,0,0,0,0,0,0,1,0,0,0
F35A3BF5-CFFA-403A-BE67-AA674907F441,2014,62,0,0,0,0,0,1,0,0,0,1,0,0,0,0,1,0,0,0,0,0,0,1,0,0,0
ee28b4a0-7338-11eb-a956-8766d2dd0181,2020,51,0,1,0,0,0,0,0,0,1,0,0,0,0,0,0,1,0,0,0,0,0,0,0,1,0
F383972B-7244-465A-B1BC-A36BEF2B2C29,2010,61,0,0,0,1,0,0,0,0,1,0,0,0,0,0,1,0,0,0,0,0,0,1,0,0,0
bc51d670-0d65-11eb-835c-77358de149b1,2020,00,0,0,0,0,0,1,0,0,0,1,0,0,0,1,0,0,0,0,0,0,0,0,0,1,0
48CC4F0A-8023-4B10-9772-7930FB609DF0,2013,62,0,0,1,0,1,0,0,0,0,1,0,0,1,0,0,0,0,0,0,0,1,0,0,0,0
F3959B62-9D50-438C-9E92-E69E7F271183,2010,81,0,0,0,1,0,0,0,0,1,0,0,0,0,0,1,0,0,0,0,0,0,1,0,0,0
4EE690D8-3FE0-40E5-81A7-D9C3EE80A215,2015,62,0,0,0,0,1,0,0,0,0,1,0,0,1,0,0,0,0,0,0,0,0,0,0,1,0
F3A04ABB-41F8-42A1-8343-36E402B06C66,2010,62,0,0,0,0,0,1,0,0,0,1,0,0,0,1,0,0,0,0,0,0,0,1,0,0,0
F3A68E68-0ABA-46AE-B153-1C2A21A5B180,2014,62,0,0,0,0,0,1,0,0,0,1,0,0,0,1,0,0,0,0,0,0,0,1,0,0,0
a9a935a0-c4ab-11e7-bbb6-9b7618286d6b,2017,51,1,1,0,0,0,0,0,0,1,0,0,0,0,0,0,1,1,0,0,0,1,0,0,0,0
45cdacb0-2451-11eb-af35-ed9bb3f10d5f,2020,44,0,1,0,0,0,0,0,0,1,0,0,0,0,0,0,1,0,0,0,0,0,0,0,1,0
F3C3FDA5-85CC-4ECC-9BD2-EE720822BA08,2013,54,0,0,0,0,0,1,0,0,0,1,0,0,0,1,0,0,0,0,0,0,0,0,0,1,0
d7aa3260-b122-11e8-ac9c-a56a5b5fabb0,2018,52,0,0,0,1,0,0,0,0,1,0,0,0,0,0,0,0,0,0,0,1,0,0,0,1,0
F3D0D1C3-09F4-49FF-907C-4F76EDAC8DF1,2013,62,0,1,0,0,0,0,0,0,1,0,0,0,0,0,0,1,0,0,0,0,0,0,0,1,0
CC8E4A1E-41EC-4459-98E4-D8849BB99AAA,2015,62,0,0,0,0,1,1,0,0,0,1,0,0,0,1,0,0,0,0,0,0,0,0,0,1,0
1f85d790-b9af-11e7-99ad-0bd398e0433f,2017,62,0,0,0,0,0,1,0,0,0,1,0,0,0,1,0,0,0,0,0,0,0,0,0,1,0
F3E5FBAF-6B3D-4203-A13C-C72B4B27EC73,2011,33,0,0,0,1,0,0,0,0,1,0,0,0,0,0,1,0,0,0,0,0,0,1,0,0,0
d635d350-e439-11e7-8742-2bc46bd10713,2016,62,0,0,0,0,1,0,0,0,0,1,0,0,1,0,0,0,0,0,0,0,0,0,0,1,0
F3F48C10-8CC5-46AE-AFB8-49BF3C2F9FA9,2010,62,0,0,0,0,0,1,0,0,0,1,0,0,0,1,1,0,0,0,0,0,0,1,0,0,0
b10d5fb0-33bd-11e9-8d6c-aba1b2985f04,2018,51,0,0,0,0,0,1,0,0,0,1,0,0,0,1,0,0,0,0,0,0,0,0,0,1,0
dc32d060-9a23-11e7-9c6e-153653ac7780,2017,44,0,0,0,1,0,0,0,0,1,0,0,0,0,0,0,0,0,0,0,1,0,0,0,1,0
F43E6DAB-D9B5-4B7C-9283-D5A81C52474B,2013,00,0,0,0,0,1,0,0,0,0,1,0,0,1,0,0,0,0,0,0,0,0,0,0,1,0
F440683A-E443-4F16-9D07-D40144E5E5C0,2012,52,0,0,0,0,0,1,0,0,0,1,0,0,0,1,0,0,0,0,0,0,0,0,0,1,0
F45139AD-8978-44C1-BF5C-3503CDA0A50F,2014,48,0,0,0,0,0,1,0,0,0,1,0,0,0,1,0,0,0,0,0,0,0,1,0,0,0
F465E537-9AA6-483A-9493-51E9641C058D,2014,00,0,1,0,0,0,0,0,0,1,0,0,0,0,0,0,1,0,0,0,0,1,0,0,0,0
F46F29E1-4126-43FB-9A11-266395A60950,2007,32,0,0,0,0,0,1,0,0,0,0,1,0,0,1,0,0,0,0,0,0,0,1,0,0,0
F4727DA5-04BA-4C0B-A345-81D652327301,2013,92,0,0,0,0,0,1,0,0,0,1,0,0,0,1,0,0,0,0,0,0,0,0,0,1,0
F481FC95-C419-4F12-8E35-B80642596B38,2010,56,0,0,0,0,1,0,0,0,0,1,0,0,1,0,0,0,0,0,0,0,0,0,0,1,0
F482B24D-CBDB-4D91-8CE6-FF080298C2F6,2013,09,0,1,0,0,0,0,0,0,1,0,0,0,0,0,0,1,0,0,0,0,0,0,0,1,0
F4869BEE-929E-4F46-BB2F-B1DC61C3127A,2012,61,0,1,0,0,0,0,0,0,0,0,0,1,0,0,0,0,0,0,0,1,0,1,0,0,0
F48CC626-2027-4061-98AE-DDF7A62C8F58,2012,22,1,1,1,0,0,0,0,0,1,0,0,0,0,0,0,0,0,1,0,0,0,0,0,1,0
F4938F7B-1C02-492B-931F-2D5DB4AFB6BA,2013,92,0,0,0,1,0,0,0,0,1,0,0,0,0,0,1,0,0,0,0,0,0,0,0,1,0
F49AC7F2-8BFA-4D49-BE4E-6AAAC562DBE5,2008,44,0,1,0,0,0,0,0,0,1,0,0,0,0,0,0,1,0,0,0,0,0,0,0,1,0
7092e640-8e86-11ec-a600-657ec2694f8f,2018,54,0,1,0,0,0,0,0,0,1,0,0,0,0,0,0,1,0,0,0,0,0,0,0,1,0
F4A403E7-CB74-4AA9-AF9A-6BBDB827CA8B,2011,92,0,0,0,0,0,1,0,0,0,1,0,0,0,1,0,0,0,0,0,0,0,0,1,0,0
F4B2AA90-5346-4B12-B2DC-BA472DF15813,2011,00,0,1,0,0,0,0,0,0,1,0,0,0,0,0,0,1,0,0,0,0,0,0,0,1,0
E7CFB8E6-7C28-4DC5-9FE4-D5D97C0747AC,2024,51,1,0,0,0,0,0,0,0,1,0,0,0,0,0,0,0,1,0,0,0,0,0,0,1,0
F4BE1D4B-8E10-4EBF-BB05-F95F8D06DCC9,2013,92,0,0,0,1,0,0,0,0,1,0,0,0,0,0,1,0,0,0,0,0,0,0,0,1,0
1252d260-ffd7-11e9-ad81-39b9e5fce51c,2017,45,0,1,0,0,0,0,0,0,1,0,0,0,0,0,0,1,0,0,0,0,0,0,0,1,0
4891e290-b50e-11e8-83b1-efe44b79ad8e,2018,62,0,0,0,0,0,1,0,0,0,1,0,0,0,1,0,0,0,0,0,0,0,0,0,1,0
F4CF0FC8-80A4-4405-8BFB-A1A9402696B7,2010,62,0,0,0,0,0,1,0,0,0,1,0,0,0,1,0,0,0,0,0,0,0,1,0,0,0
F4D99588-81F0-419F-AC6E-72EB7F9DA7B9,2012,62,0,0,0,1,0,0,0,0,1,0,0,0,0,0,1,0,0,0,0,0,0,1,0,0,0
F4DB95DE-6546-4632-A075-9515F6E558C7,2012,92,0,0,0,0,0,1,0,0,0,1,0,0,0,1,0,0,0,0,0,0,0,0,0,1,0
96ea8ae0-1c56-11ea-ac81-937b5ec4147f,2019,62,0,0,1,0,0,0,0,0,1,0,0,0,0,0,0,0,0,1,0,0,0,0,0,1,0
6f7818d0-4637-11ec-b26b-73b5a62f8946,2021,09,0,1,0,0,0,0,0,0,1,0,0,0,0,0,0,0,1,0,0,0,0,0,0,1,0
F508946B-7B68-407B-8D7E-ACA9A79C6C66,2014,81,0,0,0,0,0,1,0,0,0,1,0,0,0,1,0,0,0,0,0,0,0,0,0,1,0
8a66aaf0-f13f-11eb-8c8a-5968a0b53910,2020,00,0,1,0,0,0,0,0,0,1,0,0,0,0,0,0,0,0,0,0,1,0,0,0,1,0
AF77EAD6-8D12-4D80-9594-A2B344DECF45,2012,51,0,1,0,0,0,0,0,0,1,1,0,0,0,0,0,0,0,0,0,1,0,0,0,1,0
F5211605-01AD-454E-A7CE-BC36192988BF,2013,00,0,1,0,0,0,0,0,0,1,0,0,0,0,0,0,1,0,0,0,0,1,0,0,0,0
F5256D61-27F2-4CA5-A40E-19309B3C99AF,2014,56,0,0,0,0,0,1,0,0,0,0,1,0,0,1,1,0,0,0,0,0,0,1,0,0,0
BAFDF3C9-B815-4F3A-AE50-DB4DC4ACC08D,2010,62,0,0,0,0,1,0,0,0,0,1,0,0,1,0,0,0,0,0,0,0,0,0,0,1,0
46AB95DA-9B34-4162-9163-933BC18D0E73,2015,06,0,0,0,0,0,1,0,0,0,0,1,0,0,1,0,0,0,0,0,0,0,0,0,1,0
F5400104-0E28-4E57-98D5-CC1FCA1595AF,2013,92,0,0,0,0,0,1,0,0,0,1,0,0,0,1,0,0,0,0,0,0,0,0,0,1,0
F540C14C-4AAB-4D97-9D8F-4A41A0A485AE,2011,92,0,0,0,0,1,0,0,0,0,1,0,0,1,0,0,0,0,0,0,0,0,0,0,1,0
F549D056-4DC7-45ED-A130-96A1BF7DDB80,2011,45,0,0,0,1,0,0,0,0,1,0,0,0,0,0,0,0,0,0,0,1,0,0,0,1,0
F5526DFE-0F44-4190-83AA-04C60749AD18,2015,00,0,1,0,0,0,0,0,0,1,0,0,0,0,0,0,1,0,0,0,0,0,0,0,1,0
F5666F27-29AF-4929-950F-0B6DC9773528,2012,62,0,0,0,1,0,0,0,0,1,0,0,0,0,0,1,0,0,0,0,0,0,1,0,0,0
F57AB301-0D09-4AD2-82BA-5332EB6DAE6B,2014,62,0,0,0,1,0,0,0,0,1,0,0,0,0,0,1,0,0,0,0,0,0,1,0,0,0
F583BFC3-BE26-498D-9E2F-E5E4DAE75593,2013,51,0,1,0,0,0,0,0,0,1,0,0,0,0,0,0,0,1,0,0,0,1,0,0,0,0
07548239-3C05-4085-9E89-0E751FF1D1CE,2016,54,0,1,0,0,0,0,0,0,1,0,0,0,0,0,0,1,0,0,0,0,0,0,0,1,0
F58E9169-AC07-400E-AB0E-DB784C6CAE59,2013,00,0,1,0,0,0,0,0,0,1,0,0,0,0,0,0,1,0,0,0,0,0,0,0,1,0
6097C59B-E325-42CB-9C9C-D217DF68E677,2016,81,0,1,0,0,0,0,0,0,1,0,0,0,0,0,0,0,1,0,0,0,1,0,0,0,0
F59B48F9-B8CD-4F25-AF9E-179018157A07,2015,92,0,0,0,0,1,0,0,0,0,1,0,0,1,0,0,0,0,0,0,0,0,0,0,1,0
F59CBE0A-1EEB-4FA9-85EC-EFD55EF0CF9D,2013,61,0,0,0,1,0,0,0,0,1,0,0,0,0,0,1,0,0,0,0,0,0,1,0,0,0
F5A45C07-981E-44CE-B4F3-BE23CA80298F,2011,92,0,0,0,0,0,1,0,0,0,1,0,0,0,1,0,0,0,0,0,0,0,0,0,1,0
F5AA61BA-74DF-4266-96D4-115160210821,2012,00,0,0,0,0,1,0,0,0,0,1,0,0,1,0,0,0,0,0,0,0,0,0,0,1,0
F5B335CC-5C70-4526-88ED-A49E259A17CD,2011,52,0,0,0,0,1,0,0,0,0,1,0,0,1,0,0,0,0,0,0,0,0,0,0,1,0
8be71c50-099c-11ec-863c-8359987c65e0,2019,62,0,0,0,0,1,0,0,0,0,1,0,0,1,0,0,0,0,0,0,0,0,0,0,1,0
9d4957f0-8427-11e7-a921-2d695ce70b69,2017,52,0,0,0,1,0,0,0,0,1,0,0,0,0,0,0,0,0,0,0,1,0,0,0,1,0
F5C3FE41-48A7-469E-B811-0381B32C8519,2011,44,0,0,0,1,0,0,0,0,1,0,0,0,0,0,1,0,0,0,0,0,0,0,0,1,0
F5C8A6A2-319C-4232-BB2F-34AA98308E79,2015,54,0,0,0,0,1,0,0,0,1,0,0,0,1,0,0,0,0,0,0,0,0,0,0,1,0
F5D2EE43-143A-430D-BAED-4D6CCD4CCF43,2014,61,0,1,0,0,0,0,0,0,1,0,0,0,0,0,0,0,0,0,0,1,0,0,0,1,0
F5DD40EA-7C06-4B43-8FC3-856121A8C6BA,2012,54,1,0,0,0,0,0,0,0,1,0,0,0,0,0,0,0,1,0,0,0,0,0,0,1,0
74FF797A-1C82-4F04-859E-99CCCBE8429C,2015,54,0,0,0,0,0,1,0,0,0,1,0,0,0,1,0,0,0,0,0,0,0,1,0,0,0
F6098BBA-3FBE-4A85-BBBE-DF40DA07C3A0,2010,92,0,0,0,0,0,1,0,0,0,1,0,0,0,1,0,0,0,0,0,0,0,0,0,1,0
a64fc920-0744-11ec-863c-8359987c65e0,2020,81,1,1,0,0,0,0,0,0,1,0,0,0,0,0,0,0,1,0,0,0,0,0,0,1,0
F61D5071-1734-4277-BDC4-CE523F924BC8,2014,62,0,0,0,0,1,0,0,0,0,1,0,0,1,0,0,0,0,0,0,0,0,0,0,1,0
F61D6C46-14A7-42B2-8AD4-3808270BF631,2014,52,1,1,1,0,0,0,0,0,1,0,0,0,0,0,0,0,0,1,0,0,0,0,0,1,0
F630E023-34AE-42B9-8BFA-1DFA8C6C2095,2009,51,0,1,0,0,0,0,0,0,1,0,0,0,0,0,0,1,0,0,0,0,0,0,0,1,0
5dcae630-fbed-11e9-8c71-6b6c5a5368d9,2018,52,0,0,0,1,0,0,0,0,1,0,0,0,0,0,0,0,0,0,0,1,0,0,0,1,0
ebc24170-c8f5-11e9-9c16-3f32faecab86,2019,62,0,1,0,0,0,0,0,0,1,0,0,0,0,0,0,0,1,0,0,0,0,0,0,1,0
e1df75f0-a228-11e8-ae61-0fc7f403e976,2018,62,0,0,0,0,0,1,0,0,0,0,1,0,0,1,0,0,0,0,0,0,0,0,0,1,0
2e8eee47-7450-4f68-9934-f0f26fa38b15,2024,00,0,0,0,0,0,1,0,0,0,1,0,0,0,1,0,0,0,0,0,0,0,0,0,1,0
10861410-f2bb-11ea-8781-7798bdcc4349,2020,52,0,1,0,0,0,0,0,0,1,0,0,0,0,0,0,1,0,0,0,0,0,0,0,1,0
F673E491-3C16-43B6-AA3A-673B8EFF88A5,2014,52,0,0,0,1,0,0,0,0,1,0,0,0,0,0,1,0,0,0,0,0,0,0,0,1,0
F67A1514-B496-43BF-8DF8-1667DEDF56C3,2011,92,0,0,0,0,0,1,0,0,0,1,0,0,0,1,0,0,0,0,0,0,0,0,0,1,0
F67B07A6-20F9-4656-8B71-5A3F54B77487,2013,62,0,0,0,0,0,1,0,0,0,0,1,0,0,1,0,0,0,0,0,0,0,0,0,1,0
F68714FA-34F2-4393-8B68-65B8DA491D05,2014,00,0,0,0,1,0,0,0,0,0,0,0,1,0,0,0,0,0,0,0,1,0,1,0,0,0
F68EF982-454F-46D2-8545-85FE1E908CD7,2013,54,1,1,1,0,0,0,0,0,1,0,0,0,0,0,0,1,1,1,0,0,0,0,0,1,0
6E3662C4-1285-4CD7-9FDB-7912F142A3A4,2015,44,0,0,0,1,0,0,0,0,1,0,0,0,0,0,0,0,0,0,0,1,0,0,0,1,0
26f1c730-a9df-11e7-8c20-836b8b691ede,2017,52,0,0,0,1,0,0,0,0,1,0,0,0,0,0,0,0,0,0,0,1,0,0,0,1,0
8e3c2a00-a2d9-11e7-b671-fb4cdbd76ea5,2017,00,0,1,0,0,0,0,0,0,1,0,0,0,0,0,0,1,0,0,0,0,0,0,0,1,0
F6AFE976-6043-4762-906C-49F74C8BA94B,2014,62,0,0,0,0,1,0,0,0,0,1,0,0,1,0,0,0,0,0,0,0,0,0,0,1,0
F6B42B97-27A2-4B7A-A044-F97237B987AE,2011,92,0,0,0,0,0,1,0,0,0,1,0,0,0,1,0,0,0,0,0,0,0,0,0,1,0
f2cb11a0-da78-11ef-9cb2-9be04a5c3719,2024,54,0,0,0,0,0,0,0,1,1,0,0,0,0,0,0,0,0,0,0,1,0,0,0,1,0
F6B6EC1B-77BA-42F8-A557-3C0E5D8ADD09,2012,92,0,0,0,0,0,1,0,0,0,1,0,0,0,1,0,0,0,0,0,0,0,0,0,1,0
F6B76A22-BC42-47D7-BB8C-84F25103399D,2012,61,0,1,0,0,0,0,0,0,1,0,0,0,0,0,0,1,0,0,0,0,0,0,0,1,0
F6B88926-C69C-4E8D-9F43-D7CDDA425B80,2013,00,0,1,0,0,0,0,0,0,1,0,0,0,0,0,0,0,1,0,0,0,0,0,0,1,0
F6C70497-14D7-4C22-9BFD-DEA84292FEA9,2011,92,0,0,0,0,1,0,0,0,0,1,0,0,1,0,0,0,0,0,0,0,0,0,0,1,0
88343a70-c571-11e7-bdb2-99e5dbe0676c,2016,00,0,1,0,0,0,0,0,0,1,0,0,0,0,0,0,1,0,0,0,0,0,0,0,1,0
F6D166B5-CE17-4C7E-A161-856F87B4B7A6,2012,52,0,0,0,0,0,1,0,0,0,1,0,0,0,1,0,0,0,0,0,0,0,0,0,1,0
F6D4FE67-8416-4C14-A9C7-7FD8CEED66AA,2012,00,0,1,0,0,0,0,0,0,1,0,0,0,0,0,0,0,1,0,0,0,0,0,0,1,0
1e420150-daec-11e9-aa50-b778a2874faa,2019,00,0,1,0,0,0,0,0,0,1,0,0,0,0,0,0,1,0,0,0,0,0,0,0,1,0
F6D556D2-904F-4D04-B9A7-A339DBA6C53B,2012,00,0,0,0,0,0,1,0,0,0,1,0,0,0,1,0,0,0,0,0,0,0,0,0,1,0
5F9E762F-C17B-4F8D-833F-79956202DE60,2016,62,0,0,0,0,0,1,0,0,0,1,0,0,0,1,0,0,0,0,0,0,0,0,0,1,0
F6D73459-9107-4F95-A155-9F2C63A6366C,2010,92,0,0,0,0,0,1,0,0,0,1,0,0,0,1,0,0,0,0,0,0,0,0,1,0,0
5b6a64c0-7e65-11ee-afcd-0587b0cf6415,2023,62,1,0,0,0,0,0,0,1,1,0,0,0,0,0,0,0,1,0,0,0,0,0,0,1,0
F6EB3091-AADE-4387-B6D7-182649C6224F,2013,62,0,0,0,0,0,1,0,0,0,1,0,0,0,1,0,0,0,0,0,0,0,0,0,1,0
F6EB67F2-41DD-486B-8558-190454EE8D93,2012,62,0,0,0,0,0,1,0,0,0,1,0,0,0,1,0,0,0,0,0,0,0,0,0,1,0
F6EBC5F3-E6DB-4E10-A62F-00038F601D36,2015,81,0,0,0,1,0,0,0,0,0,0,0,1,0,0,1,0,0,0,0,0,0,0,0,1,0
6BA25696-4729-467F-8789-10635D6DAAE7,2016,62,0,0,1,0,1,0,0,0,1,1,0,0,1,0,0,0,0,0,0,0,0,0,0,1,0
8f99c0a0-918b-11e8-ad4c-017f2df1a0a0,2018,92,0,0,0,0,0,1,0,0,0,1,0,0,0,1,0,0,0,0,0,0,0,0,0,1,0
d93f32f0-995f-11e7-a069-d9175a67bd3e,2015,00,0,0,0,0,0,1,0,0,0,1,0,0,0,1,0,0,0,0,0,0,0,0,0,1,0
F6FA323C-BE32-412A-85F8-B79D6D24B9EB,2015,44,0,0,0,1,0,0,0,0,1,0,0,0,0,0,0,0,0,0,0,1,0,1,0,0,0
F6FEC3E1-1D9C-486A-AD25-97B85D6177A0,2015,56,0,0,0,0,1,1,0,0,0,1,0,0,1,0,0,0,0,0,0,0,0,0,0,1,0
3D322242-B6B4-446F-90A6-24B902778341,2016,61,0,0,0,1,0,0,0,0,1,0,0,0,0,0,1,0,0,0,0,0,0,1,0,0,0
F70131A0-76DD-4B03-98C2-CB66F9AD36C5,2015,62,0,0,0,1,0,0,0,0,1,0,0,0,0,0,1,0,0,0,0,0,0,1,0,0,0
479BADB1-BD1C-4EA0-B7D0-FDD60BDDB7B7,2015,92,0,0,0,0,1,0,0,0,0,1,0,0,1,0,0,0,0,0,0,0,0,0,0,1,0
32BB90E8-976A-AB52-98D5-DA10FE66F21D,2025,52,0,1,0,0,0,0,0,0,1,0,0,0,0,0,0,1,0,0,0,0,0,0,0,1,0
F70F7CEC-2C01-45A1-B5C0-D095BA1F243B,2012,54,0,1,0,0,0,0,0,0,1,0,0,0,0,0,0,1,0,0,0,0,0,0,0,1,0
ecdab910-8e27-11ee-8e0f-01920077cf74,2022,00,0,1,0,0,0,0,0,0,1,0,0,0,0,0,0,1,0,0,0,0,0,0,0,1,0
93FFFE30-8C44-4ACD-8C6F-2DAA9F6C21D4,2016,61,0,1,0,0,0,0,0,0,1,0,0,0,0,0,0,1,0,0,0,0,0,0,0,1,0
93AEF080-4F66-4F84-8043-28E2E2BE332C,2016,44,0,0,0,1,0,0,0,0,1,0,0,0,0,0,0,0,0,0,0,1,0,1,0,0,0
F723AE84-01EC-44B2-BE83-0E773161E48F,2012,05,0,1,0,0,0,0,0,0,1,0,0,0,0,0,0,1,0,0,0,0,0,0,0,1,0
38E823FC-BE0A-4A80-9542-F0899C4EE613,2015,61,1,1,0,0,0,0,0,0,1,0,0,0,0,0,0,0,1,0,0,0,0,0,0,1,0
F7333DE1-FA59-4D42-B95E-98F752CFC3D2,2012,52,0,1,0,0,0,0,0,0,1,0,0,0,0,0,0,1,0,0,0,0,0,0,0,1,0
F73441C4-9875-4CC3-959C-A121323F5A1F,2011,92,0,0,0,0,0,1,0,0,0,1,0,0,0,1,0,0,0,0,0,0,0,0,0,1,0
F74F2B68-74E9-4DD4-A14C-395C4B92D214,2013,92,0,0,0,0,0,1,0,0,0,1,0,0,0,1,0,0,0,0,0,0,0,0,0,1,0
f4bfd3f0-af67-11f0-a027-d955a4d2f085,2025,00,1,1,0,0,0,0,0,0,1,0,0,0,0,0,0,0,1,0,0,0,0,0,0,1,0
b4d77900-72d6-11eb-a674-05cfd55ad89e,2020,51,0,0,0,0,0,1,0,0,0,1,0,0,0,1,0,0,0,0,0,0,0,0,0,1,0
F768E82D-C98C-4997-84B3-E93B512658F1,2013,62,0,0,0,0,0,1,0,0,0,1,0,0,0,1,0,0,0,0,0,0,0,0,0,1,0
F76B1815-58A5-4EC9-B8D7-91FC1D6264EC,2009,62,0,0,0,0,0,1,0,0,0,1,0,0,0,1,0,0,0,0,0,0,0,0,0,1,0
F76B3EDB-4602-4E86-801A-5506E6DF3FBC,2013,62,0,0,0,0,1,0,0,0,0,1,0,0,1,0,0,0,0,0,0,0,0,0,0,1,0
F76C6970-044D-4555-A8C2-916C34E73A95,2013,92,0,1,0,0,0,0,0,0,1,0,0,0,0,0,0,1,0,0,0,0,1,0,0,0,0
a838e1c0-6c90-11e7-8419-7d473c8dcba3,2017,62,1,0,0,0,0,0,0,0,1,0,0,0,0,0,0,0,1,0,0,0,0,0,1,0,0
F776AECE-05BE-4F94-A756-1141F31953B8,2013,92,0,0,0,1,0,0,0,0,1,0,0,0,0,0,1,0,0,0,0,0,0,1,0,0,0
F77B892A-9E0A-4A67-B5B3-7A2858FE04BC,2014,00,0,0,0,0,0,1,0,0,0,1,0,0,0,0,1,0,0,0,0,0,0,0,1,0,0
F7838473-2BCD-4166-8614-F881764FF2EE,2013,92,0,0,0,0,1,0,0,0,0,1,0,0,1,0,0,0,0,0,0,0,0,0,0,1,0
F79572F2-46E6-406A-B474-FC2CAD22ABFB,2012,52,0,0,0,0,0,0,0,1,0,0,0,1,0,0,0,0,0,0,0,1,0,1,0,0,0
F79A0819-AB52-494F-A285-9CF34F73CA13,2011,92,0,0,0,0,1,0,0,0,0,1,0,0,1,0,0,0,0,0,0,0,0,0,0,1,0
C163AD7D-2BC8-4271-9EE3-6101925BE8C8,2015,92,0,0,0,0,0,1,0,0,0,1,0,0,0,1,0,0,0,0,0,0,0,0,0,1,0
c54dc480-0a36-11e8-bbae-ed39c73f1398,2017,00,0,0,0,1,0,0,0,0,1,0,0,0,0,0,1,0,0,0,0,0,0,1,0,0,0
F7A63F3A-7668-492C-96FB-B85D770D08A9,2013,45,0,0,0,0,0,1,0,0,0,1,0,0,0,1,0,0,0,0,0,0,1,0,0,0,0
5c74fa60-ffe3-11e9-830f-9f9afa6b578d,2018,92,0,0,0,0,1,0,0,0,0,1,0,0,1,0,0,0,0,0,0,0,0,0,0,1,0
420B1182-EE25-4442-9F50-A559E33A7768,2016,52,0,0,0,1,0,0,0,0,1,0,0,0,0,0,0,0,0,0,0,1,0,1,0,0,0
6D428669-1ABC-4840-B5E4-DDE63B8694B2,2016,62,0,0,0,0,0,1,0,0,0,1,0,0,0,1,0,0,0,0,0,0,0,0,0,1,0
08E65BA0-8B33-4B63-83D4-6A259AE27392,2016,04,0,0,0,1,0,0,0,0,1,0,0,0,0,0,0,0,0,0,0,1,0,1,0,0,0
f8336440-4894-11ec-be64-495e033b0bce,2021,62,0,1,1,0,0,0,0,0,1,0,0,0,0,0,0,0,0,1,0,0,0,0,0,1,0
2f623dd0-0a12-11ed-9141-192d7c736152,2020,00,0,1,0,0,0,0,0,0,1,0,0,0,0,0,0,1,0,0,0,0,1,0,0,0,0
F7DD1782-0AD1-455C-A315-3B325263DD3F,2013,52,0,0,0,0,0,0,0,1,1,0,0,0,0,0,0,0,0,0,0,1,0,1,0,0,0
F7E5EDDA-4634-48B8-8919-F1E7EA386776,2010,92,0,0,0,0,0,1,0,0,0,1,0,0,0,1,0,0,0,0,0,0,0,0,1,0,0
F7F0A90E-D25C-4852-9B7F-B1FE3F64BF48,2015,00,0,1,0,0,0,0,0,0,1,0,0,0,0,0,0,1,0,0,0,0,1,0,0,0,0
F7F10C00-9872-4744-842D-D6260DDEB7D5,2012,52,0,0,0,0,1,0,0,0,0,1,0,0,1,0,0,0,0,0,0,0,0,0,0,1,0
F7FAF7D3-7E29-4414-ACCC-09444D4F271C,2013,00,0,0,0,0,0,0,0,1,0,0,0,1,0,0,0,0,0,0,0,1,1,0,0,0,0
274C1E1B-2748-4ACB-91E6-E06715658B5B,2015,92,0,0,0,0,0,1,0,0,0,1,0,0,0,0,1,0,0,0,0,0,0,0,0,1,0
ab68ff30-722a-11eb-a74a-79ed152e0098,2019,00,0,0,0,0,0,1,0,0,0,1,0,0,0,1,0,0,0,0,0,0,0,0,0,1,0
641ccab0-af5c-11e7-b9af-6daebc71dd3b,2016,62,0,0,0,0,1,1,0,0,1,0,0,0,0,0,1,0,0,0,0,0,0,1,0,0,0
A66E618D-6A57-4788-A33C-9EA526359530,2013,54,0,0,0,0,1,0,0,0,1,0,0,0,1,0,0,0,0,0,0,0,0,0,0,1,0
F83273F6-1061-4678-BA2B-ED15AD9D92BA,2010,62,0,0,0,1,0,0,0,0,1,0,0,0,0,0,1,0,0,0,0,0,0,1,0,0,0
F83744A0-E405-4D79-82B4-7DE2F6D28EA9,2013,92,0,0,0,0,0,1,0,0,0,1,0,0,0,1,0,0,0,0,0,0,0,0,1,0,0
F8374605-A940-49A2-8B8D-90155D07FCBA,2016,92,0,1,0,0,0,0,0,0,1,0,0,0,0,0,0,0,1,0,0,0,0,0,0,1,0
F83DB7BB-EEDB-492C-A132-3256197F46A1,2014,00,0,0,0,0,0,1,0,0,0,1,0,0,0,1,0,0,0,0,0,0,0,0,0,1,0
F8436210-64F3-41A2-8B9A-361160069974,2014,42,0,0,0,0,1,0,0,0,1,1,0,0,1,0,0,0,0,0,0,0,0,0,0,1,0
26c2ea0d-c18f-4a09-b575-8a29c715ec2d,2023,05,0,0,0,0,0,1,0,0,0,1,0,0,0,1,0,0,0,0,0,0,0,0,0,1,0
B4A155A1-D70B-4BAF-B872-173D44922467,2015,44,0,0,0,1,0,0,0,0,1,0,0,0,0,0,0,0,0,0,0,1,0,1,0,0,0
F8460532-B04A-495B-9E06-1D09C0D771A2,2015,72,0,0,0,0,0,0,0,1,1,0,0,0,0,0,0,0,0,0,0,1,0,0,0,1,0
F8493970-E9A0-4942-A638-DCD60308F02E,2005,31,0,1,0,0,0,0,0,0,1,0,0,0,0,0,0,0,1,0,0,0,0,0,0,1,0
F84DB994-BC30-4495-A3F4-ED956AD2C4FB,2013,56,0,0,0,0,1,0,0,0,0,1,0,0,1,0,0,0,0,0,0,0,0,0,0,1,0
F8759A7D-ADEA-4893-A270-87C6906B9CCC,2012,00,0,0,0,0,0,1,0,0,0,1,0,0,0,1,0,0,0,0,0,0,0,0,0,1,0
0D1E7449-0FF6-48E2-93E0-7F457E4C237C,2016,62,1,0,1,0,0,0,0,0,1,0,0,0,0,0,0,0,1,0,0,0,1,0,0,0,0
F88AA70C-07F5-4D12-B38C-456FC7979E66,2012,00,0,1,0,0,0,0,0,0,1,0,0,0,0,0,0,0,0,0,0,1,0,0,0,1,0
32a51dd0-ccf0-11e9-bb5c-c14da9ab577c,2019,00,0,0,0,0,0,1,0,0,0,1,0,0,0,1,0,0,0,0,0,0,0,0,0,1,0
F9608C5C-49EB-424C-98F4-51BBC9CB80C5,2015,62,0,0,0,0,1,0,0,0,0,1,0,0,1,0,0,0,0,0,0,0,0,0,0,1,0
7bffc3c0-db77-11e7-b589-fd57f91024a3,2017,00,0,0,0,0,0,1,0,0,0,1,0,0,0,1,0,0,0,0,0,0,0,0,0,1,0
8a6c0790-237a-11eb-a2fc-cdee479fbead,2020,03,0,1,0,0,0,0,0,0,1,0,0,0,0,0,0,1,0,0,0,0,0,0,0,1,0
F8BD28A1-4609-4310-A75E-742CB14919E8,2014,92,0,0,0,1,0,0,0,0,1,0,0,0,0,0,1,0,0,0,0,0,0,0,0,1,0
F8C2984A-412C-4DEE-8CDB-D525CE5765A8,2014,62,0,0,0,0,1,0,0,0,0,1,0,0,1,0,0,0,0,0,0,0,0,0,0,1,0
F8C44A38-4D5B-457D-9750-2570FA031BF4,2010,92,0,0,0,0,0,1,0,0,0,1,0,0,0,1,0,0,0,0,0,0,0,0,0,1,0
6502ec68-6f58-437b-89ab-1901201dbd06,2024,51,0,1,0,0,0,0,0,0,1,0,0,0,0,0,0,1,0,0,0,0,0,0,0,1,0
F8C47B4F-7298-4E27-8829-39C963252B91,2014,62,0,0,0,0,1,1,0,0,0,1,1,0,1,0,0,0,0,0,0,0,0,0,0,1,0
F8CA65E1-8A90-474A-9795-B8DAE091AAFA,2015,51,0,1,0,0,0,0,0,0,1,0,0,0,0,0,0,1,0,0,0,0,0,0,0,1,0
F8D2917D-11EB-4A6B-9D4E-EC5B258E793F,2015,45,0,1,0,0,0,0,0,0,1,0,0,0,0,0,0,1,0,0,0,0,0,0,0,1,0
1e5ba380-cda9-11e9-b4e5-4769cce343a0,2019,62,0,0,0,0,1,0,0,0,0,1,0,0,1,0,0,0,0,0,0,0,0,0,0,1,0
09287ff0-2443-11eb-af35-ed9bb3f10d5f,2020,62,1,0,0,0,0,0,0,0,1,0,0,0,0,0,0,0,1,0,0,0,0,1,0,0,0
F9152DFE-45D5-4048-8D59-1EA59C3A16C3,2009,54,0,0,0,0,1,0,0,0,0,1,0,0,1,0,0,0,0,0,0,0,0,0,0,1,0
95219390-8cbe-11e7-97c0-cfe5b6ac1588,2017,00,0,0,0,1,0,0,0,0,1,0,0,0,0,0,0,0,0,0,0,1,0,0,0,1,0
F91FA5AC-CDE1-4167-80EA-2C8891EBD7D6,2013,62,0,0,0,0,0,1,0,0,0,1,0,0,0,1,0,0,0,0,0,0,0,0,0,1,0
DBBD5C27-6BF1-4C70-883B-27D66E589F72,2015,62,0,0,0,0,0,1,0,0,0,1,0,0,0,1,0,0,0,0,0,0,0,0,0,1,0
bdb1ae20-3cdd-11ec-b63a-33c287a8ec4a,2018,33,0,1,0,0,0,0,0,0,1,0,0,0,0,0,0,0,1,0,0,0,0,0,0,1,0
9a202c40-d921-11eb-8217-91ad7b220efe,2020,92,0,0,0,0,0,1,0,0,0,1,0,0,0,1,0,0,0,0,0,0,0,0,0,1,0
F933C9A8-0116-4514-8655-CE5290F7C9A8,2015,00,0,0,0,1,0,0,0,0,1,0,0,0,0,0,1,0,0,0,0,0,0,0,0,1,0
59d82810-82b1-11e7-8009-bf30ec7afbca,2017,92,0,1,0,0,0,0,0,0,0,1,0,0,0,0,0,0,1,0,0,0,0,0,0,1,0
F9387462-38FB-4966-AB81-650CAE50B59F,2013,44,1,1,0,0,0,0,0,0,1,0,0,0,0,0,0,0,1,0,0,0,0,1,0,0,0
ff12a630-af56-11e7-b9af-6daebc71dd3b,2017,00,0,1,1,0,0,0,0,0,1,0,0,0,0,0,0,0,0,1,0,0,0,0,0,1,0
432792b0-7e3a-11e8-8eb3-d1bc5b9c0f05,2018,92,0,0,0,0,0,1,0,0,0,0,1,0,0,1,0,0,0,0,0,0,0,0,0,1,0
310718DD-65D1-4E00-B23D-78364F4972D2,2015,44,0,0,0,1,0,0,0,0,1,0,0,0,0,0,0,0,0,0,0,1,0,0,0,1,0
b6251f40-9f8e-11ea-bb5f-9176852f1f89,2020,00,0,0,0,0,0,1,0,0,0,0,1,0,0,1,0,0,0,0,0,0,0,0,0,1,0
F96BC88F-9A1A-48C1-9A4D-4F055A89A1A5,2013,92,0,1,0,0,0,0,0,0,1,0,0,0,0,0,0,1,0,0,0,0,1,0,0,0,0
F96D5971-7C66-431C-B0EE-DB835A71F24D,2010,52,0,0,0,0,0,0,0,1,0,0,0,1,0,0,0,0,0,0,0,1,0,1,0,0,0
4bdf80d0-2f2b-11eb-be94-ff2f41197b3c,2019,62,1,0,0,0,0,0,0,0,1,0,0,0,0,0,0,0,1,0,0,0,0,1,0,0,0
d6c9e240-d510-11eb-8806-c7cd39544f5b,2020,45,0,1,0,0,0,0,0,0,1,0,0,0,0,0,0,0,1,0,0,0,0,0,0,1,0
F98019C7-8068-40D1-983D-3CB6493D5EFC,2014,00,0,1,0,0,0,0,0,0,1,0,0,0,0,0,0,0,0,0,1,0,1,0,0,0,0
F982C440-5517-4D94-B561-64DEBCC20200,2013,62,0,0,0,0,0,0,0,1,0,0,0,1,0,0,0,0,0,0,0,1,0,0,0,1,0
F9839935-6A5C-48A6-B0F0-5486B2665CA1,2013,62,0,0,0,1,0,0,0,0,1,0,0,0,0,0,1,0,0,0,0,0,0,0,0,1,0
1d2ea3ec-a13a-48f0-835f-3dcea9000ff4,2024,52,1,0,0,0,0,0,0,1,1,0,0,0,0,0,0,0,1,0,0,0,0,0,0,1,0
F98B724C-3214-4D8E-81BD-9041A547C6AB,2013,52,0,0,0,1,0,0,0,0,1,0,0,0,0,0,0,0,0,0,0,1,0,1,0,0,0
F9920659-57AD-4037-9D5C-93813A98FBC1,2013,52,0,0,0,1,0,0,0,0,1,0,0,0,0,0,0,0,0,0,0,1,0,0,0,1,0
F9A5C110-16DF-49F5-9F71-7707DC959004,2012,92,0,1,0,0,0,0,0,0,1,0,0,0,0,0,0,1,0,0,0,0,1,0,0,0,0
f7328e40-e446-11e9-ae80-e5ad9aac92e3,2019,05,0,1,0,0,0,0,0,0,1,0,0,0,0,0,0,1,1,0,0,0,0,0,0,1,0
F9C22827-4322-476C-AB5D-63FE13F4069B,2010,92,0,0,0,0,0,1,0,0,0,1,0,0,0,1,0,0,0,0,0,0,0,0,0,1,0
91d42650-9cba-11e8-ace0-d908cba85008,2018,81,0,0,0,0,1,0,0,0,0,1,0,0,1,0,0,0,0,0,0,0,0,0,0,1,0
36ad4af0-8766-11e7-944f-971cfc93387d,2017,00,0,1,0,0,0,0,0,0,1,0,0,0,0,0,0,0,0,0,0,1,1,0,0,0,0
F9C99875-4CE7-4775-A0AD-059462BC865A,2015,62,0,0,0,0,0,1,0,0,0,1,0,0,0,1,0,0,0,0,0,0,0,0,0,1,0
F9CA6BDE-1485-4545-8209-AED01AB68CF0,2013,92,0,1,0,0,0,0,0,0,1,0,0,0,0,0,0,1,0,0,0,0,1,0,0,0,0
b33bc0d0-28da-11e9-adf7-352895b3dcd2,2018,71,0,0,0,0,0,1,0,0,0,1,0,0,0,1,0,0,0,0,0,0,0,0,0,1,0
6C1B56CB-1685-48EF-B44B-61FE9528A9A8,2011,52,0,0,0,0,1,0,0,0,0,1,0,0,1,0,0,0,0,0,0,0,0,0,0,1,0
18f05db0-a0fc-11ea-878c-ff8a51fa1e8f,2020,62,0,0,0,1,0,0,0,0,0,1,0,0,0,0,1,0,0,0,0,0,0,0,0,1,0
239dbd50-33b8-11e9-98e0-dd5a6fccbee9,2018,00,0,0,0,0,0,1,0,0,0,1,0,0,0,1,0,0,0,0,0,0,0,0,0,1,0
F9E619FF-742B-4735-979F-6CA1C98AD415,2013,00,0,0,0,0,0,1,0,0,0,1,0,0,0,1,0,0,0,0,0,0,0,0,0,1,0
F9E8EC3C-632C-41C8-837D-CB49FDE0D19F,2013,62,0,1,0,0,0,0,0,0,1,0,0,0,0,0,0,0,0,0,0,1,0,0,0,1,0
F9F26902-E705-42FB-92A0-6FD4EA07A705,2013,51,0,1,0,0,0,0,0,0,1,0,0,0,0,0,0,0,1,0,0,0,0,0,0,1,0
F9FB42D1-32CF-4438-9B1D-425367D52E21,2012,33,0,0,0,1,0,0,0,0,1,0,0,0,0,0,1,0,0,0,0,0,0,1,0,0,0
FA054FFA-2B77-47F9-9ABC-F205B96B1387,2014,00,0,0,0,1,0,0,0,0,1,0,0,0,0,0,1,0,0,0,0,0,0,1,0,0,0
FA178310-F00A-4860-A3B7-91AF8B31068A,2012,54,0,0,0,0,0,1,0,0,0,1,0,0,0,1,0,0,0,0,0,0,0,0,0,1,0
FA1FC0DB-0D95-4945-AC24-E68D215DE905,2014,00,0,1,0,0,0,0,0,0,1,0,0,0,0,0,0,1,0,0,0,0,0,0,0,1,0
ac1e2a50-0e51-11eb-ad9a-2114263f926d,2020,61,0,0,0,0,0,1,0,0,0,1,0,0,0,1,0,0,0,0,0,0,0,0,0,1,0
FA2736DF-67A2-4157-A4CC-042911398A93,2014,61,0,0,0,0,1,0,0,0,0,0,1,0,1,0,0,0,0,0,0,0,0,0,0,1,0
745C9E6C-514B-4F25-BD76-B31A72EEB1AD,2014,62,0,0,0,0,1,0,0,0,0,1,0,0,1,0,0,0,0,0,0,0,0,1,0,0,0
FA30CC56-033F-448C-9162-CD9D8B2D640B,2012,62,0,0,0,1,0,0,0,0,1,0,1,0,0,0,1,0,0,0,0,0,0,1,0,0,0
FA31F6DD-D8FA-4DD8-A398-B3182076D323,2013,52,0,1,0,0,0,0,0,0,1,0,0,0,0,0,0,1,0,0,0,0,1,0,0,0,0
FA32262C-DC46-4FCA-9A07-9DD08BA104CC,2012,62,0,0,0,0,0,0,0,1,0,0,0,1,0,0,0,0,0,0,0,1,0,1,0,0,0
FA33EC45-911D-4196-B963-C095A8FEBBFC,2010,62,0,0,0,0,0,1,0,0,0,1,0,0,0,1,1,0,0,0,0,0,0,1,0,0,0
52954480-e0b4-11e9-8cfd-bf57b38104b7,2019,04,0,0,0,0,0,1,0,0,0,1,0,0,0,1,0,0,0,0,0,0,0,0,0,1,0
FA4795C9-B153-482A-BD89-4856747A6FC9,2010,92,0,0,0,0,0,1,0,0,0,1,0,0,0,1,0,0,0,0,0,0,0,0,1,0,0
3fd4c3e0-e961-11eb-9aea-07892f56ef76,2021,00,1,0,0,0,0,0,0,0,1,0,0,0,0,0,0,0,1,0,0,0,0,1,0,0,0
E332BA9E-D36B-4757-AF31-0121FEFA1F56,2016,62,1,0,0,0,0,0,0,0,1,0,0,0,0,0,0,0,1,0,0,0,0,1,0,0,0
FA581D2C-E83A-4064-8CD1-32D1BEB89668,2010,92,0,0,0,0,0,1,0,0,0,1,0,0,0,1,0,0,0,0,0,0,0,0,1,0,0
3ae11b80-6c89-11e7-8419-7d473c8dcba3,2017,71,0,1,0,0,0,0,0,0,1,0,0,0,0,0,0,0,0,0,0,1,0,0,0,1,0
8b49b0e0-661a-11ef-bf5d-c7aac65e2994,2023,92,1,0,0,0,0,0,0,1,1,0,0,0,0,0,0,0,1,0,0,0,0,1,0,0,0
FA6E2E7C-6BA2-4616-AC98-FC5DEF37562F,2013,00,1,1,1,0,0,0,0,0,1,0,0,0,0,0,0,0,0,1,0,0,0,0,0,1,0
FA728AFB-D923-48F6-B910-331BDF9B1CEB,2007,33,0,0,1,0,1,0,0,0,1,1,0,0,1,0,0,0,0,0,0,0,0,0,0,1,0
FA75991A-84C6-414D-A399-B00F26860597,2014,62,0,0,0,0,1,1,0,0,0,0,1,0,1,1,1,0,0,0,0,0,0,1,0,0,0
FA87B9E1-2A5E-4C02-9970-7FD7FE96BB47,2008,92,0,0,0,0,0,1,0,0,0,1,0,0,0,1,1,0,0,0,0,0,0,0,0,1,0
FA91B028-B567-4D35-B799-BE47DD8F90ED,2014,92,0,0,0,0,0,1,0,0,1,0,0,0,0,1,0,0,0,0,0,0,0,0,0,1,0
FA92F0B1-4257-425F-A7A5-B778273D61AA,2013,23,1,0,1,0,0,0,0,0,1,0,0,0,0,0,0,0,0,1,0,0,0,0,0,1,0
a79da0f0-d961-11e7-a452-77d2890a67ae,2017,62,0,0,1,0,0,0,0,0,1,0,0,0,0,0,0,0,0,1,0,0,0,0,0,1,0
E3A1A652-9A6D-4F25-B9CE-184716D7A2E8,2016,00,0,0,0,0,0,1,0,0,0,1,0,0,0,1,0,0,0,0,0,0,0,0,0,1,0
F0A63266-7C0B-4EB0-BDAE-78923D7B91C1,2015,92,0,0,0,0,0,1,0,0,0,1,0,0,0,1,0,0,0,0,0,0,0,0,0,1,0
FAD37D33-39DC-4A9B-8B35-EA68E121567A,2012,00,0,1,0,0,0,0,0,0,1,0,0,0,0,0,0,1,0,0,0,0,0,0,0,1,0
FAD45047-FA08-4D4A-AEEE-F506BDB56F47,2015,52,0,0,0,0,1,0,0,0,0,1,0,0,1,0,0,0,0,0,0,0,0,0,0,1,0
FADBE886-3794-48F3-B444-DD03F84D08F1,2014,92,0,0,0,0,0,1,0,0,0,1,0,0,0,1,0,0,0,0,0,0,0,0,0,1,0
FAE8091E-14DD-4BD7-A637-F7FBFD4FFD0E,2014,61,1,0,0,0,0,0,0,0,0,0,0,1,0,0,0,0,1,0,0,0,0,1,0,0,0
FAF0CF9D-173B-4FC8-8A5E-1277D2B473DB,2012,81,0,1,0,0,0,0,0,0,1,0,0,0,0,0,0,1,0,0,0,0,0,0,0,1,0
FAF6DD3B-D307-4458-B413-0E9012D679BC,2012,32,0,0,0,0,1,0,0,0,0,1,0,0,1,0,0,0,0,0,0,0,0,0,0,1,0
2450E2E4-BD00-4597-B15A-8A5FE95CB7CF,2011,00,0,0,0,0,0,1,0,0,0,1,0,0,0,1,0,0,0,0,0,0,0,1,0,0,0
8882B9D0-D6C7-4CEE-B3C6-821C02B41DEA,2015,62,0,0,0,1,0,0,0,0,1,0,0,0,0,0,1,0,0,0,0,0,0,0,0,1,0
FB0C42CB-3080-4E10-9169-DDDB3CC7E977,2013,51,1,0,0,0,0,0,0,0,1,0,0,0,0,0,0,0,1,0,0,0,0,0,0,1,0
FB0CE741-AF88-4E99-87A1-D44C8C8F1699,2014,71,0,0,0,1,0,0,0,0,1,0,0,0,0,0,1,0,0,0,0,0,0,0,0,1,0
1e0dcb00-722c-11eb-a74a-79ed152e0098,2019,62,1,0,0,0,0,0,0,0,1,0,0,0,0,0,0,0,1,0,0,0,0,0,0,1,0
F7775B23-7740-4F89-BE06-6B51C89658DB,2009,00,0,0,0,0,0,1,0,0,0,1,0,0,0,1,0,0,0,0,0,0,0,0,0,1,0
FB2EF559-F00E-42D5-804D-1A516DE2B4A1,2010,92,0,0,0,0,0,1,0,0,0,1,0,0,0,1,0,0,0,0,0,0,0,0,1,0,0
FB3752CD-AB72-432F-A9D1-33A9FB433F4A,2014,52,0,0,0,0,1,0,0,0,0,1,0,0,1,0,0,0,0,0,0,0,0,1,0,0,0
27dc1aa0-bb64-11e8-b9b2-0dc0cc16471e,2018,62,0,0,0,1,0,0,0,0,1,0,0,0,0,0,1,0,0,0,0,0,0,1,0,0,0
FB3FEB38-88B0-4EFF-925E-75815D116A57,2013,52,0,0,0,0,0,1,0,0,0,1,0,0,0,1,0,0,0,0,0,0,0,0,0,1,0
FB429911-010B-430E-8827-8DB2269B2005,2011,92,0,0,0,0,1,0,0,1,1,0,0,0,0,0,0,0,0,0,0,1,0,0,0,1,0
04ebc920-f6bb-11ea-b6fa-6deaa5aa80b0,2018,51,0,0,0,0,0,1,0,0,0,1,0,0,0,1,0,0,0,0,0,0,0,1,0,0,0
FB472D8B-44BF-4141-98BA-21EA9466F4C9,2013,00,1,1,1,0,0,0,0,0,1,0,0,0,0,0,0,0,0,1,0,0,0,0,0,1,0
FB51B3B6-A810-4C9C-B48C-FEF7D8227BC9,2016,62,0,0,0,0,0,1,0,0,0,0,1,0,0,1,0,0,0,0,0,0,0,1,0,0,0
FB68A644-C8DD-4777-B1ED-80B0A17299CC,2006,09,0,0,0,1,0,0,0,0,1,0,0,0,0,0,1,0,0,0,0,0,0,1,0,0,0
FB6A502D-FB9F-43E6-A020-E6D37AB97D66,2010,92,0,0,0,0,0,1,0,0,0,1,0,0,0,1,0,0,0,0,0,0,0,0,0,1,0
aa537480-709a-11e7-955a-c3e87cda4766,2017,71,1,1,0,0,0,0,0,0,1,0,0,0,0,0,0,0,1,0,0,0,0,0,0,1,0
b0f77c10-07e0-11eb-9be5-67f56bbd8cb4,2019,00,0,0,0,0,0,1,0,0,0,1,0,0,0,1,0,0,0,0,0,0,0,0,0,1,0
FB786B04-6005-4656-81E6-74FAD324B048,2003,00,0,0,0,0,1,0,0,0,0,1,0,0,1,0,0,0,0,0,0,0,0,0,0,1,0
035AF392-126D-405C-86D0-E0B4416FA4F3,2016,62,0,0,0,1,0,0,0,0,1,0,0,0,0,0,1,0,0,0,0,0,0,0,0,1,0
FB7D29FB-8188-4F59-AA10-2B58A9138EF7,2015,44,0,0,0,0,1,0,0,0,0,1,0,0,1,0,0,0,0,0,0,0,0,0,0,1,0
FB86C6B8-5220-4E28-A4D3-D5407F36AA97,2012,81,0,1,0,0,0,0,0,0,1,0,0,0,0,0,0,1,0,0,0,0,0,1,0,0,0
f95e05d0-22d1-11eb-b221-a300329fb9cf,2020,00,0,0,0,0,0,0,0,1,1,0,0,0,0,0,0,0,0,0,0,1,0,0,0,1,0
FB9514C3-75CB-4119-8E44-045FB131A952,2013,00,0,1,0,0,0,0,0,0,1,0,0,0,0,0,0,1,0,0,0,0,0,0,0,1,0
FB9C7AE4-1D0E-4F98-B382-201EC05D9E53,2014,62,0,1,0,0,0,0,0,0,1,0,0,0,0,0,0,0,0,0,0,1,0,0,0,1,0
ff88d760-a415-11ed-aa48-c57b469b256d,2022,00,0,1,0,0,0,0,0,0,1,0,0,0,0,0,0,1,0,0,0,0,0,0,0,1,0
862c6310-a158-11e8-8944-973f074c04dd,2018,54,0,1,0,0,0,0,0,0,1,0,0,0,0,0,0,0,0,0,0,1,0,0,0,1,0
FBA80AC3-B971-4F42-8B2C-B7AB0A3E0E8F,2014,00,0,1,0,0,0,0,0,0,1,0,0,0,0,0,0,0,0,0,1,0,1,0,0,0,0
FBAA859D-3981-4D7B-B4CD-AE2B86915192,2013,92,0,0,1,0,0,0,0,0,1,0,0,0,0,0,0,0,0,1,0,0,0,0,0,1,0
FBAB13A7-0C26-4794-ADE3-A25F84FEE40D,2013,44,0,0,0,0,0,1,0,0,0,1,0,0,0,1,0,0,0,0,0,0,0,1,0,0,0
FBB2CB0E-C07E-4FB7-8D62-4B6598314AD6,2012,54,0,0,0,0,0,1,0,0,0,1,0,0,0,1,0,0,0,0,0,0,0,0,0,1,0
FBC2C3AF-0E05-484E-9CDC-C999D47C69DF,2011,92,0,0,0,0,1,0,0,0,0,1,0,0,1,0,0,0,0,0,0,0,0,0,0,1,0
FBC2DCED-1155-4F27-B1B5-62C102A329F6,2011,92,0,0,0,0,0,1,0,0,0,1,0,0,0,1,0,0,0,0,0,0,0,1,0,0,0
FBC87EF1-92D2-43C5-800B-05B1E1A5F794,2007,56,0,0,0,1,0,0,0,0,1,0,0,0,0,0,1,0,0,0,0,0,0,1,0,0,0
FBCEAEF4-DC51-4496-BC0C-4265639AE451,2010,62,0,0,0,1,0,0,0,0,1,0,0,0,0,0,1,0,0,0,0,0,0,1,0,0,0
FBCF22D6-D6B0-4B82-BFC4-C648EAFBEB8B,2012,62,0,0,0,1,0,0,0,0,1,0,0,0,0,0,1,0,0,0,0,0,0,1,0,0,0
59B8C792-F641-4FB5-A8EC-3BB3CCBD7A7B,2008,44,0,0,0,0,1,0,0,0,0,1,0,0,1,0,0,0,0,0,0,0,0,0,0,1,0
FBCF8613-AAB3-45D7-BF1E-6B1F0DB78E03,2015,81,0,0,0,1,0,0,0,0,1,0,0,0,0,0,1,0,0,0,0,0,0,1,0,0,0
6ae05590-772b-11ee-a9cf-35532141bb65,2022,54,0,0,0,0,0,1,0,0,0,0,1,0,0,1,0,0,0,0,0,0,0,1,0,0,0
FBDB1622-F2AF-4B8B-9F45-9408370E2D01,2014,92,0,0,0,0,0,1,0,0,0,1,0,0,0,1,0,0,0,0,0,0,0,0,0,1,0
FBE592EC-F40C-49B8-88B0-EB032938B981,2013,33,0,0,0,0,1,0,0,0,0,1,0,0,1,0,0,0,0,0,0,0,0,0,0,1,0
15972f60-a198-11e7-9764-c7e1aa1637e1,2017,62,0,0,0,0,0,1,0,0,0,1,0,0,0,1,0,0,0,0,0,0,0,0,0,1,0
FBEF60E3-2A61-480B-BB7D-DDD40A4D55A7,2013,51,0,0,0,0,1,0,0,0,0,1,0,0,1,0,0,0,0,0,0,0,0,0,0,1,0
FBF66BEE-55F9-463E-BA47-602753CB2A66,2012,92,0,0,0,0,1,0,0,0,0,1,0,0,1,0,0,0,0,0,0,0,0,0,0,1,0
FBF88776-91CD-437B-98ED-6C2E872911E6,2012,54,0,0,0,0,0,1,0,0,0,1,0,0,0,1,0,0,0,0,0,0,0,0,0,1,0
FBFAD04D-0326-4AEE-8A57-FD794507EA91,2010,92,0,0,0,0,0,1,0,0,0,1,0,0,0,1,0,0,0,0,0,0,0,0,0,1,0
FBFDED0F-F224-4051-A110-DE30183B7B5F,2013,81,0,1,0,0,0,0,0,0,1,0,0,0,0,0,0,0,0,0,0,1,0,0,0,1,0
A2E324BB-CC4B-4B3E-9720-7443000DB3A8,2016,62,0,0,1,0,0,0,0,0,1,0,0,0,0,0,0,0,0,1,0,0,0,0,0,1,0
FC076A15-A67A-4DBC-B69E-98662FE4BC4D,2012,54,0,0,0,1,0,0,0,0,1,0,0,0,0,0,1,0,0,0,0,0,0,0,0,1,0
6188350E-60CD-49F8-888B-DA4B995DAF7D,2016,44,0,0,0,1,0,0,0,0,1,0,0,0,0,0,0,0,0,0,0,1,0,1,0,0,0
5F072B95-4D9E-48EC-B59B-FB44FC220C11,2016,62,0,0,0,1,0,0,0,0,0,1,0,0,0,0,1,0,0,0,0,0,0,1,0,0,0
FC19288C-4070-4789-BC0F-308378FFD6B2,2012,92,0,1,0,0,0,0,0,0,1,0,0,0,0,0,0,0,1,0,0,0,0,1,0,0,0
09221A82-4C8A-4206-8C2C-D1CF48B17DB4,2016,00,0,0,0,0,0,1,0,0,0,1,0,0,0,1,0,0,0,0,0,0,0,0,0,1,0
37636800-87c6-11ee-b955-bdb463ad03be,2022,62,0,0,0,0,1,0,0,0,0,1,0,0,1,0,0,0,0,0,0,0,0,0,0,1,0
d0a13890-4653-11ed-9a6c-911ade1670b5,2021,52,0,1,0,0,0,0,0,0,1,0,0,0,0,0,0,1,1,0,0,0,0,0,0,1,0
FC385819-F302-4E2B-9E48-A434A045E39A,2013,92,0,0,0,0,0,1,0,0,0,1,0,0,0,1,0,0,0,0,0,0,0,0,0,1,0
FC461BDB-A984-466B-86AA-B60C5DFC62F2,2012,62,0,1,0,0,0,0,0,0,1,0,0,0,0,0,0,1,0,0,0,0,0,0,0,1,0
FC498CC4-1782-41D3-B5F4-003003A9CC16,2013,00,0,1,0,0,0,0,0,0,1,0,0,0,0,0,0,1,0,0,0,0,1,0,0,0,0
FC4B4DC3-D764-43D6-A805-C3D1CA9570D0,2011,44,0,0,0,1,0,0,0,0,1,0,0,0,0,0,1,0,0,0,0,0,0,1,0,0,0
FC65C8A2-EE04-49F2-B468-401E1C389559,2012,04,0,1,0,0,0,0,0,0,1,0,0,0,0,0,0,1,0,0,0,0,0,0,0,1,0
39cd0ca0-e011-11ef-8e7d-5bcd93832819,2024,52,1,1,0,0,0,0,0,0,1,0,0,0,0,0,0,0,1,0,0,0,0,0,0,1,0
FC77F4B5-2265-4C86-B628-5CB00975B790,2011,92,0,0,0,0,0,1,0,0,0,1,0,0,0,1,0,0,0,0,0,0,0,0,0,1,0
A3006F56-71B6-4119-A99D-140395442EEE,2015,92,0,0,0,1,0,0,0,0,1,0,0,0,0,0,1,0,0,0,0,0,0,0,0,1,0
A1264DC7-EF3A-4C9F-BDE7-575149E21345,2015,44,0,0,0,0,0,1,0,0,1,1,0,0,0,1,0,0,0,0,0,0,0,0,0,1,0
FC9B3EA0-5140-44A4-A85A-81BC3C71CFB2,2012,62,0,0,0,0,0,1,0,0,0,0,1,0,0,1,0,0,0,0,0,0,0,0,0,1,0
FCA43278-6D87-4ABF-A918-3FA416F7551C,2013,51,0,0,0,0,0,1,0,0,1,0,0,0,0,1,0,1,0,0,0,0,1,0,0,0,0
FCA6DD82-4861-4490-BF10-511DF3CAAC97,2013,92,0,1,0,0,0,0,0,0,1,0,0,0,0,0,0,1,0,0,1,0,1,0,0,0,0
3b198a70-a0f6-11ea-878c-ff8a51fa1e8f,2020,00,0,0,0,0,0,1,0,0,0,1,0,0,0,1,0,0,0,0,0,0,0,0,0,1,0
FCB11714-0DDE-4862-BBD9-E163B51CE78C,2015,72,1,1,0,0,0,0,0,0,1,0,0,0,0,0,0,0,1,0,0,0,0,0,0,1,0
595aa500-c9bf-11e9-9a33-13e06a29212c,2019,62,0,1,0,0,0,0,0,0,1,0,0,0,0,0,0,1,0,0,0,0,0,0,0,1,0
FCB8E208-2BE1-4302-8263-D42DA3735325,2013,62,0,0,0,0,0,1,0,0,0,0,1,0,0,1,0,0,0,0,0,0,0,0,0,1,0
5C21F889-70B1-4B2B-9B6A-D9B0029F77AE,2016,62,0,0,0,1,0,0,0,0,0,1,0,0,0,0,1,0,0,0,0,0,0,1,0,0,0
c8d07ce0-e5ec-11e9-a0ce-353e27116082,2019,00,0,1,0,0,0,0,0,0,1,0,0,0,0,0,0,0,1,0,0,0,0,0,0,1,0
FCD46E07-7EB1-4416-AE9C-4FB9E3C08FC6,2011,52,0,0,0,0,0,1,0,0,0,0,1,0,0,0,1,0,0,0,0,0,0,1,0,0,0
1286D474-C1F0-4853-80EF-F620F9034A26,2015,92,0,0,0,1,0,0,0,0,1,0,0,0,0,0,1,0,0,0,0,0,0,0,0,1,0
FCDE811A-732A-414A-B962-CD7ACFFB0756,2011,33,0,0,0,0,1,0,0,0,0,1,0,0,1,0,0,0,0,0,0,0,0,0,0,1,0
FCE24BF8-DFAF-4ECA-972C-F277597BB348,2015,72,0,0,0,0,0,1,0,0,0,1,0,0,0,1,0,0,0,0,0,0,0,0,0,1,0
165498e0-0a14-11ed-9141-192d7c736152,2021,00,0,0,0,0,1,0,0,0,1,1,0,0,1,0,0,0,0,0,0,0,0,0,0,1,0
FCE8F3DD-47C3-4DE7-9432-165413F5B97A,2014,00,0,1,0,0,0,0,0,0,1,0,0,0,0,0,0,1,0,0,0,0,0,0,0,1,0
FCE97843-598E-4108-9F2C-286A8A48C801,2010,92,0,0,0,0,0,1,0,0,0,1,0,0,0,1,0,0,0,0,0,0,0,0,1,0,0
6C8349CC-7260-AE62-E3B1-396831A8398F,2025,05,0,1,0,0,0,0,0,0,1,0,0,0,0,0,0,1,0,0,0,0,0,0,0,1,0
FCF5C687-CC18-442E-B5E1-2950352365C4,2014,00,1,0,1,0,0,0,0,0,1,0,0,0,0,0,0,0,1,1,0,0,1,0,0,0,0
FCF69CF3-96A8-4E7C-B017-D4F3C7FFB7AD,2013,92,0,1,0,0,0,0,0,0,1,0,0,0,0,0,0,1,0,0,0,0,1,0,0,0,0
78fccde0-cffd-11e9-b7c0-13a933b7e5d5,2019,00,0,0,1,0,0,0,0,0,1,0,0,0,0,0,0,0,0,1,0,0,0,0,0,1,0
36d29450-d9aa-11eb-96ea-fd8a03dbb673,2020,06,0,1,0,0,0,0,0,0,1,0,0,0,0,0,0,1,0,0,0,0,0,0,0,1,0
98251f10-c573-11e7-bdb2-99e5dbe0676c,2016,52,1,0,0,0,0,0,0,0,1,0,0,0,0,0,0,0,1,0,0,0,0,0,0,1,0
FD1C1199-9790-43FD-9CC1-B2A77CB59CE1,2010,62,0,0,0,0,0,1,0,0,0,0,1,0,0,1,0,0,0,0,0,0,0,1,0,0,0
92cdf2a0-3020-11ec-a5c2-337d0141f916,2019,92,0,0,0,0,1,0,0,0,0,1,0,0,1,0,0,0,0,0,0,0,0,0,0,1,0
FD333E32-C733-4D1D-831A-EE7DC7E4CD2C,2014,54,0,0,0,0,0,1,0,0,0,0,1,0,0,1,0,0,0,0,0,0,0,1,0,0,0
FD3E4EC0-11E7-4F2C-AE4C-AE00B86C1E5A,2014,04,0,1,0,0,0,0,0,0,1,0,0,0,0,0,0,1,0,0,0,0,0,0,0,1,0
543a9d30-94ad-11e7-9340-f70be1ebf87c,2016,92,0,1,0,0,0,0,0,0,1,0,0,0,0,0,0,0,1,0,0,0,1,0,0,0,0
FD47B217-3437-4227-8805-1EE6AB317AB6,2011,62,0,0,0,0,0,1,0,0,0,1,0,0,0,1,0,0,0,0,0,0,0,1,0,0,0
FD47F388-AFCB-4774-8BF5-E26C898C65D5,2014,62,0,0,0,0,1,0,0,0,0,1,0,0,1,0,0,0,0,0,0,0,0,0,0,1,0
FD4D41E4-5D35-43C4-8F34-972809F45B0B,2013,52,1,1,0,0,0,0,0,0,1,0,0,0,0,0,0,0,1,0,0,0,0,0,0,1,0
9cfd35b0-dafa-11e9-9ff0-a5a30eaf0927,2019,72,0,0,0,1,1,0,0,0,0,1,0,0,1,0,0,0,0,0,0,0,1,0,0,0,0
6903E3C6-CBC4-4711-BBB7-F78CC1D53A3A,2016,61,0,0,0,0,0,1,0,0,0,1,0,0,0,1,0,0,0,0,0,0,0,1,0,0,0
FD7585BF-40CF-48B4-B36D-F73DAC377C70,2010,92,0,0,0,0,0,1,0,0,0,1,0,0,0,1,0,0,0,0,0,0,0,0,1,0,0
FD7A061B-DBEF-43B9-BBA9-56318716F056,2012,92,0,0,0,0,0,1,0,0,0,1,0,0,0,1,0,0,0,0,0,0,0,0,0,1,0
b9f1df80-121d-11eb-a3ae-53136ea5d4e6,2020,00,0,1,0,0,0,0,0,0,1,0,0,0,0,0,0,1,0,0,0,0,0,0,0,1,0
C511A6B4-6002-4030-BB90-61B0B0FF0C91,2016,00,0,1,0,0,0,0,0,0,1,0,0,0,0,0,0,1,0,0,1,0,1,0,0,0,0
FD8FB83C-AFCD-4CCF-822A-763F8AEB10D2,2010,92,0,0,0,0,1,0,0,0,0,1,0,0,1,0,0,0,0,0,0,0,0,0,0,1,0
FD959281-A9ED-4BFC-B5FE-D4CD81C856D8,2006,52,0,0,0,0,1,0,0,1,0,1,0,0,1,0,0,0,0,0,0,0,0,0,0,1,0
FD95ACDA-EC84-4AD9-A94E-EB77DCF9C93D,2012,00,1,1,1,0,0,0,0,0,1,0,0,0,0,0,0,0,0,1,0,0,0,0,0,1,0
3d7c9cb0-2398-11eb-b77f-316b5c5dd5eb,2020,92,0,0,0,0,0,1,0,0,0,1,0,0,0,1,0,0,0,0,0,0,0,0,0,1,0
60425CB5-68AB-40E4-B90D-B862C750F434,2015,00,0,0,0,0,1,0,0,0,0,1,0,0,1,0,0,0,0,0,0,0,0,0,0,1,0
636ac800-35c3-11ec-be76-613d00a742ca,2020,61,0,0,0,0,1,0,0,0,0,1,0,0,1,0,0,0,0,0,0,0,0,0,0,1,0
e2a64e00-83f5-11ee-898d-0f9c5bf59690,2022,62,0,1,0,0,0,0,0,0,1,0,0,0,0,0,0,0,0,0,0,1,0,0,0,1,0
e4d53680-d42c-11eb-a192-c5509024cd4a,2018,52,0,0,0,1,0,0,0,0,1,0,0,0,0,0,0,0,0,0,0,1,0,0,0,1,0
E8033C52-34C6-49F5-97F1-6B35565253CE,2015,92,0,0,0,1,0,0,0,0,1,0,0,0,0,0,1,0,0,0,0,0,0,0,0,1,0
FDB47895-DF24-421B-9DDA-952C8044EBAF,2011,51,0,1,0,0,0,0,0,0,1,0,0,0,0,0,0,1,0,0,0,0,0,0,0,1,0
025f8a90-722e-11eb-a674-05cfd55ad89e,2020,33,0,0,0,0,0,1,0,0,0,1,0,0,0,1,0,0,0,0,0,0,0,0,0,1,0
FDC003BF-D008-4894-9FF6-7108F2021D09,2014,51,0,1,0,0,0,0,0,0,1,0,0,0,0,0,0,0,0,0,0,1,0,0,0,1,0
FDD022AD-5207-4895-B41F-5F176E4FC815,2014,62,1,0,1,0,0,0,0,0,1,0,0,0,0,0,0,0,0,1,0,0,0,0,0,1,0
8828c060-d907-11e7-be42-df02fe7390b5,2017,51,0,0,0,0,0,1,0,0,0,1,0,0,0,1,0,0,0,0,0,0,0,0,0,1,0
FDDF5FC8-A6D3-4872-BF5C-2053173F9DF9,2013,61,0,1,0,0,0,0,0,0,1,0,0,0,0,0,0,1,0,0,0,0,1,0,0,0,0
FDE74A73-2BAB-4A6B-A6DD-DAE91948EEF5,2012,44,1,1,0,0,0,0,0,0,1,0,0,0,0,0,0,0,1,0,0,0,0,0,0,1,0
FDEEC5FB-6393-4E30-A220-DC73AD1BC1FA,2014,62,0,0,0,0,0,1,0,0,0,1,0,0,0,1,0,0,0,0,0,0,0,0,0,1,0
FDEF350E-7205-4604-A778-FA182BCFAB0B,2012,00,0,1,0,0,0,0,0,0,1,0,0,0,0,0,0,1,0,0,0,0,0,0,0,1,0
FDF71A7E-1836-4FEA-827D-ECC9327C6060,2009,09,0,0,0,0,1,0,0,0,0,1,0,0,1,0,0,0,0,0,0,0,0,0,0,1,0
FDFCC4F1-7AB1-4BD1-9264-86C3DB6B1DC8,2013,62,0,0,0,0,0,1,0,0,0,1,0,0,0,1,0,0,0,0,0,0,0,0,0,1,0
FDFE1F75-E566-43AF-B988-D2A6EBC46F7F,2010,62,0,0,0,1,0,0,0,0,1,0,0,0,0,0,1,0,0,0,0,0,0,1,0,0,0
223726D5-6505-4D24-887E-3190E83089A6,2016,54,1,1,0,0,0,0,0,0,1,0,0,0,0,0,0,0,1,0,0,0,1,0,0,0,0
FE05981F-8374-4A4A-87E6-D72B179FD4E9,2013,07,0,0,0,0,0,0,0,1,0,1,0,0,0,0,0,0,0,0,0,1,0,0,0,1,0
FE111868-EA1D-4F2A-9FE9-AE47628909F2,2010,92,0,0,0,0,0,1,0,0,0,1,0,0,0,0,1,0,0,0,0,0,0,0,1,0,0
B0C25255-A449-4070-8655-489477ED4ED6,2015,61,0,1,0,1,0,1,0,0,1,1,0,0,0,0,1,0,0,0,0,0,0,0,0,1,0
FE125AAC-5095-4832-8132-727D44A76B66,2014,52,0,1,0,0,0,0,0,0,1,0,0,0,0,0,0,1,0,0,0,0,0,1,0,0,0
ee85d340-c59b-11e7-8053-ff1e84d2b694,2017,62,0,0,0,0,1,0,0,0,0,1,0,0,1,0,0,0,0,0,0,0,0,0,0,1,0
FE179082-3557-48E6-A627-CCA347FC84F6,2010,92,0,0,0,0,0,1,0,0,0,1,0,0,0,1,0,0,0,0,0,0,0,0,1,0,0
FE20124F-E82D-4E0A-9E15-4E0B38A667A0,2012,45,0,1,0,0,0,0,0,0,1,0,0,0,0,0,0,1,0,0,0,0,0,1,0,0,0
82FE900F-2A1C-4042-8876-4C9C31D6F48B,2015,62,0,0,0,0,0,1,0,0,0,1,0,0,0,1,0,0,0,0,0,0,0,0,0,1,0
FE28282E-7E2D-4721-858A-652AC51C6416,2012,52,0,0,0,0,1,0,0,0,0,1,0,0,1,0,0,0,0,0,0,0,0,0,0,1,0
FE2DAAED-C60C-48DD-80C3-4BFC0C07FA04,2013,72,0,1,0,0,0,0,0,0,1,0,0,0,0,0,0,1,0,0,0,0,0,0,0,1,0
83477C77-2183-41E6-AB5D-DA11E3DF0C6E,2015,00,0,0,0,0,0,1,0,0,0,1,0,0,0,1,0,0,0,0,0,0,0,1,0,0,0
FE3524EA-8E42-485F-A110-8F66769710F2,2012,51,0,1,0,0,0,0,0,0,1,0,0,0,0,0,0,1,0,0,0,0,0,0,0,1,0
FE361124-A1EF-4F60-96E7-B673DD6E5235,2009,44,1,0,0,0,0,0,0,0,1,0,0,0,0,0,0,0,1,0,0,0,0,0,0,1,0
FE3705BD-BC20-4E1D-A467-26BD2D2D5B85,2013,52,0,0,0,1,0,0,0,0,1,0,0,0,0,0,1,0,0,0,0,0,0,0,0,1,0
40129740-a9e3-11e7-8c20-836b8b691ede,2017,72,0,0,0,0,1,0,0,0,0,1,0,0,1,0,0,0,0,0,0,0,0,0,0,1,0
FE42DED2-A8A9-4133-B818-762D942CB407,2012,92,1,1,1,0,0,0,0,0,1,0,0,0,0,0,0,0,0,1,0,0,0,0,0,1,0
FE435E44-C696-49B9-85B3-CC86A98EC4D9,2013,52,0,0,1,0,0,0,0,0,1,0,0,0,0,0,0,0,0,1,0,0,1,0,0,0,0
FE43A998-A402-47D8-B50C-FE0493B1F151,2014,92,0,0,0,1,0,0,0,0,0,1,0,0,0,0,1,0,0,0,0,0,0,0,0,1,0
FE48CF43-48E0-48E5-9B6B-8A4E6CFF1E72,2013,92,0,1,0,0,0,0,0,0,1,0,0,0,0,0,0,1,0,0,0,0,0,0,0,1,0
FE50583F-CD84-40B7-8720-93F3E42AB243,2011,62,0,0,0,0,1,0,0,0,0,1,0,0,1,0,0,0,0,0,0,0,0,0,0,1,0
FE530ACD-7205-445B-86BE-1D11D4DB1440,2013,61,0,1,0,0,0,0,0,0,1,0,0,0,0,0,0,1,0,0,0,0,0,1,0,0,0
FE5E8C6D-13BD-4644-8D4F-B3E78BD58B6E,2012,92,0,0,0,0,1,0,0,0,0,1,0,0,1,0,0,0,0,0,0,0,0,0,0,1,0
015645d0-eab9-11e7-92b6-dfe49f9d7042,2017,62,0,0,0,0,1,0,0,0,0,1,0,0,1,0,0,0,0,0,0,0,0,0,0,1,0
FE68EF1A-9C4D-4C39-A6A8-DEA519B096D6,2014,62,1,0,0,0,0,0,0,0,1,0,0,0,0,0,0,0,1,0,0,0,0,1,0,0,0
fc24c7b0-c594-11e7-8053-ff1e84d2b694,2014,92,0,0,0,0,0,1,0,0,0,1,0,0,0,1,0,0,0,0,0,0,0,0,0,1,0
FE704346-BF9A-4435-927B-16A7ECF24C43,2026,32,0,1,1,0,0,0,0,0,1,0,0,0,0,0,0,1,0,1,0,0,0,0,0,1,0
90140880-8df5-11ee-8e0f-01920077cf74,2022,71,0,0,0,0,0,1,0,0,0,1,0,0,0,1,0,0,0,0,0,0,0,0,0,1,0
5206AA91-21D9-43A2-A3EF-CE1BA1073F4F,2015,92,0,0,0,0,0,1,0,0,0,1,0,0,0,1,0,0,0,0,0,0,0,0,0,1,0
FE96934D-AC0A-40F2-81AD-D33DBDFA2C3F,2014,09,0,0,0,0,0,1,0,0,0,1,0,0,0,1,0,0,0,0,0,0,0,0,0,1,0
E76081BD-16EB-4975-B0C8-B5675772B01C,2014,92,0,0,0,1,0,0,0,0,1,0,0,0,0,0,1,0,0,0,0,0,0,1,0,0,0
45C6E921-8E2D-460E-98CA-88FC1E046F46,2015,92,0,0,0,1,0,0,0,0,1,0,0,0,0,0,1,0,0,0,0,0,0,0,0,1,0
FEA842E3-0E12-4522-B6EE-82A98A41D835,2016,92,0,0,0,1,0,0,0,1,1,0,0,0,0,0,1,0,0,0,0,0,0,1,0,0,0
FEA8684C-B1B7-4598-9FC8-A71EE3E71C7E,2010,92,0,0,0,0,0,1,0,0,0,1,0,0,0,1,0,0,0,0,0,0,0,0,1,0,0
FEB6C666-8B88-4BF7-AAD8-51DEB6D38927,2011,62,0,0,0,1,0,0,0,0,1,0,0,0,0,0,1,0,0,0,0,0,0,1,0,0,0
0204afc0-8a92-11e8-ba1e-e3857583ba43,2018,00,0,0,0,0,0,1,0,0,0,1,0,0,0,1,0,0,0,0,0,0,0,0,0,1,0
FEC1C06A-AE20-43B6-962E-5E1491375B3A,2012,62,0,0,0,0,0,1,0,0,0,0,1,0,0,1,0,0,0,0,0,0,0,0,0,1,0
FED040E0-4A3C-4436-92F6-E4F39A395406,2010,62,0,0,0,1,0,0,0,0,1,0,0,0,0,0,1,0,0,0,0,0,0,1,0,0,0
FED457C3-F6DF-4D0B-888D-D4E11725BA19,2015,53,0,1,0,0,0,0,0,0,0,1,0,0,0,0,0,1,1,0,0,0,1,0,0,0,0
8f273660-146b-11eb-ac54-3bea5c26f172,2019,06,1,0,0,0,0,0,0,0,1,0,0,0,0,0,0,0,1,0,0,0,0,1,0,0,0
FEF57702-6A12-4DDB-87E1-A3861B04E885,2012,44,0,0,0,0,0,1,0,0,0,1,0,0,0,1,0,0,0,0,0,0,0,0,0,1,0
FEF7A235-EAE6-469E-9B2E-B6EA30FC54A4,2013,45,0,1,0,0,0,0,0,0,1,0,0,0,0,0,0,1,0,0,0,0,0,0,0,1,0
79013D28-AFEE-456E-924C-D99D366437DC,2015,62,0,0,0,0,1,0,0,0,0,1,0,0,1,0,0,0,0,0,0,0,0,0,0,1,0
FEFED088-EA5E-4401-BB43-6E0551B01B0B,2009,72,0,1,0,0,0,0,0,0,1,0,0,0,0,0,0,0,1,0,0,0,0,0,0,1,0
ed597750-7c54-11e7-8ec0-e369e9638092,2017,92,0,0,0,0,0,1,0,0,0,0,1,0,0,1,0,0,0,0,0,0,0,1,0,0,0
02B07D0D-57AC-4892-9AC9-5154AC896FD3,2015,52,0,1,0,0,0,0,0,0,1,0,0,0,0,0,0,1,1,0,0,0,0,0,0,1,0
457888C2-F1CA-4687-9CCF-BD3A74D21766,2016,61,0,0,0,0,0,1,0,0,0,1,0,0,0,1,0,0,0,0,0,0,0,1,0,0,0
c58162d0-cd8b-11e9-b4e5-4769cce343a0,2019,52,0,1,0,0,0,0,0,0,1,0,0,0,0,0,0,1,0,0,0,0,0,0,0,1,0
FF324193-1132-4B42-86D7-0082C6E07354,2010,62,0,0,0,1,0,0,0,0,1,0,0,0,0,0,1,0,0,0,0,0,0,1,0,0,0
6f972a80-b68a-11e8-b56a-011002460f8b,2017,61,0,1,1,0,0,0,0,0,1,0,0,0,0,0,0,0,0,1,0,0,0,0,0,1,0
FF36D4B6-9F7A-434C-A5DB-8BD1E63BFD40,2011,92,0,0,0,0,1,0,0,0,0,1,0,0,1,0,0,0,0,0,0,0,0,0,0,1,0
FF390036-A5DE-4DD8-9865-4B055013E473,2011,62,0,0,0,0,0,1,0,0,0,1,0,0,0,1,0,0,0,0,0,0,0,0,0,1,0
FF4A5BA6-0C6F-475E-A80D-A78CC34853FF,2012,92,0,0,0,0,0,1,0,0,0,1,0,0,0,1,0,0,0,0,0,0,0,0,0,1,0
5FB6EDEA-78A6-479E-9DC8-D8E15D21F587,2016,81,0,0,0,0,0,1,0,0,0,1,0,0,0,1,0,0,0,0,0,0,0,0,0,1,0
2f7eaed0-9a1d-11e7-9c6e-153653ac7780,2017,52,0,0,0,1,0,0,0,0,1,0,0,0,0,0,0,0,0,0,0,1,0,0,0,1,0
8f6e9a20-df76-11ef-997d-83b3d1c202d6,2024,00,0,1,0,0,0,0,0,0,1,0,0,0,0,0,0,0,0,0,0,1,0,0,0,1,0
830d7150-3db3-11ed-a11a-bb811330b875,2022,62,0,1,0,0,0,0,0,1,1,0,0,0,0,0,0,0,0,0,0,1,0,0,0,1,0
FF5BD2DE-59C7-4260-9592-2E16D9F7C09F,2013,00,0,1,0,0,0,0,0,0,1,0,0,0,0,0,0,1,0,0,0,0,1,0,0,0,0
834d95c0-d9d9-11e7-be42-df02fe7390b5,2017,62,0,0,0,0,0,1,0,0,0,1,0,0,0,1,0,0,0,0,0,0,0,0,0,1,0
5d3444c0-999a-11e8-bb21-7f662dc72866,2018,05,1,0,0,0,0,0,0,0,1,0,0,0,0,0,0,0,1,0,0,0,1,0,0,0,0
952FD03A-54B8-422E-8FD4-000EB0481C3E,2016,54,0,1,0,0,0,0,0,0,1,0,0,0,0,0,0,1,0,0,0,0,0,0,0,1,0
C51E6265-F69E-493C-B28B-E132D6608B56,2015,62,0,0,0,0,1,0,0,0,0,1,0,0,1,0,0,0,0,0,0,0,0,0,0,1,0
FF7C1BB0-1FB6-403B-B675-AF40D70AB176,2013,52,0,0,0,1,0,0,0,0,1,0,0,0,0,0,1,0,0,0,0,0,0,0,0,1,0
FF80140B-087F-4800-875F-F80DFC3A7B74,2013,92,0,0,0,0,0,1,0,0,0,0,1,0,0,1,0,0,0,0,0,0,0,0,0,1,0
396470d0-d959-11e7-a452-77d2890a67ae,2016,62,1,0,0,0,0,0,0,0,1,0,0,0,0,0,0,0,1,0,0,0,0,0,1,0,0
b0e25e30-e37a-11e7-bf7a-0771e1cc9602,2013,62,0,0,0,1,0,0,0,0,1,0,0,0,0,0,1,0,0,0,0,0,0,1,0,0,0
38785480-1644-11ec-8258-83f74c3914c9,2017,00,0,0,0,0,0,1,0,0,0,1,0,0,0,1,0,0,0,0,0,0,0,0,0,1,0
FF90C988-BD6D-4CD2-A00C-519EFA4CB563,2014,62,0,0,0,0,1,0,0,0,0,1,0,0,1,0,0,0,0,0,0,0,0,1,0,0,0
FF95E9A6-203E-4A52-A19A-BF442E208C08,2013,51,1,0,0,0,0,0,0,0,1,0,0,0,0,0,0,0,1,0,0,0,0,1,0,0,0
8f518310-ec42-11e7-b683-c1703914e4a4,2017,62,0,0,0,0,0,1,0,0,0,0,1,0,0,1,0,0,0,0,0,0,0,0,0,1,0
573B230E-CB64-4292-B4E0-20091DCC29BB,2016,54,0,0,0,1,0,0,0,0,1,0,0,0,0,0,1,0,0,0,0,0,0,1,0,0,0
6AA12732-978F-4E97-932B-0ED149B54E1E,2016,62,0,0,0,0,1,0,0,0,0,1,0,0,1,0,0,0,0,0,0,0,0,0,0,1,0
FFAC49C9-FA91-4AE4-97E4-3D7BCC54306A,2013,00,0,1,0,0,0,0,0,0,1,0,0,0,0,0,0,1,0,0,0,0,1,0,0,0,0
FFB73B02-30B8-475E-BD42-706476387A03,2013,92,0,1,0,0,0,0,0,0,1,0,0,0,0,0,0,1,0,0,1,0,1,0,0,0,0
B533254C-4713-4FE7-A9F8-412ABB4EC664,2016,62,0,1,0,0,0,0,0,0,1,0,0,0,0,0,0,1,0,0,0,0,0,0,0,1,0
FFD31FE4-976B-48CA-A111-EF84EBAB9B0F,2014,52,0,0,0,0,0,1,0,0,0,1,0,0,0,1,0,0,0,0,0,0,0,0,0,1,0
cc630a80-d57a-11e9-8597-ff36b2265d64,2018,00,0,0,0,0,1,0,0,0,1,1,0,0,1,0,0,0,0,0,0,0,0,0,0,1,0
FFDA2281-8053-4315-B613-330EB09A4BEE,2013,54,0,0,0,0,1,0,0,0,0,1,0,0,1,0,0,0,0,0,0,0,0,0,0,1,0
FFDC6655-E421-4BEC-835F-1BDFEC4F6C70,2012,00,0,0,0,1,0,0,0,0,1,0,0,0,0,0,1,0,0,0,0,0,0,1,0,0,0
FFE36843-D23A-484F-A9B8-1338C9BE49CD,2010,92,0,0,0,0,0,1,0,0,0,1,0,0,0,1,0,0,0,0,0,0,0,0,1,0,0
9c0fa860-2444-11eb-af35-ed9bb3f10d5f,2020,62,0,0,0,0,1,0,0,0,0,1,0,0,1,0,0,0,0,0,0,0,0,0,0,1,0
